<?xml version="1.0" encoding="UTF-8"?>
<gpx creator="Garmin Connect" version="1.1"
  xsi:schemaLocation="http://www.topografix.com/GPX/1/1 http://www.topografix.com/GPX/11.xsd"
  xmlns:ns3="http://www.garmin.com/xmlschemas/TrackPointExtension/v1"
  xmlns="http://www.topografix.com/GPX/1/1"
  xmlns:xsi="http://www.w3.org/2001/XMLSchema-instance" xmlns:ns2="http://www.garmin.com/xmlschemas/GpxExtensions/v3">
  <metadata>
    <link href="connect.garmin.com">
      <text>Garmin Connect</text>
    </link>
    <time>2026-07-09T09:35:48.000Z</time>
  </metadata>
  <trk>
    <name>厦门市 骑行</name>
    <type>cycling</type>
    <trkseg>
      <trkpt lat="24.542010985314846038818359375" lon="118.1397975794970989227294921875">
        <ele>5.19999980926513671875</ele>
        <time>2026-07-09T09:35:56.000Z</time>
        <extensions>
          <ns3:TrackPointExtension>
            <ns3:atemp>33.0</ns3:atemp>
            <ns3:hr>81</ns3:hr>
          </ns3:TrackPointExtension>
        </extensions>
      </trkpt>
      <trkpt lat="24.54199799336493015289306640625" lon="118.1397885270416736602783203125">
        <ele>5.19999980926513671875</ele>
        <time>2026-07-09T09:35:57.000Z</time>
        <extensions>
          <ns3:TrackPointExtension>
            <ns3:atemp>33.0</ns3:atemp>
            <ns3:hr>83</ns3:hr>
          </ns3:TrackPointExtension>
        </extensions>
      </trkpt>
      <trkpt lat="24.5419259928166866302490234375" lon="118.13983052037656307220458984375">
        <ele>5.19999980926513671875</ele>
        <time>2026-07-09T09:35:59.000Z</time>
        <extensions>
          <ns3:TrackPointExtension>
            <ns3:atemp>33.0</ns3:atemp>
            <ns3:hr>84</ns3:hr>
          </ns3:TrackPointExtension>
        </extensions>
      </trkpt>
      <trkpt lat="24.54204677604138851165771484375" lon="118.13996873795986175537109375">
        <ele>5.19999980926513671875</ele>
        <time>2026-07-09T09:36:03.000Z</time>
        <extensions>
          <ns3:TrackPointExtension>
            <ns3:atemp>33.0</ns3:atemp>
            <ns3:hr>86</ns3:hr>
          </ns3:TrackPointExtension>
        </extensions>
      </trkpt>
      <trkpt lat="24.54202540218830108642578125" lon="118.13997385092079639434814453125">
        <ele>5.19999980926513671875</ele>
        <time>2026-07-09T09:36:04.000Z</time>
        <extensions>
          <ns3:TrackPointExtension>
            <ns3:atemp>33.0</ns3:atemp>
            <ns3:hr>87</ns3:hr>
          </ns3:TrackPointExtension>
        </extensions>
      </trkpt>
      <trkpt lat="24.5419746078550815582275390625" lon="118.1399756111204624176025390625">
        <ele>5</ele>
        <time>2026-07-09T09:36:07.000Z</time>
        <extensions>
          <ns3:TrackPointExtension>
            <ns3:atemp>33.0</ns3:atemp>
            <ns3:hr>88</ns3:hr>
          </ns3:TrackPointExtension>
        </extensions>
      </trkpt>
      <trkpt lat="24.541941583156585693359375" lon="118.13995264470577239990234375">
        <ele>5</ele>
        <time>2026-07-09T09:36:09.000Z</time>
        <extensions>
          <ns3:TrackPointExtension>
            <ns3:atemp>33.0</ns3:atemp>
            <ns3:hr>89</ns3:hr>
          </ns3:TrackPointExtension>
        </extensions>
      </trkpt>
      <trkpt lat="24.54188869334757328033447265625" lon="118.13987829722464084625244140625">
        <ele>4.599999904632568359375</ele>
        <time>2026-07-09T09:36:13.000Z</time>
        <extensions>
          <ns3:TrackPointExtension>
            <ns3:atemp>33.0</ns3:atemp>
            <ns3:hr>92</ns3:hr>
          </ns3:TrackPointExtension>
        </extensions>
      </trkpt>
      <trkpt lat="24.54185499809682369232177734375" lon="118.13983622007071971893310546875">
        <ele>4.400000095367431640625</ele>
        <time>2026-07-09T09:36:15.000Z</time>
        <extensions>
          <ns3:TrackPointExtension>
            <ns3:atemp>33.0</ns3:atemp>
            <ns3:hr>92</ns3:hr>
          </ns3:TrackPointExtension>
        </extensions>
      </trkpt>
      <trkpt lat="24.5417551696300506591796875" lon="118.1396983377635478973388671875">
        <ele>4.19999980926513671875</ele>
        <time>2026-07-09T09:36:21.000Z</time>
        <extensions>
          <ns3:TrackPointExtension>
            <ns3:atemp>33.0</ns3:atemp>
            <ns3:hr>91</ns3:hr>
          </ns3:TrackPointExtension>
        </extensions>
      </trkpt>
      <trkpt lat="24.5417176187038421630859375" lon="118.1396731920540332794189453125">
        <ele>4.19999980926513671875</ele>
        <time>2026-07-09T09:36:23.000Z</time>
        <extensions>
          <ns3:TrackPointExtension>
            <ns3:atemp>33.0</ns3:atemp>
            <ns3:hr>90</ns3:hr>
          </ns3:TrackPointExtension>
        </extensions>
      </trkpt>
      <trkpt lat="24.5416827499866485595703125" lon="118.139680065214633941650390625">
        <ele>4.19999980926513671875</ele>
        <time>2026-07-09T09:36:25.000Z</time>
        <extensions>
          <ns3:TrackPointExtension>
            <ns3:atemp>33.0</ns3:atemp>
            <ns3:hr>88</ns3:hr>
          </ns3:TrackPointExtension>
        </extensions>
      </trkpt>
      <trkpt lat="24.54147965647280216217041015625" lon="118.13972868025302886962890625">
        <ele>4.400000095367431640625</ele>
        <time>2026-07-09T09:36:32.000Z</time>
        <extensions>
          <ns3:TrackPointExtension>
            <ns3:atemp>33.0</ns3:atemp>
            <ns3:hr>87</ns3:hr>
          </ns3:TrackPointExtension>
        </extensions>
      </trkpt>
      <trkpt lat="24.5412789098918437957763671875" lon="118.13974988646805286407470703125">
        <ele>4.400000095367431640625</ele>
        <time>2026-07-09T09:36:38.000Z</time>
        <extensions>
          <ns3:TrackPointExtension>
            <ns3:atemp>33.0</ns3:atemp>
            <ns3:hr>84</ns3:hr>
          </ns3:TrackPointExtension>
        </extensions>
      </trkpt>
      <trkpt lat="24.54106374643743038177490234375" lon="118.139954321086406707763671875">
        <ele>4.80000019073486328125</ele>
        <time>2026-07-09T09:36:45.000Z</time>
        <extensions>
          <ns3:TrackPointExtension>
            <ns3:atemp>33.0</ns3:atemp>
            <ns3:hr>86</ns3:hr>
          </ns3:TrackPointExtension>
        </extensions>
      </trkpt>
      <trkpt lat="24.54094857908785343170166015625" lon="118.14007359556853771209716796875">
        <ele>5</ele>
        <time>2026-07-09T09:36:49.000Z</time>
        <extensions>
          <ns3:TrackPointExtension>
            <ns3:atemp>33.0</ns3:atemp>
            <ns3:hr>92</ns3:hr>
          </ns3:TrackPointExtension>
        </extensions>
      </trkpt>
      <trkpt lat="24.540889821946620941162109375" lon="118.1401318497955799102783203125">
        <ele>4.80000019073486328125</ele>
        <time>2026-07-09T09:36:51.000Z</time>
        <extensions>
          <ns3:TrackPointExtension>
            <ns3:atemp>33.0</ns3:atemp>
            <ns3:hr>95</ns3:hr>
          </ns3:TrackPointExtension>
        </extensions>
      </trkpt>
      <trkpt lat="24.54083609394729137420654296875" lon="118.1401978991925716400146484375">
        <ele>4.599999904632568359375</ele>
        <time>2026-07-09T09:36:53.000Z</time>
        <extensions>
          <ns3:TrackPointExtension>
            <ns3:atemp>33.0</ns3:atemp>
            <ns3:hr>99</ns3:hr>
          </ns3:TrackPointExtension>
        </extensions>
      </trkpt>
      <trkpt lat="24.54077943228185176849365234375" lon="118.14026704989373683929443359375">
        <ele>4.599999904632568359375</ele>
        <time>2026-07-09T09:36:55.000Z</time>
        <extensions>
          <ns3:TrackPointExtension>
            <ns3:atemp>33.0</ns3:atemp>
            <ns3:hr>104</ns3:hr>
          </ns3:TrackPointExtension>
        </extensions>
      </trkpt>
      <trkpt lat="24.54071992076933383941650390625" lon="118.1403229571878910064697265625">
        <ele>4.599999904632568359375</ele>
        <time>2026-07-09T09:36:57.000Z</time>
        <extensions>
          <ns3:TrackPointExtension>
            <ns3:atemp>33.0</ns3:atemp>
            <ns3:hr>107</ns3:hr>
          </ns3:TrackPointExtension>
        </extensions>
      </trkpt>
      <trkpt lat="24.5406328327953815460205078125" lon="118.14042446203529834747314453125">
        <ele>4.80000019073486328125</ele>
        <time>2026-07-09T09:37:00.000Z</time>
        <extensions>
          <ns3:TrackPointExtension>
            <ns3:atemp>33.0</ns3:atemp>
            <ns3:hr>108</ns3:hr>
          </ns3:TrackPointExtension>
        </extensions>
      </trkpt>
      <trkpt lat="24.5405416376888751983642578125" lon="118.14053175039589405059814453125">
        <ele>5.19999980926513671875</ele>
        <time>2026-07-09T09:37:03.000Z</time>
        <extensions>
          <ns3:TrackPointExtension>
            <ns3:atemp>33.0</ns3:atemp>
            <ns3:hr>109</ns3:hr>
          </ns3:TrackPointExtension>
        </extensions>
      </trkpt>
      <trkpt lat="24.5404457487165927886962890625" lon="118.14062898047268390655517578125">
        <ele>5.400000095367431640625</ele>
        <time>2026-07-09T09:37:06.000Z</time>
        <extensions>
          <ns3:TrackPointExtension>
            <ns3:atemp>33.0</ns3:atemp>
            <ns3:hr>108</ns3:hr>
          </ns3:TrackPointExtension>
        </extensions>
      </trkpt>
      <trkpt lat="24.5402811281383037567138671875" lon="118.14077247865498065948486328125">
        <ele>4</ele>
        <time>2026-07-09T09:37:11.000Z</time>
        <extensions>
          <ns3:TrackPointExtension>
            <ns3:atemp>33.0</ns3:atemp>
            <ns3:hr>106</ns3:hr>
          </ns3:TrackPointExtension>
        </extensions>
      </trkpt>
      <trkpt lat="24.5402533002197742462158203125" lon="118.1408035755157470703125">
        <ele>3.7999999523162841796875</ele>
        <time>2026-07-09T09:37:12.000Z</time>
        <extensions>
          <ns3:TrackPointExtension>
            <ns3:atemp>33.0</ns3:atemp>
            <ns3:hr>106</ns3:hr>
          </ns3:TrackPointExtension>
        </extensions>
      </trkpt>
      <trkpt lat="24.5401486940681934356689453125" lon="118.1409291364252567291259765625">
        <ele>4.19999980926513671875</ele>
        <time>2026-07-09T09:37:16.000Z</time>
        <extensions>
          <ns3:TrackPointExtension>
            <ns3:atemp>33.0</ns3:atemp>
            <ns3:hr>107</ns3:hr>
          </ns3:TrackPointExtension>
        </extensions>
      </trkpt>
      <trkpt lat="24.54012044705450534820556640625" lon="118.14110733568668365478515625">
        <ele>4.599999904632568359375</ele>
        <time>2026-07-09T09:37:20.000Z</time>
        <extensions>
          <ns3:TrackPointExtension>
            <ns3:atemp>33.0</ns3:atemp>
            <ns3:hr>108</ns3:hr>
          </ns3:TrackPointExtension>
        </extensions>
      </trkpt>
      <trkpt lat="24.54017333686351776123046875" lon="118.141218312084674835205078125">
        <ele>5.19999980926513671875</ele>
        <time>2026-07-09T09:37:26.000Z</time>
        <extensions>
          <ns3:TrackPointExtension>
            <ns3:atemp>33.0</ns3:atemp>
            <ns3:hr>107</ns3:hr>
          </ns3:TrackPointExtension>
        </extensions>
      </trkpt>
      <trkpt lat="24.54020041041076183319091796875" lon="118.14125276170670986175537109375">
        <ele>5.599999904632568359375</ele>
        <time>2026-07-09T09:37:27.000Z</time>
        <extensions>
          <ns3:TrackPointExtension>
            <ns3:atemp>33.0</ns3:atemp>
            <ns3:hr>107</ns3:hr>
          </ns3:TrackPointExtension>
        </extensions>
      </trkpt>
      <trkpt lat="24.54041632823646068572998046875" lon="118.14153439365327358245849609375">
        <ele>4.599999904632568359375</ele>
        <time>2026-07-09T09:37:35.000Z</time>
        <extensions>
          <ns3:TrackPointExtension>
            <ns3:atemp>33.0</ns3:atemp>
            <ns3:hr>108</ns3:hr>
          </ns3:TrackPointExtension>
        </extensions>
      </trkpt>
      <trkpt lat="24.54049394465982913970947265625" lon="118.14163346774876117706298828125">
        <ele>4.19999980926513671875</ele>
        <time>2026-07-09T09:37:38.000Z</time>
        <extensions>
          <ns3:TrackPointExtension>
            <ns3:atemp>33.0</ns3:atemp>
            <ns3:hr>111</ns3:hr>
          </ns3:TrackPointExtension>
        </extensions>
      </trkpt>
      <trkpt lat="24.54065554775297641754150390625" lon="118.1418380700051784515380859375">
        <ele>4.80000019073486328125</ele>
        <time>2026-07-09T09:37:44.000Z</time>
        <extensions>
          <ns3:TrackPointExtension>
            <ns3:atemp>33.0</ns3:atemp>
            <ns3:hr>112</ns3:hr>
          </ns3:TrackPointExtension>
        </extensions>
      </trkpt>
      <trkpt lat="24.5407793484628200531005859375" lon="118.1419909559190273284912109375">
        <ele>4.599999904632568359375</ele>
        <time>2026-07-09T09:37:48.000Z</time>
        <extensions>
          <ns3:TrackPointExtension>
            <ns3:atemp>33.0</ns3:atemp>
            <ns3:hr>112</ns3:hr>
          </ns3:TrackPointExtension>
        </extensions>
      </trkpt>
      <trkpt lat="24.540858305990695953369140625" lon="118.14211475662887096405029296875">
        <ele>4</ele>
        <time>2026-07-09T09:37:51.000Z</time>
        <extensions>
          <ns3:TrackPointExtension>
            <ns3:atemp>33.0</ns3:atemp>
            <ns3:hr>110</ns3:hr>
          </ns3:TrackPointExtension>
        </extensions>
      </trkpt>
      <trkpt lat="24.541059471666812896728515625" lon="118.14242019318044185638427734375">
        <ele>3.599999904632568359375</ele>
        <time>2026-07-09T09:37:58.000Z</time>
        <extensions>
          <ns3:TrackPointExtension>
            <ns3:atemp>33.0</ns3:atemp>
            <ns3:hr>107</ns3:hr>
          </ns3:TrackPointExtension>
        </extensions>
      </trkpt>
      <trkpt lat="24.5410894788801670074462890625" lon="118.142463527619838714599609375">
        <ele>3.599999904632568359375</ele>
        <time>2026-07-09T09:37:59.000Z</time>
        <extensions>
          <ns3:TrackPointExtension>
            <ns3:atemp>33.0</ns3:atemp>
            <ns3:hr>107</ns3:hr>
          </ns3:TrackPointExtension>
        </extensions>
      </trkpt>
      <trkpt lat="24.54124152660369873046875" lon="118.14267064444720745086669921875">
        <ele>3.2000000476837158203125</ele>
        <time>2026-07-09T09:38:04.000Z</time>
        <extensions>
          <ns3:TrackPointExtension>
            <ns3:atemp>33.0</ns3:atemp>
            <ns3:hr>106</ns3:hr>
          </ns3:TrackPointExtension>
        </extensions>
      </trkpt>
      <trkpt lat="24.5414274372160434722900390625" lon="118.14292210154235363006591796875">
        <ele>3</ele>
        <time>2026-07-09T09:38:10.000Z</time>
        <extensions>
          <ns3:TrackPointExtension>
            <ns3:atemp>33.0</ns3:atemp>
            <ns3:hr>105</ns3:hr>
          </ns3:TrackPointExtension>
        </extensions>
      </trkpt>
      <trkpt lat="24.5416639745235443115234375" lon="118.14324748702347278594970703125">
        <ele>3</ele>
        <time>2026-07-09T09:38:18.000Z</time>
        <extensions>
          <ns3:TrackPointExtension>
            <ns3:atemp>33.0</ns3:atemp>
            <ns3:hr>104</ns3:hr>
          </ns3:TrackPointExtension>
        </extensions>
      </trkpt>
      <trkpt lat="24.5418140105903148651123046875" lon="118.14344211481511592864990234375">
        <ele>3</ele>
        <time>2026-07-09T09:38:24.000Z</time>
        <extensions>
          <ns3:TrackPointExtension>
            <ns3:atemp>33.0</ns3:atemp>
            <ns3:hr>104</ns3:hr>
          </ns3:TrackPointExtension>
        </extensions>
      </trkpt>
      <trkpt lat="24.54191333614289760589599609375" lon="118.143592737615108489990234375">
        <ele>3</ele>
        <time>2026-07-09T09:38:28.000Z</time>
        <extensions>
          <ns3:TrackPointExtension>
            <ns3:atemp>33.0</ns3:atemp>
            <ns3:hr>107</ns3:hr>
          </ns3:TrackPointExtension>
        </extensions>
      </trkpt>
      <trkpt lat="24.54201224260032176971435546875" lon="118.1437384150922298431396484375">
        <ele>3.2000000476837158203125</ele>
        <time>2026-07-09T09:38:32.000Z</time>
        <extensions>
          <ns3:TrackPointExtension>
            <ns3:atemp>33.0</ns3:atemp>
            <ns3:hr>108</ns3:hr>
          </ns3:TrackPointExtension>
        </extensions>
      </trkpt>
      <trkpt lat="24.5420751906931400299072265625" lon="118.14385098405182361602783203125">
        <ele>3.400000095367431640625</ele>
        <time>2026-07-09T09:38:35.000Z</time>
        <extensions>
          <ns3:TrackPointExtension>
            <ns3:atemp>33.0</ns3:atemp>
            <ns3:hr>108</ns3:hr>
          </ns3:TrackPointExtension>
        </extensions>
      </trkpt>
      <trkpt lat="24.5420339517295360565185546875" lon="118.143892474472522735595703125">
        <ele>3.400000095367431640625</ele>
        <time>2026-07-09T09:38:37.000Z</time>
        <extensions>
          <ns3:TrackPointExtension>
            <ns3:atemp>33.0</ns3:atemp>
            <ns3:hr>107</ns3:hr>
          </ns3:TrackPointExtension>
        </extensions>
      </trkpt>
      <trkpt lat="24.54188592731952667236328125" lon="118.1440177001059055328369140625">
        <ele>3.599999904632568359375</ele>
        <time>2026-07-09T09:38:43.000Z</time>
        <extensions>
          <ns3:TrackPointExtension>
            <ns3:atemp>33.0</ns3:atemp>
            <ns3:hr>108</ns3:hr>
          </ns3:TrackPointExtension>
        </extensions>
      </trkpt>
      <trkpt lat="24.5417164452373981475830078125" lon="118.14417452551424503326416015625">
        <ele>3.400000095367431640625</ele>
        <time>2026-07-09T09:38:49.000Z</time>
        <extensions>
          <ns3:TrackPointExtension>
            <ns3:atemp>33.0</ns3:atemp>
            <ns3:hr>111</ns3:hr>
          </ns3:TrackPointExtension>
        </extensions>
      </trkpt>
      <trkpt lat="24.5416581071913242340087890625" lon="118.14422263763844966888427734375">
        <ele>3.400000095367431640625</ele>
        <time>2026-07-09T09:38:51.000Z</time>
        <extensions>
          <ns3:TrackPointExtension>
            <ns3:atemp>33.0</ns3:atemp>
            <ns3:hr>111</ns3:hr>
          </ns3:TrackPointExtension>
        </extensions>
      </trkpt>
      <trkpt lat="24.54147496260702610015869140625" lon="118.14437024295330047607421875">
        <ele>4.19999980926513671875</ele>
        <time>2026-07-09T09:38:57.000Z</time>
        <extensions>
          <ns3:TrackPointExtension>
            <ns3:atemp>33.0</ns3:atemp>
            <ns3:hr>110</ns3:hr>
          </ns3:TrackPointExtension>
        </extensions>
      </trkpt>
      <trkpt lat="24.54141628928482532501220703125" lon="118.14441542141139507293701171875">
        <ele>4.19999980926513671875</ele>
        <time>2026-07-09T09:38:59.000Z</time>
        <extensions>
          <ns3:TrackPointExtension>
            <ns3:atemp>33.0</ns3:atemp>
            <ns3:hr>109</ns3:hr>
          </ns3:TrackPointExtension>
        </extensions>
      </trkpt>
      <trkpt lat="24.5413493178784847259521484375" lon="118.14445146359503269195556640625">
        <ele>4</ele>
        <time>2026-07-09T09:39:01.000Z</time>
        <extensions>
          <ns3:TrackPointExtension>
            <ns3:atemp>33.0</ns3:atemp>
            <ns3:hr>106</ns3:hr>
          </ns3:TrackPointExtension>
        </extensions>
      </trkpt>
      <trkpt lat="24.54118561930954456329345703125" lon="118.14454668201506137847900390625">
        <ele>4</ele>
        <time>2026-07-09T09:39:06.000Z</time>
        <extensions>
          <ns3:TrackPointExtension>
            <ns3:atemp>33.0</ns3:atemp>
            <ns3:hr>105</ns3:hr>
          </ns3:TrackPointExtension>
        </extensions>
      </trkpt>
      <trkpt lat="24.540990404784679412841796875" lon="118.144654892385005950927734375">
        <ele>4</ele>
        <time>2026-07-09T09:39:12.000Z</time>
        <extensions>
          <ns3:TrackPointExtension>
            <ns3:atemp>33.0</ns3:atemp>
            <ns3:hr>105</ns3:hr>
          </ns3:TrackPointExtension>
        </extensions>
      </trkpt>
      <trkpt lat="24.540687985718250274658203125" lon="118.1448414735496044158935546875">
        <ele>3</ele>
        <time>2026-07-09T09:39:21.000Z</time>
        <extensions>
          <ns3:TrackPointExtension>
            <ns3:atemp>33.0</ns3:atemp>
            <ns3:hr>104</ns3:hr>
          </ns3:TrackPointExtension>
        </extensions>
      </trkpt>
      <trkpt lat="24.5406556315720081329345703125" lon="118.1448579020798206329345703125">
        <ele>2.599999904632568359375</ele>
        <time>2026-07-09T09:39:22.000Z</time>
        <extensions>
          <ns3:TrackPointExtension>
            <ns3:atemp>33.0</ns3:atemp>
            <ns3:hr>104</ns3:hr>
          </ns3:TrackPointExtension>
        </extensions>
      </trkpt>
      <trkpt lat="24.54047483392059803009033203125" lon="118.14494834281504154205322265625">
        <ele>2.7999999523162841796875</ele>
        <time>2026-07-09T09:39:28.000Z</time>
        <extensions>
          <ns3:TrackPointExtension>
            <ns3:atemp>33.0</ns3:atemp>
            <ns3:hr>102</ns3:hr>
          </ns3:TrackPointExtension>
        </extensions>
      </trkpt>
      <trkpt lat="24.5404400490224361419677734375" lon="118.14493945799767971038818359375">
        <ele>3.2000000476837158203125</ele>
        <time>2026-07-09T09:39:29.000Z</time>
        <extensions>
          <ns3:TrackPointExtension>
            <ns3:atemp>33.0</ns3:atemp>
            <ns3:hr>102</ns3:hr>
          </ns3:TrackPointExtension>
        </extensions>
      </trkpt>
      <trkpt lat="24.540362767875194549560546875" lon="118.14490308053791522979736328125">
        <ele>4</ele>
        <time>2026-07-09T09:39:32.000Z</time>
        <extensions>
          <ns3:TrackPointExtension>
            <ns3:atemp>33.0</ns3:atemp>
            <ns3:hr>101</ns3:hr>
          </ns3:TrackPointExtension>
        </extensions>
      </trkpt>
      <trkpt lat="24.54031038098037242889404296875" lon="118.14489872194826602935791015625">
        <ele>4.400000095367431640625</ele>
        <time>2026-07-09T09:39:35.000Z</time>
        <extensions>
          <ns3:TrackPointExtension>
            <ns3:atemp>33.0</ns3:atemp>
            <ns3:hr>102</ns3:hr>
          </ns3:TrackPointExtension>
        </extensions>
      </trkpt>
      <trkpt lat="24.54032228328287601470947265625" lon="118.144896961748600006103515625">
        <ele>4.400000095367431640625</ele>
        <time>2026-07-09T09:39:39.000Z</time>
        <extensions>
          <ns3:TrackPointExtension>
            <ns3:atemp>33.0</ns3:atemp>
            <ns3:hr>101</ns3:hr>
          </ns3:TrackPointExtension>
        </extensions>
      </trkpt>
      <trkpt lat="24.54032228328287601470947265625" lon="118.144896961748600006103515625">
        <ele>4.400000095367431640625</ele>
        <time>2026-07-09T09:39:53.000Z</time>
        <extensions>
          <ns3:TrackPointExtension>
            <ns3:atemp>33.0</ns3:atemp>
            <ns3:hr>98</ns3:hr>
          </ns3:TrackPointExtension>
        </extensions>
      </trkpt>
      <trkpt lat="24.54032228328287601470947265625" lon="118.144896961748600006103515625">
        <ele>4.400000095367431640625</ele>
        <time>2026-07-09T09:39:57.000Z</time>
        <extensions>
          <ns3:TrackPointExtension>
            <ns3:atemp>33.0</ns3:atemp>
            <ns3:hr>95</ns3:hr>
          </ns3:TrackPointExtension>
        </extensions>
      </trkpt>
      <trkpt lat="24.54032228328287601470947265625" lon="118.144896961748600006103515625">
        <ele>4.400000095367431640625</ele>
        <time>2026-07-09T09:39:59.000Z</time>
        <extensions>
          <ns3:TrackPointExtension>
            <ns3:atemp>33.0</ns3:atemp>
            <ns3:hr>92</ns3:hr>
          </ns3:TrackPointExtension>
        </extensions>
      </trkpt>
      <trkpt lat="24.54032228328287601470947265625" lon="118.144896961748600006103515625">
        <ele>4.400000095367431640625</ele>
        <time>2026-07-09T09:40:08.000Z</time>
        <extensions>
          <ns3:TrackPointExtension>
            <ns3:atemp>33.0</ns3:atemp>
            <ns3:hr>89</ns3:hr>
          </ns3:TrackPointExtension>
        </extensions>
      </trkpt>
      <trkpt lat="24.54032228328287601470947265625" lon="118.144896961748600006103515625">
        <ele>4.400000095367431640625</ele>
        <time>2026-07-09T09:40:19.000Z</time>
        <extensions>
          <ns3:TrackPointExtension>
            <ns3:atemp>33.0</ns3:atemp>
            <ns3:hr>86</ns3:hr>
          </ns3:TrackPointExtension>
        </extensions>
      </trkpt>
      <trkpt lat="24.5402687229216098785400390625" lon="118.14491464756429195404052734375">
        <ele>4.80000019073486328125</ele>
        <time>2026-07-09T09:40:44.000Z</time>
        <extensions>
          <ns3:TrackPointExtension>
            <ns3:atemp>33.0</ns3:atemp>
            <ns3:hr>89</ns3:hr>
          </ns3:TrackPointExtension>
        </extensions>
      </trkpt>
      <trkpt lat="24.5402382127940654754638671875" lon="118.14492814242839813232421875">
        <ele>4.80000019073486328125</ele>
        <time>2026-07-09T09:40:45.000Z</time>
        <extensions>
          <ns3:TrackPointExtension>
            <ns3:atemp>33.0</ns3:atemp>
            <ns3:hr>90</ns3:hr>
          </ns3:TrackPointExtension>
        </extensions>
      </trkpt>
      <trkpt lat="24.54011407680809497833251953125" lon="118.14498086459934711456298828125">
        <ele>4.599999904632568359375</ele>
        <time>2026-07-09T09:40:50.000Z</time>
        <extensions>
          <ns3:TrackPointExtension>
            <ns3:atemp>33.0</ns3:atemp>
            <ns3:hr>87</ns3:hr>
          </ns3:TrackPointExtension>
        </extensions>
      </trkpt>
      <trkpt lat="24.5400497876107692718505859375" lon="118.1450081057846546173095703125">
        <ele>4.599999904632568359375</ele>
        <time>2026-07-09T09:40:53.000Z</time>
        <extensions>
          <ns3:TrackPointExtension>
            <ns3:atemp>33.0</ns3:atemp>
            <ns3:hr>84</ns3:hr>
          </ns3:TrackPointExtension>
        </extensions>
      </trkpt>
      <trkpt lat="24.54000477679073810577392578125" lon="118.14502612687647342681884765625">
        <ele>4.80000019073486328125</ele>
        <time>2026-07-09T09:40:56.000Z</time>
        <extensions>
          <ns3:TrackPointExtension>
            <ns3:atemp>33.0</ns3:atemp>
            <ns3:hr>85</ns3:hr>
          </ns3:TrackPointExtension>
        </extensions>
      </trkpt>
      <trkpt lat="24.5400021784007549285888671875" lon="118.14502746798098087310791015625">
        <ele>5.19999980926513671875</ele>
        <time>2026-07-09T09:40:58.000Z</time>
        <extensions>
          <ns3:TrackPointExtension>
            <ns3:atemp>33.0</ns3:atemp>
            <ns3:hr>84</ns3:hr>
          </ns3:TrackPointExtension>
        </extensions>
      </trkpt>
      <trkpt lat="24.53995716758072376251220703125" lon="118.14505646936595439910888671875">
        <ele>5</ele>
        <time>2026-07-09T09:41:27.000Z</time>
        <extensions>
          <ns3:TrackPointExtension>
            <ns3:atemp>33.0</ns3:atemp>
            <ns3:hr>84</ns3:hr>
          </ns3:TrackPointExtension>
        </extensions>
      </trkpt>
      <trkpt lat="24.53991676680743694305419921875" lon="118.14508530311286449432373046875">
        <ele>5</ele>
        <time>2026-07-09T09:41:29.000Z</time>
        <extensions>
          <ns3:TrackPointExtension>
            <ns3:atemp>33.0</ns3:atemp>
            <ns3:hr>84</ns3:hr>
          </ns3:TrackPointExtension>
        </extensions>
      </trkpt>
      <trkpt lat="24.53976723365485668182373046875" lon="118.14514548517763614654541015625">
        <ele>4.599999904632568359375</ele>
        <time>2026-07-09T09:41:34.000Z</time>
        <extensions>
          <ns3:TrackPointExtension>
            <ns3:atemp>33.0</ns3:atemp>
            <ns3:hr>83</ns3:hr>
          </ns3:TrackPointExtension>
        </extensions>
      </trkpt>
      <trkpt lat="24.53973018564283847808837890625" lon="118.14515671692788600921630859375">
        <ele>5</ele>
        <time>2026-07-09T09:41:36.000Z</time>
        <extensions>
          <ns3:TrackPointExtension>
            <ns3:atemp>33.0</ns3:atemp>
            <ns3:hr>80</ns3:hr>
          </ns3:TrackPointExtension>
        </extensions>
      </trkpt>
      <trkpt lat="24.53965961001813411712646484375" lon="118.14522142522037029266357421875">
        <ele>5.19999980926513671875</ele>
        <time>2026-07-09T09:41:39.000Z</time>
        <extensions>
          <ns3:TrackPointExtension>
            <ns3:atemp>33.0</ns3:atemp>
            <ns3:hr>78</ns3:hr>
          </ns3:TrackPointExtension>
        </extensions>
      </trkpt>
      <trkpt lat="24.53959875740110874176025390625" lon="118.14532502554357051849365234375">
        <ele>5.400000095367431640625</ele>
        <time>2026-07-09T09:41:43.000Z</time>
        <extensions>
          <ns3:TrackPointExtension>
            <ns3:atemp>33.0</ns3:atemp>
            <ns3:hr>81</ns3:hr>
          </ns3:TrackPointExtension>
        </extensions>
      </trkpt>
      <trkpt lat="24.539568834006786346435546875" lon="118.14538545906543731689453125">
        <ele>5.80000019073486328125</ele>
        <time>2026-07-09T09:41:45.000Z</time>
        <extensions>
          <ns3:TrackPointExtension>
            <ns3:atemp>33.0</ns3:atemp>
            <ns3:hr>82</ns3:hr>
          </ns3:TrackPointExtension>
        </extensions>
      </trkpt>
      <trkpt lat="24.53951527364552021026611328125" lon="118.145433403551578521728515625">
        <ele>6</ele>
        <time>2026-07-09T09:41:47.000Z</time>
        <extensions>
          <ns3:TrackPointExtension>
            <ns3:atemp>33.0</ns3:atemp>
            <ns3:hr>83</ns3:hr>
          </ns3:TrackPointExtension>
        </extensions>
      </trkpt>
      <trkpt lat="24.53944536857306957244873046875" lon="118.14546064473688602447509765625">
        <ele>5.80000019073486328125</ele>
        <time>2026-07-09T09:41:49.000Z</time>
        <extensions>
          <ns3:TrackPointExtension>
            <ns3:atemp>33.0</ns3:atemp>
            <ns3:hr>83</ns3:hr>
          </ns3:TrackPointExtension>
        </extensions>
      </trkpt>
      <trkpt lat="24.539358280599117279052734375" lon="118.145484365522861480712890625">
        <ele>5.80000019073486328125</ele>
        <time>2026-07-09T09:41:53.000Z</time>
        <extensions>
          <ns3:TrackPointExtension>
            <ns3:atemp>33.0</ns3:atemp>
            <ns3:hr>86</ns3:hr>
          </ns3:TrackPointExtension>
        </extensions>
      </trkpt>
      <trkpt lat="24.5393641479313373565673828125" lon="118.14548394642770290374755859375">
        <ele>5.80000019073486328125</ele>
        <time>2026-07-09T09:41:54.000Z</time>
        <extensions>
          <ns3:TrackPointExtension>
            <ns3:atemp>33.0</ns3:atemp>
            <ns3:hr>86</ns3:hr>
          </ns3:TrackPointExtension>
        </extensions>
      </trkpt>
      <trkpt lat="24.53936892561614513397216796875" lon="118.14548361115157604217529296875">
        <ele>6</ele>
        <time>2026-07-09T09:41:57.000Z</time>
        <extensions>
          <ns3:TrackPointExtension>
            <ns3:atemp>33.0</ns3:atemp>
            <ns3:hr>91</ns3:hr>
          </ns3:TrackPointExtension>
        </extensions>
      </trkpt>
      <trkpt lat="24.53936892561614513397216796875" lon="118.14548361115157604217529296875">
        <ele>6</ele>
        <time>2026-07-09T09:41:58.000Z</time>
        <extensions>
          <ns3:TrackPointExtension>
            <ns3:atemp>33.0</ns3:atemp>
            <ns3:hr>95</ns3:hr>
          </ns3:TrackPointExtension>
        </extensions>
      </trkpt>
      <trkpt lat="24.53936892561614513397216796875" lon="118.14548361115157604217529296875">
        <ele>6</ele>
        <time>2026-07-09T09:41:59.000Z</time>
        <extensions>
          <ns3:TrackPointExtension>
            <ns3:atemp>33.0</ns3:atemp>
            <ns3:hr>98</ns3:hr>
          </ns3:TrackPointExtension>
        </extensions>
      </trkpt>
      <trkpt lat="24.53936892561614513397216796875" lon="118.14548361115157604217529296875">
        <ele>6</ele>
        <time>2026-07-09T09:42:03.000Z</time>
        <extensions>
          <ns3:TrackPointExtension>
            <ns3:atemp>33.0</ns3:atemp>
            <ns3:hr>101</ns3:hr>
          </ns3:TrackPointExtension>
        </extensions>
      </trkpt>
      <trkpt lat="24.53936892561614513397216796875" lon="118.14548361115157604217529296875">
        <ele>6.19999980926513671875</ele>
        <time>2026-07-09T09:42:14.000Z</time>
        <extensions>
          <ns3:TrackPointExtension>
            <ns3:atemp>33.0</ns3:atemp>
            <ns3:hr>104</ns3:hr>
          </ns3:TrackPointExtension>
        </extensions>
      </trkpt>
      <trkpt lat="24.53935450874269008636474609375" lon="118.14549811184406280517578125">
        <ele>6</ele>
        <time>2026-07-09T09:42:31.000Z</time>
        <extensions>
          <ns3:TrackPointExtension>
            <ns3:atemp>33.0</ns3:atemp>
            <ns3:hr>102</ns3:hr>
          </ns3:TrackPointExtension>
        </extensions>
      </trkpt>
      <trkpt lat="24.53925090841948986053466796875" lon="118.14552803523838520050048828125">
        <ele>5.80000019073486328125</ele>
        <time>2026-07-09T09:42:36.000Z</time>
        <extensions>
          <ns3:TrackPointExtension>
            <ns3:atemp>33.0</ns3:atemp>
            <ns3:hr>102</ns3:hr>
          </ns3:TrackPointExtension>
        </extensions>
      </trkpt>
      <trkpt lat="24.53910849988460540771484375" lon="118.1455857865512371063232421875">
        <ele>5.599999904632568359375</ele>
        <time>2026-07-09T09:42:41.000Z</time>
        <extensions>
          <ns3:TrackPointExtension>
            <ns3:atemp>33.0</ns3:atemp>
            <ns3:hr>102</ns3:hr>
          </ns3:TrackPointExtension>
        </extensions>
      </trkpt>
      <trkpt lat="24.53885746188461780548095703125" lon="118.1456682644784450531005859375">
        <ele>6.19999980926513671875</ele>
        <time>2026-07-09T09:42:48.000Z</time>
        <extensions>
          <ns3:TrackPointExtension>
            <ns3:atemp>33.0</ns3:atemp>
            <ns3:hr>103</ns3:hr>
          </ns3:TrackPointExtension>
        </extensions>
      </trkpt>
      <trkpt lat="24.5386117883026599884033203125" lon="118.1457738764584064483642578125">
        <ele>6.19999980926513671875</ele>
        <time>2026-07-09T09:42:54.000Z</time>
        <extensions>
          <ns3:TrackPointExtension>
            <ns3:atemp>33.0</ns3:atemp>
            <ns3:hr>103</ns3:hr>
          </ns3:TrackPointExtension>
        </extensions>
      </trkpt>
      <trkpt lat="24.53852402977645397186279296875" lon="118.145810253918170928955078125">
        <ele>6.400000095367431640625</ele>
        <time>2026-07-09T09:42:56.000Z</time>
        <extensions>
          <ns3:TrackPointExtension>
            <ns3:atemp>33.0</ns3:atemp>
            <ns3:hr>104</ns3:hr>
          </ns3:TrackPointExtension>
        </extensions>
      </trkpt>
      <trkpt lat="24.53830651938915252685546875" lon="118.14590589143335819244384765625">
        <ele>6.400000095367431640625</ele>
        <time>2026-07-09T09:43:02.000Z</time>
        <extensions>
          <ns3:TrackPointExtension>
            <ns3:atemp>33.0</ns3:atemp>
            <ns3:hr>104</ns3:hr>
          </ns3:TrackPointExtension>
        </extensions>
      </trkpt>
      <trkpt lat="24.5380854047834873199462890625" lon="118.14602659083902835845947265625">
        <ele>6.599999904632568359375</ele>
        <time>2026-07-09T09:43:07.000Z</time>
        <extensions>
          <ns3:TrackPointExtension>
            <ns3:atemp>33.0</ns3:atemp>
            <ns3:hr>105</ns3:hr>
          </ns3:TrackPointExtension>
        </extensions>
      </trkpt>
      <trkpt lat="24.537995047867298126220703125" lon="118.14603933133184909820556640625">
        <ele>6.400000095367431640625</ele>
        <time>2026-07-09T09:43:09.000Z</time>
        <extensions>
          <ns3:TrackPointExtension>
            <ns3:atemp>33.0</ns3:atemp>
            <ns3:hr>105</ns3:hr>
          </ns3:TrackPointExtension>
        </extensions>
      </trkpt>
      <trkpt lat="24.53795556910336017608642578125" lon="118.146030195057392120361328125">
        <ele>6.400000095367431640625</ele>
        <time>2026-07-09T09:43:10.000Z</time>
        <extensions>
          <ns3:TrackPointExtension>
            <ns3:atemp>33.0</ns3:atemp>
            <ns3:hr>104</ns3:hr>
          </ns3:TrackPointExtension>
        </extensions>
      </trkpt>
      <trkpt lat="24.53787468373775482177734375" lon="118.14603698439896106719970703125">
        <ele>6.400000095367431640625</ele>
        <time>2026-07-09T09:43:12.000Z</time>
        <extensions>
          <ns3:TrackPointExtension>
            <ns3:atemp>33.0</ns3:atemp>
            <ns3:hr>104</ns3:hr>
          </ns3:TrackPointExtension>
        </extensions>
      </trkpt>
      <trkpt lat="24.53784073702991008758544921875" lon="118.1460551731288433074951171875">
        <ele>6.400000095367431640625</ele>
        <time>2026-07-09T09:43:13.000Z</time>
        <extensions>
          <ns3:TrackPointExtension>
            <ns3:atemp>33.0</ns3:atemp>
            <ns3:hr>104</ns3:hr>
          </ns3:TrackPointExtension>
        </extensions>
      </trkpt>
      <trkpt lat="24.5376267470419406890869140625" lon="118.14620361663401126861572265625">
        <ele>6.19999980926513671875</ele>
        <time>2026-07-09T09:43:20.000Z</time>
        <extensions>
          <ns3:TrackPointExtension>
            <ns3:atemp>33.0</ns3:atemp>
            <ns3:hr>105</ns3:hr>
          </ns3:TrackPointExtension>
        </extensions>
      </trkpt>
      <trkpt lat="24.53749054111540317535400390625" lon="118.146256171166896820068359375">
        <ele>6</ele>
        <time>2026-07-09T09:43:24.000Z</time>
        <extensions>
          <ns3:TrackPointExtension>
            <ns3:atemp>33.0</ns3:atemp>
            <ns3:hr>108</ns3:hr>
          </ns3:TrackPointExtension>
        </extensions>
      </trkpt>
      <trkpt lat="24.53727512620389461517333984375" lon="118.14633638598024845123291015625">
        <ele>5.599999904632568359375</ele>
        <time>2026-07-09T09:43:30.000Z</time>
        <extensions>
          <ns3:TrackPointExtension>
            <ns3:atemp>33.0</ns3:atemp>
            <ns3:hr>111</ns3:hr>
          </ns3:TrackPointExtension>
        </extensions>
      </trkpt>
      <trkpt lat="24.537101201713085174560546875" lon="118.146405704319477081298828125">
        <ele>6.19999980926513671875</ele>
        <time>2026-07-09T09:43:36.000Z</time>
        <extensions>
          <ns3:TrackPointExtension>
            <ns3:atemp>33.0</ns3:atemp>
            <ns3:hr>113</ns3:hr>
          </ns3:TrackPointExtension>
        </extensions>
      </trkpt>
      <trkpt lat="24.53688151203095912933349609375" lon="118.14650536514818668365478515625">
        <ele>5.80000019073486328125</ele>
        <time>2026-07-09T09:43:42.000Z</time>
        <extensions>
          <ns3:TrackPointExtension>
            <ns3:atemp>33.0</ns3:atemp>
            <ns3:hr>110</ns3:hr>
          </ns3:TrackPointExtension>
        </extensions>
      </trkpt>
      <trkpt lat="24.53662921674549579620361328125" lon="118.146608211100101470947265625">
        <ele>5.80000019073486328125</ele>
        <time>2026-07-09T09:43:49.000Z</time>
        <extensions>
          <ns3:TrackPointExtension>
            <ns3:atemp>33.0</ns3:atemp>
            <ns3:hr>113</ns3:hr>
          </ns3:TrackPointExtension>
        </extensions>
      </trkpt>
      <trkpt lat="24.5363382808864116668701171875" lon="118.14672899432480335235595703125">
        <ele>6.19999980926513671875</ele>
        <time>2026-07-09T09:43:56.000Z</time>
        <extensions>
          <ns3:TrackPointExtension>
            <ns3:atemp>33.0</ns3:atemp>
            <ns3:hr>112</ns3:hr>
          </ns3:TrackPointExtension>
        </extensions>
      </trkpt>
      <trkpt lat="24.53629092313349246978759765625" lon="118.14674508757889270782470703125">
        <ele>6.599999904632568359375</ele>
        <time>2026-07-09T09:43:57.000Z</time>
        <extensions>
          <ns3:TrackPointExtension>
            <ns3:atemp>33.0</ns3:atemp>
            <ns3:hr>112</ns3:hr>
          </ns3:TrackPointExtension>
        </extensions>
      </trkpt>
      <trkpt lat="24.5361119695007801055908203125" lon="118.14681708812713623046875">
        <ele>6.80000019073486328125</ele>
        <time>2026-07-09T09:44:01.000Z</time>
        <extensions>
          <ns3:TrackPointExtension>
            <ns3:atemp>33.0</ns3:atemp>
            <ns3:hr>114</ns3:hr>
          </ns3:TrackPointExtension>
        </extensions>
      </trkpt>
      <trkpt lat="24.53588716685771942138671875" lon="118.14689730294048786163330078125">
        <ele>6.599999904632568359375</ele>
        <time>2026-07-09T09:44:08.000Z</time>
        <extensions>
          <ns3:TrackPointExtension>
            <ns3:atemp>33.0</ns3:atemp>
            <ns3:hr>114</ns3:hr>
          </ns3:TrackPointExtension>
        </extensions>
      </trkpt>
      <trkpt lat="24.5359047688543796539306640625" lon="118.14689160324633121490478515625">
        <ele>6.80000019073486328125</ele>
        <time>2026-07-09T09:44:11.000Z</time>
        <extensions>
          <ns3:TrackPointExtension>
            <ns3:atemp>33.0</ns3:atemp>
            <ns3:hr>114</ns3:hr>
          </ns3:TrackPointExtension>
        </extensions>
      </trkpt>
      <trkpt lat="24.5359047688543796539306640625" lon="118.14689160324633121490478515625">
        <ele>6.80000019073486328125</ele>
        <time>2026-07-09T09:44:18.000Z</time>
        <extensions>
          <ns3:TrackPointExtension>
            <ns3:atemp>33.0</ns3:atemp>
            <ns3:hr>111</ns3:hr>
          </ns3:TrackPointExtension>
        </extensions>
      </trkpt>
      <trkpt lat="24.5359047688543796539306640625" lon="118.14689160324633121490478515625">
        <ele>6.80000019073486328125</ele>
        <time>2026-07-09T09:44:20.000Z</time>
        <extensions>
          <ns3:TrackPointExtension>
            <ns3:atemp>33.0</ns3:atemp>
            <ns3:hr>110</ns3:hr>
          </ns3:TrackPointExtension>
        </extensions>
      </trkpt>
      <trkpt lat="24.5359044335782527923583984375" lon="118.1469218619167804718017578125">
        <ele>6.80000019073486328125</ele>
        <time>2026-07-09T09:44:23.000Z</time>
        <extensions>
          <ns3:TrackPointExtension>
            <ns3:atemp>33.0</ns3:atemp>
            <ns3:hr>110</ns3:hr>
          </ns3:TrackPointExtension>
        </extensions>
      </trkpt>
      <trkpt lat="24.53590116463601589202880859375" lon="118.1470090337097644805908203125">
        <ele>6.80000019073486328125</ele>
        <time>2026-07-09T09:44:26.000Z</time>
        <extensions>
          <ns3:TrackPointExtension>
            <ns3:atemp>33.0</ns3:atemp>
            <ns3:hr>110</ns3:hr>
          </ns3:TrackPointExtension>
        </extensions>
      </trkpt>
      <trkpt lat="24.53588725067675113677978515625" lon="118.14712478779256343841552734375">
        <ele>7</ele>
        <time>2026-07-09T09:44:32.000Z</time>
        <extensions>
          <ns3:TrackPointExtension>
            <ns3:atemp>33.0</ns3:atemp>
            <ns3:hr>108</ns3:hr>
          </ns3:TrackPointExtension>
        </extensions>
      </trkpt>
      <trkpt lat="24.53588540665805339813232421875" lon="118.147115148603916168212890625">
        <ele>7.19999980926513671875</ele>
        <time>2026-07-09T09:44:38.000Z</time>
        <extensions>
          <ns3:TrackPointExtension>
            <ns3:atemp>33.0</ns3:atemp>
            <ns3:hr>107</ns3:hr>
          </ns3:TrackPointExtension>
        </extensions>
      </trkpt>
      <trkpt lat="24.53588540665805339813232421875" lon="118.147115148603916168212890625">
        <ele>7.400000095367431640625</ele>
        <time>2026-07-09T09:44:49.000Z</time>
        <extensions>
          <ns3:TrackPointExtension>
            <ns3:atemp>33.0</ns3:atemp>
            <ns3:hr>104</ns3:hr>
          </ns3:TrackPointExtension>
        </extensions>
      </trkpt>
      <trkpt lat="24.53589948825538158416748046875" lon="118.14719301648437976837158203125">
        <ele>7.80000019073486328125</ele>
        <time>2026-07-09T09:45:05.000Z</time>
        <extensions>
          <ns3:TrackPointExtension>
            <ns3:atemp>33.0</ns3:atemp>
            <ns3:hr>105</ns3:hr>
          </ns3:TrackPointExtension>
        </extensions>
      </trkpt>
      <trkpt lat="24.53589848242700099945068359375" lon="118.14721916802227497100830078125">
        <ele>8</ele>
        <time>2026-07-09T09:45:06.000Z</time>
        <extensions>
          <ns3:TrackPointExtension>
            <ns3:atemp>33.0</ns3:atemp>
            <ns3:hr>105</ns3:hr>
          </ns3:TrackPointExtension>
        </extensions>
      </trkpt>
      <trkpt lat="24.53583712689578533172607421875" lon="118.1473443098366260528564453125">
        <ele>8.19999980926513671875</ele>
        <time>2026-07-09T09:45:10.000Z</time>
        <extensions>
          <ns3:TrackPointExtension>
            <ns3:atemp>33.0</ns3:atemp>
            <ns3:hr>106</ns3:hr>
          </ns3:TrackPointExtension>
        </extensions>
      </trkpt>
      <trkpt lat="24.53565339557826519012451171875" lon="118.147474564611911773681640625">
        <ele>6.80000019073486328125</ele>
        <time>2026-07-09T09:45:16.000Z</time>
        <extensions>
          <ns3:TrackPointExtension>
            <ns3:atemp>33.0</ns3:atemp>
            <ns3:hr>108</ns3:hr>
          </ns3:TrackPointExtension>
        </extensions>
      </trkpt>
      <trkpt lat="24.53555583022534847259521484375" lon="118.14757355488836765289306640625">
        <ele>7.19999980926513671875</ele>
        <time>2026-07-09T09:45:21.000Z</time>
        <extensions>
          <ns3:TrackPointExtension>
            <ns3:atemp>33.0</ns3:atemp>
            <ns3:hr>109</ns3:hr>
          </ns3:TrackPointExtension>
        </extensions>
      </trkpt>
      <trkpt lat="24.53556672669947147369384765625" lon="118.147603981196880340576171875">
        <ele>7.400000095367431640625</ele>
        <time>2026-07-09T09:45:22.000Z</time>
        <extensions>
          <ns3:TrackPointExtension>
            <ns3:atemp>33.0</ns3:atemp>
            <ns3:hr>109</ns3:hr>
          </ns3:TrackPointExtension>
        </extensions>
      </trkpt>
      <trkpt lat="24.5355493761599063873291015625" lon="118.1476914882659912109375">
        <ele>8.19999980926513671875</ele>
        <time>2026-07-09T09:45:25.000Z</time>
        <extensions>
          <ns3:TrackPointExtension>
            <ns3:atemp>33.0</ns3:atemp>
            <ns3:hr>109</ns3:hr>
          </ns3:TrackPointExtension>
        </extensions>
      </trkpt>
      <trkpt lat="24.5354855060577392578125" lon="118.14774873666465282440185546875">
        <ele>8.6000003814697265625</ele>
        <time>2026-07-09T09:45:28.000Z</time>
        <extensions>
          <ns3:TrackPointExtension>
            <ns3:atemp>33.0</ns3:atemp>
            <ns3:hr>109</ns3:hr>
          </ns3:TrackPointExtension>
        </extensions>
      </trkpt>
      <trkpt lat="24.5354618690907955169677734375" lon="118.14775116741657257080078125">
        <ele>8.80000019073486328125</ele>
        <time>2026-07-09T09:45:29.000Z</time>
        <extensions>
          <ns3:TrackPointExtension>
            <ns3:atemp>33.0</ns3:atemp>
            <ns3:hr>109</ns3:hr>
          </ns3:TrackPointExtension>
        </extensions>
      </trkpt>
      <trkpt lat="24.53544250689446926116943359375" lon="118.147753179073333740234375">
        <ele>9</ele>
        <time>2026-07-09T09:45:30.000Z</time>
        <extensions>
          <ns3:TrackPointExtension>
            <ns3:atemp>33.0</ns3:atemp>
            <ns3:hr>110</ns3:hr>
          </ns3:TrackPointExtension>
        </extensions>
      </trkpt>
      <trkpt lat="24.53536857850849628448486328125" lon="118.1477382592856884002685546875">
        <ele>9.3999996185302734375</ele>
        <time>2026-07-09T09:45:34.000Z</time>
        <extensions>
          <ns3:TrackPointExtension>
            <ns3:atemp>33.0</ns3:atemp>
            <ns3:hr>110</ns3:hr>
          </ns3:TrackPointExtension>
        </extensions>
      </trkpt>
      <trkpt lat="24.53524670563638210296630859375" lon="118.14775711856782436370849609375">
        <ele>10</ele>
        <time>2026-07-09T09:45:39.000Z</time>
        <extensions>
          <ns3:TrackPointExtension>
            <ns3:atemp>33.0</ns3:atemp>
            <ns3:hr>109</ns3:hr>
          </ns3:TrackPointExtension>
        </extensions>
      </trkpt>
      <trkpt lat="24.53519809059798717498779296875" lon="118.14778042025864124298095703125">
        <ele>10.3999996185302734375</ele>
        <time>2026-07-09T09:45:41.000Z</time>
        <extensions>
          <ns3:TrackPointExtension>
            <ns3:atemp>33.0</ns3:atemp>
            <ns3:hr>110</ns3:hr>
          </ns3:TrackPointExtension>
        </extensions>
      </trkpt>
      <trkpt lat="24.5350836776196956634521484375" lon="118.14787412993609905242919921875">
        <ele>11</ele>
        <time>2026-07-09T09:45:46.000Z</time>
        <extensions>
          <ns3:TrackPointExtension>
            <ns3:atemp>33.0</ns3:atemp>
            <ns3:hr>112</ns3:hr>
          </ns3:TrackPointExtension>
        </extensions>
      </trkpt>
      <trkpt lat="24.535030536353588104248046875" lon="118.14794789068400859832763671875">
        <ele>11.3999996185302734375</ele>
        <time>2026-07-09T09:45:49.000Z</time>
        <extensions>
          <ns3:TrackPointExtension>
            <ns3:atemp>33.0</ns3:atemp>
            <ns3:hr>113</ns3:hr>
          </ns3:TrackPointExtension>
        </extensions>
      </trkpt>
      <trkpt lat="24.5349908061325550079345703125" lon="118.148000948131084442138671875">
        <ele>11.80000019073486328125</ele>
        <time>2026-07-09T09:45:51.000Z</time>
        <extensions>
          <ns3:TrackPointExtension>
            <ns3:atemp>33.0</ns3:atemp>
            <ns3:hr>113</ns3:hr>
          </ns3:TrackPointExtension>
        </extensions>
      </trkpt>
      <trkpt lat="24.5349653251469135284423828125" lon="118.14804025925695896148681640625">
        <ele>12.19999980926513671875</ele>
        <time>2026-07-09T09:45:53.000Z</time>
        <extensions>
          <ns3:TrackPointExtension>
            <ns3:atemp>33.0</ns3:atemp>
            <ns3:hr>113</ns3:hr>
          </ns3:TrackPointExtension>
        </extensions>
      </trkpt>
      <trkpt lat="24.53494110144674777984619140625" lon="118.14805501140654087066650390625">
        <ele>12.3999996185302734375</ele>
        <time>2026-07-09T09:45:54.000Z</time>
        <extensions>
          <ns3:TrackPointExtension>
            <ns3:atemp>33.0</ns3:atemp>
            <ns3:hr>113</ns3:hr>
          </ns3:TrackPointExtension>
        </extensions>
      </trkpt>
      <trkpt lat="24.53478746116161346435546875" lon="118.1481023691594600677490234375">
        <ele>13.6000003814697265625</ele>
        <time>2026-07-09T09:46:00.000Z</time>
        <extensions>
          <ns3:TrackPointExtension>
            <ns3:atemp>33.0</ns3:atemp>
            <ns3:hr>113</ns3:hr>
          </ns3:TrackPointExtension>
        </extensions>
      </trkpt>
      <trkpt lat="24.5347653329372406005859375" lon="118.14810848794877529144287109375">
        <ele>13.80000019073486328125</ele>
        <time>2026-07-09T09:46:01.000Z</time>
        <extensions>
          <ns3:TrackPointExtension>
            <ns3:atemp>33.0</ns3:atemp>
            <ns3:hr>113</ns3:hr>
          </ns3:TrackPointExtension>
        </extensions>
      </trkpt>
      <trkpt lat="24.53473381698131561279296875" lon="118.1480991840362548828125">
        <ele>14</ele>
        <time>2026-07-09T09:46:02.000Z</time>
        <extensions>
          <ns3:TrackPointExtension>
            <ns3:atemp>33.0</ns3:atemp>
            <ns3:hr>113</ns3:hr>
          </ns3:TrackPointExtension>
        </extensions>
      </trkpt>
      <trkpt lat="24.53465008176863193511962890625" lon="118.1480426900088787078857421875">
        <ele>14.19999980926513671875</ele>
        <time>2026-07-09T09:46:06.000Z</time>
        <extensions>
          <ns3:TrackPointExtension>
            <ns3:atemp>33.0</ns3:atemp>
            <ns3:hr>113</ns3:hr>
          </ns3:TrackPointExtension>
        </extensions>
      </trkpt>
      <trkpt lat="24.5346124470233917236328125" lon="118.1479722820222377777099609375">
        <ele>14.6000003814697265625</ele>
        <time>2026-07-09T09:46:09.000Z</time>
        <extensions>
          <ns3:TrackPointExtension>
            <ns3:atemp>33.0</ns3:atemp>
            <ns3:hr>114</ns3:hr>
          </ns3:TrackPointExtension>
        </extensions>
      </trkpt>
      <trkpt lat="24.5345857925713062286376953125" lon="118.1479605473577976226806640625">
        <ele>14.6000003814697265625</ele>
        <time>2026-07-09T09:46:10.000Z</time>
        <extensions>
          <ns3:TrackPointExtension>
            <ns3:atemp>33.0</ns3:atemp>
            <ns3:hr>114</ns3:hr>
          </ns3:TrackPointExtension>
        </extensions>
      </trkpt>
      <trkpt lat="24.53456039540469646453857421875" lon="118.14796306192874908447265625">
        <ele>14.80000019073486328125</ele>
        <time>2026-07-09T09:46:11.000Z</time>
        <extensions>
          <ns3:TrackPointExtension>
            <ns3:atemp>33.0</ns3:atemp>
            <ns3:hr>114</ns3:hr>
          </ns3:TrackPointExtension>
        </extensions>
      </trkpt>
      <trkpt lat="24.5345448888838291168212890625" lon="118.14796985127031803131103515625">
        <ele>14.80000019073486328125</ele>
        <time>2026-07-09T09:46:12.000Z</time>
        <extensions>
          <ns3:TrackPointExtension>
            <ns3:atemp>33.0</ns3:atemp>
            <ns3:hr>113</ns3:hr>
          </ns3:TrackPointExtension>
        </extensions>
      </trkpt>
      <trkpt lat="24.53455821610987186431884765625" lon="118.147967755794525146484375">
        <ele>15.19999980926513671875</ele>
        <time>2026-07-09T09:46:15.000Z</time>
        <extensions>
          <ns3:TrackPointExtension>
            <ns3:atemp>33.0</ns3:atemp>
            <ns3:hr>113</ns3:hr>
          </ns3:TrackPointExtension>
        </extensions>
      </trkpt>
      <trkpt lat="24.53455821610987186431884765625" lon="118.147967755794525146484375">
        <ele>15.19999980926513671875</ele>
        <time>2026-07-09T09:46:19.000Z</time>
        <extensions>
          <ns3:TrackPointExtension>
            <ns3:atemp>33.0</ns3:atemp>
            <ns3:hr>116</ns3:hr>
          </ns3:TrackPointExtension>
        </extensions>
      </trkpt>
      <trkpt lat="24.53455821610987186431884765625" lon="118.147967755794525146484375">
        <ele>15.19999980926513671875</ele>
        <time>2026-07-09T09:46:21.000Z</time>
        <extensions>
          <ns3:TrackPointExtension>
            <ns3:atemp>33.0</ns3:atemp>
            <ns3:hr>119</ns3:hr>
          </ns3:TrackPointExtension>
        </extensions>
      </trkpt>
      <trkpt lat="24.53455821610987186431884765625" lon="118.147967755794525146484375">
        <ele>15</ele>
        <time>2026-07-09T09:46:25.000Z</time>
        <extensions>
          <ns3:TrackPointExtension>
            <ns3:atemp>33.0</ns3:atemp>
            <ns3:hr>122</ns3:hr>
          </ns3:TrackPointExtension>
        </extensions>
      </trkpt>
      <trkpt lat="24.53455821610987186431884765625" lon="118.147967755794525146484375">
        <ele>15.19999980926513671875</ele>
        <time>2026-07-09T09:46:29.000Z</time>
        <extensions>
          <ns3:TrackPointExtension>
            <ns3:atemp>33.0</ns3:atemp>
            <ns3:hr>125</ns3:hr>
          </ns3:TrackPointExtension>
        </extensions>
      </trkpt>
      <trkpt lat="24.53447808511555194854736328125" lon="118.14801343716681003570556640625">
        <ele>15.3999996185302734375</ele>
        <time>2026-07-09T09:46:51.000Z</time>
        <extensions>
          <ns3:TrackPointExtension>
            <ns3:atemp>33.0</ns3:atemp>
            <ns3:hr>124</ns3:hr>
          </ns3:TrackPointExtension>
        </extensions>
      </trkpt>
      <trkpt lat="24.53431346453726291656494140625" lon="118.14808635972440242767333984375">
        <ele>15.3999996185302734375</ele>
        <time>2026-07-09T09:46:57.000Z</time>
        <extensions>
          <ns3:TrackPointExtension>
            <ns3:atemp>33.0</ns3:atemp>
            <ns3:hr>124</ns3:hr>
          </ns3:TrackPointExtension>
        </extensions>
      </trkpt>
      <trkpt lat="24.53402705490589141845703125" lon="118.14819364808499813079833984375">
        <ele>15.19999980926513671875</ele>
        <time>2026-07-09T09:47:06.000Z</time>
        <extensions>
          <ns3:TrackPointExtension>
            <ns3:atemp>33.0</ns3:atemp>
            <ns3:hr>123</ns3:hr>
          </ns3:TrackPointExtension>
        </extensions>
      </trkpt>
      <trkpt lat="24.53383016400039196014404296875" lon="118.14815643243491649627685546875">
        <ele>15</ele>
        <time>2026-07-09T09:47:12.000Z</time>
        <extensions>
          <ns3:TrackPointExtension>
            <ns3:atemp>33.0</ns3:atemp>
            <ns3:hr>124</ns3:hr>
          </ns3:TrackPointExtension>
        </extensions>
      </trkpt>
      <trkpt lat="24.53365196473896503448486328125" lon="118.14805299974977970123291015625">
        <ele>15.3999996185302734375</ele>
        <time>2026-07-09T09:47:18.000Z</time>
        <extensions>
          <ns3:TrackPointExtension>
            <ns3:atemp>33.0</ns3:atemp>
            <ns3:hr>124</ns3:hr>
          </ns3:TrackPointExtension>
        </extensions>
      </trkpt>
      <trkpt lat="24.5336198620498180389404296875" lon="118.148048222064971923828125">
        <ele>15.6000003814697265625</ele>
        <time>2026-07-09T09:47:19.000Z</time>
        <extensions>
          <ns3:TrackPointExtension>
            <ns3:atemp>33.0</ns3:atemp>
            <ns3:hr>123</ns3:hr>
          </ns3:TrackPointExtension>
        </extensions>
      </trkpt>
      <trkpt lat="24.53346110880374908447265625" lon="118.1480790674686431884765625">
        <ele>15.6000003814697265625</ele>
        <time>2026-07-09T09:47:24.000Z</time>
        <extensions>
          <ns3:TrackPointExtension>
            <ns3:atemp>33.0</ns3:atemp>
            <ns3:hr>121</ns3:hr>
          </ns3:TrackPointExtension>
        </extensions>
      </trkpt>
      <trkpt lat="24.5333214662969112396240234375" lon="118.1481402553617954254150390625">
        <ele>15.6000003814697265625</ele>
        <time>2026-07-09T09:47:29.000Z</time>
        <extensions>
          <ns3:TrackPointExtension>
            <ns3:atemp>33.0</ns3:atemp>
            <ns3:hr>118</ns3:hr>
          </ns3:TrackPointExtension>
        </extensions>
      </trkpt>
      <trkpt lat="24.53326891176402568817138671875" lon="118.1481660716235637664794921875">
        <ele>15.6000003814697265625</ele>
        <time>2026-07-09T09:47:31.000Z</time>
        <extensions>
          <ns3:TrackPointExtension>
            <ns3:atemp>33.0</ns3:atemp>
            <ns3:hr>117</ns3:hr>
          </ns3:TrackPointExtension>
        </extensions>
      </trkpt>
      <trkpt lat="24.5330782234668731689453125" lon="118.148244358599185943603515625">
        <ele>15.19999980926513671875</ele>
        <time>2026-07-09T09:47:36.000Z</time>
        <extensions>
          <ns3:TrackPointExtension>
            <ns3:atemp>33.0</ns3:atemp>
            <ns3:hr>116</ns3:hr>
          </ns3:TrackPointExtension>
        </extensions>
      </trkpt>
      <trkpt lat="24.53289373777806758880615234375" lon="118.1483038701117038726806640625">
        <ele>15</ele>
        <time>2026-07-09T09:47:41.000Z</time>
        <extensions>
          <ns3:TrackPointExtension>
            <ns3:atemp>33.0</ns3:atemp>
            <ns3:hr>116</ns3:hr>
          </ns3:TrackPointExtension>
        </extensions>
      </trkpt>
      <trkpt lat="24.5325458049774169921875" lon="118.14845331944525241851806640625">
        <ele>15</ele>
        <time>2026-07-09T09:47:49.000Z</time>
        <extensions>
          <ns3:TrackPointExtension>
            <ns3:atemp>33.0</ns3:atemp>
            <ns3:hr>116</ns3:hr>
          </ns3:TrackPointExtension>
        </extensions>
      </trkpt>
      <trkpt lat="24.5322864688932895660400390625" lon="118.14853571355342864990234375">
        <ele>14.6000003814697265625</ele>
        <time>2026-07-09T09:47:55.000Z</time>
        <extensions>
          <ns3:TrackPointExtension>
            <ns3:atemp>33.0</ns3:atemp>
            <ns3:hr>119</ns3:hr>
          </ns3:TrackPointExtension>
        </extensions>
      </trkpt>
      <trkpt lat="24.53223877586424350738525390625" lon="118.148557841777801513671875">
        <ele>14.6000003814697265625</ele>
        <time>2026-07-09T09:47:56.000Z</time>
        <extensions>
          <ns3:TrackPointExtension>
            <ns3:atemp>33.0</ns3:atemp>
            <ns3:hr>119</ns3:hr>
          </ns3:TrackPointExtension>
        </extensions>
      </trkpt>
      <trkpt lat="24.5319971255958080291748046875" lon="118.148673512041568756103515625">
        <ele>16.200000762939453125</ele>
        <time>2026-07-09T09:48:03.000Z</time>
        <extensions>
          <ns3:TrackPointExtension>
            <ns3:atemp>33.0</ns3:atemp>
            <ns3:hr>119</ns3:hr>
          </ns3:TrackPointExtension>
        </extensions>
      </trkpt>
      <trkpt lat="24.5319193415343761444091796875" lon="118.148714415729045867919921875">
        <ele>16.799999237060546875</ele>
        <time>2026-07-09T09:48:05.000Z</time>
        <extensions>
          <ns3:TrackPointExtension>
            <ns3:atemp>33.0</ns3:atemp>
            <ns3:hr>119</ns3:hr>
          </ns3:TrackPointExtension>
        </extensions>
      </trkpt>
      <trkpt lat="24.53170266933739185333251953125" lon="118.14881357364356517791748046875">
        <ele>17.3999996185302734375</ele>
        <time>2026-07-09T09:48:11.000Z</time>
        <extensions>
          <ns3:TrackPointExtension>
            <ns3:atemp>33.0</ns3:atemp>
            <ns3:hr>121</ns3:hr>
          </ns3:TrackPointExtension>
        </extensions>
      </trkpt>
      <trkpt lat="24.53154307790100574493408203125" lon="118.1488621048629283905029296875">
        <ele>17.3999996185302734375</ele>
        <time>2026-07-09T09:48:15.000Z</time>
        <extensions>
          <ns3:TrackPointExtension>
            <ns3:atemp>33.0</ns3:atemp>
            <ns3:hr>124</ns3:hr>
          </ns3:TrackPointExtension>
        </extensions>
      </trkpt>
      <trkpt lat="24.531502760946750640869140625" lon="118.148878030478954315185546875">
        <ele>17.3999996185302734375</ele>
        <time>2026-07-09T09:48:16.000Z</time>
        <extensions>
          <ns3:TrackPointExtension>
            <ns3:atemp>33.0</ns3:atemp>
            <ns3:hr>124</ns3:hr>
          </ns3:TrackPointExtension>
        </extensions>
      </trkpt>
      <trkpt lat="24.53134006820619106292724609375" lon="118.14893712289631366729736328125">
        <ele>17.799999237060546875</ele>
        <time>2026-07-09T09:48:21.000Z</time>
        <extensions>
          <ns3:TrackPointExtension>
            <ns3:atemp>33.0</ns3:atemp>
            <ns3:hr>123</ns3:hr>
          </ns3:TrackPointExtension>
        </extensions>
      </trkpt>
      <trkpt lat="24.531249962747097015380859375" lon="118.1489802896976470947265625">
        <ele>18</ele>
        <time>2026-07-09T09:48:23.000Z</time>
        <extensions>
          <ns3:TrackPointExtension>
            <ns3:atemp>33.0</ns3:atemp>
            <ns3:hr>123</ns3:hr>
          </ns3:TrackPointExtension>
        </extensions>
      </trkpt>
      <trkpt lat="24.5309785567224025726318359375" lon="118.14910325221717357635498046875">
        <ele>18.200000762939453125</ele>
        <time>2026-07-09T09:48:30.000Z</time>
        <extensions>
          <ns3:TrackPointExtension>
            <ns3:atemp>33.0</ns3:atemp>
            <ns3:hr>124</ns3:hr>
          </ns3:TrackPointExtension>
        </extensions>
      </trkpt>
      <trkpt lat="24.53091426752507686614990234375" lon="118.14913979731500148773193359375">
        <ele>19</ele>
        <time>2026-07-09T09:48:32.000Z</time>
        <extensions>
          <ns3:TrackPointExtension>
            <ns3:atemp>33.0</ns3:atemp>
            <ns3:hr>126</ns3:hr>
          </ns3:TrackPointExtension>
        </extensions>
      </trkpt>
      <trkpt lat="24.53071855008602142333984375" lon="118.149204589426517486572265625">
        <ele>18.799999237060546875</ele>
        <time>2026-07-09T09:48:37.000Z</time>
        <extensions>
          <ns3:TrackPointExtension>
            <ns3:atemp>32.0</ns3:atemp>
            <ns3:hr>128</ns3:hr>
          </ns3:TrackPointExtension>
        </extensions>
      </trkpt>
      <trkpt lat="24.53035536222159862518310546875" lon="118.14934347756206989288330078125">
        <ele>19.200000762939453125</ele>
        <time>2026-07-09T09:48:45.000Z</time>
        <extensions>
          <ns3:TrackPointExtension>
            <ns3:atemp>33.0</ns3:atemp>
            <ns3:hr>127</ns3:hr>
          </ns3:TrackPointExtension>
        </extensions>
      </trkpt>
      <trkpt lat="24.53013542108237743377685546875" lon="118.1494206748902797698974609375">
        <ele>19.200000762939453125</ele>
        <time>2026-07-09T09:48:51.000Z</time>
        <extensions>
          <ns3:TrackPointExtension>
            <ns3:atemp>33.0</ns3:atemp>
            <ns3:hr>127</ns3:hr>
          </ns3:TrackPointExtension>
        </extensions>
      </trkpt>
      <trkpt lat="24.52986183576285839080810546875" lon="118.14945344813168048858642578125">
        <ele>19.200000762939453125</ele>
        <time>2026-07-09T09:48:57.000Z</time>
        <extensions>
          <ns3:TrackPointExtension>
            <ns3:atemp>33.0</ns3:atemp>
            <ns3:hr>127</ns3:hr>
          </ns3:TrackPointExtension>
        </extensions>
      </trkpt>
      <trkpt lat="24.5296870730817317962646484375" lon="118.14952804706990718841552734375">
        <ele>20.3999996185302734375</ele>
        <time>2026-07-09T09:49:01.000Z</time>
        <extensions>
          <ns3:TrackPointExtension>
            <ns3:atemp>33.0</ns3:atemp>
            <ns3:hr>127</ns3:hr>
          </ns3:TrackPointExtension>
        </extensions>
      </trkpt>
      <trkpt lat="24.52963518910109996795654296875" lon="118.1495784223079681396484375">
        <ele>20.6000003814697265625</ele>
        <time>2026-07-09T09:49:03.000Z</time>
        <extensions>
          <ns3:TrackPointExtension>
            <ns3:atemp>33.0</ns3:atemp>
            <ns3:hr>127</ns3:hr>
          </ns3:TrackPointExtension>
        </extensions>
      </trkpt>
      <trkpt lat="24.52935372479259967803955078125" lon="118.1497334875166416168212890625">
        <ele>21.200000762939453125</ele>
        <time>2026-07-09T09:49:11.000Z</time>
        <extensions>
          <ns3:TrackPointExtension>
            <ns3:atemp>33.0</ns3:atemp>
            <ns3:hr>129</ns3:hr>
          </ns3:TrackPointExtension>
        </extensions>
      </trkpt>
      <trkpt lat="24.52915255911648273468017578125" lon="118.1498337350785732269287109375">
        <ele>21.3999996185302734375</ele>
        <time>2026-07-09T09:49:17.000Z</time>
        <extensions>
          <ns3:TrackPointExtension>
            <ns3:atemp>33.0</ns3:atemp>
            <ns3:hr>130</ns3:hr>
          </ns3:TrackPointExtension>
        </extensions>
      </trkpt>
      <trkpt lat="24.529116265475749969482421875" lon="118.14984689466655254364013671875">
        <ele>21.6000003814697265625</ele>
        <time>2026-07-09T09:49:18.000Z</time>
        <extensions>
          <ns3:TrackPointExtension>
            <ns3:atemp>33.0</ns3:atemp>
            <ns3:hr>130</ns3:hr>
          </ns3:TrackPointExtension>
        </extensions>
      </trkpt>
      <trkpt lat="24.5289316959679126739501953125" lon="118.1499544344842433929443359375">
        <ele>22</ele>
        <time>2026-07-09T09:49:23.000Z</time>
        <extensions>
          <ns3:TrackPointExtension>
            <ns3:atemp>33.0</ns3:atemp>
            <ns3:hr>131</ns3:hr>
          </ns3:TrackPointExtension>
        </extensions>
      </trkpt>
      <trkpt lat="24.5287989266216754913330078125" lon="118.1500107608735561370849609375">
        <ele>22.6000003814697265625</ele>
        <time>2026-07-09T09:49:27.000Z</time>
        <extensions>
          <ns3:TrackPointExtension>
            <ns3:atemp>33.0</ns3:atemp>
            <ns3:hr>132</ns3:hr>
          </ns3:TrackPointExtension>
        </extensions>
      </trkpt>
      <trkpt lat="24.52875743620097637176513671875" lon="118.15005342476069927215576171875">
        <ele>23</ele>
        <time>2026-07-09T09:49:29.000Z</time>
        <extensions>
          <ns3:TrackPointExtension>
            <ns3:atemp>33.0</ns3:atemp>
            <ns3:hr>132</ns3:hr>
          </ns3:TrackPointExtension>
        </extensions>
      </trkpt>
      <trkpt lat="24.528518803417682647705078125" lon="118.1501234136521816253662109375">
        <ele>22.3999996185302734375</ele>
        <time>2026-07-09T09:49:34.000Z</time>
        <extensions>
          <ns3:TrackPointExtension>
            <ns3:atemp>33.0</ns3:atemp>
            <ns3:hr>133</ns3:hr>
          </ns3:TrackPointExtension>
        </extensions>
      </trkpt>
      <trkpt lat="24.5282799191772937774658203125" lon="118.15021653659641742706298828125">
        <ele>22.6000003814697265625</ele>
        <time>2026-07-09T09:49:39.000Z</time>
        <extensions>
          <ns3:TrackPointExtension>
            <ns3:atemp>33.0</ns3:atemp>
            <ns3:hr>132</ns3:hr>
          </ns3:TrackPointExtension>
        </extensions>
      </trkpt>
      <trkpt lat="24.52796869911253452301025390625" lon="118.150291554629802703857421875">
        <ele>22.799999237060546875</ele>
        <time>2026-07-09T09:49:45.000Z</time>
        <extensions>
          <ns3:TrackPointExtension>
            <ns3:atemp>33.0</ns3:atemp>
            <ns3:hr>133</ns3:hr>
          </ns3:TrackPointExtension>
        </extensions>
      </trkpt>
      <trkpt lat="24.5275805331766605377197265625" lon="118.15046195872128009796142578125">
        <ele>23.3999996185302734375</ele>
        <time>2026-07-09T09:49:54.000Z</time>
        <extensions>
          <ns3:TrackPointExtension>
            <ns3:atemp>33.0</ns3:atemp>
            <ns3:hr>135</ns3:hr>
          </ns3:TrackPointExtension>
        </extensions>
      </trkpt>
      <trkpt lat="24.52743862755596637725830078125" lon="118.150499761104583740234375">
        <ele>23.6000003814697265625</ele>
        <time>2026-07-09T09:49:57.000Z</time>
        <extensions>
          <ns3:TrackPointExtension>
            <ns3:atemp>32.0</ns3:atemp>
            <ns3:hr>135</ns3:hr>
          </ns3:TrackPointExtension>
        </extensions>
      </trkpt>
      <trkpt lat="24.527307786047458648681640625" lon="118.150548376142978668212890625">
        <ele>24</ele>
        <time>2026-07-09T09:50:00.000Z</time>
        <extensions>
          <ns3:TrackPointExtension>
            <ns3:atemp>33.0</ns3:atemp>
            <ns3:hr>135</ns3:hr>
          </ns3:TrackPointExtension>
        </extensions>
      </trkpt>
      <trkpt lat="24.5271047763526439666748046875" lon="118.15065574832260608673095703125">
        <ele>24.6000003814697265625</ele>
        <time>2026-07-09T09:50:06.000Z</time>
        <extensions>
          <ns3:TrackPointExtension>
            <ns3:atemp>33.0</ns3:atemp>
            <ns3:hr>136</ns3:hr>
          </ns3:TrackPointExtension>
        </extensions>
      </trkpt>
      <trkpt lat="24.5270732603967189788818359375" lon="118.1506870128214359283447265625">
        <ele>24.799999237060546875</ele>
        <time>2026-07-09T09:50:07.000Z</time>
        <extensions>
          <ns3:TrackPointExtension>
            <ns3:atemp>33.0</ns3:atemp>
            <ns3:hr>136</ns3:hr>
          </ns3:TrackPointExtension>
        </extensions>
      </trkpt>
      <trkpt lat="24.52697762288153171539306640625" lon="118.1507463566958904266357421875">
        <ele>25.200000762939453125</ele>
        <time>2026-07-09T09:50:10.000Z</time>
        <extensions>
          <ns3:TrackPointExtension>
            <ns3:atemp>33.0</ns3:atemp>
            <ns3:hr>138</ns3:hr>
          </ns3:TrackPointExtension>
        </extensions>
      </trkpt>
      <trkpt lat="24.526761956512928009033203125" lon="118.1508551537990570068359375">
        <ele>25</ele>
        <time>2026-07-09T09:50:16.000Z</time>
        <extensions>
          <ns3:TrackPointExtension>
            <ns3:atemp>32.0</ns3:atemp>
            <ns3:hr>138</ns3:hr>
          </ns3:TrackPointExtension>
        </extensions>
      </trkpt>
      <trkpt lat="24.52648811973631381988525390625" lon="118.15093352459371089935302734375">
        <ele>25.6000003814697265625</ele>
        <time>2026-07-09T09:50:22.000Z</time>
        <extensions>
          <ns3:TrackPointExtension>
            <ns3:atemp>33.0</ns3:atemp>
            <ns3:hr>139</ns3:hr>
          </ns3:TrackPointExtension>
        </extensions>
      </trkpt>
      <trkpt lat="24.52615317888557910919189453125" lon="118.15102958120405673980712890625">
        <ele>25.3999996185302734375</ele>
        <time>2026-07-09T09:50:29.000Z</time>
        <extensions>
          <ns3:TrackPointExtension>
            <ns3:atemp>32.0</ns3:atemp>
            <ns3:hr>139</ns3:hr>
          </ns3:TrackPointExtension>
        </extensions>
      </trkpt>
      <trkpt lat="24.526014961302280426025390625" lon="118.15106444992125034332275390625">
        <ele>25.799999237060546875</ele>
        <time>2026-07-09T09:50:32.000Z</time>
        <extensions>
          <ns3:TrackPointExtension>
            <ns3:atemp>32.0</ns3:atemp>
            <ns3:hr>138</ns3:hr>
          </ns3:TrackPointExtension>
        </extensions>
      </trkpt>
      <trkpt lat="24.52591010369360446929931640625" lon="118.15110216848552227020263671875">
        <ele>26</ele>
        <time>2026-07-09T09:50:34.000Z</time>
        <extensions>
          <ns3:TrackPointExtension>
            <ns3:atemp>33.0</ns3:atemp>
            <ns3:hr>138</ns3:hr>
          </ns3:TrackPointExtension>
        </extensions>
      </trkpt>
      <trkpt lat="24.52585780061781406402587890625" lon="118.151121698319911956787109375">
        <ele>26</ele>
        <time>2026-07-09T09:50:35.000Z</time>
        <extensions>
          <ns3:TrackPointExtension>
            <ns3:atemp>33.0</ns3:atemp>
            <ns3:hr>137</ns3:hr>
          </ns3:TrackPointExtension>
        </extensions>
      </trkpt>
      <trkpt lat="24.5258253626525402069091796875" lon="118.15113737247884273529052734375">
        <ele>26.200000762939453125</ele>
        <time>2026-07-09T09:50:36.000Z</time>
        <extensions>
          <ns3:TrackPointExtension>
            <ns3:atemp>33.0</ns3:atemp>
            <ns3:hr>137</ns3:hr>
          </ns3:TrackPointExtension>
        </extensions>
      </trkpt>
      <trkpt lat="24.5256149768829345703125" lon="118.15117207355797290802001953125">
        <ele>26.3999996185302734375</ele>
        <time>2026-07-09T09:50:40.000Z</time>
        <extensions>
          <ns3:TrackPointExtension>
            <ns3:atemp>33.0</ns3:atemp>
            <ns3:hr>137</ns3:hr>
          </ns3:TrackPointExtension>
        </extensions>
      </trkpt>
      <trkpt lat="24.52554725110530853271484375" lon="118.15116964280605316162109375">
        <ele>26.3999996185302734375</ele>
        <time>2026-07-09T09:50:41.000Z</time>
        <extensions>
          <ns3:TrackPointExtension>
            <ns3:atemp>33.0</ns3:atemp>
            <ns3:hr>137</ns3:hr>
          </ns3:TrackPointExtension>
        </extensions>
      </trkpt>
      <trkpt lat="24.52549939043819904327392578125" lon="118.15117861144244670867919921875">
        <ele>26.200000762939453125</ele>
        <time>2026-07-09T09:50:42.000Z</time>
        <extensions>
          <ns3:TrackPointExtension>
            <ns3:atemp>33.0</ns3:atemp>
            <ns3:hr>137</ns3:hr>
          </ns3:TrackPointExtension>
        </extensions>
      </trkpt>
      <trkpt lat="24.52534834854304790496826171875" lon="118.151235021650791168212890625">
        <ele>26.200000762939453125</ele>
        <time>2026-07-09T09:50:45.000Z</time>
        <extensions>
          <ns3:TrackPointExtension>
            <ns3:atemp>33.0</ns3:atemp>
            <ns3:hr>137</ns3:hr>
          </ns3:TrackPointExtension>
        </extensions>
      </trkpt>
      <trkpt lat="24.5252781920135021209716796875" lon="118.15131875686347484588623046875">
        <ele>26.200000762939453125</ele>
        <time>2026-07-09T09:50:47.000Z</time>
        <extensions>
          <ns3:TrackPointExtension>
            <ns3:atemp>33.0</ns3:atemp>
            <ns3:hr>137</ns3:hr>
          </ns3:TrackPointExtension>
        </extensions>
      </trkpt>
      <trkpt lat="24.525240473449230194091796875" lon="118.15144448541104793548583984375">
        <ele>26.3999996185302734375</ele>
        <time>2026-07-09T09:50:49.000Z</time>
        <extensions>
          <ns3:TrackPointExtension>
            <ns3:atemp>33.0</ns3:atemp>
            <ns3:hr>137</ns3:hr>
          </ns3:TrackPointExtension>
        </extensions>
      </trkpt>
      <trkpt lat="24.52524206601083278656005859375" lon="118.151568286120891571044921875">
        <ele>26.6000003814697265625</ele>
        <time>2026-07-09T09:50:51.000Z</time>
        <extensions>
          <ns3:TrackPointExtension>
            <ns3:atemp>33.0</ns3:atemp>
            <ns3:hr>138</ns3:hr>
          </ns3:TrackPointExtension>
        </extensions>
      </trkpt>
      <trkpt lat="24.52526000328361988067626953125" lon="118.15167197026312351226806640625">
        <ele>26.799999237060546875</ele>
        <time>2026-07-09T09:50:53.000Z</time>
        <extensions>
          <ns3:TrackPointExtension>
            <ns3:atemp>33.0</ns3:atemp>
            <ns3:hr>138</ns3:hr>
          </ns3:TrackPointExtension>
        </extensions>
      </trkpt>
      <trkpt lat="24.52526687644422054290771484375" lon="118.15172351896762847900390625">
        <ele>26.799999237060546875</ele>
        <time>2026-07-09T09:50:54.000Z</time>
        <extensions>
          <ns3:TrackPointExtension>
            <ns3:atemp>33.0</ns3:atemp>
            <ns3:hr>138</ns3:hr>
          </ns3:TrackPointExtension>
        </extensions>
      </trkpt>
      <trkpt lat="24.52526704408228397369384765625" lon="118.1517736427485942840576171875">
        <ele>27</ele>
        <time>2026-07-09T09:50:55.000Z</time>
        <extensions>
          <ns3:TrackPointExtension>
            <ns3:atemp>33.0</ns3:atemp>
            <ns3:hr>138</ns3:hr>
          </ns3:TrackPointExtension>
        </extensions>
      </trkpt>
      <trkpt lat="24.52523334883153438568115234375" lon="118.15186810679733753204345703125">
        <ele>27.200000762939453125</ele>
        <time>2026-07-09T09:50:57.000Z</time>
        <extensions>
          <ns3:TrackPointExtension>
            <ns3:atemp>33.0</ns3:atemp>
            <ns3:hr>138</ns3:hr>
          </ns3:TrackPointExtension>
        </extensions>
      </trkpt>
      <trkpt lat="24.5252034254372119903564453125" lon="118.15190599299967288970947265625">
        <ele>27.200000762939453125</ele>
        <time>2026-07-09T09:50:58.000Z</time>
        <extensions>
          <ns3:TrackPointExtension>
            <ns3:atemp>33.0</ns3:atemp>
            <ns3:hr>138</ns3:hr>
          </ns3:TrackPointExtension>
        </extensions>
      </trkpt>
      <trkpt lat="24.52516847290098667144775390625" lon="118.15193499438464641571044921875">
        <ele>27.200000762939453125</ele>
        <time>2026-07-09T09:50:59.000Z</time>
        <extensions>
          <ns3:TrackPointExtension>
            <ns3:atemp>33.0</ns3:atemp>
            <ns3:hr>138</ns3:hr>
          </ns3:TrackPointExtension>
        </extensions>
      </trkpt>
      <trkpt lat="24.525060094892978668212890625" lon="118.1519667617976665496826171875">
        <ele>26.6000003814697265625</ele>
        <time>2026-07-09T09:51:02.000Z</time>
        <extensions>
          <ns3:TrackPointExtension>
            <ns3:atemp>33.0</ns3:atemp>
            <ns3:hr>137</ns3:hr>
          </ns3:TrackPointExtension>
        </extensions>
      </trkpt>
      <trkpt lat="24.5248490385711193084716796875" lon="118.15201680175960063934326171875">
        <ele>25.799999237060546875</ele>
        <time>2026-07-09T09:51:07.000Z</time>
        <extensions>
          <ns3:TrackPointExtension>
            <ns3:atemp>33.0</ns3:atemp>
            <ns3:hr>136</ns3:hr>
          </ns3:TrackPointExtension>
        </extensions>
      </trkpt>
      <trkpt lat="24.524803943932056427001953125" lon="118.152045719325542449951171875">
        <ele>25.6000003814697265625</ele>
        <time>2026-07-09T09:51:08.000Z</time>
        <extensions>
          <ns3:TrackPointExtension>
            <ns3:atemp>33.0</ns3:atemp>
            <ns3:hr>136</ns3:hr>
          </ns3:TrackPointExtension>
        </extensions>
      </trkpt>
      <trkpt lat="24.52463605441153049468994140625" lon="118.15210699103772640228271484375">
        <ele>24.6000003814697265625</ele>
        <time>2026-07-09T09:51:12.000Z</time>
        <extensions>
          <ns3:TrackPointExtension>
            <ns3:atemp>32.0</ns3:atemp>
            <ns3:hr>134</ns3:hr>
          </ns3:TrackPointExtension>
        </extensions>
      </trkpt>
      <trkpt lat="24.52450278215110301971435546875" lon="118.1521508283913135528564453125">
        <ele>24.3999996185302734375</ele>
        <time>2026-07-09T09:51:15.000Z</time>
        <extensions>
          <ns3:TrackPointExtension>
            <ns3:atemp>32.0</ns3:atemp>
            <ns3:hr>134</ns3:hr>
          </ns3:TrackPointExtension>
        </extensions>
      </trkpt>
      <trkpt lat="24.52439046464860439300537109375" lon="118.15215577371418476104736328125">
        <ele>24.200000762939453125</ele>
        <time>2026-07-09T09:51:17.000Z</time>
        <extensions>
          <ns3:TrackPointExtension>
            <ns3:atemp>33.0</ns3:atemp>
            <ns3:hr>134</ns3:hr>
          </ns3:TrackPointExtension>
        </extensions>
      </trkpt>
      <trkpt lat="24.52427395619451999664306640625" lon="118.152087628841400146484375">
        <ele>23.6000003814697265625</ele>
        <time>2026-07-09T09:51:19.000Z</time>
        <extensions>
          <ns3:TrackPointExtension>
            <ns3:atemp>32.0</ns3:atemp>
            <ns3:hr>133</ns3:hr>
          </ns3:TrackPointExtension>
        </extensions>
      </trkpt>
      <trkpt lat="24.52421595342457294464111328125" lon="118.15200137905776500701904296875">
        <ele>23</ele>
        <time>2026-07-09T09:51:21.000Z</time>
        <extensions>
          <ns3:TrackPointExtension>
            <ns3:atemp>32.0</ns3:atemp>
            <ns3:hr>131</ns3:hr>
          </ns3:TrackPointExtension>
        </extensions>
      </trkpt>
      <trkpt lat="24.524174295365810394287109375" lon="118.15187598578631877899169921875">
        <ele>23</ele>
        <time>2026-07-09T09:51:23.000Z</time>
        <extensions>
          <ns3:TrackPointExtension>
            <ns3:atemp>32.0</ns3:atemp>
            <ns3:hr>128</ns3:hr>
          </ns3:TrackPointExtension>
        </extensions>
      </trkpt>
      <trkpt lat="24.52414453960955142974853515625" lon="118.15183457918465137481689453125">
        <ele>23</ele>
        <time>2026-07-09T09:51:24.000Z</time>
        <extensions>
          <ns3:TrackPointExtension>
            <ns3:atemp>32.0</ns3:atemp>
            <ns3:hr>127</ns3:hr>
          </ns3:TrackPointExtension>
        </extensions>
      </trkpt>
      <trkpt lat="24.5240336470305919647216796875" lon="118.15175176598131656646728515625">
        <ele>23</ele>
        <time>2026-07-09T09:51:26.000Z</time>
        <extensions>
          <ns3:TrackPointExtension>
            <ns3:atemp>32.0</ns3:atemp>
            <ns3:hr>126</ns3:hr>
          </ns3:TrackPointExtension>
        </extensions>
      </trkpt>
      <trkpt lat="24.52391646802425384521484375" lon="118.151725865900516510009765625">
        <ele>22.200000762939453125</ele>
        <time>2026-07-09T09:51:28.000Z</time>
        <extensions>
          <ns3:TrackPointExtension>
            <ns3:atemp>32.0</ns3:atemp>
            <ns3:hr>126</ns3:hr>
          </ns3:TrackPointExtension>
        </extensions>
      </trkpt>
      <trkpt lat="24.523796774446964263916015625" lon="118.151737935841083526611328125">
        <ele>21.6000003814697265625</ele>
        <time>2026-07-09T09:51:30.000Z</time>
        <extensions>
          <ns3:TrackPointExtension>
            <ns3:atemp>32.0</ns3:atemp>
            <ns3:hr>127</ns3:hr>
          </ns3:TrackPointExtension>
        </extensions>
      </trkpt>
      <trkpt lat="24.52346912585198879241943359375" lon="118.151833154261112213134765625">
        <ele>21.200000762939453125</ele>
        <time>2026-07-09T09:51:35.000Z</time>
        <extensions>
          <ns3:TrackPointExtension>
            <ns3:atemp>32.0</ns3:atemp>
            <ns3:hr>127</ns3:hr>
          </ns3:TrackPointExtension>
        </extensions>
      </trkpt>
      <trkpt lat="24.5234133861958980560302734375" lon="118.15184212289750576019287109375">
        <ele>21</ele>
        <time>2026-07-09T09:51:36.000Z</time>
        <extensions>
          <ns3:TrackPointExtension>
            <ns3:atemp>32.0</ns3:atemp>
            <ns3:hr>127</ns3:hr>
          </ns3:TrackPointExtension>
        </extensions>
      </trkpt>
      <trkpt lat="24.52302941121160984039306640625" lon="118.15193734131753444671630859375">
        <ele>20</ele>
        <time>2026-07-09T09:51:41.000Z</time>
        <extensions>
          <ns3:TrackPointExtension>
            <ns3:atemp>32.0</ns3:atemp>
            <ns3:hr>128</ns3:hr>
          </ns3:TrackPointExtension>
        </extensions>
      </trkpt>
      <trkpt lat="24.52296453528106212615966796875" lon="118.15195108763873577117919921875">
        <ele>19.6000003814697265625</ele>
        <time>2026-07-09T09:51:42.000Z</time>
        <extensions>
          <ns3:TrackPointExtension>
            <ns3:atemp>32.0</ns3:atemp>
            <ns3:hr>129</ns3:hr>
          </ns3:TrackPointExtension>
        </extensions>
      </trkpt>
      <trkpt lat="24.52257670462131500244140625" lon="118.152049072086811065673828125">
        <ele>18.799999237060546875</ele>
        <time>2026-07-09T09:51:47.000Z</time>
        <extensions>
          <ns3:TrackPointExtension>
            <ns3:atemp>32.0</ns3:atemp>
            <ns3:hr>128</ns3:hr>
          </ns3:TrackPointExtension>
        </extensions>
      </trkpt>
      <trkpt lat="24.5224340446293354034423828125" lon="118.15208905376493930816650390625">
        <ele>18.3999996185302734375</ele>
        <time>2026-07-09T09:51:49.000Z</time>
        <extensions>
          <ns3:TrackPointExtension>
            <ns3:atemp>32.0</ns3:atemp>
            <ns3:hr>127</ns3:hr>
          </ns3:TrackPointExtension>
        </extensions>
      </trkpt>
      <trkpt lat="24.5218942500650882720947265625" lon="118.15224344842135906219482421875">
        <ele>17.3999996185302734375</ele>
        <time>2026-07-09T09:51:56.000Z</time>
        <extensions>
          <ns3:TrackPointExtension>
            <ns3:atemp>32.0</ns3:atemp>
            <ns3:hr>127</ns3:hr>
          </ns3:TrackPointExtension>
        </extensions>
      </trkpt>
      <trkpt lat="24.52168285846710205078125" lon="118.15229692496359348297119140625">
        <ele>16.6000003814697265625</ele>
        <time>2026-07-09T09:51:59.000Z</time>
        <extensions>
          <ns3:TrackPointExtension>
            <ns3:atemp>32.0</ns3:atemp>
            <ns3:hr>128</ns3:hr>
          </ns3:TrackPointExtension>
        </extensions>
      </trkpt>
      <trkpt lat="24.52151966281235218048095703125" lon="118.1523389182984828948974609375">
        <ele>15.6000003814697265625</ele>
        <time>2026-07-09T09:52:01.000Z</time>
        <extensions>
          <ns3:TrackPointExtension>
            <ns3:atemp>32.0</ns3:atemp>
            <ns3:hr>126</ns3:hr>
          </ns3:TrackPointExtension>
        </extensions>
      </trkpt>
      <trkpt lat="24.5214449800550937652587890625" lon="118.15235861577093601226806640625">
        <ele>15.6000003814697265625</ele>
        <time>2026-07-09T09:52:02.000Z</time>
        <extensions>
          <ns3:TrackPointExtension>
            <ns3:atemp>32.0</ns3:atemp>
            <ns3:hr>125</ns3:hr>
          </ns3:TrackPointExtension>
        </extensions>
      </trkpt>
      <trkpt lat="24.5211599953472614288330078125" lon="118.15243438817560672760009765625">
        <ele>14.80000019073486328125</ele>
        <time>2026-07-09T09:52:06.000Z</time>
        <extensions>
          <ns3:TrackPointExtension>
            <ns3:atemp>32.0</ns3:atemp>
            <ns3:hr>123</ns3:hr>
          </ns3:TrackPointExtension>
        </extensions>
      </trkpt>
      <trkpt lat="24.52076897956430912017822265625" lon="118.15251502208411693572998046875">
        <ele>14.6000003814697265625</ele>
        <time>2026-07-09T09:52:11.000Z</time>
        <extensions>
          <ns3:TrackPointExtension>
            <ns3:atemp>32.0</ns3:atemp>
            <ns3:hr>125</ns3:hr>
          </ns3:TrackPointExtension>
        </extensions>
      </trkpt>
      <trkpt lat="24.52032591216266155242919921875" lon="118.15263018943369388580322265625">
        <ele>13.6000003814697265625</ele>
        <time>2026-07-09T09:52:17.000Z</time>
        <extensions>
          <ns3:TrackPointExtension>
            <ns3:atemp>32.0</ns3:atemp>
            <ns3:hr>125</ns3:hr>
          </ns3:TrackPointExtension>
        </extensions>
      </trkpt>
      <trkpt lat="24.5202617906033992767333984375" lon="118.15264276228845119476318359375">
        <ele>13.3999996185302734375</ele>
        <time>2026-07-09T09:52:18.000Z</time>
        <extensions>
          <ns3:TrackPointExtension>
            <ns3:atemp>32.0</ns3:atemp>
            <ns3:hr>124</ns3:hr>
          </ns3:TrackPointExtension>
        </extensions>
      </trkpt>
      <trkpt lat="24.5199359022080898284912109375" lon="118.1527187861502170562744140625">
        <ele>13.19999980926513671875</ele>
        <time>2026-07-09T09:52:23.000Z</time>
        <extensions>
          <ns3:TrackPointExtension>
            <ns3:atemp>32.0</ns3:atemp>
            <ns3:hr>124</ns3:hr>
          </ns3:TrackPointExtension>
        </extensions>
      </trkpt>
      <trkpt lat="24.51961127109825611114501953125" lon="118.15283001400530338287353515625">
        <ele>12.6000003814697265625</ele>
        <time>2026-07-09T09:52:28.000Z</time>
        <extensions>
          <ns3:TrackPointExtension>
            <ns3:atemp>32.0</ns3:atemp>
            <ns3:hr>124</ns3:hr>
          </ns3:TrackPointExtension>
        </extensions>
      </trkpt>
      <trkpt lat="24.519547484815120697021484375" lon="118.1528428383171558380126953125">
        <ele>12.3999996185302734375</ele>
        <time>2026-07-09T09:52:29.000Z</time>
        <extensions>
          <ns3:TrackPointExtension>
            <ns3:atemp>32.0</ns3:atemp>
            <ns3:hr>124</ns3:hr>
          </ns3:TrackPointExtension>
        </extensions>
      </trkpt>
      <trkpt lat="24.519268535077571868896484375" lon="118.15287628211081027984619140625">
        <ele>12</ele>
        <time>2026-07-09T09:52:33.000Z</time>
        <extensions>
          <ns3:TrackPointExtension>
            <ns3:atemp>32.0</ns3:atemp>
            <ns3:hr>123</ns3:hr>
          </ns3:TrackPointExtension>
        </extensions>
      </trkpt>
      <trkpt lat="24.5188717357814311981201171875" lon="118.15297250635921955108642578125">
        <ele>11.3999996185302734375</ele>
        <time>2026-07-09T09:52:39.000Z</time>
        <extensions>
          <ns3:TrackPointExtension>
            <ns3:atemp>32.0</ns3:atemp>
            <ns3:hr>123</ns3:hr>
          </ns3:TrackPointExtension>
        </extensions>
      </trkpt>
      <trkpt lat="24.5188070274889469146728515625" lon="118.15300318412482738494873046875">
        <ele>11.3999996185302734375</ele>
        <time>2026-07-09T09:52:40.000Z</time>
        <extensions>
          <ns3:TrackPointExtension>
            <ns3:atemp>32.0</ns3:atemp>
            <ns3:hr>123</ns3:hr>
          </ns3:TrackPointExtension>
        </extensions>
      </trkpt>
      <trkpt lat="24.51836555264890193939208984375" lon="118.15309857018291950225830078125">
        <ele>10.6000003814697265625</ele>
        <time>2026-07-09T09:52:47.000Z</time>
        <extensions>
          <ns3:TrackPointExtension>
            <ns3:atemp>32.0</ns3:atemp>
            <ns3:hr>122</ns3:hr>
          </ns3:TrackPointExtension>
        </extensions>
      </trkpt>
      <trkpt lat="24.517932124435901641845703125" lon="118.1531509570777416229248046875">
        <ele>11</ele>
        <time>2026-07-09T09:52:54.000Z</time>
        <extensions>
          <ns3:TrackPointExtension>
            <ns3:atemp>32.0</ns3:atemp>
            <ns3:hr>122</ns3:hr>
          </ns3:TrackPointExtension>
        </extensions>
      </trkpt>
      <trkpt lat="24.51759056188166141510009765625" lon="118.153240643441677093505859375">
        <ele>11</ele>
        <time>2026-07-09T09:52:59.000Z</time>
        <extensions>
          <ns3:TrackPointExtension>
            <ns3:atemp>32.0</ns3:atemp>
            <ns3:hr>125</ns3:hr>
          </ns3:TrackPointExtension>
        </extensions>
      </trkpt>
      <trkpt lat="24.5175370015203952789306640625" lon="118.15325908362865447998046875">
        <ele>10.80000019073486328125</ele>
        <time>2026-07-09T09:53:00.000Z</time>
        <extensions>
          <ns3:TrackPointExtension>
            <ns3:atemp>32.0</ns3:atemp>
            <ns3:hr>125</ns3:hr>
          </ns3:TrackPointExtension>
        </extensions>
      </trkpt>
      <trkpt lat="24.5173522643744945526123046875" lon="118.1533269770443439483642578125">
        <ele>10.6000003814697265625</ele>
        <time>2026-07-09T09:53:04.000Z</time>
        <extensions>
          <ns3:TrackPointExtension>
            <ns3:atemp>32.0</ns3:atemp>
            <ns3:hr>125</ns3:hr>
          </ns3:TrackPointExtension>
        </extensions>
      </trkpt>
      <trkpt lat="24.517298452556133270263671875" lon="118.1533494405448436737060546875">
        <ele>10.6000003814697265625</ele>
        <time>2026-07-09T09:53:05.000Z</time>
        <extensions>
          <ns3:TrackPointExtension>
            <ns3:atemp>32.0</ns3:atemp>
            <ns3:hr>125</ns3:hr>
          </ns3:TrackPointExtension>
        </extensions>
      </trkpt>
      <trkpt lat="24.51713450253009796142578125" lon="118.15339721739292144775390625">
        <ele>10.80000019073486328125</ele>
        <time>2026-07-09T09:53:09.000Z</time>
        <extensions>
          <ns3:TrackPointExtension>
            <ns3:atemp>32.0</ns3:atemp>
            <ns3:hr>125</ns3:hr>
          </ns3:TrackPointExtension>
        </extensions>
      </trkpt>
      <trkpt lat="24.51708982698619365692138671875" lon="118.15340652130544185638427734375">
        <ele>10.80000019073486328125</ele>
        <time>2026-07-09T09:53:10.000Z</time>
        <extensions>
          <ns3:TrackPointExtension>
            <ns3:atemp>32.0</ns3:atemp>
            <ns3:hr>125</ns3:hr>
          </ns3:TrackPointExtension>
        </extensions>
      </trkpt>
      <trkpt lat="24.5168956182897090911865234375" lon="118.15345077775418758392333984375">
        <ele>11.19999980926513671875</ele>
        <time>2026-07-09T09:53:14.000Z</time>
        <extensions>
          <ns3:TrackPointExtension>
            <ns3:atemp>32.0</ns3:atemp>
            <ns3:hr>129</ns3:hr>
          </ns3:TrackPointExtension>
        </extensions>
      </trkpt>
      <trkpt lat="24.516852535307407379150390625" lon="118.1534791924059391021728515625">
        <ele>11</ele>
        <time>2026-07-09T09:53:15.000Z</time>
        <extensions>
          <ns3:TrackPointExtension>
            <ns3:atemp>32.0</ns3:atemp>
            <ns3:hr>128</ns3:hr>
          </ns3:TrackPointExtension>
        </extensions>
      </trkpt>
      <trkpt lat="24.51681205071508884429931640625" lon="118.15348933450877666473388671875">
        <ele>11</ele>
        <time>2026-07-09T09:53:16.000Z</time>
        <extensions>
          <ns3:TrackPointExtension>
            <ns3:atemp>32.0</ns3:atemp>
            <ns3:hr>128</ns3:hr>
          </ns3:TrackPointExtension>
        </extensions>
      </trkpt>
      <trkpt lat="24.51676645316183567047119140625" lon="118.15349771641194820404052734375">
        <ele>11</ele>
        <time>2026-07-09T09:53:17.000Z</time>
        <extensions>
          <ns3:TrackPointExtension>
            <ns3:atemp>32.0</ns3:atemp>
            <ns3:hr>127</ns3:hr>
          </ns3:TrackPointExtension>
        </extensions>
      </trkpt>
      <trkpt lat="24.51661759056150913238525390625" lon="118.1535398773849010467529296875">
        <ele>10.3999996185302734375</ele>
        <time>2026-07-09T09:53:20.000Z</time>
        <extensions>
          <ns3:TrackPointExtension>
            <ns3:atemp>32.0</ns3:atemp>
            <ns3:hr>125</ns3:hr>
          </ns3:TrackPointExtension>
        </extensions>
      </trkpt>
      <trkpt lat="24.516518600285053253173828125" lon="118.15357583574950695037841796875">
        <ele>10.3999996185302734375</ele>
        <time>2026-07-09T09:53:22.000Z</time>
        <extensions>
          <ns3:TrackPointExtension>
            <ns3:atemp>32.0</ns3:atemp>
            <ns3:hr>124</ns3:hr>
          </ns3:TrackPointExtension>
        </extensions>
      </trkpt>
      <trkpt lat="24.5163722522556781768798828125" lon="118.153630234301090240478515625">
        <ele>10.3999996185302734375</ele>
        <time>2026-07-09T09:53:25.000Z</time>
        <extensions>
          <ns3:TrackPointExtension>
            <ns3:atemp>32.0</ns3:atemp>
            <ns3:hr>125</ns3:hr>
          </ns3:TrackPointExtension>
        </extensions>
      </trkpt>
      <trkpt lat="24.51622028835117816925048828125" lon="118.1536689586937427520751953125">
        <ele>10.19999980926513671875</ele>
        <time>2026-07-09T09:53:28.000Z</time>
        <extensions>
          <ns3:TrackPointExtension>
            <ns3:atemp>32.0</ns3:atemp>
            <ns3:hr>126</ns3:hr>
          </ns3:TrackPointExtension>
        </extensions>
      </trkpt>
      <trkpt lat="24.51606757007539272308349609375" lon="118.153696618974208831787109375">
        <ele>9.80000019073486328125</ele>
        <time>2026-07-09T09:53:31.000Z</time>
        <extensions>
          <ns3:TrackPointExtension>
            <ns3:atemp>32.0</ns3:atemp>
            <ns3:hr>127</ns3:hr>
          </ns3:TrackPointExtension>
        </extensions>
      </trkpt>
      <trkpt lat="24.51591552235186100006103515625" lon="118.15374196507036685943603515625">
        <ele>9.3999996185302734375</ele>
        <time>2026-07-09T09:53:34.000Z</time>
        <extensions>
          <ns3:TrackPointExtension>
            <ns3:atemp>32.0</ns3:atemp>
            <ns3:hr>128</ns3:hr>
          </ns3:TrackPointExtension>
        </extensions>
      </trkpt>
      <trkpt lat="24.515865482389926910400390625" lon="118.15376191399991512298583984375">
        <ele>9.19999980926513671875</ele>
        <time>2026-07-09T09:53:35.000Z</time>
        <extensions>
          <ns3:TrackPointExtension>
            <ns3:atemp>32.0</ns3:atemp>
            <ns3:hr>129</ns3:hr>
          </ns3:TrackPointExtension>
        </extensions>
      </trkpt>
      <trkpt lat="24.51577864587306976318359375" lon="118.1538054160773754119873046875">
        <ele>9</ele>
        <time>2026-07-09T09:53:37.000Z</time>
        <extensions>
          <ns3:TrackPointExtension>
            <ns3:atemp>32.0</ns3:atemp>
            <ns3:hr>130</ns3:hr>
          </ns3:TrackPointExtension>
        </extensions>
      </trkpt>
      <trkpt lat="24.51568300835788249969482421875" lon="118.1538312323391437530517578125">
        <ele>8.80000019073486328125</ele>
        <time>2026-07-09T09:53:39.000Z</time>
        <extensions>
          <ns3:TrackPointExtension>
            <ns3:atemp>32.0</ns3:atemp>
            <ns3:hr>130</ns3:hr>
          </ns3:TrackPointExtension>
        </extensions>
      </trkpt>
      <trkpt lat="24.5155193097889423370361328125" lon="118.15387389622628688812255859375">
        <ele>9.19999980926513671875</ele>
        <time>2026-07-09T09:53:42.000Z</time>
        <extensions>
          <ns3:TrackPointExtension>
            <ns3:atemp>32.0</ns3:atemp>
            <ns3:hr>132</ns3:hr>
          </ns3:TrackPointExtension>
        </extensions>
      </trkpt>
      <trkpt lat="24.51539349742233753204345703125" lon="118.1538949348032474517822265625">
        <ele>9.19999980926513671875</ele>
        <time>2026-07-09T09:53:44.000Z</time>
        <extensions>
          <ns3:TrackPointExtension>
            <ns3:atemp>32.0</ns3:atemp>
            <ns3:hr>133</ns3:hr>
          </ns3:TrackPointExtension>
        </extensions>
      </trkpt>
      <trkpt lat="24.515213705599308013916015625" lon="118.1539324857294559478759765625">
        <ele>9</ele>
        <time>2026-07-09T09:53:47.000Z</time>
        <extensions>
          <ns3:TrackPointExtension>
            <ns3:atemp>32.0</ns3:atemp>
            <ns3:hr>133</ns3:hr>
          </ns3:TrackPointExtension>
        </extensions>
      </trkpt>
      <trkpt lat="24.51512552797794342041015625" lon="118.15399375744163990020751953125">
        <ele>8.80000019073486328125</ele>
        <time>2026-07-09T09:53:49.000Z</time>
        <extensions>
          <ns3:TrackPointExtension>
            <ns3:atemp>32.0</ns3:atemp>
            <ns3:hr>133</ns3:hr>
          </ns3:TrackPointExtension>
        </extensions>
      </trkpt>
      <trkpt lat="24.51510130427777767181396484375" lon="118.15403063781559467315673828125">
        <ele>9</ele>
        <time>2026-07-09T09:53:50.000Z</time>
        <extensions>
          <ns3:TrackPointExtension>
            <ns3:atemp>32.0</ns3:atemp>
            <ns3:hr>134</ns3:hr>
          </ns3:TrackPointExtension>
        </extensions>
      </trkpt>
      <trkpt lat="24.51498345471918582916259765625" lon="118.1542191468179225921630859375">
        <ele>9.19999980926513671875</ele>
        <time>2026-07-09T09:53:53.000Z</time>
        <extensions>
          <ns3:TrackPointExtension>
            <ns3:atemp>32.0</ns3:atemp>
            <ns3:hr>133</ns3:hr>
          </ns3:TrackPointExtension>
        </extensions>
      </trkpt>
      <trkpt lat="24.5148821175098419189453125" lon="118.154302127659320831298828125">
        <ele>9</ele>
        <time>2026-07-09T09:53:55.000Z</time>
        <extensions>
          <ns3:TrackPointExtension>
            <ns3:atemp>32.0</ns3:atemp>
            <ns3:hr>132</ns3:hr>
          </ns3:TrackPointExtension>
        </extensions>
      </trkpt>
      <trkpt lat="24.5147860608994960784912109375" lon="118.15436423756182193756103515625">
        <ele>9</ele>
        <time>2026-07-09T09:53:57.000Z</time>
        <extensions>
          <ns3:TrackPointExtension>
            <ns3:atemp>32.0</ns3:atemp>
            <ns3:hr>131</ns3:hr>
          </ns3:TrackPointExtension>
        </extensions>
      </trkpt>
      <trkpt lat="24.5147414691746234893798828125" lon="118.15437756478786468505859375">
        <ele>8.80000019073486328125</ele>
        <time>2026-07-09T09:53:58.000Z</time>
        <extensions>
          <ns3:TrackPointExtension>
            <ns3:atemp>32.0</ns3:atemp>
            <ns3:hr>130</ns3:hr>
          </ns3:TrackPointExtension>
        </extensions>
      </trkpt>
      <trkpt lat="24.51458062045276165008544921875" lon="118.15442383289337158203125">
        <ele>8.6000003814697265625</ele>
        <time>2026-07-09T09:54:01.000Z</time>
        <extensions>
          <ns3:TrackPointExtension>
            <ns3:atemp>32.0</ns3:atemp>
            <ns3:hr>127</ns3:hr>
          </ns3:TrackPointExtension>
        </extensions>
      </trkpt>
      <trkpt lat="24.514486156404018402099609375" lon="118.154460377991199493408203125">
        <ele>8.6000003814697265625</ele>
        <time>2026-07-09T09:54:03.000Z</time>
        <extensions>
          <ns3:TrackPointExtension>
            <ns3:atemp>32.0</ns3:atemp>
            <ns3:hr>128</ns3:hr>
          </ns3:TrackPointExtension>
        </extensions>
      </trkpt>
      <trkpt lat="24.51439823023974895477294921875" lon="118.15447689034044742584228515625">
        <ele>8.80000019073486328125</ele>
        <time>2026-07-09T09:54:05.000Z</time>
        <extensions>
          <ns3:TrackPointExtension>
            <ns3:atemp>32.0</ns3:atemp>
            <ns3:hr>128</ns3:hr>
          </ns3:TrackPointExtension>
        </extensions>
      </trkpt>
      <trkpt lat="24.5143160037696361541748046875" lon="118.1544903852045536041259765625">
        <ele>8.80000019073486328125</ele>
        <time>2026-07-09T09:54:07.000Z</time>
        <extensions>
          <ns3:TrackPointExtension>
            <ns3:atemp>32.0</ns3:atemp>
            <ns3:hr>127</ns3:hr>
          </ns3:TrackPointExtension>
        </extensions>
      </trkpt>
      <trkpt lat="24.5141061209142208099365234375" lon="118.1545446999371051788330078125">
        <ele>9</ele>
        <time>2026-07-09T09:54:11.000Z</time>
        <extensions>
          <ns3:TrackPointExtension>
            <ns3:atemp>32.0</ns3:atemp>
            <ns3:hr>127</ns3:hr>
          </ns3:TrackPointExtension>
        </extensions>
      </trkpt>
      <trkpt lat="24.51398734934628009796142578125" lon="118.1545822508633136749267578125">
        <ele>9.19999980926513671875</ele>
        <time>2026-07-09T09:54:13.000Z</time>
        <extensions>
          <ns3:TrackPointExtension>
            <ns3:atemp>32.0</ns3:atemp>
            <ns3:hr>127</ns3:hr>
          </ns3:TrackPointExtension>
        </extensions>
      </trkpt>
      <trkpt lat="24.5137467049062252044677734375" lon="118.15462223254144191741943359375">
        <ele>9.6000003814697265625</ele>
        <time>2026-07-09T09:54:17.000Z</time>
        <extensions>
          <ns3:TrackPointExtension>
            <ns3:atemp>32.0</ns3:atemp>
            <ns3:hr>130</ns3:hr>
          </ns3:TrackPointExtension>
        </extensions>
      </trkpt>
      <trkpt lat="24.51362374238669872283935546875" lon="118.15465919673442840576171875">
        <ele>9.6000003814697265625</ele>
        <time>2026-07-09T09:54:19.000Z</time>
        <extensions>
          <ns3:TrackPointExtension>
            <ns3:atemp>32.0</ns3:atemp>
            <ns3:hr>131</ns3:hr>
          </ns3:TrackPointExtension>
        </extensions>
      </trkpt>
      <trkpt lat="24.5133138634264469146728515625" lon="118.154721558094024658203125">
        <ele>9.6000003814697265625</ele>
        <time>2026-07-09T09:54:25.000Z</time>
        <extensions>
          <ns3:TrackPointExtension>
            <ns3:atemp>32.0</ns3:atemp>
            <ns3:hr>132</ns3:hr>
          </ns3:TrackPointExtension>
        </extensions>
      </trkpt>
      <trkpt lat="24.51320263557136058807373046875" lon="118.15472667105495929718017578125">
        <ele>9.80000019073486328125</ele>
        <time>2026-07-09T09:54:27.000Z</time>
        <extensions>
          <ns3:TrackPointExtension>
            <ns3:atemp>32.0</ns3:atemp>
            <ns3:hr>132</ns3:hr>
          </ns3:TrackPointExtension>
        </extensions>
      </trkpt>
      <trkpt lat="24.51299996115267276763916015625" lon="118.15472750924527645111083984375">
        <ele>10</ele>
        <time>2026-07-09T09:54:31.000Z</time>
        <extensions>
          <ns3:TrackPointExtension>
            <ns3:atemp>32.0</ns3:atemp>
            <ns3:hr>131</ns3:hr>
          </ns3:TrackPointExtension>
        </extensions>
      </trkpt>
      <trkpt lat="24.5128490030765533447265625" lon="118.1547284312546253204345703125">
        <ele>10</ele>
        <time>2026-07-09T09:54:34.000Z</time>
        <extensions>
          <ns3:TrackPointExtension>
            <ns3:atemp>32.0</ns3:atemp>
            <ns3:hr>130</ns3:hr>
          </ns3:TrackPointExtension>
        </extensions>
      </trkpt>
      <trkpt lat="24.51261355541646480560302734375" lon="118.1547425128519535064697265625">
        <ele>10.19999980926513671875</ele>
        <time>2026-07-09T09:54:39.000Z</time>
        <extensions>
          <ns3:TrackPointExtension>
            <ns3:atemp>32.0</ns3:atemp>
            <ns3:hr>130</ns3:hr>
          </ns3:TrackPointExtension>
        </extensions>
      </trkpt>
      <trkpt lat="24.5125727355480194091796875" lon="118.1547267548739910125732421875">
        <ele>10.19999980926513671875</ele>
        <time>2026-07-09T09:54:40.000Z</time>
        <extensions>
          <ns3:TrackPointExtension>
            <ns3:atemp>32.0</ns3:atemp>
            <ns3:hr>130</ns3:hr>
          </ns3:TrackPointExtension>
        </extensions>
      </trkpt>
      <trkpt lat="24.51253526844084262847900390625" lon="118.15470437519252300262451171875">
        <ele>10.19999980926513671875</ele>
        <time>2026-07-09T09:54:41.000Z</time>
        <extensions>
          <ns3:TrackPointExtension>
            <ns3:atemp>32.0</ns3:atemp>
            <ns3:hr>130</ns3:hr>
          </ns3:TrackPointExtension>
        </extensions>
      </trkpt>
      <trkpt lat="24.5123874954879283905029296875" lon="118.15463162027299404144287109375">
        <ele>10.19999980926513671875</ele>
        <time>2026-07-09T09:54:45.000Z</time>
        <extensions>
          <ns3:TrackPointExtension>
            <ns3:atemp>32.0</ns3:atemp>
            <ns3:hr>130</ns3:hr>
          </ns3:TrackPointExtension>
        </extensions>
      </trkpt>
      <trkpt lat="24.51230577193200588226318359375" lon="118.154623992741107940673828125">
        <ele>10.19999980926513671875</ele>
        <time>2026-07-09T09:54:49.000Z</time>
        <extensions>
          <ns3:TrackPointExtension>
            <ns3:atemp>32.0</ns3:atemp>
            <ns3:hr>130</ns3:hr>
          </ns3:TrackPointExtension>
        </extensions>
      </trkpt>
      <trkpt lat="24.51228984631597995758056640625" lon="118.15463061444461345672607421875">
        <ele>10.19999980926513671875</ele>
        <time>2026-07-09T09:54:50.000Z</time>
        <extensions>
          <ns3:TrackPointExtension>
            <ns3:atemp>32.0</ns3:atemp>
            <ns3:hr>130</ns3:hr>
          </ns3:TrackPointExtension>
        </extensions>
      </trkpt>
      <trkpt lat="24.5122547261416912078857421875" lon="118.15465324558317661285400390625">
        <ele>10</ele>
        <time>2026-07-09T09:54:52.000Z</time>
        <extensions>
          <ns3:TrackPointExtension>
            <ns3:atemp>32.0</ns3:atemp>
            <ns3:hr>130</ns3:hr>
          </ns3:TrackPointExtension>
        </extensions>
      </trkpt>
      <trkpt lat="24.512206278741359710693359375" lon="118.15466950647532939910888671875">
        <ele>9.80000019073486328125</ele>
        <time>2026-07-09T09:54:54.000Z</time>
        <extensions>
          <ns3:TrackPointExtension>
            <ns3:atemp>32.0</ns3:atemp>
            <ns3:hr>130</ns3:hr>
          </ns3:TrackPointExtension>
        </extensions>
      </trkpt>
      <trkpt lat="24.51202690601348876953125" lon="118.15471284091472625732421875">
        <ele>9</ele>
        <time>2026-07-09T09:54:57.000Z</time>
        <extensions>
          <ns3:TrackPointExtension>
            <ns3:atemp>32.0</ns3:atemp>
            <ns3:hr>129</ns3:hr>
          </ns3:TrackPointExtension>
        </extensions>
      </trkpt>
      <trkpt lat="24.51188717968761920928955078125" lon="118.15475215204060077667236328125">
        <ele>8.80000019073486328125</ele>
        <time>2026-07-09T09:55:00.000Z</time>
        <extensions>
          <ns3:TrackPointExtension>
            <ns3:atemp>32.0</ns3:atemp>
            <ns3:hr>130</ns3:hr>
          </ns3:TrackPointExtension>
        </extensions>
      </trkpt>
      <trkpt lat="24.51184392906725406646728515625" lon="118.1547569297254085540771484375">
        <ele>8.6000003814697265625</ele>
        <time>2026-07-09T09:55:01.000Z</time>
        <extensions>
          <ns3:TrackPointExtension>
            <ns3:atemp>32.0</ns3:atemp>
            <ns3:hr>130</ns3:hr>
          </ns3:TrackPointExtension>
        </extensions>
      </trkpt>
      <trkpt lat="24.51144930906593799591064453125" lon="118.1548370607197284698486328125">
        <ele>9.19999980926513671875</ele>
        <time>2026-07-09T09:55:07.000Z</time>
        <extensions>
          <ns3:TrackPointExtension>
            <ns3:atemp>32.0</ns3:atemp>
            <ns3:hr>131</ns3:hr>
          </ns3:TrackPointExtension>
        </extensions>
      </trkpt>
      <trkpt lat="24.51117471791803836822509765625" lon="118.1548798084259033203125">
        <ele>8.19999980926513671875</ele>
        <time>2026-07-09T09:55:11.000Z</time>
        <extensions>
          <ns3:TrackPointExtension>
            <ns3:atemp>32.0</ns3:atemp>
            <ns3:hr>130</ns3:hr>
          </ns3:TrackPointExtension>
        </extensions>
      </trkpt>
      <trkpt lat="24.51102686114609241485595703125" lon="118.154892213642597198486328125">
        <ele>7.80000019073486328125</ele>
        <time>2026-07-09T09:55:13.000Z</time>
        <extensions>
          <ns3:TrackPointExtension>
            <ns3:atemp>32.0</ns3:atemp>
            <ns3:hr>128</ns3:hr>
          </ns3:TrackPointExtension>
        </extensions>
      </trkpt>
      <trkpt lat="24.5107634179294109344482421875" lon="118.15495583228766918182373046875">
        <ele>7.599999904632568359375</ele>
        <time>2026-07-09T09:55:17.000Z</time>
        <extensions>
          <ns3:TrackPointExtension>
            <ns3:atemp>32.0</ns3:atemp>
            <ns3:hr>129</ns3:hr>
          </ns3:TrackPointExtension>
        </extensions>
      </trkpt>
      <trkpt lat="24.5105847157537937164306640625" lon="118.154986090958118438720703125">
        <ele>7.80000019073486328125</ele>
        <time>2026-07-09T09:55:20.000Z</time>
        <extensions>
          <ns3:TrackPointExtension>
            <ns3:atemp>32.0</ns3:atemp>
            <ns3:hr>129</ns3:hr>
          </ns3:TrackPointExtension>
        </extensions>
      </trkpt>
      <trkpt lat="24.51036502607166767120361328125" lon="118.15501953475177288055419921875">
        <ele>7.80000019073486328125</ele>
        <time>2026-07-09T09:55:23.000Z</time>
        <extensions>
          <ns3:TrackPointExtension>
            <ns3:atemp>32.0</ns3:atemp>
            <ns3:hr>130</ns3:hr>
          </ns3:TrackPointExtension>
        </extensions>
      </trkpt>
      <trkpt lat="24.5101662911474704742431640625" lon="118.155037052929401397705078125">
        <ele>7.80000019073486328125</ele>
        <time>2026-07-09T09:55:26.000Z</time>
        <extensions>
          <ns3:TrackPointExtension>
            <ns3:atemp>32.0</ns3:atemp>
            <ns3:hr>129</ns3:hr>
          </ns3:TrackPointExtension>
        </extensions>
      </trkpt>
      <trkpt lat="24.509895555675029754638671875" lon="118.15510586835443973541259765625">
        <ele>7.80000019073486328125</ele>
        <time>2026-07-09T09:55:30.000Z</time>
        <extensions>
          <ns3:TrackPointExtension>
            <ns3:atemp>32.0</ns3:atemp>
            <ns3:hr>128</ns3:hr>
          </ns3:TrackPointExtension>
        </extensions>
      </trkpt>
      <trkpt lat="24.50969380326569080352783203125" lon="118.15514828078448772430419921875">
        <ele>8</ele>
        <time>2026-07-09T09:55:33.000Z</time>
        <extensions>
          <ns3:TrackPointExtension>
            <ns3:atemp>32.0</ns3:atemp>
            <ns3:hr>128</ns3:hr>
          </ns3:TrackPointExtension>
        </extensions>
      </trkpt>
      <trkpt lat="24.5095534063875675201416015625" lon="118.15517275594174861907958984375">
        <ele>8</ele>
        <time>2026-07-09T09:55:35.000Z</time>
        <extensions>
          <ns3:TrackPointExtension>
            <ns3:atemp>32.0</ns3:atemp>
            <ns3:hr>128</ns3:hr>
          </ns3:TrackPointExtension>
        </extensions>
      </trkpt>
      <trkpt lat="24.5091636478900909423828125" lon="118.155207373201847076416015625">
        <ele>6.599999904632568359375</ele>
        <time>2026-07-09T09:55:41.000Z</time>
        <extensions>
          <ns3:TrackPointExtension>
            <ns3:atemp>32.0</ns3:atemp>
            <ns3:hr>127</ns3:hr>
          </ns3:TrackPointExtension>
        </extensions>
      </trkpt>
      <trkpt lat="24.50880758464336395263671875" lon="118.15525825135409832000732421875">
        <ele>6.599999904632568359375</ele>
        <time>2026-07-09T09:55:47.000Z</time>
        <extensions>
          <ns3:TrackPointExtension>
            <ns3:atemp>32.0</ns3:atemp>
            <ns3:hr>126</ns3:hr>
          </ns3:TrackPointExtension>
        </extensions>
      </trkpt>
      <trkpt lat="24.50874597765505313873291015625" lon="118.1552900187671184539794921875">
        <ele>6.80000019073486328125</ele>
        <time>2026-07-09T09:55:48.000Z</time>
        <extensions>
          <ns3:TrackPointExtension>
            <ns3:atemp>32.0</ns3:atemp>
            <ns3:hr>126</ns3:hr>
          </ns3:TrackPointExtension>
        </extensions>
      </trkpt>
      <trkpt lat="24.50869870372116565704345703125" lon="118.15532111562788486480712890625">
        <ele>6.80000019073486328125</ele>
        <time>2026-07-09T09:55:49.000Z</time>
        <extensions>
          <ns3:TrackPointExtension>
            <ns3:atemp>32.0</ns3:atemp>
            <ns3:hr>126</ns3:hr>
          </ns3:TrackPointExtension>
        </extensions>
      </trkpt>
      <trkpt lat="24.5085904933512210845947265625" lon="118.15541231073439121246337890625">
        <ele>7.599999904632568359375</ele>
        <time>2026-07-09T09:55:52.000Z</time>
        <extensions>
          <ns3:TrackPointExtension>
            <ns3:atemp>31.0</ns3:atemp>
            <ns3:hr>125</ns3:hr>
          </ns3:TrackPointExtension>
        </extensions>
      </trkpt>
      <trkpt lat="24.5085452310740947723388671875" lon="118.1554315052926540374755859375">
        <ele>7.599999904632568359375</ele>
        <time>2026-07-09T09:55:53.000Z</time>
        <extensions>
          <ns3:TrackPointExtension>
            <ns3:atemp>32.0</ns3:atemp>
            <ns3:hr>125</ns3:hr>
          </ns3:TrackPointExtension>
        </extensions>
      </trkpt>
      <trkpt lat="24.5084473304450511932373046875" lon="118.155449442565441131591796875">
        <ele>7.599999904632568359375</ele>
        <time>2026-07-09T09:55:55.000Z</time>
        <extensions>
          <ns3:TrackPointExtension>
            <ns3:atemp>32.0</ns3:atemp>
            <ns3:hr>124</ns3:hr>
          </ns3:TrackPointExtension>
        </extensions>
      </trkpt>
      <trkpt lat="24.508405588567256927490234375" lon="118.155452795326709747314453125">
        <ele>7.599999904632568359375</ele>
        <time>2026-07-09T09:55:56.000Z</time>
        <extensions>
          <ns3:TrackPointExtension>
            <ns3:atemp>32.0</ns3:atemp>
            <ns3:hr>124</ns3:hr>
          </ns3:TrackPointExtension>
        </extensions>
      </trkpt>
      <trkpt lat="24.50836812146008014678955078125" lon="118.15546922385692596435546875">
        <ele>7.599999904632568359375</ele>
        <time>2026-07-09T09:55:57.000Z</time>
        <extensions>
          <ns3:TrackPointExtension>
            <ns3:atemp>31.0</ns3:atemp>
            <ns3:hr>124</ns3:hr>
          </ns3:TrackPointExtension>
        </extensions>
      </trkpt>
      <trkpt lat="24.5083326660096645355224609375" lon="118.15549026243388652801513671875">
        <ele>7.80000019073486328125</ele>
        <time>2026-07-09T09:55:59.000Z</time>
        <extensions>
          <ns3:TrackPointExtension>
            <ns3:atemp>31.0</ns3:atemp>
            <ns3:hr>125</ns3:hr>
          </ns3:TrackPointExtension>
        </extensions>
      </trkpt>
      <trkpt lat="24.5082894153892993927001953125" lon="118.15551239065825939178466796875">
        <ele>8</ele>
        <time>2026-07-09T09:56:03.000Z</time>
        <extensions>
          <ns3:TrackPointExtension>
            <ns3:atemp>31.0</ns3:atemp>
            <ns3:hr>125</ns3:hr>
          </ns3:TrackPointExtension>
        </extensions>
      </trkpt>
      <trkpt lat="24.508264102041721343994140625" lon="118.15550954081118106842041015625">
        <ele>8.3999996185302734375</ele>
        <time>2026-07-09T09:56:04.000Z</time>
        <extensions>
          <ns3:TrackPointExtension>
            <ns3:atemp>32.0</ns3:atemp>
            <ns3:hr>125</ns3:hr>
          </ns3:TrackPointExtension>
        </extensions>
      </trkpt>
      <trkpt lat="24.5082082785665988922119140625" lon="118.1555391289293766021728515625">
        <ele>8.6000003814697265625</ele>
        <time>2026-07-09T09:56:08.000Z</time>
        <extensions>
          <ns3:TrackPointExtension>
            <ns3:atemp>32.0</ns3:atemp>
            <ns3:hr>124</ns3:hr>
          </ns3:TrackPointExtension>
        </extensions>
      </trkpt>
      <trkpt lat="24.50815622694790363311767578125" lon="118.15553619526326656341552734375">
        <ele>9.3999996185302734375</ele>
        <time>2026-07-09T09:56:10.000Z</time>
        <extensions>
          <ns3:TrackPointExtension>
            <ns3:atemp>32.0</ns3:atemp>
            <ns3:hr>124</ns3:hr>
          </ns3:TrackPointExtension>
        </extensions>
      </trkpt>
      <trkpt lat="24.50807458721101284027099609375" lon="118.15552563406527042388916015625">
        <ele>9.80000019073486328125</ele>
        <time>2026-07-09T09:56:12.000Z</time>
        <extensions>
          <ns3:TrackPointExtension>
            <ns3:atemp>32.0</ns3:atemp>
            <ns3:hr>124</ns3:hr>
          </ns3:TrackPointExtension>
        </extensions>
      </trkpt>
      <trkpt lat="24.50784659944474697113037109375" lon="118.15551306121051311492919921875">
        <ele>10.19999980926513671875</ele>
        <time>2026-07-09T09:56:17.000Z</time>
        <extensions>
          <ns3:TrackPointExtension>
            <ns3:atemp>31.0</ns3:atemp>
            <ns3:hr>125</ns3:hr>
          </ns3:TrackPointExtension>
        </extensions>
      </trkpt>
      <trkpt lat="24.50779639184474945068359375" lon="118.1554851494729518890380859375">
        <ele>10.19999980926513671875</ele>
        <time>2026-07-09T09:56:18.000Z</time>
        <extensions>
          <ns3:TrackPointExtension>
            <ns3:atemp>31.0</ns3:atemp>
            <ns3:hr>125</ns3:hr>
          </ns3:TrackPointExtension>
        </extensions>
      </trkpt>
      <trkpt lat="24.5075263269245624542236328125" lon="118.1554573215544223785400390625">
        <ele>10.80000019073486328125</ele>
        <time>2026-07-09T09:56:23.000Z</time>
        <extensions>
          <ns3:TrackPointExtension>
            <ns3:atemp>31.0</ns3:atemp>
            <ns3:hr>126</ns3:hr>
          </ns3:TrackPointExtension>
        </extensions>
      </trkpt>
      <trkpt lat="24.50748533941805362701416015625" lon="118.155441395938396453857421875">
        <ele>11</ele>
        <time>2026-07-09T09:56:24.000Z</time>
        <extensions>
          <ns3:TrackPointExtension>
            <ns3:atemp>31.0</ns3:atemp>
            <ns3:hr>126</ns3:hr>
          </ns3:TrackPointExtension>
        </extensions>
      </trkpt>
      <trkpt lat="24.507335722446441650390625" lon="118.15539940260350704193115234375">
        <ele>11.19999980926513671875</ele>
        <time>2026-07-09T09:56:27.000Z</time>
        <extensions>
          <ns3:TrackPointExtension>
            <ns3:atemp>31.0</ns3:atemp>
            <ns3:hr>127</ns3:hr>
          </ns3:TrackPointExtension>
        </extensions>
      </trkpt>
      <trkpt lat="24.507061131298542022705078125" lon="118.155334778130054473876953125">
        <ele>12</ele>
        <time>2026-07-09T09:56:31.000Z</time>
        <extensions>
          <ns3:TrackPointExtension>
            <ns3:atemp>31.0</ns3:atemp>
            <ns3:hr>128</ns3:hr>
          </ns3:TrackPointExtension>
        </extensions>
      </trkpt>
      <trkpt lat="24.50697186402976512908935546875" lon="118.15531390719115734100341796875">
        <ele>12</ele>
        <time>2026-07-09T09:56:32.000Z</time>
        <extensions>
          <ns3:TrackPointExtension>
            <ns3:atemp>31.0</ns3:atemp>
            <ns3:hr>129</ns3:hr>
          </ns3:TrackPointExtension>
        </extensions>
      </trkpt>
      <trkpt lat="24.50679634697735309600830078125" lon="118.15528088249266147613525390625">
        <ele>12.3999996185302734375</ele>
        <time>2026-07-09T09:56:35.000Z</time>
        <extensions>
          <ns3:TrackPointExtension>
            <ns3:atemp>31.0</ns3:atemp>
            <ns3:hr>130</ns3:hr>
          </ns3:TrackPointExtension>
        </extensions>
      </trkpt>
      <trkpt lat="24.5067243464291095733642578125" lon="118.15526680089533329010009765625">
        <ele>12.80000019073486328125</ele>
        <time>2026-07-09T09:56:37.000Z</time>
        <extensions>
          <ns3:TrackPointExtension>
            <ns3:atemp>31.0</ns3:atemp>
            <ns3:hr>131</ns3:hr>
          </ns3:TrackPointExtension>
        </extensions>
      </trkpt>
      <trkpt lat="24.50664631091058254241943359375" lon="118.15526395104825496673583984375">
        <ele>13</ele>
        <time>2026-07-09T09:56:38.000Z</time>
        <extensions>
          <ns3:TrackPointExtension>
            <ns3:atemp>31.0</ns3:atemp>
            <ns3:hr>131</ns3:hr>
          </ns3:TrackPointExtension>
        </extensions>
      </trkpt>
      <trkpt lat="24.50648688711225986480712890625" lon="118.15521919168531894683837890625">
        <ele>13.6000003814697265625</ele>
        <time>2026-07-09T09:56:42.000Z</time>
        <extensions>
          <ns3:TrackPointExtension>
            <ns3:atemp>31.0</ns3:atemp>
            <ns3:hr>132</ns3:hr>
          </ns3:TrackPointExtension>
        </extensions>
      </trkpt>
      <trkpt lat="24.506432823836803436279296875" lon="118.15522170625627040863037109375">
        <ele>13.6000003814697265625</ele>
        <time>2026-07-09T09:56:43.000Z</time>
        <extensions>
          <ns3:TrackPointExtension>
            <ns3:atemp>31.0</ns3:atemp>
            <ns3:hr>132</ns3:hr>
          </ns3:TrackPointExtension>
        </extensions>
      </trkpt>
      <trkpt lat="24.50629075057804584503173828125" lon="118.15519236959517002105712890625">
        <ele>13.80000019073486328125</ele>
        <time>2026-07-09T09:56:46.000Z</time>
        <extensions>
          <ns3:TrackPointExtension>
            <ns3:atemp>31.0</ns3:atemp>
            <ns3:hr>133</ns3:hr>
          </ns3:TrackPointExtension>
        </extensions>
      </trkpt>
      <trkpt lat="24.50622620992362499237060546875" lon="118.15517543815076351165771484375">
        <ele>14</ele>
        <time>2026-07-09T09:56:48.000Z</time>
        <extensions>
          <ns3:TrackPointExtension>
            <ns3:atemp>31.0</ns3:atemp>
            <ns3:hr>133</ns3:hr>
          </ns3:TrackPointExtension>
        </extensions>
      </trkpt>
      <trkpt lat="24.50618195347487926483154296875" lon="118.1551746837794780731201171875">
        <ele>14.3999996185302734375</ele>
        <time>2026-07-09T09:56:51.000Z</time>
        <extensions>
          <ns3:TrackPointExtension>
            <ns3:atemp>31.0</ns3:atemp>
            <ns3:hr>134</ns3:hr>
          </ns3:TrackPointExtension>
        </extensions>
      </trkpt>
      <trkpt lat="24.50602085329592227935791015625" lon="118.1551555730402469635009765625">
        <ele>14.3999996185302734375</ele>
        <time>2026-07-09T09:56:54.000Z</time>
        <extensions>
          <ns3:TrackPointExtension>
            <ns3:atemp>31.0</ns3:atemp>
            <ns3:hr>135</ns3:hr>
          </ns3:TrackPointExtension>
        </extensions>
      </trkpt>
      <trkpt lat="24.5059002377092838287353515625" lon="118.15509631298482418060302734375">
        <ele>14.80000019073486328125</ele>
        <time>2026-07-09T09:56:57.000Z</time>
        <extensions>
          <ns3:TrackPointExtension>
            <ns3:atemp>31.0</ns3:atemp>
            <ns3:hr>135</ns3:hr>
          </ns3:TrackPointExtension>
        </extensions>
      </trkpt>
      <trkpt lat="24.505885653197765350341796875" lon="118.15508726052939891815185546875">
        <ele>15</ele>
        <time>2026-07-09T09:56:58.000Z</time>
        <extensions>
          <ns3:TrackPointExtension>
            <ns3:atemp>31.0</ns3:atemp>
            <ns3:hr>136</ns3:hr>
          </ns3:TrackPointExtension>
        </extensions>
      </trkpt>
      <trkpt lat="24.505859501659870147705078125" lon="118.15508239902555942535400390625">
        <ele>15.19999980926513671875</ele>
        <time>2026-07-09T09:56:59.000Z</time>
        <extensions>
          <ns3:TrackPointExtension>
            <ns3:atemp>32.0</ns3:atemp>
            <ns3:hr>136</ns3:hr>
          </ns3:TrackPointExtension>
        </extensions>
      </trkpt>
      <trkpt lat="24.50577224604785442352294921875" lon="118.1551022641360759735107421875">
        <ele>15.6000003814697265625</ele>
        <time>2026-07-09T09:57:02.000Z</time>
        <extensions>
          <ns3:TrackPointExtension>
            <ns3:atemp>32.0</ns3:atemp>
            <ns3:hr>136</ns3:hr>
          </ns3:TrackPointExtension>
        </extensions>
      </trkpt>
      <trkpt lat="24.50571558438241481781005859375" lon="118.15512062050402164459228515625">
        <ele>15.6000003814697265625</ele>
        <time>2026-07-09T09:57:05.000Z</time>
        <extensions>
          <ns3:TrackPointExtension>
            <ns3:atemp>32.0</ns3:atemp>
            <ns3:hr>135</ns3:hr>
          </ns3:TrackPointExtension>
        </extensions>
      </trkpt>
      <trkpt lat="24.50570971705019474029541015625" lon="118.1551015935838222503662109375">
        <ele>15.80000019073486328125</ele>
        <time>2026-07-09T09:57:06.000Z</time>
        <extensions>
          <ns3:TrackPointExtension>
            <ns3:atemp>31.0</ns3:atemp>
            <ns3:hr>136</ns3:hr>
          </ns3:TrackPointExtension>
        </extensions>
      </trkpt>
      <trkpt lat="24.5057009160518646240234375" lon="118.1550814770162105560302734375">
        <ele>16.200000762939453125</ele>
        <time>2026-07-09T09:57:07.000Z</time>
        <extensions>
          <ns3:TrackPointExtension>
            <ns3:atemp>32.0</ns3:atemp>
            <ns3:hr>135</ns3:hr>
          </ns3:TrackPointExtension>
        </extensions>
      </trkpt>
      <trkpt lat="24.505673088133335113525390625" lon="118.15509245730936527252197265625">
        <ele>16.200000762939453125</ele>
        <time>2026-07-09T09:57:08.000Z</time>
        <extensions>
          <ns3:TrackPointExtension>
            <ns3:atemp>32.0</ns3:atemp>
            <ns3:hr>134</ns3:hr>
          </ns3:TrackPointExtension>
        </extensions>
      </trkpt>
      <trkpt lat="24.50561382807791233062744140625" lon="118.15510603599250316619873046875">
        <ele>16.6000003814697265625</ele>
        <time>2026-07-09T09:57:10.000Z</time>
        <extensions>
          <ns3:TrackPointExtension>
            <ns3:atemp>32.0</ns3:atemp>
            <ns3:hr>134</ns3:hr>
          </ns3:TrackPointExtension>
        </extensions>
      </trkpt>
      <trkpt lat="24.5055669732391834259033203125" lon="118.15512598492205142974853515625">
        <ele>17</ele>
        <time>2026-07-09T09:57:12.000Z</time>
        <extensions>
          <ns3:TrackPointExtension>
            <ns3:atemp>31.0</ns3:atemp>
            <ns3:hr>135</ns3:hr>
          </ns3:TrackPointExtension>
        </extensions>
      </trkpt>
      <trkpt lat="24.5055052824318408966064453125" lon="118.15514341928064823150634765625">
        <ele>17</ele>
        <time>2026-07-09T09:57:14.000Z</time>
        <extensions>
          <ns3:TrackPointExtension>
            <ns3:atemp>31.0</ns3:atemp>
            <ns3:hr>135</ns3:hr>
          </ns3:TrackPointExtension>
        </extensions>
      </trkpt>
      <trkpt lat="24.50539455749094486236572265625" lon="118.15511307679116725921630859375">
        <ele>16.6000003814697265625</ele>
        <time>2026-07-09T09:57:18.000Z</time>
        <extensions>
          <ns3:TrackPointExtension>
            <ns3:atemp>31.0</ns3:atemp>
            <ns3:hr>135</ns3:hr>
          </ns3:TrackPointExtension>
        </extensions>
      </trkpt>
      <trkpt lat="24.5053047873079776763916015625" lon="118.155080974102020263671875">
        <ele>16.6000003814697265625</ele>
        <time>2026-07-09T09:57:19.000Z</time>
        <extensions>
          <ns3:TrackPointExtension>
            <ns3:atemp>31.0</ns3:atemp>
            <ns3:hr>135</ns3:hr>
          </ns3:TrackPointExtension>
        </extensions>
      </trkpt>
      <trkpt lat="24.5050156116485595703125" lon="118.15507150255143642425537109375">
        <ele>17</ele>
        <time>2026-07-09T09:57:23.000Z</time>
        <extensions>
          <ns3:TrackPointExtension>
            <ns3:atemp>31.0</ns3:atemp>
            <ns3:hr>138</ns3:hr>
          </ns3:TrackPointExtension>
        </extensions>
      </trkpt>
      <trkpt lat="24.50496993027627468109130859375" lon="118.155065886676311492919921875">
        <ele>17.200000762939453125</ele>
        <time>2026-07-09T09:57:24.000Z</time>
        <extensions>
          <ns3:TrackPointExtension>
            <ns3:atemp>31.0</ns3:atemp>
            <ns3:hr>138</ns3:hr>
          </ns3:TrackPointExtension>
        </extensions>
      </trkpt>
      <trkpt lat="24.50491276569664478302001953125" lon="118.15504543483257293701171875">
        <ele>17.200000762939453125</ele>
        <time>2026-07-09T09:57:25.000Z</time>
        <extensions>
          <ns3:TrackPointExtension>
            <ns3:atemp>31.0</ns3:atemp>
            <ns3:hr>139</ns3:hr>
          </ns3:TrackPointExtension>
        </extensions>
      </trkpt>
      <trkpt lat="24.5045665092766284942626953125" lon="118.155016265809535980224609375">
        <ele>17.6000003814697265625</ele>
        <time>2026-07-09T09:57:29.000Z</time>
        <extensions>
          <ns3:TrackPointExtension>
            <ns3:atemp>31.0</ns3:atemp>
            <ns3:hr>139</ns3:hr>
          </ns3:TrackPointExtension>
        </extensions>
      </trkpt>
      <trkpt lat="24.50434547848999500274658203125" lon="118.15495097078382968902587890625">
        <ele>17</ele>
        <time>2026-07-09T09:57:33.000Z</time>
        <extensions>
          <ns3:TrackPointExtension>
            <ns3:atemp>31.0</ns3:atemp>
            <ns3:hr>139</ns3:hr>
          </ns3:TrackPointExtension>
        </extensions>
      </trkpt>
      <trkpt lat="24.50428077019751071929931640625" lon="118.15488860942423343658447265625">
        <ele>17</ele>
        <time>2026-07-09T09:57:35.000Z</time>
        <extensions>
          <ns3:TrackPointExtension>
            <ns3:atemp>31.0</ns3:atemp>
            <ns3:hr>138</ns3:hr>
          </ns3:TrackPointExtension>
        </extensions>
      </trkpt>
      <trkpt lat="24.5039298199117183685302734375" lon="118.15479204989969730377197265625">
        <ele>18.200000762939453125</ele>
        <time>2026-07-09T09:57:40.000Z</time>
        <extensions>
          <ns3:TrackPointExtension>
            <ns3:atemp>31.0</ns3:atemp>
            <ns3:hr>137</ns3:hr>
          </ns3:TrackPointExtension>
        </extensions>
      </trkpt>
      <trkpt lat="24.50361809693276882171630859375" lon="118.1547508947551250457763671875">
        <ele>18.3999996185302734375</ele>
        <time>2026-07-09T09:57:44.000Z</time>
        <extensions>
          <ns3:TrackPointExtension>
            <ns3:atemp>31.0</ns3:atemp>
            <ns3:hr>137</ns3:hr>
          </ns3:TrackPointExtension>
        </extensions>
      </trkpt>
      <trkpt lat="24.50350477360188961029052734375" lon="118.154723905026912689208984375">
        <ele>18.3999996185302734375</ele>
        <time>2026-07-09T09:57:46.000Z</time>
        <extensions>
          <ns3:TrackPointExtension>
            <ns3:atemp>31.0</ns3:atemp>
            <ns3:hr>137</ns3:hr>
          </ns3:TrackPointExtension>
        </extensions>
      </trkpt>
      <trkpt lat="24.50338038615882396697998046875" lon="118.154736645519733428955078125">
        <ele>18.200000762939453125</ele>
        <time>2026-07-09T09:57:48.000Z</time>
        <extensions>
          <ns3:TrackPointExtension>
            <ns3:atemp>31.0</ns3:atemp>
            <ns3:hr>138</ns3:hr>
          </ns3:TrackPointExtension>
        </extensions>
      </trkpt>
      <trkpt lat="24.50328717939555644989013671875" lon="118.1547059677541255950927734375">
        <ele>17.3999996185302734375</ele>
        <time>2026-07-09T09:57:50.000Z</time>
        <extensions>
          <ns3:TrackPointExtension>
            <ns3:atemp>31.0</ns3:atemp>
            <ns3:hr>137</ns3:hr>
          </ns3:TrackPointExtension>
        </extensions>
      </trkpt>
      <trkpt lat="24.50311685912311077117919921875" lon="118.1546895392239093780517578125">
        <ele>17.3999996185302734375</ele>
        <time>2026-07-09T09:57:54.000Z</time>
        <extensions>
          <ns3:TrackPointExtension>
            <ns3:atemp>31.0</ns3:atemp>
            <ns3:hr>138</ns3:hr>
          </ns3:TrackPointExtension>
        </extensions>
      </trkpt>
      <trkpt lat="24.5029766298830509185791015625" lon="118.15465508960187435150146484375">
        <ele>17.6000003814697265625</ele>
        <time>2026-07-09T09:57:57.000Z</time>
        <extensions>
          <ns3:TrackPointExtension>
            <ns3:atemp>31.0</ns3:atemp>
            <ns3:hr>140</ns3:hr>
          </ns3:TrackPointExtension>
        </extensions>
      </trkpt>
      <trkpt lat="24.502809159457683563232421875" lon="118.15466414205729961395263671875">
        <ele>17.799999237060546875</ele>
        <time>2026-07-09T09:58:01.000Z</time>
        <extensions>
          <ns3:TrackPointExtension>
            <ns3:atemp>31.0</ns3:atemp>
            <ns3:hr>138</ns3:hr>
          </ns3:TrackPointExtension>
        </extensions>
      </trkpt>
      <trkpt lat="24.5026460476219654083251953125" lon="118.1547116674482822418212890625">
        <ele>17.799999237060546875</ele>
        <time>2026-07-09T09:58:05.000Z</time>
        <extensions>
          <ns3:TrackPointExtension>
            <ns3:atemp>31.0</ns3:atemp>
            <ns3:hr>137</ns3:hr>
          </ns3:TrackPointExtension>
        </extensions>
      </trkpt>
      <trkpt lat="24.502529539167881011962890625" lon="118.154778219759464263916015625">
        <ele>17.799999237060546875</ele>
        <time>2026-07-09T09:58:08.000Z</time>
        <extensions>
          <ns3:TrackPointExtension>
            <ns3:atemp>31.0</ns3:atemp>
            <ns3:hr>136</ns3:hr>
          </ns3:TrackPointExtension>
        </extensions>
      </trkpt>
      <trkpt lat="24.50237162411212921142578125" lon="118.15493856556713581085205078125">
        <ele>18.200000762939453125</ele>
        <time>2026-07-09T09:58:14.000Z</time>
        <extensions>
          <ns3:TrackPointExtension>
            <ns3:atemp>31.0</ns3:atemp>
            <ns3:hr>136</ns3:hr>
          </ns3:TrackPointExtension>
        </extensions>
      </trkpt>
      <trkpt lat="24.50228235684335231781005859375" lon="118.155123889446258544921875">
        <ele>19.200000762939453125</ele>
        <time>2026-07-09T09:58:19.000Z</time>
        <extensions>
          <ns3:TrackPointExtension>
            <ns3:atemp>31.0</ns3:atemp>
            <ns3:hr>136</ns3:hr>
          </ns3:TrackPointExtension>
        </extensions>
      </trkpt>
      <trkpt lat="24.5022641681134700775146484375" lon="118.15515280701220035552978515625">
        <ele>19.3999996185302734375</ele>
        <time>2026-07-09T09:58:20.000Z</time>
        <extensions>
          <ns3:TrackPointExtension>
            <ns3:atemp>31.0</ns3:atemp>
            <ns3:hr>136</ns3:hr>
          </ns3:TrackPointExtension>
        </extensions>
      </trkpt>
      <trkpt lat="24.50222418643534183502197265625" lon="118.15535095520317554473876953125">
        <ele>19.6000003814697265625</ele>
        <time>2026-07-09T09:58:25.000Z</time>
        <extensions>
          <ns3:TrackPointExtension>
            <ns3:atemp>31.0</ns3:atemp>
            <ns3:hr>136</ns3:hr>
          </ns3:TrackPointExtension>
        </extensions>
      </trkpt>
      <trkpt lat="24.50223692692816257476806640625" lon="118.15560241229832172393798828125">
        <ele>20.3999996185302734375</ele>
        <time>2026-07-09T09:58:31.000Z</time>
        <extensions>
          <ns3:TrackPointExtension>
            <ns3:atemp>31.0</ns3:atemp>
            <ns3:hr>137</ns3:hr>
          </ns3:TrackPointExtension>
        </extensions>
      </trkpt>
      <trkpt lat="24.50225033797323703765869140625" lon="118.1556802801787853240966796875">
        <ele>21.200000762939453125</ele>
        <time>2026-07-09T09:58:33.000Z</time>
        <extensions>
          <ns3:TrackPointExtension>
            <ns3:atemp>31.0</ns3:atemp>
            <ns3:hr>137</ns3:hr>
          </ns3:TrackPointExtension>
        </extensions>
      </trkpt>
      <trkpt lat="24.5022588036954402923583984375" lon="118.15575261600315570831298828125">
        <ele>21.6000003814697265625</ele>
        <time>2026-07-09T09:58:35.000Z</time>
        <extensions>
          <ns3:TrackPointExtension>
            <ns3:atemp>31.0</ns3:atemp>
            <ns3:hr>137</ns3:hr>
          </ns3:TrackPointExtension>
        </extensions>
      </trkpt>
      <trkpt lat="24.50222401879727840423583984375" lon="118.155955374240875244140625">
        <ele>22.200000762939453125</ele>
        <time>2026-07-09T09:58:40.000Z</time>
        <extensions>
          <ns3:TrackPointExtension>
            <ns3:atemp>31.0</ns3:atemp>
            <ns3:hr>138</ns3:hr>
          </ns3:TrackPointExtension>
        </extensions>
      </trkpt>
      <trkpt lat="24.502125866711139678955078125" lon="118.15605570562183856964111328125">
        <ele>22.6000003814697265625</ele>
        <time>2026-07-09T09:58:44.000Z</time>
        <extensions>
          <ns3:TrackPointExtension>
            <ns3:atemp>31.0</ns3:atemp>
            <ns3:hr>137</ns3:hr>
          </ns3:TrackPointExtension>
        </extensions>
      </trkpt>
      <trkpt lat="24.5020945183932781219482421875" lon="118.15607942640781402587890625">
        <ele>23</ele>
        <time>2026-07-09T09:58:45.000Z</time>
        <extensions>
          <ns3:TrackPointExtension>
            <ns3:atemp>31.0</ns3:atemp>
            <ns3:hr>137</ns3:hr>
          </ns3:TrackPointExtension>
        </extensions>
      </trkpt>
      <trkpt lat="24.50193333439528942108154296875" lon="118.15612913109362125396728515625">
        <ele>23.200000762939453125</ele>
        <time>2026-07-09T09:58:49.000Z</time>
        <extensions>
          <ns3:TrackPointExtension>
            <ns3:atemp>31.0</ns3:atemp>
            <ns3:hr>137</ns3:hr>
          </ns3:TrackPointExtension>
        </extensions>
      </trkpt>
      <trkpt lat="24.50187667272984981536865234375" lon="118.15612929873168468475341796875">
        <ele>23.200000762939453125</ele>
        <time>2026-07-09T09:58:50.000Z</time>
        <extensions>
          <ns3:TrackPointExtension>
            <ns3:atemp>31.0</ns3:atemp>
            <ns3:hr>137</ns3:hr>
          </ns3:TrackPointExtension>
        </extensions>
      </trkpt>
      <trkpt lat="24.50183023698627948760986328125" lon="118.1561221741139888763427734375">
        <ele>23.200000762939453125</ele>
        <time>2026-07-09T09:58:51.000Z</time>
        <extensions>
          <ns3:TrackPointExtension>
            <ns3:atemp>31.0</ns3:atemp>
            <ns3:hr>137</ns3:hr>
          </ns3:TrackPointExtension>
        </extensions>
      </trkpt>
      <trkpt lat="24.501720182597637176513671875" lon="118.15606911666691303253173828125">
        <ele>23</ele>
        <time>2026-07-09T09:58:53.000Z</time>
        <extensions>
          <ns3:TrackPointExtension>
            <ns3:atemp>31.0</ns3:atemp>
            <ns3:hr>137</ns3:hr>
          </ns3:TrackPointExtension>
        </extensions>
      </trkpt>
      <trkpt lat="24.50169009156525135040283203125" lon="118.15603290684521198272705078125">
        <ele>22.799999237060546875</ele>
        <time>2026-07-09T09:58:54.000Z</time>
        <extensions>
          <ns3:TrackPointExtension>
            <ns3:atemp>31.0</ns3:atemp>
            <ns3:hr>136</ns3:hr>
          </ns3:TrackPointExtension>
        </extensions>
      </trkpt>
      <trkpt lat="24.50165187008678913116455078125" lon="118.1559823639690876007080078125">
        <ele>22.6000003814697265625</ele>
        <time>2026-07-09T09:58:55.000Z</time>
        <extensions>
          <ns3:TrackPointExtension>
            <ns3:atemp>31.0</ns3:atemp>
            <ns3:hr>136</ns3:hr>
          </ns3:TrackPointExtension>
        </extensions>
      </trkpt>
      <trkpt lat="24.50158230029046535491943359375" lon="118.15585956908762454986572265625">
        <ele>22.3999996185302734375</ele>
        <time>2026-07-09T09:58:57.000Z</time>
        <extensions>
          <ns3:TrackPointExtension>
            <ns3:atemp>31.0</ns3:atemp>
            <ns3:hr>135</ns3:hr>
          </ns3:TrackPointExtension>
        </extensions>
      </trkpt>
      <trkpt lat="24.5015703141689300537109375" lon="118.1558076851069927215576171875">
        <ele>22.200000762939453125</ele>
        <time>2026-07-09T09:58:58.000Z</time>
        <extensions>
          <ns3:TrackPointExtension>
            <ns3:atemp>31.0</ns3:atemp>
            <ns3:hr>135</ns3:hr>
          </ns3:TrackPointExtension>
        </extensions>
      </trkpt>
      <trkpt lat="24.50155757367610931396484375" lon="118.15573300234973430633544921875">
        <ele>22.200000762939453125</ele>
        <time>2026-07-09T09:58:59.000Z</time>
        <extensions>
          <ns3:TrackPointExtension>
            <ns3:atemp>31.0</ns3:atemp>
            <ns3:hr>135</ns3:hr>
          </ns3:TrackPointExtension>
        </extensions>
      </trkpt>
      <trkpt lat="24.5015540532767772674560546875" lon="118.1555451638996601104736328125">
        <ele>22.3999996185302734375</ele>
        <time>2026-07-09T09:59:02.000Z</time>
        <extensions>
          <ns3:TrackPointExtension>
            <ns3:atemp>31.0</ns3:atemp>
            <ns3:hr>135</ns3:hr>
          </ns3:TrackPointExtension>
        </extensions>
      </trkpt>
      <trkpt lat="24.50157995335757732391357421875" lon="118.15514107234776020050048828125">
        <ele>21.6000003814697265625</ele>
        <time>2026-07-09T09:59:08.000Z</time>
        <extensions>
          <ns3:TrackPointExtension>
            <ns3:atemp>31.0</ns3:atemp>
            <ns3:hr>135</ns3:hr>
          </ns3:TrackPointExtension>
        </extensions>
      </trkpt>
      <trkpt lat="24.50157978571951389312744140625" lon="118.15505859442055225372314453125">
        <ele>21.3999996185302734375</ele>
        <time>2026-07-09T09:59:09.000Z</time>
        <extensions>
          <ns3:TrackPointExtension>
            <ns3:atemp>31.0</ns3:atemp>
            <ns3:hr>134</ns3:hr>
          </ns3:TrackPointExtension>
        </extensions>
      </trkpt>
      <trkpt lat="24.50155078433454036712646484375" lon="118.15485541708767414093017578125">
        <ele>20.6000003814697265625</ele>
        <time>2026-07-09T09:59:12.000Z</time>
        <extensions>
          <ns3:TrackPointExtension>
            <ns3:atemp>31.0</ns3:atemp>
            <ns3:hr>134</ns3:hr>
          </ns3:TrackPointExtension>
        </extensions>
      </trkpt>
      <trkpt lat="24.5015248842537403106689453125" lon="118.15478702075779438018798828125">
        <ele>20.3999996185302734375</ele>
        <time>2026-07-09T09:59:13.000Z</time>
        <extensions>
          <ns3:TrackPointExtension>
            <ns3:atemp>31.0</ns3:atemp>
            <ns3:hr>133</ns3:hr>
          </ns3:TrackPointExtension>
        </extensions>
      </trkpt>
      <trkpt lat="24.501495547592639923095703125" lon="118.15472063608467578887939453125">
        <ele>20.200000762939453125</ele>
        <time>2026-07-09T09:59:14.000Z</time>
        <extensions>
          <ns3:TrackPointExtension>
            <ns3:atemp>31.0</ns3:atemp>
            <ns3:hr>133</ns3:hr>
          </ns3:TrackPointExtension>
        </extensions>
      </trkpt>
      <trkpt lat="24.50140929780900478363037109375" lon="118.15461494028568267822265625">
        <ele>19.799999237060546875</ele>
        <time>2026-07-09T09:59:16.000Z</time>
        <extensions>
          <ns3:TrackPointExtension>
            <ns3:atemp>31.0</ns3:atemp>
            <ns3:hr>133</ns3:hr>
          </ns3:TrackPointExtension>
        </extensions>
      </trkpt>
      <trkpt lat="24.50131592340767383575439453125" lon="118.15454277209937572479248046875">
        <ele>19.6000003814697265625</ele>
        <time>2026-07-09T09:59:18.000Z</time>
        <extensions>
          <ns3:TrackPointExtension>
            <ns3:atemp>31.0</ns3:atemp>
            <ns3:hr>132</ns3:hr>
          </ns3:TrackPointExtension>
        </extensions>
      </trkpt>
      <trkpt lat="24.50120897032320499420166015625" lon="118.1544645689427852630615234375">
        <ele>19.3999996185302734375</ele>
        <time>2026-07-09T09:59:20.000Z</time>
        <extensions>
          <ns3:TrackPointExtension>
            <ns3:atemp>31.0</ns3:atemp>
            <ns3:hr>131</ns3:hr>
          </ns3:TrackPointExtension>
        </extensions>
      </trkpt>
      <trkpt lat="24.5011329464614391326904296875" lon="118.15442718565464019775390625">
        <ele>19.200000762939453125</ele>
        <time>2026-07-09T09:59:22.000Z</time>
        <extensions>
          <ns3:TrackPointExtension>
            <ns3:atemp>31.0</ns3:atemp>
            <ns3:hr>130</ns3:hr>
          </ns3:TrackPointExtension>
        </extensions>
      </trkpt>
      <trkpt lat="24.500920213758945465087890625" lon="118.1543214060366153717041015625">
        <ele>19</ele>
        <time>2026-07-09T09:59:26.000Z</time>
        <extensions>
          <ns3:TrackPointExtension>
            <ns3:atemp>31.0</ns3:atemp>
            <ns3:hr>128</ns3:hr>
          </ns3:TrackPointExtension>
        </extensions>
      </trkpt>
      <trkpt lat="24.500711672008037567138671875" lon="118.154229037463665008544921875">
        <ele>19.200000762939453125</ele>
        <time>2026-07-09T09:59:30.000Z</time>
        <extensions>
          <ns3:TrackPointExtension>
            <ns3:atemp>31.0</ns3:atemp>
            <ns3:hr>125</ns3:hr>
          </ns3:TrackPointExtension>
        </extensions>
      </trkpt>
      <trkpt lat="24.50059725902974605560302734375" lon="118.15417245961725711822509765625">
        <ele>20.6000003814697265625</ele>
        <time>2026-07-09T09:59:32.000Z</time>
        <extensions>
          <ns3:TrackPointExtension>
            <ns3:atemp>31.0</ns3:atemp>
            <ns3:hr>127</ns3:hr>
          </ns3:TrackPointExtension>
        </extensions>
      </trkpt>
      <trkpt lat="24.5005465485155582427978515625" lon="118.15414245240390300750732421875">
        <ele>21.200000762939453125</ele>
        <time>2026-07-09T09:59:33.000Z</time>
        <extensions>
          <ns3:TrackPointExtension>
            <ns3:atemp>31.0</ns3:atemp>
            <ns3:hr>127</ns3:hr>
          </ns3:TrackPointExtension>
        </extensions>
      </trkpt>
      <trkpt lat="24.500263072550296783447265625" lon="118.15398705191910266876220703125">
        <ele>21</ele>
        <time>2026-07-09T09:59:39.000Z</time>
        <extensions>
          <ns3:TrackPointExtension>
            <ns3:atemp>31.0</ns3:atemp>
            <ns3:hr>127</ns3:hr>
          </ns3:TrackPointExtension>
        </extensions>
      </trkpt>
      <trkpt lat="24.50016441754996776580810546875" lon="118.15393944270908832550048828125">
        <ele>20.799999237060546875</ele>
        <time>2026-07-09T09:59:41.000Z</time>
        <extensions>
          <ns3:TrackPointExtension>
            <ns3:atemp>31.0</ns3:atemp>
            <ns3:hr>126</ns3:hr>
          </ns3:TrackPointExtension>
        </extensions>
      </trkpt>
      <trkpt lat="24.50001454912126064300537109375" lon="118.15388076938688755035400390625">
        <ele>20.799999237060546875</ele>
        <time>2026-07-09T09:59:44.000Z</time>
        <extensions>
          <ns3:TrackPointExtension>
            <ns3:atemp>31.0</ns3:atemp>
            <ns3:hr>126</ns3:hr>
          </ns3:TrackPointExtension>
        </extensions>
      </trkpt>
      <trkpt lat="24.49991949833929538726806640625" lon="118.1538372673094272613525390625">
        <ele>20.6000003814697265625</ele>
        <time>2026-07-09T09:59:46.000Z</time>
        <extensions>
          <ns3:TrackPointExtension>
            <ns3:atemp>31.0</ns3:atemp>
            <ns3:hr>126</ns3:hr>
          </ns3:TrackPointExtension>
        </extensions>
      </trkpt>
      <trkpt lat="24.49964675121009349822998046875" lon="118.153697960078716278076171875">
        <ele>20.3999996185302734375</ele>
        <time>2026-07-09T09:59:51.000Z</time>
        <extensions>
          <ns3:TrackPointExtension>
            <ns3:atemp>31.0</ns3:atemp>
            <ns3:hr>127</ns3:hr>
          </ns3:TrackPointExtension>
        </extensions>
      </trkpt>
      <trkpt lat="24.4995182566344738006591796875" lon="118.15367457456886768341064453125">
        <ele>20.3999996185302734375</ele>
        <time>2026-07-09T09:59:53.000Z</time>
        <extensions>
          <ns3:TrackPointExtension>
            <ns3:atemp>31.0</ns3:atemp>
            <ns3:hr>128</ns3:hr>
          </ns3:TrackPointExtension>
        </extensions>
      </trkpt>
      <trkpt lat="24.4994272291660308837890625" lon="118.15362679772078990936279296875">
        <ele>20.6000003814697265625</ele>
        <time>2026-07-09T09:59:55.000Z</time>
        <extensions>
          <ns3:TrackPointExtension>
            <ns3:atemp>31.0</ns3:atemp>
            <ns3:hr>128</ns3:hr>
          </ns3:TrackPointExtension>
        </extensions>
      </trkpt>
      <trkpt lat="24.4993358664214611053466796875" lon="118.15355278551578521728515625">
        <ele>20.6000003814697265625</ele>
        <time>2026-07-09T09:59:57.000Z</time>
        <extensions>
          <ns3:TrackPointExtension>
            <ns3:atemp>31.0</ns3:atemp>
            <ns3:hr>130</ns3:hr>
          </ns3:TrackPointExtension>
        </extensions>
      </trkpt>
      <trkpt lat="24.49910410679876804351806640625" lon="118.15331130288541316986083984375">
        <ele>20.3999996185302734375</ele>
        <time>2026-07-09T10:00:02.000Z</time>
        <extensions>
          <ns3:TrackPointExtension>
            <ns3:atemp>31.0</ns3:atemp>
            <ns3:hr>130</ns3:hr>
          </ns3:TrackPointExtension>
        </extensions>
      </trkpt>
      <trkpt lat="24.49895809404551982879638671875" lon="118.15325480885803699493408203125">
        <ele>20.3999996185302734375</ele>
        <time>2026-07-09T10:00:05.000Z</time>
        <extensions>
          <ns3:TrackPointExtension>
            <ns3:atemp>31.0</ns3:atemp>
            <ns3:hr>129</ns3:hr>
          </ns3:TrackPointExtension>
        </extensions>
      </trkpt>
      <trkpt lat="24.4987658970057964324951171875" lon="118.1530738435685634613037109375">
        <ele>20.3999996185302734375</ele>
        <time>2026-07-09T10:00:08.000Z</time>
        <extensions>
          <ns3:TrackPointExtension>
            <ns3:atemp>31.0</ns3:atemp>
            <ns3:hr>129</ns3:hr>
          </ns3:TrackPointExtension>
        </extensions>
      </trkpt>
      <trkpt lat="24.4985462911427021026611328125" lon="118.15289271064102649688720703125">
        <ele>19.6000003814697265625</ele>
        <time>2026-07-09T10:00:12.000Z</time>
        <extensions>
          <ns3:TrackPointExtension>
            <ns3:atemp>31.0</ns3:atemp>
            <ns3:hr>128</ns3:hr>
          </ns3:TrackPointExtension>
        </extensions>
      </trkpt>
      <trkpt lat="24.4984453730285167694091796875" lon="118.15279330126941204071044921875">
        <ele>19.3999996185302734375</ele>
        <time>2026-07-09T10:00:14.000Z</time>
        <extensions>
          <ns3:TrackPointExtension>
            <ns3:atemp>31.0</ns3:atemp>
            <ns3:hr>127</ns3:hr>
          </ns3:TrackPointExtension>
        </extensions>
      </trkpt>
      <trkpt lat="24.49819014407694339752197265625" lon="118.15248752944171428680419921875">
        <ele>19.3999996185302734375</ele>
        <time>2026-07-09T10:00:20.000Z</time>
        <extensions>
          <ns3:TrackPointExtension>
            <ns3:atemp>31.0</ns3:atemp>
            <ns3:hr>126</ns3:hr>
          </ns3:TrackPointExtension>
        </extensions>
      </trkpt>
      <trkpt lat="24.4981520064175128936767578125" lon="118.152372948825359344482421875">
        <ele>19.3999996185302734375</ele>
        <time>2026-07-09T10:00:22.000Z</time>
        <extensions>
          <ns3:TrackPointExtension>
            <ns3:atemp>31.0</ns3:atemp>
            <ns3:hr>126</ns3:hr>
          </ns3:TrackPointExtension>
        </extensions>
      </trkpt>
      <trkpt lat="24.4981344044208526611328125" lon="118.15219692885875701904296875">
        <ele>19.200000762939453125</ele>
        <time>2026-07-09T10:00:25.000Z</time>
        <extensions>
          <ns3:TrackPointExtension>
            <ns3:atemp>31.0</ns3:atemp>
            <ns3:hr>125</ns3:hr>
          </ns3:TrackPointExtension>
        </extensions>
      </trkpt>
      <trkpt lat="24.49814873747527599334716796875" lon="118.15216884948313236236572265625">
        <ele>19.200000762939453125</ele>
        <time>2026-07-09T10:00:26.000Z</time>
        <extensions>
          <ns3:TrackPointExtension>
            <ns3:atemp>31.0</ns3:atemp>
            <ns3:hr>125</ns3:hr>
          </ns3:TrackPointExtension>
        </extensions>
      </trkpt>
      <trkpt lat="24.49812434613704681396484375" lon="118.152114450931549072265625">
        <ele>19.200000762939453125</ele>
        <time>2026-07-09T10:00:28.000Z</time>
        <extensions>
          <ns3:TrackPointExtension>
            <ns3:atemp>31.0</ns3:atemp>
            <ns3:hr>124</ns3:hr>
          </ns3:TrackPointExtension>
        </extensions>
      </trkpt>
      <trkpt lat="24.49811386875808238983154296875" lon="118.15208838321268558502197265625">
        <ele>19.200000762939453125</ele>
        <time>2026-07-09T10:00:29.000Z</time>
        <extensions>
          <ns3:TrackPointExtension>
            <ns3:atemp>31.0</ns3:atemp>
            <ns3:hr>125</ns3:hr>
          </ns3:TrackPointExtension>
        </extensions>
      </trkpt>
      <trkpt lat="24.49801680631935596466064453125" lon="118.1519816815853118896484375">
        <ele>17.3999996185302734375</ele>
        <time>2026-07-09T10:00:32.000Z</time>
        <extensions>
          <ns3:TrackPointExtension>
            <ns3:atemp>31.0</ns3:atemp>
            <ns3:hr>124</ns3:hr>
          </ns3:TrackPointExtension>
        </extensions>
      </trkpt>
      <trkpt lat="24.497981183230876922607421875" lon="118.15194438211619853973388671875">
        <ele>17.3999996185302734375</ele>
        <time>2026-07-09T10:00:33.000Z</time>
        <extensions>
          <ns3:TrackPointExtension>
            <ns3:atemp>31.0</ns3:atemp>
            <ns3:hr>125</ns3:hr>
          </ns3:TrackPointExtension>
        </extensions>
      </trkpt>
      <trkpt lat="24.49794103391468524932861328125" lon="118.15187347121536731719970703125">
        <ele>18.200000762939453125</ele>
        <time>2026-07-09T10:00:37.000Z</time>
        <extensions>
          <ns3:TrackPointExtension>
            <ns3:atemp>31.0</ns3:atemp>
            <ns3:hr>125</ns3:hr>
          </ns3:TrackPointExtension>
        </extensions>
      </trkpt>
      <trkpt lat="24.497917480766773223876953125" lon="118.1518423743546009063720703125">
        <ele>18.200000762939453125</ele>
        <time>2026-07-09T10:00:39.000Z</time>
        <extensions>
          <ns3:TrackPointExtension>
            <ns3:atemp>31.0</ns3:atemp>
            <ns3:hr>125</ns3:hr>
          </ns3:TrackPointExtension>
        </extensions>
      </trkpt>
      <trkpt lat="24.497887976467609405517578125" lon="118.15176911652088165283203125">
        <ele>18.200000762939453125</ele>
        <time>2026-07-09T10:00:42.000Z</time>
        <extensions>
          <ns3:TrackPointExtension>
            <ns3:atemp>31.0</ns3:atemp>
            <ns3:hr>125</ns3:hr>
          </ns3:TrackPointExtension>
        </extensions>
      </trkpt>
      <trkpt lat="24.4978702068328857421875" lon="118.151744306087493896484375">
        <ele>18.200000762939453125</ele>
        <time>2026-07-09T10:00:43.000Z</time>
        <extensions>
          <ns3:TrackPointExtension>
            <ns3:atemp>31.0</ns3:atemp>
            <ns3:hr>125</ns3:hr>
          </ns3:TrackPointExtension>
        </extensions>
      </trkpt>
      <trkpt lat="24.4978056661784648895263671875" lon="118.1515640951693058013916015625">
        <ele>17.799999237060546875</ele>
        <time>2026-07-09T10:00:47.000Z</time>
        <extensions>
          <ns3:TrackPointExtension>
            <ns3:atemp>31.0</ns3:atemp>
            <ns3:hr>124</ns3:hr>
          </ns3:TrackPointExtension>
        </extensions>
      </trkpt>
      <trkpt lat="24.4976381957530975341796875" lon="118.15126159228384494781494140625">
        <ele>17.3999996185302734375</ele>
        <time>2026-07-09T10:00:52.000Z</time>
        <extensions>
          <ns3:TrackPointExtension>
            <ns3:atemp>31.0</ns3:atemp>
            <ns3:hr>124</ns3:hr>
          </ns3:TrackPointExtension>
        </extensions>
      </trkpt>
      <trkpt lat="24.49746142141520977020263671875" lon="118.1509636156260967254638671875">
        <ele>17</ele>
        <time>2026-07-09T10:00:57.000Z</time>
        <extensions>
          <ns3:TrackPointExtension>
            <ns3:atemp>31.0</ns3:atemp>
            <ns3:hr>125</ns3:hr>
          </ns3:TrackPointExtension>
        </extensions>
      </trkpt>
      <trkpt lat="24.49723812751471996307373046875" lon="118.1506772898137569427490234375">
        <ele>16.799999237060546875</ele>
        <time>2026-07-09T10:01:03.000Z</time>
        <extensions>
          <ns3:TrackPointExtension>
            <ns3:atemp>31.0</ns3:atemp>
            <ns3:hr>125</ns3:hr>
          </ns3:TrackPointExtension>
        </extensions>
      </trkpt>
      <trkpt lat="24.49709529988467693328857421875" lon="118.15055516548454761505126953125">
        <ele>16.799999237060546875</ele>
        <time>2026-07-09T10:01:07.000Z</time>
        <extensions>
          <ns3:TrackPointExtension>
            <ns3:atemp>31.0</ns3:atemp>
            <ns3:hr>126</ns3:hr>
          </ns3:TrackPointExtension>
        </extensions>
      </trkpt>
      <trkpt lat="24.496943838894367218017578125" lon="118.15044368617236614227294921875">
        <ele>16.799999237060546875</ele>
        <time>2026-07-09T10:01:11.000Z</time>
        <extensions>
          <ns3:TrackPointExtension>
            <ns3:atemp>31.0</ns3:atemp>
            <ns3:hr>126</ns3:hr>
          </ns3:TrackPointExtension>
        </extensions>
      </trkpt>
      <trkpt lat="24.49679355137050151824951171875" lon="118.1503212265670299530029296875">
        <ele>16.3999996185302734375</ele>
        <time>2026-07-09T10:01:14.000Z</time>
        <extensions>
          <ns3:TrackPointExtension>
            <ns3:atemp>31.0</ns3:atemp>
            <ns3:hr>125</ns3:hr>
          </ns3:TrackPointExtension>
        </extensions>
      </trkpt>
      <trkpt lat="24.49671660549938678741455078125" lon="118.150241263210773468017578125">
        <ele>16.3999996185302734375</ele>
        <time>2026-07-09T10:01:16.000Z</time>
        <extensions>
          <ns3:TrackPointExtension>
            <ns3:atemp>31.0</ns3:atemp>
            <ns3:hr>125</ns3:hr>
          </ns3:TrackPointExtension>
        </extensions>
      </trkpt>
      <trkpt lat="24.49648744426667690277099609375" lon="118.150044120848178863525390625">
        <ele>16.200000762939453125</ele>
        <time>2026-07-09T10:01:20.000Z</time>
        <extensions>
          <ns3:TrackPointExtension>
            <ns3:atemp>31.0</ns3:atemp>
            <ns3:hr>125</ns3:hr>
          </ns3:TrackPointExtension>
        </extensions>
      </trkpt>
      <trkpt lat="24.4962523318827152252197265625" lon="118.14994253218173980712890625">
        <ele>16.200000762939453125</ele>
        <time>2026-07-09T10:01:24.000Z</time>
        <extensions>
          <ns3:TrackPointExtension>
            <ns3:atemp>31.0</ns3:atemp>
            <ns3:hr>125</ns3:hr>
          </ns3:TrackPointExtension>
        </extensions>
      </trkpt>
      <trkpt lat="24.49618502520024776458740234375" lon="118.1499239243566989898681640625">
        <ele>16.200000762939453125</ele>
        <time>2026-07-09T10:01:25.000Z</time>
        <extensions>
          <ns3:TrackPointExtension>
            <ns3:atemp>31.0</ns3:atemp>
            <ns3:hr>127</ns3:hr>
          </ns3:TrackPointExtension>
        </extensions>
      </trkpt>
      <trkpt lat="24.49579660780727863311767578125" lon="118.1497703678905963897705078125">
        <ele>17.200000762939453125</ele>
        <time>2026-07-09T10:01:32.000Z</time>
        <extensions>
          <ns3:TrackPointExtension>
            <ns3:atemp>31.0</ns3:atemp>
            <ns3:hr>126</ns3:hr>
          </ns3:TrackPointExtension>
        </extensions>
      </trkpt>
      <trkpt lat="24.495763666927814483642578125" lon="118.149739690124988555908203125">
        <ele>17.3999996185302734375</ele>
        <time>2026-07-09T10:01:33.000Z</time>
        <extensions>
          <ns3:TrackPointExtension>
            <ns3:atemp>31.0</ns3:atemp>
            <ns3:hr>127</ns3:hr>
          </ns3:TrackPointExtension>
        </extensions>
      </trkpt>
      <trkpt lat="24.49574681930243968963623046875" lon="118.14971982501447200775146484375">
        <ele>17.799999237060546875</ele>
        <time>2026-07-09T10:01:34.000Z</time>
        <extensions>
          <ns3:TrackPointExtension>
            <ns3:atemp>31.0</ns3:atemp>
            <ns3:hr>127</ns3:hr>
          </ns3:TrackPointExtension>
        </extensions>
      </trkpt>
      <trkpt lat="24.4956340827047824859619140625" lon="118.1496878899633884429931640625">
        <ele>18</ele>
        <time>2026-07-09T10:01:36.000Z</time>
        <extensions>
          <ns3:TrackPointExtension>
            <ns3:atemp>31.0</ns3:atemp>
            <ns3:hr>126</ns3:hr>
          </ns3:TrackPointExtension>
        </extensions>
      </trkpt>
      <trkpt lat="24.49544087983667850494384765625" lon="118.149665258824825286865234375">
        <ele>18.3999996185302734375</ele>
        <time>2026-07-09T10:01:40.000Z</time>
        <extensions>
          <ns3:TrackPointExtension>
            <ns3:atemp>31.0</ns3:atemp>
            <ns3:hr>123</ns3:hr>
          </ns3:TrackPointExtension>
        </extensions>
      </trkpt>
      <trkpt lat="24.49538606218993663787841796875" lon="118.14965687692165374755859375">
        <ele>18.6000003814697265625</ele>
        <time>2026-07-09T10:01:41.000Z</time>
        <extensions>
          <ns3:TrackPointExtension>
            <ns3:atemp>31.0</ns3:atemp>
            <ns3:hr>122</ns3:hr>
          </ns3:TrackPointExtension>
        </extensions>
      </trkpt>
      <trkpt lat="24.49519847519695758819580078125" lon="118.14966182224452495574951171875">
        <ele>18.799999237060546875</ele>
        <time>2026-07-09T10:01:45.000Z</time>
        <extensions>
          <ns3:TrackPointExtension>
            <ns3:atemp>31.0</ns3:atemp>
            <ns3:hr>119</ns3:hr>
          </ns3:TrackPointExtension>
        </extensions>
      </trkpt>
      <trkpt lat="24.49513426981866359710693359375" lon="118.1496560387313365936279296875">
        <ele>18.799999237060546875</ele>
        <time>2026-07-09T10:01:47.000Z</time>
        <extensions>
          <ns3:TrackPointExtension>
            <ns3:atemp>31.0</ns3:atemp>
            <ns3:hr>116</ns3:hr>
          </ns3:TrackPointExtension>
        </extensions>
      </trkpt>
      <trkpt lat="24.4950751774013042449951171875" lon="118.1496453098952770233154296875">
        <ele>18.799999237060546875</ele>
        <time>2026-07-09T10:01:48.000Z</time>
        <extensions>
          <ns3:TrackPointExtension>
            <ns3:atemp>31.0</ns3:atemp>
            <ns3:hr>115</ns3:hr>
          </ns3:TrackPointExtension>
        </extensions>
      </trkpt>
      <trkpt lat="24.49501139111816883087158203125" lon="118.14960432238876819610595703125">
        <ele>18.799999237060546875</ele>
        <time>2026-07-09T10:01:49.000Z</time>
        <extensions>
          <ns3:TrackPointExtension>
            <ns3:atemp>31.0</ns3:atemp>
            <ns3:hr>114</ns3:hr>
          </ns3:TrackPointExtension>
        </extensions>
      </trkpt>
      <trkpt lat="24.494965039193630218505859375" lon="118.14960817806422710418701171875">
        <ele>18.799999237060546875</ele>
        <time>2026-07-09T10:01:50.000Z</time>
        <extensions>
          <ns3:TrackPointExtension>
            <ns3:atemp>31.0</ns3:atemp>
            <ns3:hr>114</ns3:hr>
          </ns3:TrackPointExtension>
        </extensions>
      </trkpt>
      <trkpt lat="24.49481391347944736480712890625" lon="118.14959920942783355712890625">
        <ele>17.6000003814697265625</ele>
        <time>2026-07-09T10:01:53.000Z</time>
        <extensions>
          <ns3:TrackPointExtension>
            <ns3:atemp>31.0</ns3:atemp>
            <ns3:hr>111</ns3:hr>
          </ns3:TrackPointExtension>
        </extensions>
      </trkpt>
      <trkpt lat="24.49476420879364013671875" lon="118.1495956890285015106201171875">
        <ele>17</ele>
        <time>2026-07-09T10:01:54.000Z</time>
        <extensions>
          <ns3:TrackPointExtension>
            <ns3:atemp>31.0</ns3:atemp>
            <ns3:hr>110</ns3:hr>
          </ns3:TrackPointExtension>
        </extensions>
      </trkpt>
      <trkpt lat="24.49471634812653064727783203125" lon="118.14960147254168987274169921875">
        <ele>17</ele>
        <time>2026-07-09T10:01:55.000Z</time>
        <extensions>
          <ns3:TrackPointExtension>
            <ns3:atemp>31.0</ns3:atemp>
            <ns3:hr>110</ns3:hr>
          </ns3:TrackPointExtension>
        </extensions>
      </trkpt>
      <trkpt lat="24.4945072196424007415771484375" lon="118.14960482530295848846435546875">
        <ele>17.3999996185302734375</ele>
        <time>2026-07-09T10:01:59.000Z</time>
        <extensions>
          <ns3:TrackPointExtension>
            <ns3:atemp>31.0</ns3:atemp>
            <ns3:hr>111</ns3:hr>
          </ns3:TrackPointExtension>
        </extensions>
      </trkpt>
      <trkpt lat="24.49442566372454166412353515625" lon="118.14959778450429439544677734375">
        <ele>17.6000003814697265625</ele>
        <time>2026-07-09T10:02:01.000Z</time>
        <extensions>
          <ns3:TrackPointExtension>
            <ns3:atemp>31.0</ns3:atemp>
            <ns3:hr>111</ns3:hr>
          </ns3:TrackPointExtension>
        </extensions>
      </trkpt>
      <trkpt lat="24.49430680833756923675537109375" lon="118.1495866365730762481689453125">
        <ele>18.6000003814697265625</ele>
        <time>2026-07-09T10:02:03.000Z</time>
        <extensions>
          <ns3:TrackPointExtension>
            <ns3:atemp>31.0</ns3:atemp>
            <ns3:hr>111</ns3:hr>
          </ns3:TrackPointExtension>
        </extensions>
      </trkpt>
      <trkpt lat="24.494244866073131561279296875" lon="118.14958152361214160919189453125">
        <ele>18.799999237060546875</ele>
        <time>2026-07-09T10:02:04.000Z</time>
        <extensions>
          <ns3:TrackPointExtension>
            <ns3:atemp>31.0</ns3:atemp>
            <ns3:hr>111</ns3:hr>
          </ns3:TrackPointExtension>
        </extensions>
      </trkpt>
      <trkpt lat="24.49403129518032073974609375" lon="118.14958806149661540985107421875">
        <ele>19.200000762939453125</ele>
        <time>2026-07-09T10:02:08.000Z</time>
        <extensions>
          <ns3:TrackPointExtension>
            <ns3:atemp>31.0</ns3:atemp>
            <ns3:hr>113</ns3:hr>
          </ns3:TrackPointExtension>
        </extensions>
      </trkpt>
      <trkpt lat="24.493971951305866241455078125" lon="118.1495873071253299713134765625">
        <ele>19.200000762939453125</ele>
        <time>2026-07-09T10:02:09.000Z</time>
        <extensions>
          <ns3:TrackPointExtension>
            <ns3:atemp>31.0</ns3:atemp>
            <ns3:hr>114</ns3:hr>
          </ns3:TrackPointExtension>
        </extensions>
      </trkpt>
      <trkpt lat="24.49378360994160175323486328125" lon="118.14958688803017139434814453125">
        <ele>19.200000762939453125</ele>
        <time>2026-07-09T10:02:13.000Z</time>
        <extensions>
          <ns3:TrackPointExtension>
            <ns3:atemp>31.0</ns3:atemp>
            <ns3:hr>120</ns3:hr>
          </ns3:TrackPointExtension>
        </extensions>
      </trkpt>
      <trkpt lat="24.49373734183609485626220703125" lon="118.14958470873534679412841796875">
        <ele>19.200000762939453125</ele>
        <time>2026-07-09T10:02:14.000Z</time>
        <extensions>
          <ns3:TrackPointExtension>
            <ns3:atemp>31.0</ns3:atemp>
            <ns3:hr>125</ns3:hr>
          </ns3:TrackPointExtension>
        </extensions>
      </trkpt>
      <trkpt lat="24.49368503876030445098876953125" lon="118.14957833848893642425537109375">
        <ele>19.200000762939453125</ele>
        <time>2026-07-09T10:02:15.000Z</time>
        <extensions>
          <ns3:TrackPointExtension>
            <ns3:atemp>31.0</ns3:atemp>
            <ns3:hr>128</ns3:hr>
          </ns3:TrackPointExtension>
        </extensions>
      </trkpt>
      <trkpt lat="24.49344347231090068817138671875" lon="118.149506337940692901611328125">
        <ele>19.3999996185302734375</ele>
        <time>2026-07-09T10:02:20.000Z</time>
        <extensions>
          <ns3:TrackPointExtension>
            <ns3:atemp>31.0</ns3:atemp>
            <ns3:hr>129</ns3:hr>
          </ns3:TrackPointExtension>
        </extensions>
      </trkpt>
      <trkpt lat="24.49338848702609539031982421875" lon="118.1495128758251667022705078125">
        <ele>19.3999996185302734375</ele>
        <time>2026-07-09T10:02:21.000Z</time>
        <extensions>
          <ns3:TrackPointExtension>
            <ns3:atemp>31.0</ns3:atemp>
            <ns3:hr>129</ns3:hr>
          </ns3:TrackPointExtension>
        </extensions>
      </trkpt>
      <trkpt lat="24.493196122348308563232421875" lon="118.14950625412166118621826171875">
        <ele>19.6000003814697265625</ele>
        <time>2026-07-09T10:02:24.000Z</time>
        <extensions>
          <ns3:TrackPointExtension>
            <ns3:atemp>31.0</ns3:atemp>
            <ns3:hr>130</ns3:hr>
          </ns3:TrackPointExtension>
        </extensions>
      </trkpt>
      <trkpt lat="24.4930004887282848358154296875" lon="118.14949485473334789276123046875">
        <ele>19.6000003814697265625</ele>
        <time>2026-07-09T10:02:28.000Z</time>
        <extensions>
          <ns3:TrackPointExtension>
            <ns3:atemp>31.0</ns3:atemp>
            <ns3:hr>130</ns3:hr>
          </ns3:TrackPointExtension>
        </extensions>
      </trkpt>
      <trkpt lat="24.49287635274231433868408203125" lon="118.14946300350129604339599609375">
        <ele>19.6000003814697265625</ele>
        <time>2026-07-09T10:02:31.000Z</time>
        <extensions>
          <ns3:TrackPointExtension>
            <ns3:atemp>31.0</ns3:atemp>
            <ns3:hr>130</ns3:hr>
          </ns3:TrackPointExtension>
        </extensions>
      </trkpt>
      <trkpt lat="24.4927309267222881317138671875" lon="118.14945680089294910430908203125">
        <ele>19.3999996185302734375</ele>
        <time>2026-07-09T10:02:33.000Z</time>
        <extensions>
          <ns3:TrackPointExtension>
            <ns3:atemp>31.0</ns3:atemp>
            <ns3:hr>130</ns3:hr>
          </ns3:TrackPointExtension>
        </extensions>
      </trkpt>
      <trkpt lat="24.492634199559688568115234375" lon="118.149441294372081756591796875">
        <ele>19.6000003814697265625</ele>
        <time>2026-07-09T10:02:35.000Z</time>
        <extensions>
          <ns3:TrackPointExtension>
            <ns3:atemp>31.0</ns3:atemp>
            <ns3:hr>130</ns3:hr>
          </ns3:TrackPointExtension>
        </extensions>
      </trkpt>
      <trkpt lat="24.49243814684450626373291015625" lon="118.1494277156889438629150390625">
        <ele>19.799999237060546875</ele>
        <time>2026-07-09T10:02:39.000Z</time>
        <extensions>
          <ns3:TrackPointExtension>
            <ns3:atemp>31.0</ns3:atemp>
            <ns3:hr>128</ns3:hr>
          </ns3:TrackPointExtension>
        </extensions>
      </trkpt>
      <trkpt lat="24.49236338026821613311767578125" lon="118.14944758079946041107177734375">
        <ele>19.799999237060546875</ele>
        <time>2026-07-09T10:02:41.000Z</time>
        <extensions>
          <ns3:TrackPointExtension>
            <ns3:atemp>31.0</ns3:atemp>
            <ns3:hr>128</ns3:hr>
          </ns3:TrackPointExtension>
        </extensions>
      </trkpt>
      <trkpt lat="24.49228492565453052520751953125" lon="118.14942092634737491607666015625">
        <ele>19.799999237060546875</ele>
        <time>2026-07-09T10:02:43.000Z</time>
        <extensions>
          <ns3:TrackPointExtension>
            <ns3:atemp>31.0</ns3:atemp>
            <ns3:hr>128</ns3:hr>
          </ns3:TrackPointExtension>
        </extensions>
      </trkpt>
      <trkpt lat="24.49223153293132781982421875" lon="118.14939561299979686737060546875">
        <ele>20</ele>
        <time>2026-07-09T10:02:44.000Z</time>
        <extensions>
          <ns3:TrackPointExtension>
            <ns3:atemp>31.0</ns3:atemp>
            <ns3:hr>128</ns3:hr>
          </ns3:TrackPointExtension>
        </extensions>
      </trkpt>
      <trkpt lat="24.49202835559844970703125" lon="118.14935336820781230926513671875">
        <ele>19.799999237060546875</ele>
        <time>2026-07-09T10:02:48.000Z</time>
        <extensions>
          <ns3:TrackPointExtension>
            <ns3:atemp>31.0</ns3:atemp>
            <ns3:hr>128</ns3:hr>
          </ns3:TrackPointExtension>
        </extensions>
      </trkpt>
      <trkpt lat="24.491970352828502655029296875" lon="118.14933878369629383087158203125">
        <ele>18.200000762939453125</ele>
        <time>2026-07-09T10:02:49.000Z</time>
        <extensions>
          <ns3:TrackPointExtension>
            <ns3:atemp>31.0</ns3:atemp>
            <ns3:hr>128</ns3:hr>
          </ns3:TrackPointExtension>
        </extensions>
      </trkpt>
      <trkpt lat="24.491723589599132537841796875" lon="118.149256892502307891845703125">
        <ele>17.200000762939453125</ele>
        <time>2026-07-09T10:02:53.000Z</time>
        <extensions>
          <ns3:TrackPointExtension>
            <ns3:atemp>31.0</ns3:atemp>
            <ns3:hr>128</ns3:hr>
          </ns3:TrackPointExtension>
        </extensions>
      </trkpt>
      <trkpt lat="24.49156290851533412933349609375" lon="118.14918480813503265380859375">
        <ele>17</ele>
        <time>2026-07-09T10:02:56.000Z</time>
        <extensions>
          <ns3:TrackPointExtension>
            <ns3:atemp>31.0</ns3:atemp>
            <ns3:hr>128</ns3:hr>
          </ns3:TrackPointExtension>
        </extensions>
      </trkpt>
      <trkpt lat="24.49147255159914493560791015625" lon="118.14908816479146480560302734375">
        <ele>17.3999996185302734375</ele>
        <time>2026-07-09T10:02:58.000Z</time>
        <extensions>
          <ns3:TrackPointExtension>
            <ns3:atemp>31.0</ns3:atemp>
            <ns3:hr>128</ns3:hr>
          </ns3:TrackPointExtension>
        </extensions>
      </trkpt>
      <trkpt lat="24.49138856492936611175537109375" lon="118.148981630802154541015625">
        <ele>17.6000003814697265625</ele>
        <time>2026-07-09T10:03:00.000Z</time>
        <extensions>
          <ns3:TrackPointExtension>
            <ns3:atemp>31.0</ns3:atemp>
            <ns3:hr>127</ns3:hr>
          </ns3:TrackPointExtension>
        </extensions>
      </trkpt>
      <trkpt lat="24.4913562946021556854248046875" lon="118.14892605878412723541259765625">
        <ele>17.6000003814697265625</ele>
        <time>2026-07-09T10:03:01.000Z</time>
        <extensions>
          <ns3:TrackPointExtension>
            <ns3:atemp>31.0</ns3:atemp>
            <ns3:hr>127</ns3:hr>
          </ns3:TrackPointExtension>
        </extensions>
      </trkpt>
      <trkpt lat="24.49132628738880157470703125" lon="118.14887727610766887664794921875">
        <ele>17.6000003814697265625</ele>
        <time>2026-07-09T10:03:02.000Z</time>
        <extensions>
          <ns3:TrackPointExtension>
            <ns3:atemp>31.0</ns3:atemp>
            <ns3:hr>127</ns3:hr>
          </ns3:TrackPointExtension>
        </extensions>
      </trkpt>
      <trkpt lat="24.4912040792405605316162109375" lon="118.1487363763153553009033203125">
        <ele>17.799999237060546875</ele>
        <time>2026-07-09T10:03:05.000Z</time>
        <extensions>
          <ns3:TrackPointExtension>
            <ns3:atemp>31.0</ns3:atemp>
            <ns3:hr>130</ns3:hr>
          </ns3:TrackPointExtension>
        </extensions>
      </trkpt>
      <trkpt lat="24.49108664877712726593017578125" lon="118.14865507185459136962890625">
        <ele>17.799999237060546875</ele>
        <time>2026-07-09T10:03:07.000Z</time>
        <extensions>
          <ns3:TrackPointExtension>
            <ns3:atemp>31.0</ns3:atemp>
            <ns3:hr>130</ns3:hr>
          </ns3:TrackPointExtension>
        </extensions>
      </trkpt>
      <trkpt lat="24.490949101746082305908203125" lon="118.14859681762754917144775390625">
        <ele>18</ele>
        <time>2026-07-09T10:03:09.000Z</time>
        <extensions>
          <ns3:TrackPointExtension>
            <ns3:atemp>31.0</ns3:atemp>
            <ns3:hr>129</ns3:hr>
          </ns3:TrackPointExtension>
        </extensions>
      </trkpt>
      <trkpt lat="24.4909154064953327178955078125" lon="118.1485881842672824859619140625">
        <ele>18</ele>
        <time>2026-07-09T10:03:10.000Z</time>
        <extensions>
          <ns3:TrackPointExtension>
            <ns3:atemp>31.0</ns3:atemp>
            <ns3:hr>129</ns3:hr>
          </ns3:TrackPointExtension>
        </extensions>
      </trkpt>
      <trkpt lat="24.49080971069633960723876953125" lon="118.14854920841753482818603515625">
        <ele>18.200000762939453125</ele>
        <time>2026-07-09T10:03:12.000Z</time>
        <extensions>
          <ns3:TrackPointExtension>
            <ns3:atemp>31.0</ns3:atemp>
            <ns3:hr>129</ns3:hr>
          </ns3:TrackPointExtension>
        </extensions>
      </trkpt>
      <trkpt lat="24.49077350087463855743408203125" lon="118.14852942712604999542236328125">
        <ele>18.200000762939453125</ele>
        <time>2026-07-09T10:03:13.000Z</time>
        <extensions>
          <ns3:TrackPointExtension>
            <ns3:atemp>31.0</ns3:atemp>
            <ns3:hr>130</ns3:hr>
          </ns3:TrackPointExtension>
        </extensions>
      </trkpt>
      <trkpt lat="24.49071398936212062835693359375" lon="118.14850176684558391571044921875">
        <ele>18.200000762939453125</ele>
        <time>2026-07-09T10:03:15.000Z</time>
        <extensions>
          <ns3:TrackPointExtension>
            <ns3:atemp>31.0</ns3:atemp>
            <ns3:hr>129</ns3:hr>
          </ns3:TrackPointExtension>
        </extensions>
      </trkpt>
      <trkpt lat="24.4905201159417629241943359375" lon="118.14851517789065837860107421875">
        <ele>18.200000762939453125</ele>
        <time>2026-07-09T10:03:20.000Z</time>
        <extensions>
          <ns3:TrackPointExtension>
            <ns3:atemp>31.0</ns3:atemp>
            <ns3:hr>131</ns3:hr>
          </ns3:TrackPointExtension>
        </extensions>
      </trkpt>
      <trkpt lat="24.4903749413788318634033203125" lon="118.14861827529966831207275390625">
        <ele>18.3999996185302734375</ele>
        <time>2026-07-09T10:03:24.000Z</time>
        <extensions>
          <ns3:TrackPointExtension>
            <ns3:atemp>31.0</ns3:atemp>
            <ns3:hr>129</ns3:hr>
          </ns3:TrackPointExtension>
        </extensions>
      </trkpt>
      <trkpt lat="24.49033747427165508270263671875" lon="118.1486555747687816619873046875">
        <ele>18.3999996185302734375</ele>
        <time>2026-07-09T10:03:25.000Z</time>
        <extensions>
          <ns3:TrackPointExtension>
            <ns3:atemp>31.0</ns3:atemp>
            <ns3:hr>129</ns3:hr>
          </ns3:TrackPointExtension>
        </extensions>
      </trkpt>
      <trkpt lat="24.4902864284813404083251953125" lon="118.14868650399148464202880859375">
        <ele>18.3999996185302734375</ele>
        <time>2026-07-09T10:03:26.000Z</time>
        <extensions>
          <ns3:TrackPointExtension>
            <ns3:atemp>31.0</ns3:atemp>
            <ns3:hr>128</ns3:hr>
          </ns3:TrackPointExtension>
        </extensions>
      </trkpt>
      <trkpt lat="24.49019799940288066864013671875" lon="118.14872204326093196868896484375">
        <ele>17.6000003814697265625</ele>
        <time>2026-07-09T10:03:28.000Z</time>
        <extensions>
          <ns3:TrackPointExtension>
            <ns3:atemp>31.0</ns3:atemp>
            <ns3:hr>127</ns3:hr>
          </ns3:TrackPointExtension>
        </extensions>
      </trkpt>
      <trkpt lat="24.49008978903293609619140625" lon="118.148724474012851715087890625">
        <ele>17.200000762939453125</ele>
        <time>2026-07-09T10:03:30.000Z</time>
        <extensions>
          <ns3:TrackPointExtension>
            <ns3:atemp>31.0</ns3:atemp>
            <ns3:hr>126</ns3:hr>
          </ns3:TrackPointExtension>
        </extensions>
      </trkpt>
      <trkpt lat="24.4900460354983806610107421875" lon="118.1487035192549228668212890625">
        <ele>17.200000762939453125</ele>
        <time>2026-07-09T10:03:31.000Z</time>
        <extensions>
          <ns3:TrackPointExtension>
            <ns3:atemp>31.0</ns3:atemp>
            <ns3:hr>127</ns3:hr>
          </ns3:TrackPointExtension>
        </extensions>
      </trkpt>
      <trkpt lat="24.48990882374346256256103515625" lon="118.14863638021051883697509765625">
        <ele>17.200000762939453125</ele>
        <time>2026-07-09T10:03:34.000Z</time>
        <extensions>
          <ns3:TrackPointExtension>
            <ns3:atemp>31.0</ns3:atemp>
            <ns3:hr>127</ns3:hr>
          </ns3:TrackPointExtension>
        </extensions>
      </trkpt>
      <trkpt lat="24.489798434078693389892578125" lon="118.14855205826461315155029296875">
        <ele>17.200000762939453125</ele>
        <time>2026-07-09T10:03:37.000Z</time>
        <extensions>
          <ns3:TrackPointExtension>
            <ns3:atemp>31.0</ns3:atemp>
            <ns3:hr>127</ns3:hr>
          </ns3:TrackPointExtension>
        </extensions>
      </trkpt>
      <trkpt lat="24.489707909524440765380859375" lon="118.14851350151002407073974609375">
        <ele>17.3999996185302734375</ele>
        <time>2026-07-09T10:03:39.000Z</time>
        <extensions>
          <ns3:TrackPointExtension>
            <ns3:atemp>31.0</ns3:atemp>
            <ns3:hr>127</ns3:hr>
          </ns3:TrackPointExtension>
        </extensions>
      </trkpt>
      <trkpt lat="24.4896366633474826812744140625" lon="118.14846103079617023468017578125">
        <ele>17.6000003814697265625</ele>
        <time>2026-07-09T10:03:41.000Z</time>
        <extensions>
          <ns3:TrackPointExtension>
            <ns3:atemp>31.0</ns3:atemp>
            <ns3:hr>128</ns3:hr>
          </ns3:TrackPointExtension>
        </extensions>
      </trkpt>
      <trkpt lat="24.4895102642476558685302734375" lon="118.14839892089366912841796875">
        <ele>18</ele>
        <time>2026-07-09T10:03:44.000Z</time>
        <extensions>
          <ns3:TrackPointExtension>
            <ns3:atemp>31.0</ns3:atemp>
            <ns3:hr>129</ns3:hr>
          </ns3:TrackPointExtension>
        </extensions>
      </trkpt>
      <trkpt lat="24.489432983100414276123046875" lon="118.1483561731874942779541015625">
        <ele>18.200000762939453125</ele>
        <time>2026-07-09T10:03:46.000Z</time>
        <extensions>
          <ns3:TrackPointExtension>
            <ns3:atemp>31.0</ns3:atemp>
            <ns3:hr>130</ns3:hr>
          </ns3:TrackPointExtension>
        </extensions>
      </trkpt>
      <trkpt lat="24.4893590547144412994384765625" lon="118.14831309020519256591796875">
        <ele>18.3999996185302734375</ele>
        <time>2026-07-09T10:03:48.000Z</time>
        <extensions>
          <ns3:TrackPointExtension>
            <ns3:atemp>31.0</ns3:atemp>
            <ns3:hr>130</ns3:hr>
          </ns3:TrackPointExtension>
        </extensions>
      </trkpt>
      <trkpt lat="24.4892621599137783050537109375" lon="118.14823723398149013519287109375">
        <ele>18.6000003814697265625</ele>
        <time>2026-07-09T10:03:51.000Z</time>
        <extensions>
          <ns3:TrackPointExtension>
            <ns3:atemp>31.0</ns3:atemp>
            <ns3:hr>130</ns3:hr>
          </ns3:TrackPointExtension>
        </extensions>
      </trkpt>
      <trkpt lat="24.4891838729381561279296875" lon="118.14818627201020717620849609375">
        <ele>19.3999996185302734375</ele>
        <time>2026-07-09T10:03:54.000Z</time>
        <extensions>
          <ns3:TrackPointExtension>
            <ns3:atemp>31.0</ns3:atemp>
            <ns3:hr>131</ns3:hr>
          </ns3:TrackPointExtension>
        </extensions>
      </trkpt>
      <trkpt lat="24.48887248523533344268798828125" lon="118.14804897643625736236572265625">
        <ele>20.3999996185302734375</ele>
        <time>2026-07-09T10:04:01.000Z</time>
        <extensions>
          <ns3:TrackPointExtension>
            <ns3:atemp>31.0</ns3:atemp>
            <ns3:hr>131</ns3:hr>
          </ns3:TrackPointExtension>
        </extensions>
      </trkpt>
      <trkpt lat="24.48877139948308467864990234375" lon="118.14804084599018096923828125">
        <ele>20.6000003814697265625</ele>
        <time>2026-07-09T10:04:04.000Z</time>
        <extensions>
          <ns3:TrackPointExtension>
            <ns3:atemp>31.0</ns3:atemp>
            <ns3:hr>131</ns3:hr>
          </ns3:TrackPointExtension>
        </extensions>
      </trkpt>
      <trkpt lat="24.4885426573455333709716796875" lon="118.147963397204875946044921875">
        <ele>21.6000003814697265625</ele>
        <time>2026-07-09T10:04:10.000Z</time>
        <extensions>
          <ns3:TrackPointExtension>
            <ns3:atemp>31.0</ns3:atemp>
            <ns3:hr>131</ns3:hr>
          </ns3:TrackPointExtension>
        </extensions>
      </trkpt>
      <trkpt lat="24.4883267395198345184326171875" lon="118.14789525233209133148193359375">
        <ele>22.3999996185302734375</ele>
        <time>2026-07-09T10:04:15.000Z</time>
        <extensions>
          <ns3:TrackPointExtension>
            <ns3:atemp>31.0</ns3:atemp>
            <ns3:hr>132</ns3:hr>
          </ns3:TrackPointExtension>
        </extensions>
      </trkpt>
      <trkpt lat="24.48802356608211994171142578125" lon="118.14779617823660373687744140625">
        <ele>22.200000762939453125</ele>
        <time>2026-07-09T10:04:23.000Z</time>
        <extensions>
          <ns3:TrackPointExtension>
            <ns3:atemp>31.0</ns3:atemp>
            <ns3:hr>133</ns3:hr>
          </ns3:TrackPointExtension>
        </extensions>
      </trkpt>
      <trkpt lat="24.4879458658397197723388671875" lon="118.1477811746299266815185546875">
        <ele>22.799999237060546875</ele>
        <time>2026-07-09T10:04:25.000Z</time>
        <extensions>
          <ns3:TrackPointExtension>
            <ns3:atemp>31.0</ns3:atemp>
            <ns3:hr>134</ns3:hr>
          </ns3:TrackPointExtension>
        </extensions>
      </trkpt>
      <trkpt lat="24.48780094273388385772705078125" lon="118.1477385945618152618408203125">
        <ele>23.200000762939453125</ele>
        <time>2026-07-09T10:04:29.000Z</time>
        <extensions>
          <ns3:TrackPointExtension>
            <ns3:atemp>31.0</ns3:atemp>
            <ns3:hr>133</ns3:hr>
          </ns3:TrackPointExtension>
        </extensions>
      </trkpt>
      <trkpt lat="24.4875240884721279144287109375" lon="118.14772577024996280670166015625">
        <ele>23.3999996185302734375</ele>
        <time>2026-07-09T10:04:35.000Z</time>
        <extensions>
          <ns3:TrackPointExtension>
            <ns3:atemp>31.0</ns3:atemp>
            <ns3:hr>134</ns3:hr>
          </ns3:TrackPointExtension>
        </extensions>
      </trkpt>
      <trkpt lat="24.4872937537729740142822265625" lon="118.14789089374244213104248046875">
        <ele>24</ele>
        <time>2026-07-09T10:04:41.000Z</time>
        <extensions>
          <ns3:TrackPointExtension>
            <ns3:atemp>31.0</ns3:atemp>
            <ns3:hr>134</ns3:hr>
          </ns3:TrackPointExtension>
        </extensions>
      </trkpt>
      <trkpt lat="24.48725192807614803314208984375" lon="118.14793230034410953521728515625">
        <ele>24.6000003814697265625</ele>
        <time>2026-07-09T10:04:42.000Z</time>
        <extensions>
          <ns3:TrackPointExtension>
            <ns3:atemp>31.0</ns3:atemp>
            <ns3:hr>134</ns3:hr>
          </ns3:TrackPointExtension>
        </extensions>
      </trkpt>
      <trkpt lat="24.48722477070987224578857421875" lon="118.14797001890838146209716796875">
        <ele>25.200000762939453125</ele>
        <time>2026-07-09T10:04:43.000Z</time>
        <extensions>
          <ns3:TrackPointExtension>
            <ns3:atemp>31.0</ns3:atemp>
            <ns3:hr>134</ns3:hr>
          </ns3:TrackPointExtension>
        </extensions>
      </trkpt>
      <trkpt lat="24.4870909117162227630615234375" lon="118.14807194285094738006591796875">
        <ele>25.6000003814697265625</ele>
        <time>2026-07-09T10:04:47.000Z</time>
        <extensions>
          <ns3:TrackPointExtension>
            <ns3:atemp>31.0</ns3:atemp>
            <ns3:hr>134</ns3:hr>
          </ns3:TrackPointExtension>
        </extensions>
      </trkpt>
      <trkpt lat="24.48689720593392848968505859375" lon="118.14809356816112995147705078125">
        <ele>26</ele>
        <time>2026-07-09T10:04:53.000Z</time>
        <extensions>
          <ns3:TrackPointExtension>
            <ns3:atemp>31.0</ns3:atemp>
            <ns3:hr>135</ns3:hr>
          </ns3:TrackPointExtension>
        </extensions>
      </trkpt>
      <trkpt lat="24.48687273077666759490966796875" lon="118.14805769361555576324462890625">
        <ele>26.200000762939453125</ele>
        <time>2026-07-09T10:04:54.000Z</time>
        <extensions>
          <ns3:TrackPointExtension>
            <ns3:atemp>31.0</ns3:atemp>
            <ns3:hr>135</ns3:hr>
          </ns3:TrackPointExtension>
        </extensions>
      </trkpt>
      <trkpt lat="24.48688547126948833465576171875" lon="118.1479863636195659637451171875">
        <ele>27</ele>
        <time>2026-07-09T10:04:56.000Z</time>
        <extensions>
          <ns3:TrackPointExtension>
            <ns3:atemp>31.0</ns3:atemp>
            <ns3:hr>135</ns3:hr>
          </ns3:TrackPointExtension>
        </extensions>
      </trkpt>
      <trkpt lat="24.486898295581340789794921875" lon="118.147962391376495361328125">
        <ele>27.3999996185302734375</ele>
        <time>2026-07-09T10:04:57.000Z</time>
        <extensions>
          <ns3:TrackPointExtension>
            <ns3:atemp>31.0</ns3:atemp>
            <ns3:hr>134</ns3:hr>
          </ns3:TrackPointExtension>
        </extensions>
      </trkpt>
      <trkpt lat="24.48694230057299137115478515625" lon="118.14777069725096225738525390625">
        <ele>28</ele>
        <time>2026-07-09T10:05:02.000Z</time>
        <extensions>
          <ns3:TrackPointExtension>
            <ns3:atemp>31.0</ns3:atemp>
            <ns3:hr>136</ns3:hr>
          </ns3:TrackPointExtension>
        </extensions>
      </trkpt>
      <trkpt lat="24.4869474135339260101318359375" lon="118.1475568749010562896728515625">
        <ele>27.200000762939453125</ele>
        <time>2026-07-09T10:05:07.000Z</time>
        <extensions>
          <ns3:TrackPointExtension>
            <ns3:atemp>31.0</ns3:atemp>
            <ns3:hr>136</ns3:hr>
          </ns3:TrackPointExtension>
        </extensions>
      </trkpt>
      <trkpt lat="24.48692402802407741546630859375" lon="118.1475350819528102874755859375">
        <ele>27</ele>
        <time>2026-07-09T10:05:09.000Z</time>
        <extensions>
          <ns3:TrackPointExtension>
            <ns3:atemp>31.0</ns3:atemp>
            <ns3:hr>136</ns3:hr>
          </ns3:TrackPointExtension>
        </extensions>
      </trkpt>
      <trkpt lat="24.48691514320671558380126953125" lon="118.14755176194012165069580078125">
        <ele>27</ele>
        <time>2026-07-09T10:05:10.000Z</time>
        <extensions>
          <ns3:TrackPointExtension>
            <ns3:atemp>31.0</ns3:atemp>
            <ns3:hr>137</ns3:hr>
          </ns3:TrackPointExtension>
        </extensions>
      </trkpt>
      <trkpt lat="24.48691111989319324493408203125" lon="118.1475106067955493927001953125">
        <ele>27</ele>
        <time>2026-07-09T10:05:13.000Z</time>
        <extensions>
          <ns3:TrackPointExtension>
            <ns3:atemp>31.0</ns3:atemp>
            <ns3:hr>137</ns3:hr>
          </ns3:TrackPointExtension>
        </extensions>
      </trkpt>
      <trkpt lat="24.48691430501639842987060546875" lon="118.14752359874546527862548828125">
        <ele>27.200000762939453125</ele>
        <time>2026-07-09T10:05:17.000Z</time>
        <extensions>
          <ns3:TrackPointExtension>
            <ns3:atemp>31.0</ns3:atemp>
            <ns3:hr>136</ns3:hr>
          </ns3:TrackPointExtension>
        </extensions>
      </trkpt>
      <trkpt lat="24.48688698001205921173095703125" lon="118.1475075893104076385498046875">
        <ele>27</ele>
        <time>2026-07-09T10:05:24.000Z</time>
        <extensions>
          <ns3:TrackPointExtension>
            <ns3:atemp>31.0</ns3:atemp>
            <ns3:hr>135</ns3:hr>
          </ns3:TrackPointExtension>
        </extensions>
      </trkpt>
      <trkpt lat="24.48687390424311161041259765625" lon="118.14750096760690212249755859375">
        <ele>26.799999237060546875</ele>
        <time>2026-07-09T10:05:25.000Z</time>
        <extensions>
          <ns3:TrackPointExtension>
            <ns3:atemp>31.0</ns3:atemp>
            <ns3:hr>135</ns3:hr>
          </ns3:TrackPointExtension>
        </extensions>
      </trkpt>
      <trkpt lat="24.4868535362184047698974609375" lon="118.1474925018846988677978515625">
        <ele>26.3999996185302734375</ele>
        <time>2026-07-09T10:05:27.000Z</time>
        <extensions>
          <ns3:TrackPointExtension>
            <ns3:atemp>31.0</ns3:atemp>
            <ns3:hr>135</ns3:hr>
          </ns3:TrackPointExtension>
        </extensions>
      </trkpt>
      <trkpt lat="24.48681925423443317413330078125" lon="118.14747850410640239715576171875">
        <ele>25.200000762939453125</ele>
        <time>2026-07-09T10:05:30.000Z</time>
        <extensions>
          <ns3:TrackPointExtension>
            <ns3:atemp>31.0</ns3:atemp>
            <ns3:hr>136</ns3:hr>
          </ns3:TrackPointExtension>
        </extensions>
      </trkpt>
      <trkpt lat="24.48678354732692241668701171875" lon="118.14746978692710399627685546875">
        <ele>24</ele>
        <time>2026-07-09T10:05:33.000Z</time>
        <extensions>
          <ns3:TrackPointExtension>
            <ns3:atemp>31.0</ns3:atemp>
            <ns3:hr>136</ns3:hr>
          </ns3:TrackPointExtension>
        </extensions>
      </trkpt>
      <trkpt lat="24.48675186373293399810791015625" lon="118.14746827818453311920166015625">
        <ele>23.6000003814697265625</ele>
        <time>2026-07-09T10:05:35.000Z</time>
        <extensions>
          <ns3:TrackPointExtension>
            <ns3:atemp>31.0</ns3:atemp>
            <ns3:hr>136</ns3:hr>
          </ns3:TrackPointExtension>
        </extensions>
      </trkpt>
      <trkpt lat="24.486752450466156005859375" lon="118.14746827818453311920166015625">
        <ele>22.799999237060546875</ele>
        <time>2026-07-09T10:05:38.000Z</time>
        <extensions>
          <ns3:TrackPointExtension>
            <ns3:atemp>31.0</ns3:atemp>
            <ns3:hr>134</ns3:hr>
          </ns3:TrackPointExtension>
        </extensions>
      </trkpt>
      <trkpt lat="24.486770890653133392333984375" lon="118.14747582189738750457763671875">
        <ele>22.6000003814697265625</ele>
        <time>2026-07-09T10:05:42.000Z</time>
        <extensions>
          <ns3:TrackPointExtension>
            <ns3:atemp>31.0</ns3:atemp>
            <ns3:hr>134</ns3:hr>
          </ns3:TrackPointExtension>
        </extensions>
      </trkpt>
      <trkpt lat="24.486795701086521148681640625" lon="118.1474787555634975433349609375">
        <ele>22.6000003814697265625</ele>
        <time>2026-07-09T10:05:44.000Z</time>
        <extensions>
          <ns3:TrackPointExtension>
            <ns3:atemp>31.0</ns3:atemp>
            <ns3:hr>135</ns3:hr>
          </ns3:TrackPointExtension>
        </extensions>
      </trkpt>
      <trkpt lat="24.4868624210357666015625" lon="118.14750842750072479248046875">
        <ele>22.3999996185302734375</ele>
        <time>2026-07-09T10:05:47.000Z</time>
        <extensions>
          <ns3:TrackPointExtension>
            <ns3:atemp>31.0</ns3:atemp>
            <ns3:hr>134</ns3:hr>
          </ns3:TrackPointExtension>
        </extensions>
      </trkpt>
      <trkpt lat="24.48689385317265987396240234375" lon="118.1475092656910419464111328125">
        <ele>21.6000003814697265625</ele>
        <time>2026-07-09T10:05:50.000Z</time>
        <extensions>
          <ns3:TrackPointExtension>
            <ns3:atemp>31.0</ns3:atemp>
            <ns3:hr>133</ns3:hr>
          </ns3:TrackPointExtension>
        </extensions>
      </trkpt>
      <trkpt lat="24.48694984428584575653076171875" lon="118.1475173123180866241455078125">
        <ele>21.6000003814697265625</ele>
        <time>2026-07-09T10:05:52.000Z</time>
        <extensions>
          <ns3:TrackPointExtension>
            <ns3:atemp>31.0</ns3:atemp>
            <ns3:hr>133</ns3:hr>
          </ns3:TrackPointExtension>
        </extensions>
      </trkpt>
      <trkpt lat="24.487119577825069427490234375" lon="118.14753793179988861083984375">
        <ele>20</ele>
        <time>2026-07-09T10:05:55.000Z</time>
        <extensions>
          <ns3:TrackPointExtension>
            <ns3:atemp>31.0</ns3:atemp>
            <ns3:hr>132</ns3:hr>
          </ns3:TrackPointExtension>
        </extensions>
      </trkpt>
      <trkpt lat="24.48717783205211162567138671875" lon="118.14753717742860317230224609375">
        <ele>19.200000762939453125</ele>
        <time>2026-07-09T10:05:56.000Z</time>
        <extensions>
          <ns3:TrackPointExtension>
            <ns3:atemp>31.0</ns3:atemp>
            <ns3:hr>132</ns3:hr>
          </ns3:TrackPointExtension>
        </extensions>
      </trkpt>
      <trkpt lat="24.48724639602005481719970703125" lon="118.1475347466766834259033203125">
        <ele>19</ele>
        <time>2026-07-09T10:05:57.000Z</time>
        <extensions>
          <ns3:TrackPointExtension>
            <ns3:atemp>31.0</ns3:atemp>
            <ns3:hr>132</ns3:hr>
          </ns3:TrackPointExtension>
        </extensions>
      </trkpt>
      <trkpt lat="24.48730423115193843841552734375" lon="118.1475444696843624114990234375">
        <ele>18.3999996185302734375</ele>
        <time>2026-07-09T10:05:58.000Z</time>
        <extensions>
          <ns3:TrackPointExtension>
            <ns3:atemp>31.0</ns3:atemp>
            <ns3:hr>132</ns3:hr>
          </ns3:TrackPointExtension>
        </extensions>
      </trkpt>
      <trkpt lat="24.48744781315326690673828125" lon="118.1475722976028919219970703125">
        <ele>18.200000762939453125</ele>
        <time>2026-07-09T10:06:01.000Z</time>
        <extensions>
          <ns3:TrackPointExtension>
            <ns3:atemp>31.0</ns3:atemp>
            <ns3:hr>131</ns3:hr>
          </ns3:TrackPointExtension>
        </extensions>
      </trkpt>
      <trkpt lat="24.48754261247813701629638671875" lon="118.14757992513477802276611328125">
        <ele>18.200000762939453125</ele>
        <time>2026-07-09T10:06:03.000Z</time>
        <extensions>
          <ns3:TrackPointExtension>
            <ns3:atemp>31.0</ns3:atemp>
            <ns3:hr>129</ns3:hr>
          </ns3:TrackPointExtension>
        </extensions>
      </trkpt>
      <trkpt lat="24.4876048900187015533447265625" lon="118.147574476897716522216796875">
        <ele>18.3999996185302734375</ele>
        <time>2026-07-09T10:06:05.000Z</time>
        <extensions>
          <ns3:TrackPointExtension>
            <ns3:atemp>31.0</ns3:atemp>
            <ns3:hr>128</ns3:hr>
          </ns3:TrackPointExtension>
        </extensions>
      </trkpt>
      <trkpt lat="24.48763581924140453338623046875" lon="118.14754975028336048126220703125">
        <ele>18.3999996185302734375</ele>
        <time>2026-07-09T10:06:06.000Z</time>
        <extensions>
          <ns3:TrackPointExtension>
            <ns3:atemp>31.0</ns3:atemp>
            <ns3:hr>129</ns3:hr>
          </ns3:TrackPointExtension>
        </extensions>
      </trkpt>
      <trkpt lat="24.48771762661635875701904296875" lon="118.1474593095481395721435546875">
        <ele>18.6000003814697265625</ele>
        <time>2026-07-09T10:06:09.000Z</time>
        <extensions>
          <ns3:TrackPointExtension>
            <ns3:atemp>31.0</ns3:atemp>
            <ns3:hr>129</ns3:hr>
          </ns3:TrackPointExtension>
        </extensions>
      </trkpt>
      <trkpt lat="24.48784335516393184661865234375" lon="118.1472956947982311248779296875">
        <ele>19.3999996185302734375</ele>
        <time>2026-07-09T10:06:15.000Z</time>
        <extensions>
          <ns3:TrackPointExtension>
            <ns3:atemp>31.0</ns3:atemp>
            <ns3:hr>126</ns3:hr>
          </ns3:TrackPointExtension>
        </extensions>
      </trkpt>
      <trkpt lat="24.48786548338830471038818359375" lon="118.1472628377377986907958984375">
        <ele>19.3999996185302734375</ele>
        <time>2026-07-09T10:06:16.000Z</time>
        <extensions>
          <ns3:TrackPointExtension>
            <ns3:atemp>31.0</ns3:atemp>
            <ns3:hr>126</ns3:hr>
          </ns3:TrackPointExtension>
        </extensions>
      </trkpt>
      <trkpt lat="24.48804133571684360504150390625" lon="118.1469825468957424163818359375">
        <ele>19.6000003814697265625</ele>
        <time>2026-07-09T10:06:23.000Z</time>
        <extensions>
          <ns3:TrackPointExtension>
            <ns3:atemp>31.0</ns3:atemp>
            <ns3:hr>126</ns3:hr>
          </ns3:TrackPointExtension>
        </extensions>
      </trkpt>
      <trkpt lat="24.4881423376500606536865234375" lon="118.1468165852129459381103515625">
        <ele>20</ele>
        <time>2026-07-09T10:06:27.000Z</time>
        <extensions>
          <ns3:TrackPointExtension>
            <ns3:atemp>31.0</ns3:atemp>
            <ns3:hr>125</ns3:hr>
          </ns3:TrackPointExtension>
        </extensions>
      </trkpt>
      <trkpt lat="24.488244764506816864013671875" lon="118.14665657468140125274658203125">
        <ele>20</ele>
        <time>2026-07-09T10:06:31.000Z</time>
        <extensions>
          <ns3:TrackPointExtension>
            <ns3:atemp>31.0</ns3:atemp>
            <ns3:hr>125</ns3:hr>
          </ns3:TrackPointExtension>
        </extensions>
      </trkpt>
      <trkpt lat="24.48843344114720821380615234375" lon="118.146347366273403167724609375">
        <ele>20</ele>
        <time>2026-07-09T10:06:38.000Z</time>
        <extensions>
          <ns3:TrackPointExtension>
            <ns3:atemp>31.0</ns3:atemp>
            <ns3:hr>126</ns3:hr>
          </ns3:TrackPointExtension>
        </extensions>
      </trkpt>
      <trkpt lat="24.48851306922733783721923828125" lon="118.1462043710052967071533203125">
        <ele>20.200000762939453125</ele>
        <time>2026-07-09T10:06:41.000Z</time>
        <extensions>
          <ns3:TrackPointExtension>
            <ns3:atemp>31.0</ns3:atemp>
            <ns3:hr>126</ns3:hr>
          </ns3:TrackPointExtension>
        </extensions>
      </trkpt>
      <trkpt lat="24.4886083714663982391357421875" lon="118.1459696777164936065673828125">
        <ele>20.3999996185302734375</ele>
        <time>2026-07-09T10:06:47.000Z</time>
        <extensions>
          <ns3:TrackPointExtension>
            <ns3:atemp>31.0</ns3:atemp>
            <ns3:hr>124</ns3:hr>
          </ns3:TrackPointExtension>
        </extensions>
      </trkpt>
      <trkpt lat="24.488643072545528411865234375" lon="118.145893402397632598876953125">
        <ele>20.3999996185302734375</ele>
        <time>2026-07-09T10:06:49.000Z</time>
        <extensions>
          <ns3:TrackPointExtension>
            <ns3:atemp>31.0</ns3:atemp>
            <ns3:hr>124</ns3:hr>
          </ns3:TrackPointExtension>
        </extensions>
      </trkpt>
      <trkpt lat="24.4887176714837551116943359375" lon="118.1456555239856243133544921875">
        <ele>20.3999996185302734375</ele>
        <time>2026-07-09T10:06:54.000Z</time>
        <extensions>
          <ns3:TrackPointExtension>
            <ns3:atemp>31.0</ns3:atemp>
            <ns3:hr>123</ns3:hr>
          </ns3:TrackPointExtension>
        </extensions>
      </trkpt>
      <trkpt lat="24.48875530622899532318115234375" lon="118.14540515653789043426513671875">
        <ele>20.799999237060546875</ele>
        <time>2026-07-09T10:06:59.000Z</time>
        <extensions>
          <ns3:TrackPointExtension>
            <ns3:atemp>31.0</ns3:atemp>
            <ns3:hr>124</ns3:hr>
          </ns3:TrackPointExtension>
        </extensions>
      </trkpt>
      <trkpt lat="24.488760419189929962158203125" lon="118.1453655101358890533447265625">
        <ele>20.799999237060546875</ele>
        <time>2026-07-09T10:07:00.000Z</time>
        <extensions>
          <ns3:TrackPointExtension>
            <ns3:atemp>31.0</ns3:atemp>
            <ns3:hr>124</ns3:hr>
          </ns3:TrackPointExtension>
        </extensions>
      </trkpt>
      <trkpt lat="24.48877408169209957122802734375" lon="118.1452525220811367034912109375">
        <ele>21</ele>
        <time>2026-07-09T10:07:02.000Z</time>
        <extensions>
          <ns3:TrackPointExtension>
            <ns3:atemp>31.0</ns3:atemp>
            <ns3:hr>125</ns3:hr>
          </ns3:TrackPointExtension>
        </extensions>
      </trkpt>
      <trkpt lat="24.4887739978730678558349609375" lon="118.14519762061536312103271484375">
        <ele>21</ele>
        <time>2026-07-09T10:07:03.000Z</time>
        <extensions>
          <ns3:TrackPointExtension>
            <ns3:atemp>31.0</ns3:atemp>
            <ns3:hr>125</ns3:hr>
          </ns3:TrackPointExtension>
        </extensions>
      </trkpt>
      <trkpt lat="24.4887709803879261016845703125" lon="118.14502294175326824188232421875">
        <ele>21.200000762939453125</ele>
        <time>2026-07-09T10:07:06.000Z</time>
        <extensions>
          <ns3:TrackPointExtension>
            <ns3:atemp>31.0</ns3:atemp>
            <ns3:hr>125</ns3:hr>
          </ns3:TrackPointExtension>
        </extensions>
      </trkpt>
      <trkpt lat="24.48877818882465362548828125" lon="118.14497902058064937591552734375">
        <ele>21.200000762939453125</ele>
        <time>2026-07-09T10:07:07.000Z</time>
        <extensions>
          <ns3:TrackPointExtension>
            <ns3:atemp>31.0</ns3:atemp>
            <ns3:hr>126</ns3:hr>
          </ns3:TrackPointExtension>
        </extensions>
      </trkpt>
      <trkpt lat="24.48878598399460315704345703125" lon="118.1447308324277400970458984375">
        <ele>21.3999996185302734375</ele>
        <time>2026-07-09T10:07:11.000Z</time>
        <extensions>
          <ns3:TrackPointExtension>
            <ns3:atemp>31.0</ns3:atemp>
            <ns3:hr>126</ns3:hr>
          </ns3:TrackPointExtension>
        </extensions>
      </trkpt>
      <trkpt lat="24.488780535757541656494140625" lon="118.14443268813192844390869140625">
        <ele>22</ele>
        <time>2026-07-09T10:07:16.000Z</time>
        <extensions>
          <ns3:TrackPointExtension>
            <ns3:atemp>31.0</ns3:atemp>
            <ns3:hr>125</ns3:hr>
          </ns3:TrackPointExtension>
        </extensions>
      </trkpt>
      <trkpt lat="24.4887877441942691802978515625" lon="118.14432053826749324798583984375">
        <ele>22.200000762939453125</ele>
        <time>2026-07-09T10:07:18.000Z</time>
        <extensions>
          <ns3:TrackPointExtension>
            <ns3:atemp>31.0</ns3:atemp>
            <ns3:hr>125</ns3:hr>
          </ns3:TrackPointExtension>
        </extensions>
      </trkpt>
      <trkpt lat="24.48877726681530475616455078125" lon="118.1440063007175922393798828125">
        <ele>22.200000762939453125</ele>
        <time>2026-07-09T10:07:24.000Z</time>
        <extensions>
          <ns3:TrackPointExtension>
            <ns3:atemp>31.0</ns3:atemp>
            <ns3:hr>124</ns3:hr>
          </ns3:TrackPointExtension>
        </extensions>
      </trkpt>
      <trkpt lat="24.48879302479326725006103515625" lon="118.14395206980407238006591796875">
        <ele>22</ele>
        <time>2026-07-09T10:07:25.000Z</time>
        <extensions>
          <ns3:TrackPointExtension>
            <ns3:atemp>31.0</ns3:atemp>
            <ns3:hr>124</ns3:hr>
          </ns3:TrackPointExtension>
        </extensions>
      </trkpt>
      <trkpt lat="24.48880090378224849700927734375" lon="118.14360723830759525299072265625">
        <ele>22</ele>
        <time>2026-07-09T10:07:31.000Z</time>
        <extensions>
          <ns3:TrackPointExtension>
            <ns3:atemp>31.0</ns3:atemp>
            <ns3:hr>124</ns3:hr>
          </ns3:TrackPointExtension>
        </extensions>
      </trkpt>
      <trkpt lat="24.48879922740161418914794921875" lon="118.14352073706686496734619140625">
        <ele>21.799999237060546875</ele>
        <time>2026-07-09T10:07:33.000Z</time>
        <extensions>
          <ns3:TrackPointExtension>
            <ns3:atemp>31.0</ns3:atemp>
            <ns3:hr>124</ns3:hr>
          </ns3:TrackPointExtension>
        </extensions>
      </trkpt>
      <trkpt lat="24.48879428207874298095703125" lon="118.1432475708425045013427734375">
        <ele>21.6000003814697265625</ele>
        <time>2026-07-09T10:07:39.000Z</time>
        <extensions>
          <ns3:TrackPointExtension>
            <ns3:atemp>31.0</ns3:atemp>
            <ns3:hr>123</ns3:hr>
          </ns3:TrackPointExtension>
        </extensions>
      </trkpt>
      <trkpt lat="24.488808028399944305419921875" lon="118.14320750534534454345703125">
        <ele>21.6000003814697265625</ele>
        <time>2026-07-09T10:07:40.000Z</time>
        <extensions>
          <ns3:TrackPointExtension>
            <ns3:atemp>31.0</ns3:atemp>
            <ns3:hr>123</ns3:hr>
          </ns3:TrackPointExtension>
        </extensions>
      </trkpt>
      <trkpt lat="24.48877550661563873291015625" lon="118.14309887588024139404296875">
        <ele>21.3999996185302734375</ele>
        <time>2026-07-09T10:07:42.000Z</time>
        <extensions>
          <ns3:TrackPointExtension>
            <ns3:atemp>31.0</ns3:atemp>
            <ns3:hr>125</ns3:hr>
          </ns3:TrackPointExtension>
        </extensions>
      </trkpt>
      <trkpt lat="24.48877357877790927886962890625" lon="118.14299854449927806854248046875">
        <ele>21.3999996185302734375</ele>
        <time>2026-07-09T10:07:44.000Z</time>
        <extensions>
          <ns3:TrackPointExtension>
            <ns3:atemp>31.0</ns3:atemp>
            <ns3:hr>128</ns3:hr>
          </ns3:TrackPointExtension>
        </extensions>
      </trkpt>
      <trkpt lat="24.4887786917388439178466796875" lon="118.14290232025086879730224609375">
        <ele>21.6000003814697265625</ele>
        <time>2026-07-09T10:07:46.000Z</time>
        <extensions>
          <ns3:TrackPointExtension>
            <ns3:atemp>31.0</ns3:atemp>
            <ns3:hr>131</ns3:hr>
          </ns3:TrackPointExtension>
        </extensions>
      </trkpt>
      <trkpt lat="24.48876502923667430877685546875" lon="118.14283912070095539093017578125">
        <ele>21.799999237060546875</ele>
        <time>2026-07-09T10:07:47.000Z</time>
        <extensions>
          <ns3:TrackPointExtension>
            <ns3:atemp>31.0</ns3:atemp>
            <ns3:hr>133</ns3:hr>
          </ns3:TrackPointExtension>
        </extensions>
      </trkpt>
      <trkpt lat="24.48875715024769306182861328125" lon="118.14272378571331501007080078125">
        <ele>21.799999237060546875</ele>
        <time>2026-07-09T10:07:49.000Z</time>
        <extensions>
          <ns3:TrackPointExtension>
            <ns3:atemp>31.0</ns3:atemp>
            <ns3:hr>136</ns3:hr>
          </ns3:TrackPointExtension>
        </extensions>
      </trkpt>
      <trkpt lat="24.48872513137757778167724609375" lon="118.1424915231764316558837890625">
        <ele>22</ele>
        <time>2026-07-09T10:07:53.000Z</time>
        <extensions>
          <ns3:TrackPointExtension>
            <ns3:atemp>31.0</ns3:atemp>
            <ns3:hr>136</ns3:hr>
          </ns3:TrackPointExtension>
        </extensions>
      </trkpt>
      <trkpt lat="24.48874826543033123016357421875" lon="118.1424395553767681121826171875">
        <ele>22.200000762939453125</ele>
        <time>2026-07-09T10:07:54.000Z</time>
        <extensions>
          <ns3:TrackPointExtension>
            <ns3:atemp>31.0</ns3:atemp>
            <ns3:hr>135</ns3:hr>
          </ns3:TrackPointExtension>
        </extensions>
      </trkpt>
      <trkpt lat="24.488795287907123565673828125" lon="118.1423981487751007080078125">
        <ele>22.6000003814697265625</ele>
        <time>2026-07-09T10:07:55.000Z</time>
        <extensions>
          <ns3:TrackPointExtension>
            <ns3:atemp>31.0</ns3:atemp>
            <ns3:hr>135</ns3:hr>
          </ns3:TrackPointExtension>
        </extensions>
      </trkpt>
      <trkpt lat="24.48888287879526615142822265625" lon="118.142340481281280517578125">
        <ele>23</ele>
        <time>2026-07-09T10:07:57.000Z</time>
        <extensions>
          <ns3:TrackPointExtension>
            <ns3:atemp>31.0</ns3:atemp>
            <ns3:hr>130</ns3:hr>
          </ns3:TrackPointExtension>
        </extensions>
      </trkpt>
      <trkpt lat="24.48891908861696720123291015625" lon="118.14232748933136463165283203125">
        <ele>23.200000762939453125</ele>
        <time>2026-07-09T10:07:58.000Z</time>
        <extensions>
          <ns3:TrackPointExtension>
            <ns3:atemp>31.0</ns3:atemp>
            <ns3:hr>128</ns3:hr>
          </ns3:TrackPointExtension>
        </extensions>
      </trkpt>
      <trkpt lat="24.48896971531212329864501953125" lon="118.14231474883854389190673828125">
        <ele>23.200000762939453125</ele>
        <time>2026-07-09T10:07:59.000Z</time>
        <extensions>
          <ns3:TrackPointExtension>
            <ns3:atemp>31.0</ns3:atemp>
            <ns3:hr>127</ns3:hr>
          </ns3:TrackPointExtension>
        </extensions>
      </trkpt>
      <trkpt lat="24.48900483548641204833984375" lon="118.14232447184622287750244140625">
        <ele>23.200000762939453125</ele>
        <time>2026-07-09T10:08:00.000Z</time>
        <extensions>
          <ns3:TrackPointExtension>
            <ns3:atemp>31.0</ns3:atemp>
            <ns3:hr>126</ns3:hr>
          </ns3:TrackPointExtension>
        </extensions>
      </trkpt>
      <trkpt lat="24.48905101977288722991943359375" lon="118.14233469776809215545654296875">
        <ele>23.200000762939453125</ele>
        <time>2026-07-09T10:08:01.000Z</time>
        <extensions>
          <ns3:TrackPointExtension>
            <ns3:atemp>31.0</ns3:atemp>
            <ns3:hr>125</ns3:hr>
          </ns3:TrackPointExtension>
        </extensions>
      </trkpt>
      <trkpt lat="24.48933348990976810455322265625" lon="118.1423725001513957977294921875">
        <ele>22.6000003814697265625</ele>
        <time>2026-07-09T10:08:06.000Z</time>
        <extensions>
          <ns3:TrackPointExtension>
            <ns3:atemp>31.0</ns3:atemp>
            <ns3:hr>125</ns3:hr>
          </ns3:TrackPointExtension>
        </extensions>
      </trkpt>
      <trkpt lat="24.48962165974080562591552734375" lon="118.14241114072501659393310546875">
        <ele>22.200000762939453125</ele>
        <time>2026-07-09T10:08:11.000Z</time>
        <extensions>
          <ns3:TrackPointExtension>
            <ns3:atemp>31.0</ns3:atemp>
            <ns3:hr>125</ns3:hr>
          </ns3:TrackPointExtension>
        </extensions>
      </trkpt>
      <trkpt lat="24.4897362403571605682373046875" lon="118.14242455177009105682373046875">
        <ele>22.200000762939453125</ele>
        <time>2026-07-09T10:08:13.000Z</time>
        <extensions>
          <ns3:TrackPointExtension>
            <ns3:atemp>31.0</ns3:atemp>
            <ns3:hr>125</ns3:hr>
          </ns3:TrackPointExtension>
        </extensions>
      </trkpt>
      <trkpt lat="24.4900631345808506011962890625" lon="118.14246981404721736907958984375">
        <ele>21.3999996185302734375</ele>
        <time>2026-07-09T10:08:19.000Z</time>
        <extensions>
          <ns3:TrackPointExtension>
            <ns3:atemp>31.0</ns3:atemp>
            <ns3:hr>122</ns3:hr>
          </ns3:TrackPointExtension>
        </extensions>
      </trkpt>
      <trkpt lat="24.49011803604662418365478515625" lon="118.14247928559780120849609375">
        <ele>21</ele>
        <time>2026-07-09T10:08:20.000Z</time>
        <extensions>
          <ns3:TrackPointExtension>
            <ns3:atemp>31.0</ns3:atemp>
            <ns3:hr>122</ns3:hr>
          </ns3:TrackPointExtension>
        </extensions>
      </trkpt>
      <trkpt lat="24.49022582732141017913818359375" lon="118.14249177463352680206298828125">
        <ele>20.6000003814697265625</ele>
        <time>2026-07-09T10:08:22.000Z</time>
        <extensions>
          <ns3:TrackPointExtension>
            <ns3:atemp>31.0</ns3:atemp>
            <ns3:hr>122</ns3:hr>
          </ns3:TrackPointExtension>
        </extensions>
      </trkpt>
      <trkpt lat="24.49035524390637874603271484375" lon="118.14250971190631389617919921875">
        <ele>19</ele>
        <time>2026-07-09T10:08:24.000Z</time>
        <extensions>
          <ns3:TrackPointExtension>
            <ns3:atemp>31.0</ns3:atemp>
            <ns3:hr>121</ns3:hr>
          </ns3:TrackPointExtension>
        </extensions>
      </trkpt>
      <trkpt lat="24.4904745183885097503662109375" lon="118.14252546988427639007568359375">
        <ele>17.799999237060546875</ele>
        <time>2026-07-09T10:08:26.000Z</time>
        <extensions>
          <ns3:TrackPointExtension>
            <ns3:atemp>31.0</ns3:atemp>
            <ns3:hr>120</ns3:hr>
          </ns3:TrackPointExtension>
        </extensions>
      </trkpt>
      <trkpt lat="24.49079294688999652862548828125" lon="118.14258866943418979644775390625">
        <ele>17.6000003814697265625</ele>
        <time>2026-07-09T10:08:32.000Z</time>
        <extensions>
          <ns3:TrackPointExtension>
            <ns3:atemp>31.0</ns3:atemp>
            <ns3:hr>118</ns3:hr>
          </ns3:TrackPointExtension>
        </extensions>
      </trkpt>
      <trkpt lat="24.49085648171603679656982421875" lon="118.14260828308761119842529296875">
        <ele>18.200000762939453125</ele>
        <time>2026-07-09T10:08:35.000Z</time>
        <extensions>
          <ns3:TrackPointExtension>
            <ns3:atemp>31.0</ns3:atemp>
            <ns3:hr>117</ns3:hr>
          </ns3:TrackPointExtension>
        </extensions>
      </trkpt>
      <trkpt lat="24.49084927327930927276611328125" lon="118.14260778017342090606689453125">
        <ele>18.6000003814697265625</ele>
        <time>2026-07-09T10:08:38.000Z</time>
        <extensions>
          <ns3:TrackPointExtension>
            <ns3:atemp>31.0</ns3:atemp>
            <ns3:hr>118</ns3:hr>
          </ns3:TrackPointExtension>
        </extensions>
      </trkpt>
      <trkpt lat="24.4908775202929973602294921875" lon="118.14262370578944683074951171875">
        <ele>18.3999996185302734375</ele>
        <time>2026-07-09T10:08:41.000Z</time>
        <extensions>
          <ns3:TrackPointExtension>
            <ns3:atemp>31.0</ns3:atemp>
            <ns3:hr>117</ns3:hr>
          </ns3:TrackPointExtension>
        </extensions>
      </trkpt>
      <trkpt lat="24.4908852316439151763916015625" lon="118.14264533109962940216064453125">
        <ele>18.3999996185302734375</ele>
        <time>2026-07-09T10:08:44.000Z</time>
        <extensions>
          <ns3:TrackPointExtension>
            <ns3:atemp>31.0</ns3:atemp>
            <ns3:hr>117</ns3:hr>
          </ns3:TrackPointExtension>
        </extensions>
      </trkpt>
      <trkpt lat="24.490888752043247222900390625" lon="118.14263887703418731689453125">
        <ele>18.200000762939453125</ele>
        <time>2026-07-09T10:08:51.000Z</time>
        <extensions>
          <ns3:TrackPointExtension>
            <ns3:atemp>31.0</ns3:atemp>
            <ns3:hr>118</ns3:hr>
          </ns3:TrackPointExtension>
        </extensions>
      </trkpt>
      <trkpt lat="24.4909063540399074554443359375" lon="118.14263292588293552398681640625">
        <ele>18.200000762939453125</ele>
        <time>2026-07-09T10:08:57.000Z</time>
        <extensions>
          <ns3:TrackPointExtension>
            <ns3:atemp>31.0</ns3:atemp>
            <ns3:hr>114</ns3:hr>
          </ns3:TrackPointExtension>
        </extensions>
      </trkpt>
      <trkpt lat="24.49092102237045764923095703125" lon="118.14264030195772647857666015625">
        <ele>18.200000762939453125</ele>
        <time>2026-07-09T10:08:59.000Z</time>
        <extensions>
          <ns3:TrackPointExtension>
            <ns3:atemp>31.0</ns3:atemp>
            <ns3:hr>113</ns3:hr>
          </ns3:TrackPointExtension>
        </extensions>
      </trkpt>
      <trkpt lat="24.49094834737479686737060546875" lon="118.14265203662216663360595703125">
        <ele>17.799999237060546875</ele>
        <time>2026-07-09T10:09:04.000Z</time>
        <extensions>
          <ns3:TrackPointExtension>
            <ns3:atemp>31.0</ns3:atemp>
            <ns3:hr>113</ns3:hr>
          </ns3:TrackPointExtension>
        </extensions>
      </trkpt>
      <trkpt lat="24.49094231240451335906982421875" lon="118.14266092143952846527099609375">
        <ele>17.799999237060546875</ele>
        <time>2026-07-09T10:09:08.000Z</time>
        <extensions>
          <ns3:TrackPointExtension>
            <ns3:atemp>31.0</ns3:atemp>
            <ns3:hr>113</ns3:hr>
          </ns3:TrackPointExtension>
        </extensions>
      </trkpt>
      <trkpt lat="24.49096628464758396148681640625" lon="118.14268388785421848297119140625">
        <ele>18.200000762939453125</ele>
        <time>2026-07-09T10:09:14.000Z</time>
        <extensions>
          <ns3:TrackPointExtension>
            <ns3:atemp>31.0</ns3:atemp>
            <ns3:hr>114</ns3:hr>
          </ns3:TrackPointExtension>
        </extensions>
      </trkpt>
      <trkpt lat="24.49095672927796840667724609375" lon="118.1426779367029666900634765625">
        <ele>18.200000762939453125</ele>
        <time>2026-07-09T10:09:19.000Z</time>
        <extensions>
          <ns3:TrackPointExtension>
            <ns3:atemp>31.0</ns3:atemp>
            <ns3:hr>117</ns3:hr>
          </ns3:TrackPointExtension>
        </extensions>
      </trkpt>
      <trkpt lat="24.49096092022955417633056640625" lon="118.14265404827892780303955078125">
        <ele>18.200000762939453125</ele>
        <time>2026-07-09T10:09:21.000Z</time>
        <extensions>
          <ns3:TrackPointExtension>
            <ns3:atemp>31.0</ns3:atemp>
            <ns3:hr>117</ns3:hr>
          </ns3:TrackPointExtension>
        </extensions>
      </trkpt>
      <trkpt lat="24.4909610040485858917236328125" lon="118.1426544673740863800048828125">
        <ele>18.200000762939453125</ele>
        <time>2026-07-09T10:09:24.000Z</time>
        <extensions>
          <ns3:TrackPointExtension>
            <ns3:atemp>31.0</ns3:atemp>
            <ns3:hr>116</ns3:hr>
          </ns3:TrackPointExtension>
        </extensions>
      </trkpt>
      <trkpt lat="24.49095790274441242218017578125" lon="118.14271456561982631683349609375">
        <ele>18</ele>
        <time>2026-07-09T10:09:31.000Z</time>
        <extensions>
          <ns3:TrackPointExtension>
            <ns3:atemp>31.0</ns3:atemp>
            <ns3:hr>116</ns3:hr>
          </ns3:TrackPointExtension>
        </extensions>
      </trkpt>
      <trkpt lat="24.49097785167396068572998046875" lon="118.1427144818007946014404296875">
        <ele>18</ele>
        <time>2026-07-09T10:09:39.000Z</time>
        <extensions>
          <ns3:TrackPointExtension>
            <ns3:atemp>31.0</ns3:atemp>
            <ns3:hr>113</ns3:hr>
          </ns3:TrackPointExtension>
        </extensions>
      </trkpt>
      <trkpt lat="24.490970559418201446533203125" lon="118.142708279192447662353515625">
        <ele>18</ele>
        <time>2026-07-09T10:09:42.000Z</time>
        <extensions>
          <ns3:TrackPointExtension>
            <ns3:atemp>31.0</ns3:atemp>
            <ns3:hr>110</ns3:hr>
          </ns3:TrackPointExtension>
        </extensions>
      </trkpt>
      <trkpt lat="24.4909568130970001220703125" lon="118.14264348708093166351318359375">
        <ele>18</ele>
        <time>2026-07-09T10:09:44.000Z</time>
        <extensions>
          <ns3:TrackPointExtension>
            <ns3:atemp>31.0</ns3:atemp>
            <ns3:hr>110</ns3:hr>
          </ns3:TrackPointExtension>
        </extensions>
      </trkpt>
      <trkpt lat="24.49087031185626983642578125" lon="118.14254139550030231475830078125">
        <ele>18</ele>
        <time>2026-07-09T10:09:51.000Z</time>
        <extensions>
          <ns3:TrackPointExtension>
            <ns3:atemp>31.0</ns3:atemp>
            <ns3:hr>113</ns3:hr>
          </ns3:TrackPointExtension>
        </extensions>
      </trkpt>
      <trkpt lat="24.49091314338147640228271484375" lon="118.14264063723385334014892578125">
        <ele>18.200000762939453125</ele>
        <time>2026-07-09T10:09:59.000Z</time>
        <extensions>
          <ns3:TrackPointExtension>
            <ns3:atemp>31.0</ns3:atemp>
            <ns3:hr>112</ns3:hr>
          </ns3:TrackPointExtension>
        </extensions>
      </trkpt>
      <trkpt lat="24.491017162799835205078125" lon="118.1427879072725772857666015625">
        <ele>18.3999996185302734375</ele>
        <time>2026-07-09T10:10:04.000Z</time>
        <extensions>
          <ns3:TrackPointExtension>
            <ns3:atemp>31.0</ns3:atemp>
            <ns3:hr>111</ns3:hr>
          </ns3:TrackPointExtension>
        </extensions>
      </trkpt>
      <trkpt lat="24.4911460764706134796142578125" lon="118.1431298889219760894775390625">
        <ele>18.3999996185302734375</ele>
        <time>2026-07-09T10:10:15.000Z</time>
        <extensions>
          <ns3:TrackPointExtension>
            <ns3:atemp>31.0</ns3:atemp>
            <ns3:hr>107</ns3:hr>
          </ns3:TrackPointExtension>
        </extensions>
      </trkpt>
      <trkpt lat="24.4911631755530834197998046875" lon="118.14313500188291072845458984375">
        <ele>18.6000003814697265625</ele>
        <time>2026-07-09T10:10:17.000Z</time>
        <extensions>
          <ns3:TrackPointExtension>
            <ns3:atemp>31.0</ns3:atemp>
            <ns3:hr>104</ns3:hr>
          </ns3:TrackPointExtension>
        </extensions>
      </trkpt>
      <trkpt lat="24.4910542108118534088134765625" lon="118.1434403546154499053955078125">
        <ele>18.6000003814697265625</ele>
        <time>2026-07-09T10:10:33.000Z</time>
        <extensions>
          <ns3:TrackPointExtension>
            <ns3:atemp>31.0</ns3:atemp>
            <ns3:hr>107</ns3:hr>
          </ns3:TrackPointExtension>
        </extensions>
      </trkpt>
      <trkpt lat="24.49106301181018352508544921875" lon="118.143443204462528228759765625">
        <ele>18.6000003814697265625</ele>
        <time>2026-07-09T10:10:36.000Z</time>
        <extensions>
          <ns3:TrackPointExtension>
            <ns3:atemp>31.0</ns3:atemp>
            <ns3:hr>107</ns3:hr>
          </ns3:TrackPointExtension>
        </extensions>
      </trkpt>
      <trkpt lat="24.49104691855609416961669921875" lon="118.14344823360443115234375">
        <ele>18.6000003814697265625</ele>
        <time>2026-07-09T10:10:37.000Z</time>
        <extensions>
          <ns3:TrackPointExtension>
            <ns3:atemp>31.0</ns3:atemp>
            <ns3:hr>107</ns3:hr>
          </ns3:TrackPointExtension>
        </extensions>
      </trkpt>
      <trkpt lat="24.49104658327996730804443359375" lon="118.14344027079641819000244140625">
        <ele>18.6000003814697265625</ele>
        <time>2026-07-09T10:10:39.000Z</time>
        <extensions>
          <ns3:TrackPointExtension>
            <ns3:atemp>31.0</ns3:atemp>
            <ns3:hr>107</ns3:hr>
          </ns3:TrackPointExtension>
        </extensions>
      </trkpt>
      <trkpt lat="24.4910464994609355926513671875" lon="118.14344077371060848236083984375">
        <ele>18.6000003814697265625</ele>
        <time>2026-07-09T10:10:41.000Z</time>
        <extensions>
          <ns3:TrackPointExtension>
            <ns3:atemp>31.0</ns3:atemp>
            <ns3:hr>108</ns3:hr>
          </ns3:TrackPointExtension>
        </extensions>
      </trkpt>
      <trkpt lat="24.491022862493991851806640625" lon="118.14353850670158863067626953125">
        <ele>18.6000003814697265625</ele>
        <time>2026-07-09T10:10:48.000Z</time>
        <extensions>
          <ns3:TrackPointExtension>
            <ns3:atemp>31.0</ns3:atemp>
            <ns3:hr>106</ns3:hr>
          </ns3:TrackPointExtension>
        </extensions>
      </trkpt>
      <trkpt lat="24.49100970290601253509521484375" lon="118.14370748586952686309814453125">
        <ele>18.6000003814697265625</ele>
        <time>2026-07-09T10:10:54.000Z</time>
        <extensions>
          <ns3:TrackPointExtension>
            <ns3:atemp>31.0</ns3:atemp>
            <ns3:hr>105</ns3:hr>
          </ns3:TrackPointExtension>
        </extensions>
      </trkpt>
      <trkpt lat="24.49100484140217304229736328125" lon="118.14369608648121356964111328125">
        <ele>18.799999237060546875</ele>
        <time>2026-07-09T10:11:00.000Z</time>
        <extensions>
          <ns3:TrackPointExtension>
            <ns3:atemp>31.0</ns3:atemp>
            <ns3:hr>107</ns3:hr>
          </ns3:TrackPointExtension>
        </extensions>
      </trkpt>
      <trkpt lat="24.490900151431560516357421875" lon="118.14356298185884952545166015625">
        <ele>19</ele>
        <time>2026-07-09T10:11:05.000Z</time>
        <extensions>
          <ns3:TrackPointExtension>
            <ns3:atemp>31.0</ns3:atemp>
            <ns3:hr>107</ns3:hr>
          </ns3:TrackPointExtension>
        </extensions>
      </trkpt>
      <trkpt lat="24.4908892549574375152587890625" lon="118.14344077371060848236083984375">
        <ele>19.200000762939453125</ele>
        <time>2026-07-09T10:11:13.000Z</time>
        <extensions>
          <ns3:TrackPointExtension>
            <ns3:atemp>31.0</ns3:atemp>
            <ns3:hr>106</ns3:hr>
          </ns3:TrackPointExtension>
        </extensions>
      </trkpt>
      <trkpt lat="24.490883052349090576171875" lon="118.14342652447521686553955078125">
        <ele>19.3999996185302734375</ele>
        <time>2026-07-09T10:11:34.000Z</time>
        <extensions>
          <ns3:TrackPointExtension>
            <ns3:atemp>31.0</ns3:atemp>
            <ns3:hr>109</ns3:hr>
          </ns3:TrackPointExtension>
        </extensions>
      </trkpt>
      <trkpt lat="24.49088615365326404571533203125" lon="118.143345974385738372802734375">
        <ele>19.3999996185302734375</ele>
        <time>2026-07-09T10:11:38.000Z</time>
        <extensions>
          <ns3:TrackPointExtension>
            <ns3:atemp>31.0</ns3:atemp>
            <ns3:hr>110</ns3:hr>
          </ns3:TrackPointExtension>
        </extensions>
      </trkpt>
      <trkpt lat="24.49086938984692096710205078125" lon="118.14329409040510654449462890625">
        <ele>19.3999996185302734375</ele>
        <time>2026-07-09T10:11:40.000Z</time>
        <extensions>
          <ns3:TrackPointExtension>
            <ns3:atemp>31.0</ns3:atemp>
            <ns3:hr>110</ns3:hr>
          </ns3:TrackPointExtension>
        </extensions>
      </trkpt>
      <trkpt lat="24.490848518908023834228515625" lon="118.14324664883315563201904296875">
        <ele>19.3999996185302734375</ele>
        <time>2026-07-09T10:11:41.000Z</time>
        <extensions>
          <ns3:TrackPointExtension>
            <ns3:atemp>31.0</ns3:atemp>
            <ns3:hr>109</ns3:hr>
          </ns3:TrackPointExtension>
        </extensions>
      </trkpt>
      <trkpt lat="24.49078582227230072021484375" lon="118.1432408653199672698974609375">
        <ele>19.3999996185302734375</ele>
        <time>2026-07-09T10:11:42.000Z</time>
        <extensions>
          <ns3:TrackPointExtension>
            <ns3:atemp>31.0</ns3:atemp>
            <ns3:hr>109</ns3:hr>
          </ns3:TrackPointExtension>
        </extensions>
      </trkpt>
      <trkpt lat="24.49077685363590717315673828125" lon="118.1431171484291553497314453125">
        <ele>19.3999996185302734375</ele>
        <time>2026-07-09T10:11:44.000Z</time>
        <extensions>
          <ns3:TrackPointExtension>
            <ns3:atemp>31.0</ns3:atemp>
            <ns3:hr>108</ns3:hr>
          </ns3:TrackPointExtension>
        </extensions>
      </trkpt>
      <trkpt lat="24.49071533046662807464599609375" lon="118.1431194953620433807373046875">
        <ele>19.3999996185302734375</ele>
        <time>2026-07-09T10:11:45.000Z</time>
        <extensions>
          <ns3:TrackPointExtension>
            <ns3:atemp>31.0</ns3:atemp>
            <ns3:hr>105</ns3:hr>
          </ns3:TrackPointExtension>
        </extensions>
      </trkpt>
      <trkpt lat="24.4905947148799896240234375" lon="118.14301162026822566986083984375">
        <ele>19.3999996185302734375</ele>
        <time>2026-07-09T10:11:47.000Z</time>
        <extensions>
          <ns3:TrackPointExtension>
            <ns3:atemp>31.0</ns3:atemp>
            <ns3:hr>103</ns3:hr>
          </ns3:TrackPointExtension>
        </extensions>
      </trkpt>
      <trkpt lat="24.4907407276332378387451171875" lon="118.14286309294402599334716796875">
        <ele>19.6000003814697265625</ele>
        <time>2026-07-09T10:11:51.000Z</time>
        <extensions>
          <ns3:TrackPointExtension>
            <ns3:atemp>31.0</ns3:atemp>
            <ns3:hr>100</ns3:hr>
          </ns3:TrackPointExtension>
        </extensions>
      </trkpt>
      <trkpt lat="24.4909442402422428131103515625" lon="118.14315176568925380706787109375">
        <ele>19.3999996185302734375</ele>
        <time>2026-07-09T10:11:56.000Z</time>
        <extensions>
          <ns3:TrackPointExtension>
            <ns3:atemp>31.0</ns3:atemp>
            <ns3:hr>97</ns3:hr>
          </ns3:TrackPointExtension>
        </extensions>
      </trkpt>
      <trkpt lat="24.49098170734941959381103515625" lon="118.1434299610555171966552734375">
        <ele>19.6000003814697265625</ele>
        <time>2026-07-09T10:12:12.000Z</time>
        <extensions>
          <ns3:TrackPointExtension>
            <ns3:atemp>31.0</ns3:atemp>
            <ns3:hr>101</ns3:hr>
          </ns3:TrackPointExtension>
        </extensions>
      </trkpt>
      <trkpt lat="24.49095605872571468353271484375" lon="118.14349626190960407257080078125">
        <ele>19.799999237060546875</ele>
        <time>2026-07-09T10:12:17.000Z</time>
        <extensions>
          <ns3:TrackPointExtension>
            <ns3:atemp>31.0</ns3:atemp>
            <ns3:hr>102</ns3:hr>
          </ns3:TrackPointExtension>
        </extensions>
      </trkpt>
      <trkpt lat="24.49056479148566722869873046875" lon="118.1435446254909038543701171875">
        <ele>19.3999996185302734375</ele>
        <time>2026-07-09T10:14:53.000Z</time>
        <extensions>
          <ns3:TrackPointExtension>
            <ns3:atemp>31.0</ns3:atemp>
            <ns3:hr>107</ns3:hr>
          </ns3:TrackPointExtension>
        </extensions>
      </trkpt>
      <trkpt lat="24.49053126387298107147216796875" lon="118.14352073706686496734619140625">
        <ele>19.3999996185302734375</ele>
        <time>2026-07-09T10:14:56.000Z</time>
        <extensions>
          <ns3:TrackPointExtension>
            <ns3:atemp>31.0</ns3:atemp>
            <ns3:hr>109</ns3:hr>
          </ns3:TrackPointExtension>
        </extensions>
      </trkpt>
      <trkpt lat="24.49048273265361785888671875" lon="118.14352802932262420654296875">
        <ele>19.3999996185302734375</ele>
        <time>2026-07-09T10:15:00.000Z</time>
        <extensions>
          <ns3:TrackPointExtension>
            <ns3:atemp>31.0</ns3:atemp>
            <ns3:hr>110</ns3:hr>
          </ns3:TrackPointExtension>
        </extensions>
      </trkpt>
      <trkpt lat="24.49048600159585475921630859375" lon="118.143528364598751068115234375">
        <ele>21.3999996185302734375</ele>
        <time>2026-07-09T10:15:01.000Z</time>
        <extensions>
          <ns3:TrackPointExtension>
            <ns3:atemp>31.0</ns3:atemp>
            <ns3:hr>111</ns3:hr>
          </ns3:TrackPointExtension>
        </extensions>
      </trkpt>
      <trkpt lat="24.49046471156179904937744140625" lon="118.14352710731327533721923828125">
        <ele>22.200000762939453125</ele>
        <time>2026-07-09T10:15:06.000Z</time>
        <extensions>
          <ns3:TrackPointExtension>
            <ns3:atemp>31.0</ns3:atemp>
            <ns3:hr>113</ns3:hr>
          </ns3:TrackPointExtension>
        </extensions>
      </trkpt>
      <trkpt lat="24.49046169407665729522705078125" lon="118.14354185946285724639892578125">
        <ele>22.6000003814697265625</ele>
        <time>2026-07-09T10:15:07.000Z</time>
        <extensions>
          <ns3:TrackPointExtension>
            <ns3:atemp>31.0</ns3:atemp>
            <ns3:hr>113</ns3:hr>
          </ns3:TrackPointExtension>
        </extensions>
      </trkpt>
      <trkpt lat="24.490434788167476654052734375" lon="118.14355392940342426300048828125">
        <ele>23.799999237060546875</ele>
        <time>2026-07-09T10:15:12.000Z</time>
        <extensions>
          <ns3:TrackPointExtension>
            <ns3:atemp>31.0</ns3:atemp>
            <ns3:hr>114</ns3:hr>
          </ns3:TrackPointExtension>
        </extensions>
      </trkpt>
      <trkpt lat="24.49042498134076595306396484375" lon="118.14355074428021907806396484375">
        <ele>24.799999237060546875</ele>
        <time>2026-07-09T10:15:16.000Z</time>
        <extensions>
          <ns3:TrackPointExtension>
            <ns3:atemp>31.0</ns3:atemp>
            <ns3:hr>116</ns3:hr>
          </ns3:TrackPointExtension>
        </extensions>
      </trkpt>
      <trkpt lat="24.49041835963726043701171875" lon="118.14354412257671356201171875">
        <ele>25</ele>
        <time>2026-07-09T10:15:17.000Z</time>
        <extensions>
          <ns3:TrackPointExtension>
            <ns3:atemp>31.0</ns3:atemp>
            <ns3:hr>116</ns3:hr>
          </ns3:TrackPointExtension>
        </extensions>
      </trkpt>
      <trkpt lat="24.49035407043993473052978515625" lon="118.14351738430559635162353515625">
        <ele>25</ele>
        <time>2026-07-09T10:15:23.000Z</time>
        <extensions>
          <ns3:TrackPointExtension>
            <ns3:atemp>31.0</ns3:atemp>
            <ns3:hr>115</ns3:hr>
          </ns3:TrackPointExtension>
        </extensions>
      </trkpt>
      <trkpt lat="24.4903105683624744415283203125" lon="118.1434871256351470947265625">
        <ele>25.200000762939453125</ele>
        <time>2026-07-09T10:15:26.000Z</time>
        <extensions>
          <ns3:TrackPointExtension>
            <ns3:atemp>31.0</ns3:atemp>
            <ns3:hr>116</ns3:hr>
          </ns3:TrackPointExtension>
        </extensions>
      </trkpt>
      <trkpt lat="24.49030780233442783355712890625" lon="118.14349005930125713348388671875">
        <ele>25.200000762939453125</ele>
        <time>2026-07-09T10:15:27.000Z</time>
        <extensions>
          <ns3:TrackPointExtension>
            <ns3:atemp>31.0</ns3:atemp>
            <ns3:hr>116</ns3:hr>
          </ns3:TrackPointExtension>
        </extensions>
      </trkpt>
      <trkpt lat="24.49029766023159027099609375" lon="118.1434857845306396484375">
        <ele>25.3999996185302734375</ele>
        <time>2026-07-09T10:15:33.000Z</time>
        <extensions>
          <ns3:TrackPointExtension>
            <ns3:atemp>31.0</ns3:atemp>
            <ns3:hr>115</ns3:hr>
          </ns3:TrackPointExtension>
        </extensions>
      </trkpt>
      <trkpt lat="24.49029154144227504730224609375" lon="118.14347631298005580902099609375">
        <ele>25.3999996185302734375</ele>
        <time>2026-07-09T10:15:34.000Z</time>
        <extensions>
          <ns3:TrackPointExtension>
            <ns3:atemp>31.0</ns3:atemp>
            <ns3:hr>115</ns3:hr>
          </ns3:TrackPointExtension>
        </extensions>
      </trkpt>
      <trkpt lat="24.49027544818818569183349609375" lon="118.143461309373378753662109375">
        <ele>25.6000003814697265625</ele>
        <time>2026-07-09T10:15:40.000Z</time>
        <extensions>
          <ns3:TrackPointExtension>
            <ns3:atemp>31.0</ns3:atemp>
            <ns3:hr>115</ns3:hr>
          </ns3:TrackPointExtension>
        </extensions>
      </trkpt>
      <trkpt lat="24.4902693293988704681396484375" lon="118.14344622194766998291015625">
        <ele>25.6000003814697265625</ele>
        <time>2026-07-09T10:15:46.000Z</time>
        <extensions>
          <ns3:TrackPointExtension>
            <ns3:atemp>31.0</ns3:atemp>
            <ns3:hr>114</ns3:hr>
          </ns3:TrackPointExtension>
        </extensions>
      </trkpt>
      <trkpt lat="24.490273185074329376220703125" lon="118.14343423582613468170166015625">
        <ele>25.799999237060546875</ele>
        <time>2026-07-09T10:15:55.000Z</time>
        <extensions>
          <ns3:TrackPointExtension>
            <ns3:atemp>31.0</ns3:atemp>
            <ns3:hr>112</ns3:hr>
          </ns3:TrackPointExtension>
        </extensions>
      </trkpt>
      <trkpt lat="24.490273185074329376220703125" lon="118.14343423582613468170166015625">
        <ele>25.799999237060546875</ele>
        <time>2026-07-09T10:15:59.000Z</time>
        <extensions>
          <ns3:TrackPointExtension>
            <ns3:atemp>31.0</ns3:atemp>
            <ns3:hr>112</ns3:hr>
          </ns3:TrackPointExtension>
        </extensions>
      </trkpt>
      <trkpt lat="24.49026924557983875274658203125" lon="118.14344345591962337493896484375">
        <ele>26</ele>
        <time>2026-07-09T10:16:12.000Z</time>
        <extensions>
          <ns3:TrackPointExtension>
            <ns3:atemp>31.0</ns3:atemp>
            <ns3:hr>109</ns3:hr>
          </ns3:TrackPointExtension>
        </extensions>
      </trkpt>
      <trkpt lat="24.4902676530182361602783203125" lon="118.143449239432811737060546875">
        <ele>26.3999996185302734375</ele>
        <time>2026-07-09T10:16:31.000Z</time>
        <extensions>
          <ns3:TrackPointExtension>
            <ns3:atemp>31.0</ns3:atemp>
            <ns3:hr>112</ns3:hr>
          </ns3:TrackPointExtension>
        </extensions>
      </trkpt>
      <trkpt lat="24.4902676530182361602783203125" lon="118.143449909985065460205078125">
        <ele>26.3999996185302734375</ele>
        <time>2026-07-09T10:16:35.000Z</time>
        <extensions>
          <ns3:TrackPointExtension>
            <ns3:atemp>31.0</ns3:atemp>
            <ns3:hr>115</ns3:hr>
          </ns3:TrackPointExtension>
        </extensions>
      </trkpt>
      <trkpt lat="24.4902736879885196685791015625" lon="118.1434495747089385986328125">
        <ele>26.3999996185302734375</ele>
        <time>2026-07-09T10:16:39.000Z</time>
        <extensions>
          <ns3:TrackPointExtension>
            <ns3:atemp>31.0</ns3:atemp>
            <ns3:hr>118</ns3:hr>
          </ns3:TrackPointExtension>
        </extensions>
      </trkpt>
      <trkpt lat="24.49027712456881999969482421875" lon="118.14345150254666805267333984375">
        <ele>26.799999237060546875</ele>
        <time>2026-07-09T10:16:43.000Z</time>
        <extensions>
          <ns3:TrackPointExtension>
            <ns3:atemp>31.0</ns3:atemp>
            <ns3:hr>121</ns3:hr>
          </ns3:TrackPointExtension>
        </extensions>
      </trkpt>
      <trkpt lat="24.49029539711773395538330078125" lon="118.1434504128992557525634765625">
        <ele>26.799999237060546875</ele>
        <time>2026-07-09T10:16:52.000Z</time>
        <extensions>
          <ns3:TrackPointExtension>
            <ns3:atemp>31.0</ns3:atemp>
            <ns3:hr>123</ns3:hr>
          </ns3:TrackPointExtension>
        </extensions>
      </trkpt>
      <trkpt lat="24.4902914576232433319091796875" lon="118.14343817532062530517578125">
        <ele>26.799999237060546875</ele>
        <time>2026-07-09T10:16:57.000Z</time>
        <extensions>
          <ns3:TrackPointExtension>
            <ns3:atemp>31.0</ns3:atemp>
            <ns3:hr>124</ns3:hr>
          </ns3:TrackPointExtension>
        </extensions>
      </trkpt>
      <trkpt lat="24.4902978278696537017822265625" lon="118.14343817532062530517578125">
        <ele>26.6000003814697265625</ele>
        <time>2026-07-09T10:17:04.000Z</time>
        <extensions>
          <ns3:TrackPointExtension>
            <ns3:atemp>31.0</ns3:atemp>
            <ns3:hr>121</ns3:hr>
          </ns3:TrackPointExtension>
        </extensions>
      </trkpt>
      <trkpt lat="24.4903050363063812255859375" lon="118.14343574456870555877685546875">
        <ele>26.6000003814697265625</ele>
        <time>2026-07-09T10:17:10.000Z</time>
        <extensions>
          <ns3:TrackPointExtension>
            <ns3:atemp>31.0</ns3:atemp>
            <ns3:hr>118</ns3:hr>
          </ns3:TrackPointExtension>
        </extensions>
      </trkpt>
      <trkpt lat="24.49029606766998767852783203125" lon="118.143413029611110687255859375">
        <ele>26.6000003814697265625</ele>
        <time>2026-07-09T10:17:29.000Z</time>
        <extensions>
          <ns3:TrackPointExtension>
            <ns3:atemp>31.0</ns3:atemp>
            <ns3:hr>115</ns3:hr>
          </ns3:TrackPointExtension>
        </extensions>
      </trkpt>
      <trkpt lat="24.49027377180755138397216796875" lon="118.14340372569859027862548828125">
        <ele>26.799999237060546875</ele>
        <time>2026-07-09T10:17:37.000Z</time>
        <extensions>
          <ns3:TrackPointExtension>
            <ns3:atemp>31.0</ns3:atemp>
            <ns3:hr>115</ns3:hr>
          </ns3:TrackPointExtension>
        </extensions>
      </trkpt>
      <trkpt lat="24.49026639573276042938232421875" lon="118.143394254148006439208984375">
        <ele>27</ele>
        <time>2026-07-09T10:17:44.000Z</time>
        <extensions>
          <ns3:TrackPointExtension>
            <ns3:atemp>31.0</ns3:atemp>
            <ns3:hr>112</ns3:hr>
          </ns3:TrackPointExtension>
        </extensions>
      </trkpt>
      <trkpt lat="24.49025876820087432861328125" lon="118.1433900631964206695556640625">
        <ele>27</ele>
        <time>2026-07-09T10:17:56.000Z</time>
        <extensions>
          <ns3:TrackPointExtension>
            <ns3:atemp>31.0</ns3:atemp>
            <ns3:hr>115</ns3:hr>
          </ns3:TrackPointExtension>
        </extensions>
      </trkpt>
      <trkpt lat="24.49025876820087432861328125" lon="118.1433900631964206695556640625">
        <ele>27.200000762939453125</ele>
        <time>2026-07-09T10:17:58.000Z</time>
        <extensions>
          <ns3:TrackPointExtension>
            <ns3:atemp>31.0</ns3:atemp>
            <ns3:hr>118</ns3:hr>
          </ns3:TrackPointExtension>
        </extensions>
      </trkpt>
      <trkpt lat="24.49028248898684978485107421875" lon="118.1433905661106109619140625">
        <ele>27</ele>
        <time>2026-07-09T10:18:12.000Z</time>
        <extensions>
          <ns3:TrackPointExtension>
            <ns3:atemp>31.0</ns3:atemp>
            <ns3:hr>121</ns3:hr>
          </ns3:TrackPointExtension>
        </extensions>
      </trkpt>
      <trkpt lat="24.49028148315846920013427734375" lon="118.1433917395770549774169921875">
        <ele>27</ele>
        <time>2026-07-09T10:18:28.000Z</time>
        <extensions>
          <ns3:TrackPointExtension>
            <ns3:atemp>31.0</ns3:atemp>
            <ns3:hr>118</ns3:hr>
          </ns3:TrackPointExtension>
        </extensions>
      </trkpt>
      <trkpt lat="24.4902639649808406829833984375" lon="118.14338360913097858428955078125">
        <ele>27</ele>
        <time>2026-07-09T10:18:33.000Z</time>
        <extensions>
          <ns3:TrackPointExtension>
            <ns3:atemp>31.0</ns3:atemp>
            <ns3:hr>116</ns3:hr>
          </ns3:TrackPointExtension>
        </extensions>
      </trkpt>
      <trkpt lat="24.49029657058417797088623046875" lon="118.14339601434767246246337890625">
        <ele>27</ele>
        <time>2026-07-09T10:18:40.000Z</time>
        <extensions>
          <ns3:TrackPointExtension>
            <ns3:atemp>31.0</ns3:atemp>
            <ns3:hr>116</ns3:hr>
          </ns3:TrackPointExtension>
        </extensions>
      </trkpt>
      <trkpt lat="24.49029657058417797088623046875" lon="118.14339601434767246246337890625">
        <ele>27</ele>
        <time>2026-07-09T10:18:44.000Z</time>
        <extensions>
          <ns3:TrackPointExtension>
            <ns3:atemp>32.0</ns3:atemp>
            <ns3:hr>116</ns3:hr>
          </ns3:TrackPointExtension>
        </extensions>
      </trkpt>
      <trkpt lat="24.4902981631457805633544921875" lon="118.14342048950493335723876953125">
        <ele>27</ele>
        <time>2026-07-09T10:19:00.000Z</time>
        <extensions>
          <ns3:TrackPointExtension>
            <ns3:atemp>32.0</ns3:atemp>
            <ns3:hr>119</ns3:hr>
          </ns3:TrackPointExtension>
        </extensions>
      </trkpt>
      <trkpt lat="24.49030143208801746368408203125" lon="118.14342853613197803497314453125">
        <ele>27</ele>
        <time>2026-07-09T10:19:07.000Z</time>
        <extensions>
          <ns3:TrackPointExtension>
            <ns3:atemp>31.0</ns3:atemp>
            <ns3:hr>122</ns3:hr>
          </ns3:TrackPointExtension>
        </extensions>
      </trkpt>
      <trkpt lat="24.49030143208801746368408203125" lon="118.14342853613197803497314453125">
        <ele>27</ele>
        <time>2026-07-09T10:19:13.000Z</time>
        <extensions>
          <ns3:TrackPointExtension>
            <ns3:atemp>32.0</ns3:atemp>
            <ns3:hr>123</ns3:hr>
          </ns3:TrackPointExtension>
        </extensions>
      </trkpt>
      <trkpt lat="24.490291960537433624267578125" lon="118.1434148736298084259033203125">
        <ele>27</ele>
        <time>2026-07-09T10:19:28.000Z</time>
        <extensions>
          <ns3:TrackPointExtension>
            <ns3:atemp>32.0</ns3:atemp>
            <ns3:hr>126</ns3:hr>
          </ns3:TrackPointExtension>
        </extensions>
      </trkpt>
      <trkpt lat="24.4902854226529598236083984375" lon="118.14340523444116115570068359375">
        <ele>27</ele>
        <time>2026-07-09T10:19:37.000Z</time>
        <extensions>
          <ns3:TrackPointExtension>
            <ns3:atemp>32.0</ns3:atemp>
            <ns3:hr>129</ns3:hr>
          </ns3:TrackPointExtension>
        </extensions>
      </trkpt>
      <trkpt lat="24.49026882648468017578125" lon="118.1434068270027637481689453125">
        <ele>27</ele>
        <time>2026-07-09T10:19:53.000Z</time>
        <extensions>
          <ns3:TrackPointExtension>
            <ns3:atemp>32.0</ns3:atemp>
            <ns3:hr>125</ns3:hr>
          </ns3:TrackPointExtension>
        </extensions>
      </trkpt>
      <trkpt lat="24.490267150104045867919921875" lon="118.1434091739356517791748046875">
        <ele>27</ele>
        <time>2026-07-09T10:19:55.000Z</time>
        <extensions>
          <ns3:TrackPointExtension>
            <ns3:atemp>32.0</ns3:atemp>
            <ns3:hr>122</ns3:hr>
          </ns3:TrackPointExtension>
        </extensions>
      </trkpt>
      <trkpt lat="24.49026681482791900634765625" lon="118.1434093415737152099609375">
        <ele>27</ele>
        <time>2026-07-09T10:19:56.000Z</time>
        <extensions>
          <ns3:TrackPointExtension>
            <ns3:atemp>32.0</ns3:atemp>
            <ns3:hr>118</ns3:hr>
          </ns3:TrackPointExtension>
        </extensions>
      </trkpt>
      <trkpt lat="24.49026555754244327545166015625" lon="118.14340976066887378692626953125">
        <ele>27</ele>
        <time>2026-07-09T10:19:58.000Z</time>
        <extensions>
          <ns3:TrackPointExtension>
            <ns3:atemp>32.0</ns3:atemp>
            <ns3:hr>112</ns3:hr>
          </ns3:TrackPointExtension>
        </extensions>
      </trkpt>
      <trkpt lat="24.4902653060853481292724609375" lon="118.14341009594500064849853515625">
        <ele>27</ele>
        <time>2026-07-09T10:19:59.000Z</time>
        <extensions>
          <ns3:TrackPointExtension>
            <ns3:atemp>32.0</ns3:atemp>
            <ns3:hr>108</ns3:hr>
          </ns3:TrackPointExtension>
        </extensions>
      </trkpt>
      <trkpt lat="24.49026522226631641387939453125" lon="118.143410347402095794677734375">
        <ele>27</ele>
        <time>2026-07-09T10:20:00.000Z</time>
        <extensions>
          <ns3:TrackPointExtension>
            <ns3:atemp>32.0</ns3:atemp>
            <ns3:hr>105</ns3:hr>
          </ns3:TrackPointExtension>
        </extensions>
      </trkpt>
      <trkpt lat="24.49026522226631641387939453125" lon="118.14341110177338123321533203125">
        <ele>27</ele>
        <time>2026-07-09T10:20:01.000Z</time>
        <extensions>
          <ns3:TrackPointExtension>
            <ns3:atemp>32.0</ns3:atemp>
            <ns3:hr>102</ns3:hr>
          </ns3:TrackPointExtension>
        </extensions>
      </trkpt>
      <trkpt lat="24.4902659766376018524169921875" lon="118.14341126941144466400146484375">
        <ele>27</ele>
        <time>2026-07-09T10:20:02.000Z</time>
        <extensions>
          <ns3:TrackPointExtension>
            <ns3:atemp>32.0</ns3:atemp>
            <ns3:hr>97</ns3:hr>
          </ns3:TrackPointExtension>
        </extensions>
      </trkpt>
      <trkpt lat="24.49026622809469699859619140625" lon="118.14341135323047637939453125">
        <ele>27</ele>
        <time>2026-07-09T10:20:03.000Z</time>
        <extensions>
          <ns3:TrackPointExtension>
            <ns3:atemp>32.0</ns3:atemp>
            <ns3:hr>93</ns3:hr>
          </ns3:TrackPointExtension>
        </extensions>
      </trkpt>
      <trkpt lat="24.4902663119137287139892578125" lon="118.14341831021010875701904296875">
        <ele>27</ele>
        <time>2026-07-09T10:20:06.000Z</time>
        <extensions>
          <ns3:TrackPointExtension>
            <ns3:atemp>32.0</ns3:atemp>
            <ns3:hr>90</ns3:hr>
          </ns3:TrackPointExtension>
        </extensions>
      </trkpt>
      <trkpt lat="24.49026606045663356781005859375" lon="118.14346575178205966949462890625">
        <ele>27</ele>
        <time>2026-07-09T10:20:25.000Z</time>
        <extensions>
          <ns3:TrackPointExtension>
            <ns3:atemp>32.0</ns3:atemp>
            <ns3:hr>87</ns3:hr>
          </ns3:TrackPointExtension>
        </extensions>
      </trkpt>
      <trkpt lat="24.4902820698916912078857421875" lon="118.14346256665885448455810546875">
        <ele>27</ele>
        <time>2026-07-09T10:20:40.000Z</time>
        <extensions>
          <ns3:TrackPointExtension>
            <ns3:atemp>32.0</ns3:atemp>
            <ns3:hr>90</ns3:hr>
          </ns3:TrackPointExtension>
        </extensions>
      </trkpt>
      <trkpt lat="24.4902820698916912078857421875" lon="118.14346256665885448455810546875">
        <ele>27</ele>
        <time>2026-07-09T10:20:42.000Z</time>
        <extensions>
          <ns3:TrackPointExtension>
            <ns3:atemp>32.0</ns3:atemp>
            <ns3:hr>91</ns3:hr>
          </ns3:TrackPointExtension>
        </extensions>
      </trkpt>
      <trkpt lat="24.49028550647199153900146484375" lon="118.1434561125934123992919921875">
        <ele>27</ele>
        <time>2026-07-09T10:20:56.000Z</time>
        <extensions>
          <ns3:TrackPointExtension>
            <ns3:atemp>32.0</ns3:atemp>
            <ns3:hr>88</ns3:hr>
          </ns3:TrackPointExtension>
        </extensions>
      </trkpt>
      <trkpt lat="24.49028559029102325439453125" lon="118.14345292747020721435546875">
        <ele>27</ele>
        <time>2026-07-09T10:21:01.000Z</time>
        <extensions>
          <ns3:TrackPointExtension>
            <ns3:atemp>32.0</ns3:atemp>
            <ns3:hr>85</ns3:hr>
          </ns3:TrackPointExtension>
        </extensions>
      </trkpt>
      <trkpt lat="24.4902441836893558502197265625" lon="118.1435166299343109130859375">
        <ele>27</ele>
        <time>2026-07-09T10:21:21.000Z</time>
        <extensions>
          <ns3:TrackPointExtension>
            <ns3:atemp>32.0</ns3:atemp>
            <ns3:hr>87</ns3:hr>
          </ns3:TrackPointExtension>
        </extensions>
      </trkpt>
      <trkpt lat="24.49023655615746974945068359375" lon="118.14349391497671604156494140625">
        <ele>27</ele>
        <time>2026-07-09T10:21:29.000Z</time>
        <extensions>
          <ns3:TrackPointExtension>
            <ns3:atemp>32.0</ns3:atemp>
            <ns3:hr>87</ns3:hr>
          </ns3:TrackPointExtension>
        </extensions>
      </trkpt>
      <trkpt lat="24.4902827404439449310302734375" lon="118.14347572624683380126953125">
        <ele>27</ele>
        <time>2026-07-09T10:21:37.000Z</time>
        <extensions>
          <ns3:TrackPointExtension>
            <ns3:atemp>32.0</ns3:atemp>
            <ns3:hr>88</ns3:hr>
          </ns3:TrackPointExtension>
        </extensions>
      </trkpt>
      <trkpt lat="24.490314759314060211181640625" lon="118.143462650477886199951171875">
        <ele>27</ele>
        <time>2026-07-09T10:21:41.000Z</time>
        <extensions>
          <ns3:TrackPointExtension>
            <ns3:atemp>32.0</ns3:atemp>
            <ns3:hr>87</ns3:hr>
          </ns3:TrackPointExtension>
        </extensions>
      </trkpt>
      <trkpt lat="24.4903115741908550262451171875" lon="118.14346625469624996185302734375">
        <ele>27</ele>
        <time>2026-07-09T10:21:42.000Z</time>
        <extensions>
          <ns3:TrackPointExtension>
            <ns3:atemp>32.0</ns3:atemp>
            <ns3:hr>88</ns3:hr>
          </ns3:TrackPointExtension>
        </extensions>
      </trkpt>
      <trkpt lat="24.4903159327805042266845703125" lon="118.1434651650488376617431640625">
        <ele>26.799999237060546875</ele>
        <time>2026-07-09T10:21:47.000Z</time>
        <extensions>
          <ns3:TrackPointExtension>
            <ns3:atemp>32.0</ns3:atemp>
            <ns3:hr>91</ns3:hr>
          </ns3:TrackPointExtension>
        </extensions>
      </trkpt>
      <trkpt lat="24.490326158702373504638671875" lon="118.143455274403095245361328125">
        <ele>26.6000003814697265625</ele>
        <time>2026-07-09T10:21:51.000Z</time>
        <extensions>
          <ns3:TrackPointExtension>
            <ns3:atemp>32.0</ns3:atemp>
            <ns3:hr>91</ns3:hr>
          </ns3:TrackPointExtension>
        </extensions>
      </trkpt>
      <trkpt lat="24.490326158702373504638671875" lon="118.14344563521444797515869140625">
        <ele>26.6000003814697265625</ele>
        <time>2026-07-09T10:21:53.000Z</time>
        <extensions>
          <ns3:TrackPointExtension>
            <ns3:atemp>32.0</ns3:atemp>
            <ns3:hr>88</ns3:hr>
          </ns3:TrackPointExtension>
        </extensions>
      </trkpt>
      <trkpt lat="24.49032724834978580474853515625" lon="118.14344630576670169830322265625">
        <ele>26.799999237060546875</ele>
        <time>2026-07-09T10:21:55.000Z</time>
        <extensions>
          <ns3:TrackPointExtension>
            <ns3:atemp>32.0</ns3:atemp>
            <ns3:hr>84</ns3:hr>
          </ns3:TrackPointExtension>
        </extensions>
      </trkpt>
      <trkpt lat="24.49032724834978580474853515625" lon="118.14344630576670169830322265625">
        <ele>26.799999237060546875</ele>
        <time>2026-07-09T10:21:59.000Z</time>
        <extensions>
          <ns3:TrackPointExtension>
            <ns3:atemp>32.0</ns3:atemp>
            <ns3:hr>81</ns3:hr>
          </ns3:TrackPointExtension>
        </extensions>
      </trkpt>
      <trkpt lat="24.4903377257287502288818359375" lon="118.1434359960258007049560546875">
        <ele>26.799999237060546875</ele>
        <time>2026-07-09T10:22:05.000Z</time>
        <extensions>
          <ns3:TrackPointExtension>
            <ns3:atemp>32.0</ns3:atemp>
            <ns3:hr>80</ns3:hr>
          </ns3:TrackPointExtension>
        </extensions>
      </trkpt>
      <trkpt lat="24.49033814482390880584716796875" lon="118.14343507401645183563232421875">
        <ele>26.799999237060546875</ele>
        <time>2026-07-09T10:22:08.000Z</time>
        <extensions>
          <ns3:TrackPointExtension>
            <ns3:atemp>32.0</ns3:atemp>
            <ns3:hr>77</ns3:hr>
          </ns3:TrackPointExtension>
        </extensions>
      </trkpt>
      <trkpt lat="24.49033814482390880584716796875" lon="118.14343507401645183563232421875">
        <ele>26.799999237060546875</ele>
        <time>2026-07-09T10:22:13.000Z</time>
        <extensions>
          <ns3:TrackPointExtension>
            <ns3:atemp>32.0</ns3:atemp>
            <ns3:hr>76</ns3:hr>
          </ns3:TrackPointExtension>
        </extensions>
      </trkpt>
      <trkpt lat="24.49034250341355800628662109375" lon="118.14341529272496700286865234375">
        <ele>26.799999237060546875</ele>
        <time>2026-07-09T10:22:21.000Z</time>
        <extensions>
          <ns3:TrackPointExtension>
            <ns3:atemp>32.0</ns3:atemp>
            <ns3:hr>79</ns3:hr>
          </ns3:TrackPointExtension>
        </extensions>
      </trkpt>
      <trkpt lat="24.490348957479000091552734375" lon="118.1433960981667041778564453125">
        <ele>26.799999237060546875</ele>
        <time>2026-07-09T10:22:24.000Z</time>
        <extensions>
          <ns3:TrackPointExtension>
            <ns3:atemp>32.0</ns3:atemp>
            <ns3:hr>80</ns3:hr>
          </ns3:TrackPointExtension>
        </extensions>
      </trkpt>
      <trkpt lat="24.4903209619224071502685546875" lon="118.14338855445384979248046875">
        <ele>26.799999237060546875</ele>
        <time>2026-07-09T10:22:29.000Z</time>
        <extensions>
          <ns3:TrackPointExtension>
            <ns3:atemp>32.0</ns3:atemp>
            <ns3:hr>79</ns3:hr>
          </ns3:TrackPointExtension>
        </extensions>
      </trkpt>
      <trkpt lat="24.490316100418567657470703125" lon="118.14338863827288150787353515625">
        <ele>26.799999237060546875</ele>
        <time>2026-07-09T10:22:30.000Z</time>
        <extensions>
          <ns3:TrackPointExtension>
            <ns3:atemp>32.0</ns3:atemp>
            <ns3:hr>79</ns3:hr>
          </ns3:TrackPointExtension>
        </extensions>
      </trkpt>
      <trkpt lat="24.49029841460287570953369140625" lon="118.1434093415737152099609375">
        <ele>26.799999237060546875</ele>
        <time>2026-07-09T10:22:34.000Z</time>
        <extensions>
          <ns3:TrackPointExtension>
            <ns3:atemp>32.0</ns3:atemp>
            <ns3:hr>79</ns3:hr>
          </ns3:TrackPointExtension>
        </extensions>
      </trkpt>
      <trkpt lat="24.49030168354511260986328125" lon="118.14340724609792232513427734375">
        <ele>27</ele>
        <time>2026-07-09T10:22:38.000Z</time>
        <extensions>
          <ns3:TrackPointExtension>
            <ns3:atemp>32.0</ns3:atemp>
            <ns3:hr>79</ns3:hr>
          </ns3:TrackPointExtension>
        </extensions>
      </trkpt>
      <trkpt lat="24.49030277319252490997314453125" lon="118.1434038095176219940185546875">
        <ele>27</ele>
        <time>2026-07-09T10:22:41.000Z</time>
        <extensions>
          <ns3:TrackPointExtension>
            <ns3:atemp>32.0</ns3:atemp>
            <ns3:hr>83</ns3:hr>
          </ns3:TrackPointExtension>
        </extensions>
      </trkpt>
      <trkpt lat="24.4903095625340938568115234375" lon="118.14338587224483489990234375">
        <ele>27</ele>
        <time>2026-07-09T10:22:46.000Z</time>
        <extensions>
          <ns3:TrackPointExtension>
            <ns3:atemp>32.0</ns3:atemp>
            <ns3:hr>86</ns3:hr>
          </ns3:TrackPointExtension>
        </extensions>
      </trkpt>
      <trkpt lat="24.49031509459018707275390625" lon="118.1433816812932491302490234375">
        <ele>27</ele>
        <time>2026-07-09T10:22:48.000Z</time>
        <extensions>
          <ns3:TrackPointExtension>
            <ns3:atemp>32.0</ns3:atemp>
            <ns3:hr>90</ns3:hr>
          </ns3:TrackPointExtension>
        </extensions>
      </trkpt>
      <trkpt lat="24.49031509459018707275390625" lon="118.1433816812932491302490234375">
        <ele>27</ele>
        <time>2026-07-09T10:22:49.000Z</time>
        <extensions>
          <ns3:TrackPointExtension>
            <ns3:atemp>32.0</ns3:atemp>
            <ns3:hr>93</ns3:hr>
          </ns3:TrackPointExtension>
        </extensions>
      </trkpt>
      <trkpt lat="24.4903171062469482421875" lon="118.1433796696364879608154296875">
        <ele>27</ele>
        <time>2026-07-09T10:22:51.000Z</time>
        <extensions>
          <ns3:TrackPointExtension>
            <ns3:atemp>32.0</ns3:atemp>
            <ns3:hr>97</ns3:hr>
          </ns3:TrackPointExtension>
        </extensions>
      </trkpt>
      <trkpt lat="24.490324817597866058349609375" lon="118.14336634241044521331787109375">
        <ele>27</ele>
        <time>2026-07-09T10:22:54.000Z</time>
        <extensions>
          <ns3:TrackPointExtension>
            <ns3:atemp>32.0</ns3:atemp>
            <ns3:hr>99</ns3:hr>
          </ns3:TrackPointExtension>
        </extensions>
      </trkpt>
      <trkpt lat="24.490324817597866058349609375" lon="118.14336634241044521331787109375">
        <ele>27</ele>
        <time>2026-07-09T10:22:58.000Z</time>
        <extensions>
          <ns3:TrackPointExtension>
            <ns3:atemp>32.0</ns3:atemp>
            <ns3:hr>96</ns3:hr>
          </ns3:TrackPointExtension>
        </extensions>
      </trkpt>
      <trkpt lat="24.490324817597866058349609375" lon="118.14336634241044521331787109375">
        <ele>27</ele>
        <time>2026-07-09T10:23:00.000Z</time>
        <extensions>
          <ns3:TrackPointExtension>
            <ns3:atemp>32.0</ns3:atemp>
            <ns3:hr>93</ns3:hr>
          </ns3:TrackPointExtension>
        </extensions>
      </trkpt>
      <trkpt lat="24.4903347082436084747314453125" lon="118.14332686364650726318359375">
        <ele>27</ele>
        <time>2026-07-09T10:23:23.000Z</time>
        <extensions>
          <ns3:TrackPointExtension>
            <ns3:atemp>32.0</ns3:atemp>
            <ns3:hr>90</ns3:hr>
          </ns3:TrackPointExtension>
        </extensions>
      </trkpt>
      <trkpt lat="24.49031551368534564971923828125" lon="118.143327869474887847900390625">
        <ele>27</ele>
        <time>2026-07-09T10:23:42.000Z</time>
        <extensions>
          <ns3:TrackPointExtension>
            <ns3:atemp>32.0</ns3:atemp>
            <ns3:hr>93</ns3:hr>
          </ns3:TrackPointExtension>
        </extensions>
      </trkpt>
      <trkpt lat="24.49031174182891845703125" lon="118.143327869474887847900390625">
        <ele>27</ele>
        <time>2026-07-09T10:23:45.000Z</time>
        <extensions>
          <ns3:TrackPointExtension>
            <ns3:atemp>32.0</ns3:atemp>
            <ns3:hr>96</ns3:hr>
          </ns3:TrackPointExtension>
        </extensions>
      </trkpt>
      <trkpt lat="24.490310065448284149169921875" lon="118.14332845620810985565185546875">
        <ele>27</ele>
        <time>2026-07-09T10:23:46.000Z</time>
        <extensions>
          <ns3:TrackPointExtension>
            <ns3:atemp>32.0</ns3:atemp>
            <ns3:hr>96</ns3:hr>
          </ns3:TrackPointExtension>
        </extensions>
      </trkpt>
      <trkpt lat="24.4902824051678180694580078125" lon="118.1433793343603610992431640625">
        <ele>27</ele>
        <time>2026-07-09T10:23:55.000Z</time>
        <extensions>
          <ns3:TrackPointExtension>
            <ns3:atemp>32.0</ns3:atemp>
            <ns3:hr>93</ns3:hr>
          </ns3:TrackPointExtension>
        </extensions>
      </trkpt>
      <trkpt lat="24.49024946428835391998291015625" lon="118.14341847784817218780517578125">
        <ele>27</ele>
        <time>2026-07-09T10:24:17.000Z</time>
        <extensions>
          <ns3:TrackPointExtension>
            <ns3:atemp>32.0</ns3:atemp>
            <ns3:hr>90</ns3:hr>
          </ns3:TrackPointExtension>
        </extensions>
      </trkpt>
      <trkpt lat="24.49024879373610019683837890625" lon="118.1434336490929126739501953125">
        <ele>27</ele>
        <time>2026-07-09T10:24:52.000Z</time>
        <extensions>
          <ns3:TrackPointExtension>
            <ns3:atemp>32.0</ns3:atemp>
            <ns3:hr>93</ns3:hr>
          </ns3:TrackPointExtension>
        </extensions>
      </trkpt>
      <trkpt lat="24.490244686603546142578125" lon="118.143440522253513336181640625">
        <ele>27</ele>
        <time>2026-07-09T10:25:05.000Z</time>
        <extensions>
          <ns3:TrackPointExtension>
            <ns3:atemp>32.0</ns3:atemp>
            <ns3:hr>90</ns3:hr>
          </ns3:TrackPointExtension>
        </extensions>
      </trkpt>
      <trkpt lat="24.490244686603546142578125" lon="118.1434420309960842132568359375">
        <ele>27</ele>
        <time>2026-07-09T10:25:09.000Z</time>
        <extensions>
          <ns3:TrackPointExtension>
            <ns3:atemp>32.0</ns3:atemp>
            <ns3:hr>93</ns3:hr>
          </ns3:TrackPointExtension>
        </extensions>
      </trkpt>
      <trkpt lat="24.490244686603546142578125" lon="118.143442533910274505615234375">
        <ele>27</ele>
        <time>2026-07-09T10:25:14.000Z</time>
        <extensions>
          <ns3:TrackPointExtension>
            <ns3:atemp>32.0</ns3:atemp>
            <ns3:hr>96</ns3:hr>
          </ns3:TrackPointExtension>
        </extensions>
      </trkpt>
      <trkpt lat="24.4902460277080535888671875" lon="118.14344228245317935943603515625">
        <ele>27</ele>
        <time>2026-07-09T10:25:21.000Z</time>
        <extensions>
          <ns3:TrackPointExtension>
            <ns3:atemp>32.0</ns3:atemp>
            <ns3:hr>93</ns3:hr>
          </ns3:TrackPointExtension>
        </extensions>
      </trkpt>
      <trkpt lat="24.4902565889060497283935546875" lon="118.1434428691864013671875">
        <ele>27</ele>
        <time>2026-07-09T10:25:37.000Z</time>
        <extensions>
          <ns3:TrackPointExtension>
            <ns3:atemp>32.0</ns3:atemp>
            <ns3:hr>96</ns3:hr>
          </ns3:TrackPointExtension>
        </extensions>
      </trkpt>
      <trkpt lat="24.4902689941227436065673828125" lon="118.143444545567035675048828125">
        <ele>27</ele>
        <time>2026-07-09T10:25:47.000Z</time>
        <extensions>
          <ns3:TrackPointExtension>
            <ns3:atemp>32.0</ns3:atemp>
            <ns3:hr>99</ns3:hr>
          </ns3:TrackPointExtension>
        </extensions>
      </trkpt>
      <trkpt lat="24.49029187671840190887451171875" lon="118.14345116727054119110107421875">
        <ele>27</ele>
        <time>2026-07-09T10:26:05.000Z</time>
        <extensions>
          <ns3:TrackPointExtension>
            <ns3:atemp>32.0</ns3:atemp>
            <ns3:hr>102</ns3:hr>
          </ns3:TrackPointExtension>
        </extensions>
      </trkpt>
      <trkpt lat="24.490292631089687347412109375" lon="118.14345468766987323760986328125">
        <ele>27</ele>
        <time>2026-07-09T10:26:13.000Z</time>
        <extensions>
          <ns3:TrackPointExtension>
            <ns3:atemp>32.0</ns3:atemp>
            <ns3:hr>105</ns3:hr>
          </ns3:TrackPointExtension>
        </extensions>
      </trkpt>
      <trkpt lat="24.49029288254678249359130859375" lon="118.143457286059856414794921875">
        <ele>27</ele>
        <time>2026-07-09T10:26:17.000Z</time>
        <extensions>
          <ns3:TrackPointExtension>
            <ns3:atemp>32.0</ns3:atemp>
            <ns3:hr>109</ns3:hr>
          </ns3:TrackPointExtension>
        </extensions>
      </trkpt>
      <trkpt lat="24.49029489420354366302490234375" lon="118.14345887862145900726318359375">
        <ele>27</ele>
        <time>2026-07-09T10:26:25.000Z</time>
        <extensions>
          <ns3:TrackPointExtension>
            <ns3:atemp>32.0</ns3:atemp>
            <ns3:hr>106</ns3:hr>
          </ns3:TrackPointExtension>
        </extensions>
      </trkpt>
      <trkpt lat="24.49029724113643169403076171875" lon="118.14345736987888813018798828125">
        <ele>27</ele>
        <time>2026-07-09T10:26:33.000Z</time>
        <extensions>
          <ns3:TrackPointExtension>
            <ns3:atemp>32.0</ns3:atemp>
            <ns3:hr>103</ns3:hr>
          </ns3:TrackPointExtension>
        </extensions>
      </trkpt>
      <trkpt lat="24.490298330783843994140625" lon="118.14345552586019039154052734375">
        <ele>27</ele>
        <time>2026-07-09T10:26:37.000Z</time>
        <extensions>
          <ns3:TrackPointExtension>
            <ns3:atemp>32.0</ns3:atemp>
            <ns3:hr>99</ns3:hr>
          </ns3:TrackPointExtension>
        </extensions>
      </trkpt>
      <trkpt lat="24.49029925279319286346435546875" lon="118.14345317892730236053466796875">
        <ele>27</ele>
        <time>2026-07-09T10:26:51.000Z</time>
        <extensions>
          <ns3:TrackPointExtension>
            <ns3:atemp>32.0</ns3:atemp>
            <ns3:hr>96</ns3:hr>
          </ns3:TrackPointExtension>
        </extensions>
      </trkpt>
      <trkpt lat="24.4902927987277507781982421875" lon="118.143439181149005889892578125">
        <ele>27</ele>
        <time>2026-07-09T10:26:54.000Z</time>
        <extensions>
          <ns3:TrackPointExtension>
            <ns3:atemp>32.0</ns3:atemp>
            <ns3:hr>93</ns3:hr>
          </ns3:TrackPointExtension>
        </extensions>
      </trkpt>
      <trkpt lat="24.4902837462723255157470703125" lon="118.14344731159508228302001953125">
        <ele>27</ele>
        <time>2026-07-09T10:26:57.000Z</time>
        <extensions>
          <ns3:TrackPointExtension>
            <ns3:atemp>33.0</ns3:atemp>
            <ns3:hr>92</ns3:hr>
          </ns3:TrackPointExtension>
        </extensions>
      </trkpt>
      <trkpt lat="24.49026689864695072174072265625" lon="118.14344496466219425201416015625">
        <ele>27</ele>
        <time>2026-07-09T10:27:04.000Z</time>
        <extensions>
          <ns3:TrackPointExtension>
            <ns3:atemp>32.0</ns3:atemp>
            <ns3:hr>88</ns3:hr>
          </ns3:TrackPointExtension>
        </extensions>
      </trkpt>
      <trkpt lat="24.49026689864695072174072265625" lon="118.14344647340476512908935546875">
        <ele>27</ele>
        <time>2026-07-09T10:27:12.000Z</time>
        <extensions>
          <ns3:TrackPointExtension>
            <ns3:atemp>32.0</ns3:atemp>
            <ns3:hr>91</ns3:hr>
          </ns3:TrackPointExtension>
        </extensions>
      </trkpt>
      <trkpt lat="24.4902710057795047760009765625" lon="118.1434470601379871368408203125">
        <ele>27</ele>
        <time>2026-07-09T10:27:14.000Z</time>
        <extensions>
          <ns3:TrackPointExtension>
            <ns3:atemp>32.0</ns3:atemp>
            <ns3:hr>92</ns3:hr>
          </ns3:TrackPointExtension>
        </extensions>
      </trkpt>
      <trkpt lat="24.49027293361723423004150390625" lon="118.1434470601379871368408203125">
        <ele>27</ele>
        <time>2026-07-09T10:27:19.000Z</time>
        <extensions>
          <ns3:TrackPointExtension>
            <ns3:atemp>32.0</ns3:atemp>
            <ns3:hr>89</ns3:hr>
          </ns3:TrackPointExtension>
        </extensions>
      </trkpt>
      <trkpt lat="24.490269832313060760498046875" lon="118.143429793417453765869140625">
        <ele>27</ele>
        <time>2026-07-09T10:27:35.000Z</time>
        <extensions>
          <ns3:TrackPointExtension>
            <ns3:atemp>32.0</ns3:atemp>
            <ns3:hr>92</ns3:hr>
          </ns3:TrackPointExtension>
        </extensions>
      </trkpt>
      <trkpt lat="24.49026941321790218353271484375" lon="118.143429793417453765869140625">
        <ele>27</ele>
        <time>2026-07-09T10:27:39.000Z</time>
        <extensions>
          <ns3:TrackPointExtension>
            <ns3:atemp>32.0</ns3:atemp>
            <ns3:hr>95</ns3:hr>
          </ns3:TrackPointExtension>
        </extensions>
      </trkpt>
      <trkpt lat="24.49026874266564846038818359375" lon="118.143429793417453765869140625">
        <ele>27</ele>
        <time>2026-07-09T10:27:44.000Z</time>
        <extensions>
          <ns3:TrackPointExtension>
            <ns3:atemp>32.0</ns3:atemp>
            <ns3:hr>92</ns3:hr>
          </ns3:TrackPointExtension>
        </extensions>
      </trkpt>
      <trkpt lat="24.490266479551792144775390625" lon="118.1434430368244647979736328125">
        <ele>27</ele>
        <time>2026-07-09T10:27:55.000Z</time>
        <extensions>
          <ns3:TrackPointExtension>
            <ns3:atemp>32.0</ns3:atemp>
            <ns3:hr>95</ns3:hr>
          </ns3:TrackPointExtension>
        </extensions>
      </trkpt>
      <trkpt lat="24.49026455171406269073486328125" lon="118.1434457190334796905517578125">
        <ele>27</ele>
        <time>2026-07-09T10:27:58.000Z</time>
        <extensions>
          <ns3:TrackPointExtension>
            <ns3:atemp>32.0</ns3:atemp>
            <ns3:hr>98</ns3:hr>
          </ns3:TrackPointExtension>
        </extensions>
      </trkpt>
      <trkpt lat="24.4902596063911914825439453125" lon="118.14345217309892177581787109375">
        <ele>27</ele>
        <time>2026-07-09T10:28:01.000Z</time>
        <extensions>
          <ns3:TrackPointExtension>
            <ns3:atemp>32.0</ns3:atemp>
            <ns3:hr>102</ns3:hr>
          </ns3:TrackPointExtension>
        </extensions>
      </trkpt>
      <trkpt lat="24.49025415815412998199462890625" lon="118.14345519058406352996826171875">
        <ele>27</ele>
        <time>2026-07-09T10:28:07.000Z</time>
        <extensions>
          <ns3:TrackPointExtension>
            <ns3:atemp>33.0</ns3:atemp>
            <ns3:hr>97</ns3:hr>
          </ns3:TrackPointExtension>
        </extensions>
      </trkpt>
      <trkpt lat="24.4902535714209079742431640625" lon="118.1434557773172855377197265625">
        <ele>27</ele>
        <time>2026-07-09T10:28:08.000Z</time>
        <extensions>
          <ns3:TrackPointExtension>
            <ns3:atemp>33.0</ns3:atemp>
            <ns3:hr>92</ns3:hr>
          </ns3:TrackPointExtension>
        </extensions>
      </trkpt>
      <trkpt lat="24.49025298468768596649169921875" lon="118.1434561125934123992919921875">
        <ele>27</ele>
        <time>2026-07-09T10:28:09.000Z</time>
        <extensions>
          <ns3:TrackPointExtension>
            <ns3:atemp>32.0</ns3:atemp>
            <ns3:hr>89</ns3:hr>
          </ns3:TrackPointExtension>
        </extensions>
      </trkpt>
      <trkpt lat="24.4902525655925273895263671875" lon="118.1434567831456661224365234375">
        <ele>27</ele>
        <time>2026-07-09T10:28:11.000Z</time>
        <extensions>
          <ns3:TrackPointExtension>
            <ns3:atemp>32.0</ns3:atemp>
            <ns3:hr>86</ns3:hr>
          </ns3:TrackPointExtension>
        </extensions>
      </trkpt>
      <trkpt lat="24.49025466106832027435302734375" lon="118.1434695236384868621826171875">
        <ele>27</ele>
        <time>2026-07-09T10:28:25.000Z</time>
        <extensions>
          <ns3:TrackPointExtension>
            <ns3:atemp>32.0</ns3:atemp>
            <ns3:hr>89</ns3:hr>
          </ns3:TrackPointExtension>
        </extensions>
      </trkpt>
      <trkpt lat="24.4902586005628108978271484375" lon="118.1434695236384868621826171875">
        <ele>27</ele>
        <time>2026-07-09T10:28:28.000Z</time>
        <extensions>
          <ns3:TrackPointExtension>
            <ns3:atemp>33.0</ns3:atemp>
            <ns3:hr>93</ns3:hr>
          </ns3:TrackPointExtension>
        </extensions>
      </trkpt>
      <trkpt lat="24.49032339267432689666748046875" lon="118.143462650477886199951171875">
        <ele>27</ele>
        <time>2026-07-09T10:28:45.000Z</time>
        <extensions>
          <ns3:TrackPointExtension>
            <ns3:atemp>32.0</ns3:atemp>
            <ns3:hr>93</ns3:hr>
          </ns3:TrackPointExtension>
        </extensions>
      </trkpt>
      <trkpt lat="24.49032708071172237396240234375" lon="118.1434618122875690460205078125">
        <ele>27</ele>
        <time>2026-07-09T10:28:54.000Z</time>
        <extensions>
          <ns3:TrackPointExtension>
            <ns3:atemp>33.0</ns3:atemp>
            <ns3:hr>96</ns3:hr>
          </ns3:TrackPointExtension>
        </extensions>
      </trkpt>
      <trkpt lat="24.49032708071172237396240234375" lon="118.1434618122875690460205078125">
        <ele>27</ele>
        <time>2026-07-09T10:28:58.000Z</time>
        <extensions>
          <ns3:TrackPointExtension>
            <ns3:atemp>33.0</ns3:atemp>
            <ns3:hr>99</ns3:hr>
          </ns3:TrackPointExtension>
        </extensions>
      </trkpt>
      <trkpt lat="24.4903206266462802886962890625" lon="118.14346558414399623870849609375">
        <ele>27</ele>
        <time>2026-07-09T10:29:04.000Z</time>
        <extensions>
          <ns3:TrackPointExtension>
            <ns3:atemp>33.0</ns3:atemp>
            <ns3:hr>102</ns3:hr>
          </ns3:TrackPointExtension>
        </extensions>
      </trkpt>
      <trkpt lat="24.4903184473514556884765625" lon="118.14346893690526485443115234375">
        <ele>27</ele>
        <time>2026-07-09T10:29:09.000Z</time>
        <extensions>
          <ns3:TrackPointExtension>
            <ns3:atemp>33.0</ns3:atemp>
            <ns3:hr>102</ns3:hr>
          </ns3:TrackPointExtension>
        </extensions>
      </trkpt>
      <trkpt lat="24.490322135388851165771484375" lon="118.14347279258072376251220703125">
        <ele>27</ele>
        <time>2026-07-09T10:29:18.000Z</time>
        <extensions>
          <ns3:TrackPointExtension>
            <ns3:atemp>33.0</ns3:atemp>
            <ns3:hr>102</ns3:hr>
          </ns3:TrackPointExtension>
        </extensions>
      </trkpt>
      <trkpt lat="24.49032272212207317352294921875" lon="118.14346893690526485443115234375">
        <ele>27</ele>
        <time>2026-07-09T10:29:19.000Z</time>
        <extensions>
          <ns3:TrackPointExtension>
            <ns3:atemp>33.0</ns3:atemp>
            <ns3:hr>103</ns3:hr>
          </ns3:TrackPointExtension>
        </extensions>
      </trkpt>
    </trkseg>
  </trk>
</gpx>
