<?xml version="1.0" encoding="UTF-8"?>
<gpx creator="Garmin Connect" version="1.1"
  xsi:schemaLocation="http://www.topografix.com/GPX/1/1 http://www.topografix.com/GPX/11.xsd"
  xmlns:ns3="http://www.garmin.com/xmlschemas/TrackPointExtension/v1"
  xmlns="http://www.topografix.com/GPX/1/1"
  xmlns:xsi="http://www.w3.org/2001/XMLSchema-instance" xmlns:ns2="http://www.garmin.com/xmlschemas/GpxExtensions/v3">
  <metadata>
    <link href="connect.garmin.com">
      <text>Garmin Connect</text>
    </link>
    <time>2026-08-04T23:35:07.000Z</time>
  </metadata>
  <trk>
    <name>厦门市 骑行</name>
    <type>cycling</type>
    <trkseg>
      <trkpt lat="24.53035804443061351776123046875" lon="118.12837581150233745574951171875">
        <ele>14.6000003814697265625</ele>
        <time>2026-08-04T23:35:18.000Z</time>
        <extensions>
          <ns3:TrackPointExtension>
            <ns3:atemp>32.0</ns3:atemp>
            <ns3:hr>98</ns3:hr>
          </ns3:TrackPointExtension>
        </extensions>
      </trkpt>
      <trkpt lat="24.5303532667458057403564453125" lon="118.12838234938681125640869140625">
        <ele>14.6000003814697265625</ele>
        <time>2026-08-04T23:35:19.000Z</time>
        <extensions>
          <ns3:TrackPointExtension>
            <ns3:atemp>32.0</ns3:atemp>
            <ns3:hr>97</ns3:hr>
          </ns3:TrackPointExtension>
        </extensions>
      </trkpt>
      <trkpt lat="24.5303251035511493682861328125" lon="118.12832971103489398956298828125">
        <ele>14.6000003814697265625</ele>
        <time>2026-08-04T23:35:22.000Z</time>
        <extensions>
          <ns3:TrackPointExtension>
            <ns3:atemp>32.0</ns3:atemp>
            <ns3:hr>94</ns3:hr>
          </ns3:TrackPointExtension>
        </extensions>
      </trkpt>
      <trkpt lat="24.53035837970674037933349609375" lon="118.12833675183355808258056640625">
        <ele>14.6000003814697265625</ele>
        <time>2026-08-04T23:35:23.000Z</time>
        <extensions>
          <ns3:TrackPointExtension>
            <ns3:atemp>32.0</ns3:atemp>
            <ns3:hr>97</ns3:hr>
          </ns3:TrackPointExtension>
        </extensions>
      </trkpt>
      <trkpt lat="24.530366174876689910888671875" lon="118.12829165719449520111083984375">
        <ele>14.6000003814697265625</ele>
        <time>2026-08-04T23:35:26.000Z</time>
        <extensions>
          <ns3:TrackPointExtension>
            <ns3:atemp>32.0</ns3:atemp>
            <ns3:hr>100</ns3:hr>
          </ns3:TrackPointExtension>
        </extensions>
      </trkpt>
      <trkpt lat="24.53036248683929443359375" lon="118.1282815150916576385498046875">
        <ele>14.3999996185302734375</ele>
        <time>2026-08-04T23:35:27.000Z</time>
        <extensions>
          <ns3:TrackPointExtension>
            <ns3:atemp>32.0</ns3:atemp>
            <ns3:hr>103</ns3:hr>
          </ns3:TrackPointExtension>
        </extensions>
      </trkpt>
      <trkpt lat="24.5303720422089099884033203125" lon="118.12827967107295989990234375">
        <ele>14.3999996185302734375</ele>
        <time>2026-08-04T23:35:29.000Z</time>
        <extensions>
          <ns3:TrackPointExtension>
            <ns3:atemp>32.0</ns3:atemp>
            <ns3:hr>107</ns3:hr>
          </ns3:TrackPointExtension>
        </extensions>
      </trkpt>
      <trkpt lat="24.53038905747234821319580078125" lon="118.12823943793773651123046875">
        <ele>14.3999996185302734375</ele>
        <time>2026-08-04T23:35:33.000Z</time>
        <extensions>
          <ns3:TrackPointExtension>
            <ns3:atemp>32.0</ns3:atemp>
            <ns3:hr>110</ns3:hr>
          </ns3:TrackPointExtension>
        </extensions>
      </trkpt>
      <trkpt lat="24.5304300449788570404052734375" lon="118.1281645037233829498291015625">
        <ele>14.3999996185302734375</ele>
        <time>2026-08-04T23:35:37.000Z</time>
        <extensions>
          <ns3:TrackPointExtension>
            <ns3:atemp>32.0</ns3:atemp>
            <ns3:hr>111</ns3:hr>
          </ns3:TrackPointExtension>
        </extensions>
      </trkpt>
      <trkpt lat="24.5305299572646617889404296875" lon="118.1281135417520999908447265625">
        <ele>14.6000003814697265625</ele>
        <time>2026-08-04T23:35:45.000Z</time>
        <extensions>
          <ns3:TrackPointExtension>
            <ns3:atemp>32.0</ns3:atemp>
            <ns3:hr>112</ns3:hr>
          </ns3:TrackPointExtension>
        </extensions>
      </trkpt>
      <trkpt lat="24.53061101026833057403564453125" lon="118.128060400485992431640625">
        <ele>14</ele>
        <time>2026-08-04T23:35:51.000Z</time>
        <extensions>
          <ns3:TrackPointExtension>
            <ns3:atemp>32.0</ns3:atemp>
            <ns3:hr>112</ns3:hr>
          </ns3:TrackPointExtension>
        </extensions>
      </trkpt>
      <trkpt lat="24.53064336441457271575927734375" lon="118.128033578395843505859375">
        <ele>14.3999996185302734375</ele>
        <time>2026-08-04T23:35:57.000Z</time>
        <extensions>
          <ns3:TrackPointExtension>
            <ns3:atemp>32.0</ns3:atemp>
            <ns3:hr>112</ns3:hr>
          </ns3:TrackPointExtension>
        </extensions>
      </trkpt>
      <trkpt lat="24.53071360476315021514892578125" lon="118.12794464640319347381591796875">
        <ele>14.19999980926513671875</ele>
        <time>2026-08-04T23:36:04.000Z</time>
        <extensions>
          <ns3:TrackPointExtension>
            <ns3:atemp>32.0</ns3:atemp>
            <ns3:hr>110</ns3:hr>
          </ns3:TrackPointExtension>
        </extensions>
      </trkpt>
      <trkpt lat="24.53073623590171337127685546875" lon="118.12793743796646595001220703125">
        <ele>14.19999980926513671875</ele>
        <time>2026-08-04T23:36:07.000Z</time>
        <extensions>
          <ns3:TrackPointExtension>
            <ns3:atemp>32.0</ns3:atemp>
            <ns3:hr>109</ns3:hr>
          </ns3:TrackPointExtension>
        </extensions>
      </trkpt>
      <trkpt lat="24.5307485572993755340576171875" lon="118.127934001386165618896484375">
        <ele>14.19999980926513671875</ele>
        <time>2026-08-04T23:36:08.000Z</time>
        <extensions>
          <ns3:TrackPointExtension>
            <ns3:atemp>32.0</ns3:atemp>
            <ns3:hr>109</ns3:hr>
          </ns3:TrackPointExtension>
        </extensions>
      </trkpt>
      <trkpt lat="24.53075132332742214202880859375" lon="118.127904497087001800537109375">
        <ele>14.3999996185302734375</ele>
        <time>2026-08-04T23:36:13.000Z</time>
        <extensions>
          <ns3:TrackPointExtension>
            <ns3:atemp>32.0</ns3:atemp>
            <ns3:hr>109</ns3:hr>
          </ns3:TrackPointExtension>
        </extensions>
      </trkpt>
      <trkpt lat="24.530745036900043487548828125" lon="118.1278900802135467529296875">
        <ele>14.3999996185302734375</ele>
        <time>2026-08-04T23:36:14.000Z</time>
        <extensions>
          <ns3:TrackPointExtension>
            <ns3:atemp>32.0</ns3:atemp>
            <ns3:hr>109</ns3:hr>
          </ns3:TrackPointExtension>
        </extensions>
      </trkpt>
      <trkpt lat="24.5307136885821819305419921875" lon="118.12784439884126186370849609375">
        <ele>14.3999996185302734375</ele>
        <time>2026-08-04T23:36:18.000Z</time>
        <extensions>
          <ns3:TrackPointExtension>
            <ns3:atemp>32.0</ns3:atemp>
            <ns3:hr>108</ns3:hr>
          </ns3:TrackPointExtension>
        </extensions>
      </trkpt>
      <trkpt lat="24.53064369969069957733154296875" lon="118.12776493839919567108154296875">
        <ele>14.6000003814697265625</ele>
        <time>2026-08-04T23:36:33.000Z</time>
        <extensions>
          <ns3:TrackPointExtension>
            <ns3:atemp>32.0</ns3:atemp>
            <ns3:hr>108</ns3:hr>
          </ns3:TrackPointExtension>
        </extensions>
      </trkpt>
      <trkpt lat="24.53062492422759532928466796875" lon="118.12770877964794635772705078125">
        <ele>14.6000003814697265625</ele>
        <time>2026-08-04T23:36:37.000Z</time>
        <extensions>
          <ns3:TrackPointExtension>
            <ns3:atemp>32.0</ns3:atemp>
            <ns3:hr>106</ns3:hr>
          </ns3:TrackPointExtension>
        </extensions>
      </trkpt>
      <trkpt lat="24.53062794171273708343505859375" lon="118.1276776827871799468994140625">
        <ele>14.6000003814697265625</ele>
        <time>2026-08-04T23:36:39.000Z</time>
        <extensions>
          <ns3:TrackPointExtension>
            <ns3:atemp>32.0</ns3:atemp>
            <ns3:hr>106</ns3:hr>
          </ns3:TrackPointExtension>
        </extensions>
      </trkpt>
      <trkpt lat="24.53062425367534160614013671875" lon="118.12766754068434238433837890625">
        <ele>14.6000003814697265625</ele>
        <time>2026-08-04T23:36:41.000Z</time>
        <extensions>
          <ns3:TrackPointExtension>
            <ns3:atemp>32.0</ns3:atemp>
            <ns3:hr>105</ns3:hr>
          </ns3:TrackPointExtension>
        </extensions>
      </trkpt>
      <trkpt lat="24.53059089370071887969970703125" lon="118.1276659481227397918701171875">
        <ele>14.6000003814697265625</ele>
        <time>2026-08-04T23:36:43.000Z</time>
        <extensions>
          <ns3:TrackPointExtension>
            <ns3:atemp>32.0</ns3:atemp>
            <ns3:hr>105</ns3:hr>
          </ns3:TrackPointExtension>
        </extensions>
      </trkpt>
      <trkpt lat="24.53055200167000293731689453125" lon="118.12759160064160823822021484375">
        <ele>14.6000003814697265625</ele>
        <time>2026-08-04T23:36:49.000Z</time>
        <extensions>
          <ns3:TrackPointExtension>
            <ns3:atemp>32.0</ns3:atemp>
            <ns3:hr>106</ns3:hr>
          </ns3:TrackPointExtension>
        </extensions>
      </trkpt>
      <trkpt lat="24.530560635030269622802734375" lon="118.12756058759987354278564453125">
        <ele>14.3999996185302734375</ele>
        <time>2026-08-04T23:36:53.000Z</time>
        <extensions>
          <ns3:TrackPointExtension>
            <ns3:atemp>32.0</ns3:atemp>
            <ns3:hr>108</ns3:hr>
          </ns3:TrackPointExtension>
        </extensions>
      </trkpt>
      <trkpt lat="24.530536495149135589599609375" lon="118.12749470584094524383544921875">
        <ele>14.19999980926513671875</ele>
        <time>2026-08-04T23:36:59.000Z</time>
        <extensions>
          <ns3:TrackPointExtension>
            <ns3:atemp>32.0</ns3:atemp>
            <ns3:hr>109</ns3:hr>
          </ns3:TrackPointExtension>
        </extensions>
      </trkpt>
      <trkpt lat="24.53042627312242984771728515625" lon="118.12743368558585643768310546875">
        <ele>14.19999980926513671875</ele>
        <time>2026-08-04T23:37:06.000Z</time>
        <extensions>
          <ns3:TrackPointExtension>
            <ns3:atemp>32.0</ns3:atemp>
            <ns3:hr>110</ns3:hr>
          </ns3:TrackPointExtension>
        </extensions>
      </trkpt>
      <trkpt lat="24.53038461506366729736328125" lon="118.1273719109594821929931640625">
        <ele>14.3999996185302734375</ele>
        <time>2026-08-04T23:37:13.000Z</time>
        <extensions>
          <ns3:TrackPointExtension>
            <ns3:atemp>32.0</ns3:atemp>
            <ns3:hr>109</ns3:hr>
          </ns3:TrackPointExtension>
        </extensions>
      </trkpt>
      <trkpt lat="24.53036315739154815673828125" lon="118.12735506333410739898681640625">
        <ele>14.3999996185302734375</ele>
        <time>2026-08-04T23:37:15.000Z</time>
        <extensions>
          <ns3:TrackPointExtension>
            <ns3:atemp>32.0</ns3:atemp>
            <ns3:hr>109</ns3:hr>
          </ns3:TrackPointExtension>
        </extensions>
      </trkpt>
      <trkpt lat="24.53036307357251644134521484375" lon="118.12732706777751445770263671875">
        <ele>14.80000019073486328125</ele>
        <time>2026-08-04T23:37:19.000Z</time>
        <extensions>
          <ns3:TrackPointExtension>
            <ns3:atemp>32.0</ns3:atemp>
            <ns3:hr>109</ns3:hr>
          </ns3:TrackPointExtension>
        </extensions>
      </trkpt>
      <trkpt lat="24.53034949488937854766845703125" lon="118.127315752208232879638671875">
        <ele>15.19999980926513671875</ele>
        <time>2026-08-04T23:37:23.000Z</time>
        <extensions>
          <ns3:TrackPointExtension>
            <ns3:atemp>32.0</ns3:atemp>
            <ns3:hr>109</ns3:hr>
          </ns3:TrackPointExtension>
        </extensions>
      </trkpt>
      <trkpt lat="24.5303435437381267547607421875" lon="118.1273092143237590789794921875">
        <ele>15.3999996185302734375</ele>
        <time>2026-08-04T23:37:25.000Z</time>
        <extensions>
          <ns3:TrackPointExtension>
            <ns3:atemp>32.0</ns3:atemp>
            <ns3:hr>108</ns3:hr>
          </ns3:TrackPointExtension>
        </extensions>
      </trkpt>
      <trkpt lat="24.53034111298620700836181640625" lon="118.12730208970606327056884765625">
        <ele>15.6000003814697265625</ele>
        <time>2026-08-04T23:37:26.000Z</time>
        <extensions>
          <ns3:TrackPointExtension>
            <ns3:atemp>32.0</ns3:atemp>
            <ns3:hr>108</ns3:hr>
          </ns3:TrackPointExtension>
        </extensions>
      </trkpt>
      <trkpt lat="24.530333317816257476806640625" lon="118.12727912329137325286865234375">
        <ele>16.6000003814697265625</ele>
        <time>2026-08-04T23:37:32.000Z</time>
        <extensions>
          <ns3:TrackPointExtension>
            <ns3:atemp>32.0</ns3:atemp>
            <ns3:hr>106</ns3:hr>
          </ns3:TrackPointExtension>
        </extensions>
      </trkpt>
      <trkpt lat="24.5303301326930522918701171875" lon="118.12727526761591434478759765625">
        <ele>16.799999237060546875</ele>
        <time>2026-08-04T23:37:33.000Z</time>
        <extensions>
          <ns3:TrackPointExtension>
            <ns3:atemp>32.0</ns3:atemp>
            <ns3:hr>106</ns3:hr>
          </ns3:TrackPointExtension>
        </extensions>
      </trkpt>
      <trkpt lat="24.53033658675849437713623046875" lon="118.12723956070840358734130859375">
        <ele>17.3999996185302734375</ele>
        <time>2026-08-04T23:37:37.000Z</time>
        <extensions>
          <ns3:TrackPointExtension>
            <ns3:atemp>32.0</ns3:atemp>
            <ns3:hr>106</ns3:hr>
          </ns3:TrackPointExtension>
        </extensions>
      </trkpt>
      <trkpt lat="24.5303358323872089385986328125" lon="118.1272329390048980712890625">
        <ele>17.799999237060546875</ele>
        <time>2026-08-04T23:37:40.000Z</time>
        <extensions>
          <ns3:TrackPointExtension>
            <ns3:atemp>32.0</ns3:atemp>
            <ns3:hr>106</ns3:hr>
          </ns3:TrackPointExtension>
        </extensions>
      </trkpt>
      <trkpt lat="24.53030842356383800506591796875" lon="118.127212822437286376953125">
        <ele>18.3999996185302734375</ele>
        <time>2026-08-04T23:37:44.000Z</time>
        <extensions>
          <ns3:TrackPointExtension>
            <ns3:atemp>32.0</ns3:atemp>
            <ns3:hr>103</ns3:hr>
          </ns3:TrackPointExtension>
        </extensions>
      </trkpt>
      <trkpt lat="24.53026014380156993865966796875" lon="118.12717904336750507354736328125">
        <ele>19</ele>
        <time>2026-08-04T23:37:49.000Z</time>
        <extensions>
          <ns3:TrackPointExtension>
            <ns3:atemp>32.0</ns3:atemp>
            <ns3:hr>102</ns3:hr>
          </ns3:TrackPointExtension>
        </extensions>
      </trkpt>
      <trkpt lat="24.530236423015594482421875" lon="118.12715440057218074798583984375">
        <ele>19.3999996185302734375</ele>
        <time>2026-08-04T23:37:51.000Z</time>
        <extensions>
          <ns3:TrackPointExtension>
            <ns3:atemp>32.0</ns3:atemp>
            <ns3:hr>102</ns3:hr>
          </ns3:TrackPointExtension>
        </extensions>
      </trkpt>
      <trkpt lat="24.53019644133746623992919921875" lon="118.127123974263668060302734375">
        <ele>20</ele>
        <time>2026-08-04T23:37:55.000Z</time>
        <extensions>
          <ns3:TrackPointExtension>
            <ns3:atemp>32.0</ns3:atemp>
            <ns3:hr>103</ns3:hr>
          </ns3:TrackPointExtension>
        </extensions>
      </trkpt>
      <trkpt lat="24.53020214103162288665771484375" lon="118.12708935700356960296630859375">
        <ele>20.200000762939453125</ele>
        <time>2026-08-04T23:37:58.000Z</time>
        <extensions>
          <ns3:TrackPointExtension>
            <ns3:atemp>32.0</ns3:atemp>
            <ns3:hr>104</ns3:hr>
          </ns3:TrackPointExtension>
        </extensions>
      </trkpt>
      <trkpt lat="24.5302308909595012664794921875" lon="118.1270500458776950836181640625">
        <ele>20.3999996185302734375</ele>
        <time>2026-08-04T23:38:02.000Z</time>
        <extensions>
          <ns3:TrackPointExtension>
            <ns3:atemp>32.0</ns3:atemp>
            <ns3:hr>105</ns3:hr>
          </ns3:TrackPointExtension>
        </extensions>
      </trkpt>
      <trkpt lat="24.5302318967878818511962890625" lon="118.12702297233045101165771484375">
        <ele>20.6000003814697265625</ele>
        <time>2026-08-04T23:38:04.000Z</time>
        <extensions>
          <ns3:TrackPointExtension>
            <ns3:atemp>32.0</ns3:atemp>
            <ns3:hr>105</ns3:hr>
          </ns3:TrackPointExtension>
        </extensions>
      </trkpt>
      <trkpt lat="24.5302297174930572509765625" lon="118.12700922600924968719482421875">
        <ele>20.6000003814697265625</ele>
        <time>2026-08-04T23:38:05.000Z</time>
        <extensions>
          <ns3:TrackPointExtension>
            <ns3:atemp>32.0</ns3:atemp>
            <ns3:hr>106</ns3:hr>
          </ns3:TrackPointExtension>
        </extensions>
      </trkpt>
      <trkpt lat="24.53023114241659641265869140625" lon="118.12699799425899982452392578125">
        <ele>20.6000003814697265625</ele>
        <time>2026-08-04T23:38:07.000Z</time>
        <extensions>
          <ns3:TrackPointExtension>
            <ns3:atemp>32.0</ns3:atemp>
            <ns3:hr>107</ns3:hr>
          </ns3:TrackPointExtension>
        </extensions>
      </trkpt>
      <trkpt lat="24.53025125898420810699462890625" lon="118.12698525376617908477783203125">
        <ele>20.799999237060546875</ele>
        <time>2026-08-04T23:38:09.000Z</time>
        <extensions>
          <ns3:TrackPointExtension>
            <ns3:atemp>32.0</ns3:atemp>
            <ns3:hr>108</ns3:hr>
          </ns3:TrackPointExtension>
        </extensions>
      </trkpt>
      <trkpt lat="24.53028243966400623321533203125" lon="118.12698106281459331512451171875">
        <ele>20.799999237060546875</ele>
        <time>2026-08-04T23:38:11.000Z</time>
        <extensions>
          <ns3:TrackPointExtension>
            <ns3:atemp>32.0</ns3:atemp>
            <ns3:hr>108</ns3:hr>
          </ns3:TrackPointExtension>
        </extensions>
      </trkpt>
      <trkpt lat="24.53032837249338626861572265625" lon="118.1269290111958980560302734375">
        <ele>21</ele>
        <time>2026-08-04T23:38:17.000Z</time>
        <extensions>
          <ns3:TrackPointExtension>
            <ns3:atemp>32.0</ns3:atemp>
            <ns3:hr>111</ns3:hr>
          </ns3:TrackPointExtension>
        </extensions>
      </trkpt>
      <trkpt lat="24.530339352786540985107421875" lon="118.1269266642630100250244140625">
        <ele>21.200000762939453125</ele>
        <time>2026-08-04T23:38:18.000Z</time>
        <extensions>
          <ns3:TrackPointExtension>
            <ns3:atemp>32.0</ns3:atemp>
            <ns3:hr>112</ns3:hr>
          </ns3:TrackPointExtension>
        </extensions>
      </trkpt>
      <trkpt lat="24.53034664504230022430419921875" lon="118.1269191205501556396484375">
        <ele>21.200000762939453125</ele>
        <time>2026-08-04T23:38:19.000Z</time>
        <extensions>
          <ns3:TrackPointExtension>
            <ns3:atemp>32.0</ns3:atemp>
            <ns3:hr>113</ns3:hr>
          </ns3:TrackPointExtension>
        </extensions>
      </trkpt>
      <trkpt lat="24.5303596369922161102294921875" lon="118.1269156001508235931396484375">
        <ele>21.200000762939453125</ele>
        <time>2026-08-04T23:38:20.000Z</time>
        <extensions>
          <ns3:TrackPointExtension>
            <ns3:atemp>32.0</ns3:atemp>
            <ns3:hr>116</ns3:hr>
          </ns3:TrackPointExtension>
        </extensions>
      </trkpt>
      <trkpt lat="24.53036810271441936492919921875" lon="118.1269083917140960693359375">
        <ele>21.200000762939453125</ele>
        <time>2026-08-04T23:38:21.000Z</time>
        <extensions>
          <ns3:TrackPointExtension>
            <ns3:atemp>32.0</ns3:atemp>
            <ns3:hr>119</ns3:hr>
          </ns3:TrackPointExtension>
        </extensions>
      </trkpt>
      <trkpt lat="24.53039123676717281341552734375" lon="118.12689824961125850677490234375">
        <ele>21.200000762939453125</ele>
        <time>2026-08-04T23:38:23.000Z</time>
        <extensions>
          <ns3:TrackPointExtension>
            <ns3:atemp>32.0</ns3:atemp>
            <ns3:hr>123</ns3:hr>
          </ns3:TrackPointExtension>
        </extensions>
      </trkpt>
      <trkpt lat="24.530405066907405853271484375" lon="118.12687729485332965850830078125">
        <ele>21.3999996185302734375</ele>
        <time>2026-08-04T23:38:25.000Z</time>
        <extensions>
          <ns3:TrackPointExtension>
            <ns3:atemp>32.0</ns3:atemp>
            <ns3:hr>117</ns3:hr>
          </ns3:TrackPointExtension>
        </extensions>
      </trkpt>
      <trkpt lat="24.530415795743465423583984375" lon="118.12687209807336330413818359375">
        <ele>21.3999996185302734375</ele>
        <time>2026-08-04T23:38:26.000Z</time>
        <extensions>
          <ns3:TrackPointExtension>
            <ns3:atemp>32.0</ns3:atemp>
            <ns3:hr>117</ns3:hr>
          </ns3:TrackPointExtension>
        </extensions>
      </trkpt>
      <trkpt lat="24.530439935624599456787109375" lon="118.12686271034181118011474609375">
        <ele>21.3999996185302734375</ele>
        <time>2026-08-04T23:38:28.000Z</time>
        <extensions>
          <ns3:TrackPointExtension>
            <ns3:atemp>32.0</ns3:atemp>
            <ns3:hr>114</ns3:hr>
          </ns3:TrackPointExtension>
        </extensions>
      </trkpt>
      <trkpt lat="24.53047757036983966827392578125" lon="118.12685248441994190216064453125">
        <ele>21.3999996185302734375</ele>
        <time>2026-08-04T23:38:31.000Z</time>
        <extensions>
          <ns3:TrackPointExtension>
            <ns3:atemp>32.0</ns3:atemp>
            <ns3:hr>111</ns3:hr>
          </ns3:TrackPointExtension>
        </extensions>
      </trkpt>
      <trkpt lat="24.53049634583294391632080078125" lon="118.12684158794581890106201171875">
        <ele>21.3999996185302734375</ele>
        <time>2026-08-04T23:38:33.000Z</time>
        <extensions>
          <ns3:TrackPointExtension>
            <ns3:atemp>32.0</ns3:atemp>
            <ns3:hr>110</ns3:hr>
          </ns3:TrackPointExtension>
        </extensions>
      </trkpt>
      <trkpt lat="24.53057010658085346221923828125" lon="118.1267984211444854736328125">
        <ele>21.3999996185302734375</ele>
        <time>2026-08-04T23:38:41.000Z</time>
        <extensions>
          <ns3:TrackPointExtension>
            <ns3:atemp>32.0</ns3:atemp>
            <ns3:hr>110</ns3:hr>
          </ns3:TrackPointExtension>
        </extensions>
      </trkpt>
      <trkpt lat="24.5306201465427875518798828125" lon="118.12676866538822650909423828125">
        <ele>21.3999996185302734375</ele>
        <time>2026-08-04T23:38:46.000Z</time>
        <extensions>
          <ns3:TrackPointExtension>
            <ns3:atemp>32.0</ns3:atemp>
            <ns3:hr>112</ns3:hr>
          </ns3:TrackPointExtension>
        </extensions>
      </trkpt>
      <trkpt lat="24.53065216541290283203125" lon="118.126748465001583099365234375">
        <ele>21.200000762939453125</ele>
        <time>2026-08-04T23:38:49.000Z</time>
        <extensions>
          <ns3:TrackPointExtension>
            <ns3:atemp>32.0</ns3:atemp>
            <ns3:hr>113</ns3:hr>
          </ns3:TrackPointExtension>
        </extensions>
      </trkpt>
      <trkpt lat="24.5307219028472900390625" lon="118.12672625295817852020263671875">
        <ele>21</ele>
        <time>2026-08-04T23:38:56.000Z</time>
        <extensions>
          <ns3:TrackPointExtension>
            <ns3:atemp>32.0</ns3:atemp>
            <ns3:hr>112</ns3:hr>
          </ns3:TrackPointExtension>
        </extensions>
      </trkpt>
      <trkpt lat="24.530732631683349609375" lon="118.1267472915351390838623046875">
        <ele>21</ele>
        <time>2026-08-04T23:38:58.000Z</time>
        <extensions>
          <ns3:TrackPointExtension>
            <ns3:atemp>32.0</ns3:atemp>
            <ns3:hr>112</ns3:hr>
          </ns3:TrackPointExtension>
        </extensions>
      </trkpt>
      <trkpt lat="24.53075769357383251190185546875" lon="118.126771934330463409423828125">
        <ele>20.3999996185302734375</ele>
        <time>2026-08-04T23:39:02.000Z</time>
        <extensions>
          <ns3:TrackPointExtension>
            <ns3:atemp>32.0</ns3:atemp>
            <ns3:hr>111</ns3:hr>
          </ns3:TrackPointExtension>
        </extensions>
      </trkpt>
      <trkpt lat="24.5307589508593082427978515625" lon="118.126775287091732025146484375">
        <ele>20</ele>
        <time>2026-08-04T23:39:03.000Z</time>
        <extensions>
          <ns3:TrackPointExtension>
            <ns3:atemp>32.0</ns3:atemp>
            <ns3:hr>112</ns3:hr>
          </ns3:TrackPointExtension>
        </extensions>
      </trkpt>
      <trkpt lat="24.53076574020087718963623046875" lon="118.1267818249762058258056640625">
        <ele>19.799999237060546875</ele>
        <time>2026-08-04T23:39:04.000Z</time>
        <extensions>
          <ns3:TrackPointExtension>
            <ns3:atemp>32.0</ns3:atemp>
            <ns3:hr>112</ns3:hr>
          </ns3:TrackPointExtension>
        </extensions>
      </trkpt>
      <trkpt lat="24.53078552149236202239990234375" lon="118.1268083117902278900146484375">
        <ele>18.799999237060546875</ele>
        <time>2026-08-04T23:39:07.000Z</time>
        <extensions>
          <ns3:TrackPointExtension>
            <ns3:atemp>32.0</ns3:atemp>
            <ns3:hr>110</ns3:hr>
          </ns3:TrackPointExtension>
        </extensions>
      </trkpt>
      <trkpt lat="24.53080479986965656280517578125" lon="118.126828260719776153564453125">
        <ele>17.799999237060546875</ele>
        <time>2026-08-04T23:39:12.000Z</time>
        <extensions>
          <ns3:TrackPointExtension>
            <ns3:atemp>32.0</ns3:atemp>
            <ns3:hr>110</ns3:hr>
          </ns3:TrackPointExtension>
        </extensions>
      </trkpt>
      <trkpt lat="24.530815444886684417724609375" lon="118.126833625137805938720703125">
        <ele>17.200000762939453125</ele>
        <time>2026-08-04T23:39:14.000Z</time>
        <extensions>
          <ns3:TrackPointExtension>
            <ns3:atemp>32.0</ns3:atemp>
            <ns3:hr>113</ns3:hr>
          </ns3:TrackPointExtension>
        </extensions>
      </trkpt>
      <trkpt lat="24.53082324005663394927978515625" lon="118.12683756463229656219482421875">
        <ele>16.799999237060546875</ele>
        <time>2026-08-04T23:39:15.000Z</time>
        <extensions>
          <ns3:TrackPointExtension>
            <ns3:atemp>32.0</ns3:atemp>
            <ns3:hr>109</ns3:hr>
          </ns3:TrackPointExtension>
        </extensions>
      </trkpt>
      <trkpt lat="24.53082986176013946533203125" lon="118.12685064040124416351318359375">
        <ele>16.6000003814697265625</ele>
        <time>2026-08-04T23:39:16.000Z</time>
        <extensions>
          <ns3:TrackPointExtension>
            <ns3:atemp>32.0</ns3:atemp>
            <ns3:hr>109</ns3:hr>
          </ns3:TrackPointExtension>
        </extensions>
      </trkpt>
      <trkpt lat="24.530858695507049560546875" lon="118.12685675919055938720703125">
        <ele>15.6000003814697265625</ele>
        <time>2026-08-04T23:39:20.000Z</time>
        <extensions>
          <ns3:TrackPointExtension>
            <ns3:atemp>32.0</ns3:atemp>
            <ns3:hr>108</ns3:hr>
          </ns3:TrackPointExtension>
        </extensions>
      </trkpt>
      <trkpt lat="24.5308672450482845306396484375" lon="118.12686338089406490325927734375">
        <ele>15.3999996185302734375</ele>
        <time>2026-08-04T23:39:21.000Z</time>
        <extensions>
          <ns3:TrackPointExtension>
            <ns3:atemp>32.0</ns3:atemp>
            <ns3:hr>107</ns3:hr>
          </ns3:TrackPointExtension>
        </extensions>
      </trkpt>
      <trkpt lat="24.53091778792440891265869140625" lon="118.1269065476953983306884765625">
        <ele>14.3999996185302734375</ele>
        <time>2026-08-04T23:39:26.000Z</time>
        <extensions>
          <ns3:TrackPointExtension>
            <ns3:atemp>32.0</ns3:atemp>
            <ns3:hr>105</ns3:hr>
          </ns3:TrackPointExtension>
        </extensions>
      </trkpt>
      <trkpt lat="24.5309336297214031219482421875" lon="118.12694351188838481903076171875">
        <ele>14.3999996185302734375</ele>
        <time>2026-08-04T23:39:29.000Z</time>
        <extensions>
          <ns3:TrackPointExtension>
            <ns3:atemp>32.0</ns3:atemp>
            <ns3:hr>108</ns3:hr>
          </ns3:TrackPointExtension>
        </extensions>
      </trkpt>
      <trkpt lat="24.5309406705200672149658203125" lon="118.12694971449673175811767578125">
        <ele>14.3999996185302734375</ele>
        <time>2026-08-04T23:39:30.000Z</time>
        <extensions>
          <ns3:TrackPointExtension>
            <ns3:atemp>32.0</ns3:atemp>
            <ns3:hr>108</ns3:hr>
          </ns3:TrackPointExtension>
        </extensions>
      </trkpt>
      <trkpt lat="24.53096263110637664794921875" lon="118.12697050161659717559814453125">
        <ele>14.19999980926513671875</ele>
        <time>2026-08-04T23:39:33.000Z</time>
        <extensions>
          <ns3:TrackPointExtension>
            <ns3:atemp>32.0</ns3:atemp>
            <ns3:hr>109</ns3:hr>
          </ns3:TrackPointExtension>
        </extensions>
      </trkpt>
      <trkpt lat="24.53101870603859424591064453125" lon="118.126977793872356414794921875">
        <ele>14</ele>
        <time>2026-08-04T23:39:38.000Z</time>
        <extensions>
          <ns3:TrackPointExtension>
            <ns3:atemp>32.0</ns3:atemp>
            <ns3:hr>111</ns3:hr>
          </ns3:TrackPointExtension>
        </extensions>
      </trkpt>
      <trkpt lat="24.53102373518049716949462890625" lon="118.12697117216885089874267578125">
        <ele>14</ele>
        <time>2026-08-04T23:39:39.000Z</time>
        <extensions>
          <ns3:TrackPointExtension>
            <ns3:atemp>32.0</ns3:atemp>
            <ns3:hr>112</ns3:hr>
          </ns3:TrackPointExtension>
        </extensions>
      </trkpt>
      <trkpt lat="24.53103044070303440093994140625" lon="118.126963712275028228759765625">
        <ele>13.80000019073486328125</ele>
        <time>2026-08-04T23:39:40.000Z</time>
        <extensions>
          <ns3:TrackPointExtension>
            <ns3:atemp>32.0</ns3:atemp>
            <ns3:hr>113</ns3:hr>
          </ns3:TrackPointExtension>
        </extensions>
      </trkpt>
      <trkpt lat="24.5310503058135509490966796875" lon="118.12695139087736606597900390625">
        <ele>13.80000019073486328125</ele>
        <time>2026-08-04T23:39:42.000Z</time>
        <extensions>
          <ns3:TrackPointExtension>
            <ns3:atemp>32.0</ns3:atemp>
            <ns3:hr>114</ns3:hr>
          </ns3:TrackPointExtension>
        </extensions>
      </trkpt>
      <trkpt lat="24.53106849454343318939208984375" lon="118.1269440986216068267822265625">
        <ele>13.80000019073486328125</ele>
        <time>2026-08-04T23:39:44.000Z</time>
        <extensions>
          <ns3:TrackPointExtension>
            <ns3:atemp>32.0</ns3:atemp>
            <ns3:hr>114</ns3:hr>
          </ns3:TrackPointExtension>
        </extensions>
      </trkpt>
      <trkpt lat="24.53105994500219821929931640625" lon="118.1269323639571666717529296875">
        <ele>13.80000019073486328125</ele>
        <time>2026-08-04T23:39:45.000Z</time>
        <extensions>
          <ns3:TrackPointExtension>
            <ns3:atemp>32.0</ns3:atemp>
            <ns3:hr>114</ns3:hr>
          </ns3:TrackPointExtension>
        </extensions>
      </trkpt>
      <trkpt lat="24.5310741104185581207275390625" lon="118.126926831901073455810546875">
        <ele>14</ele>
        <time>2026-08-04T23:39:47.000Z</time>
        <extensions>
          <ns3:TrackPointExtension>
            <ns3:atemp>32.0</ns3:atemp>
            <ns3:hr>114</ns3:hr>
          </ns3:TrackPointExtension>
        </extensions>
      </trkpt>
      <trkpt lat="24.5310952328145503997802734375" lon="118.1269256584346294403076171875">
        <ele>14.19999980926513671875</ele>
        <time>2026-08-04T23:39:49.000Z</time>
        <extensions>
          <ns3:TrackPointExtension>
            <ns3:atemp>32.0</ns3:atemp>
            <ns3:hr>114</ns3:hr>
          </ns3:TrackPointExtension>
        </extensions>
      </trkpt>
      <trkpt lat="24.5311683230102062225341796875" lon="118.1269021891057491302490234375">
        <ele>14.3999996185302734375</ele>
        <time>2026-08-04T23:39:56.000Z</time>
        <extensions>
          <ns3:TrackPointExtension>
            <ns3:atemp>32.0</ns3:atemp>
            <ns3:hr>111</ns3:hr>
          </ns3:TrackPointExtension>
        </extensions>
      </trkpt>
      <trkpt lat="24.531184919178485870361328125" lon="118.126901686191558837890625">
        <ele>14.3999996185302734375</ele>
        <time>2026-08-04T23:39:57.000Z</time>
        <extensions>
          <ns3:TrackPointExtension>
            <ns3:atemp>32.0</ns3:atemp>
            <ns3:hr>110</ns3:hr>
          </ns3:TrackPointExtension>
        </extensions>
      </trkpt>
      <trkpt lat="24.5312454365193843841552734375" lon="118.12692641280591487884521484375">
        <ele>14.19999980926513671875</ele>
        <time>2026-08-04T23:40:03.000Z</time>
        <extensions>
          <ns3:TrackPointExtension>
            <ns3:atemp>32.0</ns3:atemp>
            <ns3:hr>107</ns3:hr>
          </ns3:TrackPointExtension>
        </extensions>
      </trkpt>
      <trkpt lat="24.5312849991023540496826171875" lon="118.12696564011275768280029296875">
        <ele>14.19999980926513671875</ele>
        <time>2026-08-04T23:40:07.000Z</time>
        <extensions>
          <ns3:TrackPointExtension>
            <ns3:atemp>32.0</ns3:atemp>
            <ns3:hr>108</ns3:hr>
          </ns3:TrackPointExtension>
        </extensions>
      </trkpt>
      <trkpt lat="24.53129380010068416595458984375" lon="118.12697754241526126861572265625">
        <ele>14.19999980926513671875</ele>
        <time>2026-08-04T23:40:08.000Z</time>
        <extensions>
          <ns3:TrackPointExtension>
            <ns3:atemp>32.0</ns3:atemp>
            <ns3:hr>108</ns3:hr>
          </ns3:TrackPointExtension>
        </extensions>
      </trkpt>
      <trkpt lat="24.531351216137409210205078125" lon="118.12703085131943225860595703125">
        <ele>14.3999996185302734375</ele>
        <time>2026-08-04T23:40:14.000Z</time>
        <extensions>
          <ns3:TrackPointExtension>
            <ns3:atemp>32.0</ns3:atemp>
            <ns3:hr>109</ns3:hr>
          </ns3:TrackPointExtension>
        </extensions>
      </trkpt>
      <trkpt lat="24.53136068768799304962158203125" lon="118.12703688628971576690673828125">
        <ele>14.3999996185302734375</ele>
        <time>2026-08-04T23:40:15.000Z</time>
        <extensions>
          <ns3:TrackPointExtension>
            <ns3:atemp>32.0</ns3:atemp>
            <ns3:hr>109</ns3:hr>
          </ns3:TrackPointExtension>
        </extensions>
      </trkpt>
      <trkpt lat="24.53137979842722415924072265625" lon="118.12706219963729381561279296875">
        <ele>14.6000003814697265625</ele>
        <time>2026-08-04T23:40:18.000Z</time>
        <extensions>
          <ns3:TrackPointExtension>
            <ns3:atemp>32.0</ns3:atemp>
            <ns3:hr>110</ns3:hr>
          </ns3:TrackPointExtension>
        </extensions>
      </trkpt>
      <trkpt lat="24.53140594996511936187744140625" lon="118.12710461206734180450439453125">
        <ele>14.6000003814697265625</ele>
        <time>2026-08-04T23:40:22.000Z</time>
        <extensions>
          <ns3:TrackPointExtension>
            <ns3:atemp>32.0</ns3:atemp>
            <ns3:hr>112</ns3:hr>
          </ns3:TrackPointExtension>
        </extensions>
      </trkpt>
      <trkpt lat="24.5314043574035167694091796875" lon="118.1271814741194248199462890625">
        <ele>14.3999996185302734375</ele>
        <time>2026-08-04T23:40:25.000Z</time>
        <extensions>
          <ns3:TrackPointExtension>
            <ns3:atemp>32.0</ns3:atemp>
            <ns3:hr>112</ns3:hr>
          </ns3:TrackPointExtension>
        </extensions>
      </trkpt>
      <trkpt lat="24.53140142373740673065185546875" lon="118.1271865032613277435302734375">
        <ele>14.3999996185302734375</ele>
        <time>2026-08-04T23:40:26.000Z</time>
        <extensions>
          <ns3:TrackPointExtension>
            <ns3:atemp>32.0</ns3:atemp>
            <ns3:hr>113</ns3:hr>
          </ns3:TrackPointExtension>
        </extensions>
      </trkpt>
      <trkpt lat="24.5314258150756359100341796875" lon="118.1272109784185886383056640625">
        <ele>14.3999996185302734375</ele>
        <time>2026-08-04T23:40:31.000Z</time>
        <extensions>
          <ns3:TrackPointExtension>
            <ns3:atemp>32.0</ns3:atemp>
            <ns3:hr>110</ns3:hr>
          </ns3:TrackPointExtension>
        </extensions>
      </trkpt>
      <trkpt lat="24.53144232742488384246826171875" lon="118.12721843831241130828857421875">
        <ele>14.3999996185302734375</ele>
        <time>2026-08-04T23:40:32.000Z</time>
        <extensions>
          <ns3:TrackPointExtension>
            <ns3:atemp>32.0</ns3:atemp>
            <ns3:hr>113</ns3:hr>
          </ns3:TrackPointExtension>
        </extensions>
      </trkpt>
      <trkpt lat="24.53145909123122692108154296875" lon="118.12722413800656795501708984375">
        <ele>14.3999996185302734375</ele>
        <time>2026-08-04T23:40:33.000Z</time>
        <extensions>
          <ns3:TrackPointExtension>
            <ns3:atemp>32.0</ns3:atemp>
            <ns3:hr>110</ns3:hr>
          </ns3:TrackPointExtension>
        </extensions>
      </trkpt>
      <trkpt lat="24.53145707957446575164794921875" lon="118.12723838724195957183837890625">
        <ele>14.3999996185302734375</ele>
        <time>2026-08-04T23:40:34.000Z</time>
        <extensions>
          <ns3:TrackPointExtension>
            <ns3:atemp>32.0</ns3:atemp>
            <ns3:hr>113</ns3:hr>
          </ns3:TrackPointExtension>
        </extensions>
      </trkpt>
      <trkpt lat="24.53146026469767093658447265625" lon="118.12726914882659912109375">
        <ele>14.3999996185302734375</ele>
        <time>2026-08-04T23:40:35.000Z</time>
        <extensions>
          <ns3:TrackPointExtension>
            <ns3:atemp>32.0</ns3:atemp>
            <ns3:hr>113</ns3:hr>
          </ns3:TrackPointExtension>
        </extensions>
      </trkpt>
      <trkpt lat="24.53146412037312984466552734375" lon="118.12730242498219013214111328125">
        <ele>14.3999996185302734375</ele>
        <time>2026-08-04T23:40:37.000Z</time>
        <extensions>
          <ns3:TrackPointExtension>
            <ns3:atemp>32.0</ns3:atemp>
            <ns3:hr>114</ns3:hr>
          </ns3:TrackPointExtension>
        </extensions>
      </trkpt>
      <trkpt lat="24.53152681700885295867919921875" lon="118.12733075581490993499755859375">
        <ele>14.3999996185302734375</ele>
        <time>2026-08-04T23:40:40.000Z</time>
        <extensions>
          <ns3:TrackPointExtension>
            <ns3:atemp>32.0</ns3:atemp>
            <ns3:hr>113</ns3:hr>
          </ns3:TrackPointExtension>
        </extensions>
      </trkpt>
      <trkpt lat="24.5315372943878173828125" lon="118.12733729369938373565673828125">
        <ele>14.3999996185302734375</ele>
        <time>2026-08-04T23:40:42.000Z</time>
        <extensions>
          <ns3:TrackPointExtension>
            <ns3:atemp>32.0</ns3:atemp>
            <ns3:hr>113</ns3:hr>
          </ns3:TrackPointExtension>
        </extensions>
      </trkpt>
      <trkpt lat="24.53154735267162322998046875" lon="118.1273517943918704986572265625">
        <ele>14.3999996185302734375</ele>
        <time>2026-08-04T23:40:44.000Z</time>
        <extensions>
          <ns3:TrackPointExtension>
            <ns3:atemp>32.0</ns3:atemp>
            <ns3:hr>113</ns3:hr>
          </ns3:TrackPointExtension>
        </extensions>
      </trkpt>
      <trkpt lat="24.53154743649065494537353515625" lon="118.127381466329097747802734375">
        <ele>14.3999996185302734375</ele>
        <time>2026-08-04T23:40:48.000Z</time>
        <extensions>
          <ns3:TrackPointExtension>
            <ns3:atemp>32.0</ns3:atemp>
            <ns3:hr>111</ns3:hr>
          </ns3:TrackPointExtension>
        </extensions>
      </trkpt>
      <trkpt lat="24.53154877759516239166259765625" lon="118.12739311717450618743896484375">
        <ele>14.3999996185302734375</ele>
        <time>2026-08-04T23:40:49.000Z</time>
        <extensions>
          <ns3:TrackPointExtension>
            <ns3:atemp>32.0</ns3:atemp>
            <ns3:hr>111</ns3:hr>
          </ns3:TrackPointExtension>
        </extensions>
      </trkpt>
      <trkpt lat="24.53156185336410999298095703125" lon="118.12737233005464076995849609375">
        <ele>14.3999996185302734375</ele>
        <time>2026-08-04T23:40:50.000Z</time>
        <extensions>
          <ns3:TrackPointExtension>
            <ns3:atemp>32.0</ns3:atemp>
            <ns3:hr>112</ns3:hr>
          </ns3:TrackPointExtension>
        </extensions>
      </trkpt>
      <trkpt lat="24.53160904347896575927734375" lon="118.12735422514379024505615234375">
        <ele>14.3999996185302734375</ele>
        <time>2026-08-04T23:40:52.000Z</time>
        <extensions>
          <ns3:TrackPointExtension>
            <ns3:atemp>32.0</ns3:atemp>
            <ns3:hr>113</ns3:hr>
          </ns3:TrackPointExtension>
        </extensions>
      </trkpt>
      <trkpt lat="24.53165489248931407928466796875" lon="118.12734500505030155181884765625">
        <ele>14.3999996185302734375</ele>
        <time>2026-08-04T23:40:56.000Z</time>
        <extensions>
          <ns3:TrackPointExtension>
            <ns3:atemp>32.0</ns3:atemp>
            <ns3:hr>113</ns3:hr>
          </ns3:TrackPointExtension>
        </extensions>
      </trkpt>
      <trkpt lat="24.53162102960050106048583984375" lon="118.12727560289204120635986328125">
        <ele>14.3999996185302734375</ele>
        <time>2026-08-04T23:40:59.000Z</time>
        <extensions>
          <ns3:TrackPointExtension>
            <ns3:atemp>32.0</ns3:atemp>
            <ns3:hr>113</ns3:hr>
          </ns3:TrackPointExtension>
        </extensions>
      </trkpt>
      <trkpt lat="24.53166327439248561859130859375" lon="118.1272780336439609527587890625">
        <ele>14.3999996185302734375</ele>
        <time>2026-08-04T23:41:02.000Z</time>
        <extensions>
          <ns3:TrackPointExtension>
            <ns3:atemp>32.0</ns3:atemp>
            <ns3:hr>113</ns3:hr>
          </ns3:TrackPointExtension>
        </extensions>
      </trkpt>
      <trkpt lat="24.53185983002185821533203125" lon="118.12715188600122928619384765625">
        <ele>14</ele>
        <time>2026-08-04T23:41:08.000Z</time>
        <extensions>
          <ns3:TrackPointExtension>
            <ns3:atemp>32.0</ns3:atemp>
            <ns3:hr>112</ns3:hr>
          </ns3:TrackPointExtension>
        </extensions>
      </trkpt>
      <trkpt lat="24.53195446170866489410400390625" lon="118.1271670572459697723388671875">
        <ele>14</ele>
        <time>2026-08-04T23:41:14.000Z</time>
        <extensions>
          <ns3:TrackPointExtension>
            <ns3:atemp>32.0</ns3:atemp>
            <ns3:hr>113</ns3:hr>
          </ns3:TrackPointExtension>
        </extensions>
      </trkpt>
      <trkpt lat="24.53198899514973163604736328125" lon="118.127177618443965911865234375">
        <ele>14</ele>
        <time>2026-08-04T23:41:18.000Z</time>
        <extensions>
          <ns3:TrackPointExtension>
            <ns3:atemp>32.0</ns3:atemp>
            <ns3:hr>114</ns3:hr>
          </ns3:TrackPointExtension>
        </extensions>
      </trkpt>
      <trkpt lat="24.53200324438512325286865234375" lon="118.127191700041294097900390625">
        <ele>14</ele>
        <time>2026-08-04T23:41:19.000Z</time>
        <extensions>
          <ns3:TrackPointExtension>
            <ns3:atemp>32.0</ns3:atemp>
            <ns3:hr>114</ns3:hr>
          </ns3:TrackPointExtension>
        </extensions>
      </trkpt>
      <trkpt lat="24.53204163350164890289306640625" lon="118.12722380273044109344482421875">
        <ele>14</ele>
        <time>2026-08-04T23:41:22.000Z</time>
        <extensions>
          <ns3:TrackPointExtension>
            <ns3:atemp>32.0</ns3:atemp>
            <ns3:hr>115</ns3:hr>
          </ns3:TrackPointExtension>
        </extensions>
      </trkpt>
      <trkpt lat="24.53206711448729038238525390625" lon="118.1272683106362819671630859375">
        <ele>14</ele>
        <time>2026-08-04T23:41:25.000Z</time>
        <extensions>
          <ns3:TrackPointExtension>
            <ns3:atemp>32.0</ns3:atemp>
            <ns3:hr>114</ns3:hr>
          </ns3:TrackPointExtension>
        </extensions>
      </trkpt>
      <trkpt lat="24.5320745743811130523681640625" lon="118.1273018382489681243896484375">
        <ele>14</ele>
        <time>2026-08-04T23:41:27.000Z</time>
        <extensions>
          <ns3:TrackPointExtension>
            <ns3:atemp>32.0</ns3:atemp>
            <ns3:hr>114</ns3:hr>
          </ns3:TrackPointExtension>
        </extensions>
      </trkpt>
      <trkpt lat="24.5320785976946353912353515625" lon="118.127323128283023834228515625">
        <ele>14</ele>
        <time>2026-08-04T23:41:29.000Z</time>
        <extensions>
          <ns3:TrackPointExtension>
            <ns3:atemp>32.0</ns3:atemp>
            <ns3:hr>114</ns3:hr>
          </ns3:TrackPointExtension>
        </extensions>
      </trkpt>
      <trkpt lat="24.532103240489959716796875" lon="118.127324469387531280517578125">
        <ele>14</ele>
        <time>2026-08-04T23:41:31.000Z</time>
        <extensions>
          <ns3:TrackPointExtension>
            <ns3:atemp>32.0</ns3:atemp>
            <ns3:hr>114</ns3:hr>
          </ns3:TrackPointExtension>
        </extensions>
      </trkpt>
      <trkpt lat="24.53213584609329700469970703125" lon="118.12732857652008533477783203125">
        <ele>14.19999980926513671875</ele>
        <time>2026-08-04T23:41:34.000Z</time>
        <extensions>
          <ns3:TrackPointExtension>
            <ns3:atemp>32.0</ns3:atemp>
            <ns3:hr>114</ns3:hr>
          </ns3:TrackPointExtension>
        </extensions>
      </trkpt>
      <trkpt lat="24.532210864126682281494140625" lon="118.12738087959587574005126953125">
        <ele>14.19999980926513671875</ele>
        <time>2026-08-04T23:41:38.000Z</time>
        <extensions>
          <ns3:TrackPointExtension>
            <ns3:atemp>32.0</ns3:atemp>
            <ns3:hr>114</ns3:hr>
          </ns3:TrackPointExtension>
        </extensions>
      </trkpt>
      <trkpt lat="24.53222922049462795257568359375" lon="118.12742580659687519073486328125">
        <ele>14.19999980926513671875</ele>
        <time>2026-08-04T23:41:41.000Z</time>
        <extensions>
          <ns3:TrackPointExtension>
            <ns3:atemp>32.0</ns3:atemp>
            <ns3:hr>115</ns3:hr>
          </ns3:TrackPointExtension>
        </extensions>
      </trkpt>
      <trkpt lat="24.5322351716458797454833984375" lon="118.12746134586632251739501953125">
        <ele>14.19999980926513671875</ele>
        <time>2026-08-04T23:41:43.000Z</time>
        <extensions>
          <ns3:TrackPointExtension>
            <ns3:atemp>32.0</ns3:atemp>
            <ns3:hr>114</ns3:hr>
          </ns3:TrackPointExtension>
        </extensions>
      </trkpt>
      <trkpt lat="24.5322348363697528839111328125" lon="118.12748883850872516632080078125">
        <ele>14.19999980926513671875</ele>
        <time>2026-08-04T23:41:46.000Z</time>
        <extensions>
          <ns3:TrackPointExtension>
            <ns3:atemp>32.0</ns3:atemp>
            <ns3:hr>113</ns3:hr>
          </ns3:TrackPointExtension>
        </extensions>
      </trkpt>
      <trkpt lat="24.53225436620414257049560546875" lon="118.12750157900154590606689453125">
        <ele>14.19999980926513671875</ele>
        <time>2026-08-04T23:41:48.000Z</time>
        <extensions>
          <ns3:TrackPointExtension>
            <ns3:atemp>32.0</ns3:atemp>
            <ns3:hr>113</ns3:hr>
          </ns3:TrackPointExtension>
        </extensions>
      </trkpt>
      <trkpt lat="24.53226442448794841766357421875" lon="118.12751079909503459930419921875">
        <ele>14.19999980926513671875</ele>
        <time>2026-08-04T23:41:49.000Z</time>
        <extensions>
          <ns3:TrackPointExtension>
            <ns3:atemp>32.0</ns3:atemp>
            <ns3:hr>110</ns3:hr>
          </ns3:TrackPointExtension>
        </extensions>
      </trkpt>
      <trkpt lat="24.53230666927993297576904296875" lon="118.127547092735767364501953125">
        <ele>14.19999980926513671875</ele>
        <time>2026-08-04T23:41:52.000Z</time>
        <extensions>
          <ns3:TrackPointExtension>
            <ns3:atemp>32.0</ns3:atemp>
            <ns3:hr>113</ns3:hr>
          </ns3:TrackPointExtension>
        </extensions>
      </trkpt>
      <trkpt lat="24.53233726322650909423828125" lon="118.12759294174611568450927734375">
        <ele>14</ele>
        <time>2026-08-04T23:41:56.000Z</time>
        <extensions>
          <ns3:TrackPointExtension>
            <ns3:atemp>32.0</ns3:atemp>
            <ns3:hr>112</ns3:hr>
          </ns3:TrackPointExtension>
        </extensions>
      </trkpt>
      <trkpt lat="24.5323414541780948638916015625" lon="118.127630911767482757568359375">
        <ele>14.19999980926513671875</ele>
        <time>2026-08-04T23:42:01.000Z</time>
        <extensions>
          <ns3:TrackPointExtension>
            <ns3:atemp>32.0</ns3:atemp>
            <ns3:hr>114</ns3:hr>
          </ns3:TrackPointExtension>
        </extensions>
      </trkpt>
      <trkpt lat="24.5323862135410308837890625" lon="118.1277216039597988128662109375">
        <ele>14</ele>
        <time>2026-08-04T23:42:07.000Z</time>
        <extensions>
          <ns3:TrackPointExtension>
            <ns3:atemp>32.0</ns3:atemp>
            <ns3:hr>115</ns3:hr>
          </ns3:TrackPointExtension>
        </extensions>
      </trkpt>
      <trkpt lat="24.532403312623500823974609375" lon="118.127752952277660369873046875">
        <ele>14</ele>
        <time>2026-08-04T23:42:10.000Z</time>
        <extensions>
          <ns3:TrackPointExtension>
            <ns3:atemp>32.0</ns3:atemp>
            <ns3:hr>116</ns3:hr>
          </ns3:TrackPointExtension>
        </extensions>
      </trkpt>
      <trkpt lat="24.53241144306957721710205078125" lon="118.1277749128639698028564453125">
        <ele>14.19999980926513671875</ele>
        <time>2026-08-04T23:42:14.000Z</time>
        <extensions>
          <ns3:TrackPointExtension>
            <ns3:atemp>32.0</ns3:atemp>
            <ns3:hr>115</ns3:hr>
          </ns3:TrackPointExtension>
        </extensions>
      </trkpt>
      <trkpt lat="24.532431475818157196044921875" lon="118.1277956999838352203369140625">
        <ele>14.19999980926513671875</ele>
        <time>2026-08-04T23:42:16.000Z</time>
        <extensions>
          <ns3:TrackPointExtension>
            <ns3:atemp>32.0</ns3:atemp>
            <ns3:hr>115</ns3:hr>
          </ns3:TrackPointExtension>
        </extensions>
      </trkpt>
      <trkpt lat="24.5324997045099735260009765625" lon="118.12783920206129550933837890625">
        <ele>14.19999980926513671875</ele>
        <time>2026-08-04T23:42:20.000Z</time>
        <extensions>
          <ns3:TrackPointExtension>
            <ns3:atemp>32.0</ns3:atemp>
            <ns3:hr>115</ns3:hr>
          </ns3:TrackPointExtension>
        </extensions>
      </trkpt>
      <trkpt lat="24.53251521103084087371826171875" lon="118.1278563849627971649169921875">
        <ele>14.19999980926513671875</ele>
        <time>2026-08-04T23:42:22.000Z</time>
        <extensions>
          <ns3:TrackPointExtension>
            <ns3:atemp>32.0</ns3:atemp>
            <ns3:hr>115</ns3:hr>
          </ns3:TrackPointExtension>
        </extensions>
      </trkpt>
      <trkpt lat="24.5325337350368499755859375" lon="118.12788312323391437530517578125">
        <ele>14.19999980926513671875</ele>
        <time>2026-08-04T23:42:25.000Z</time>
        <extensions>
          <ns3:TrackPointExtension>
            <ns3:atemp>32.0</ns3:atemp>
            <ns3:hr>114</ns3:hr>
          </ns3:TrackPointExtension>
        </extensions>
      </trkpt>
      <trkpt lat="24.53255116939544677734375" lon="118.12790407799184322357177734375">
        <ele>14.19999980926513671875</ele>
        <time>2026-08-04T23:42:28.000Z</time>
        <extensions>
          <ns3:TrackPointExtension>
            <ns3:atemp>32.0</ns3:atemp>
            <ns3:hr>115</ns3:hr>
          </ns3:TrackPointExtension>
        </extensions>
      </trkpt>
      <trkpt lat="24.53262199647724628448486328125" lon="118.127941377460956573486328125">
        <ele>14.19999980926513671875</ele>
        <time>2026-08-04T23:42:33.000Z</time>
        <extensions>
          <ns3:TrackPointExtension>
            <ns3:atemp>32.0</ns3:atemp>
            <ns3:hr>115</ns3:hr>
          </ns3:TrackPointExtension>
        </extensions>
      </trkpt>
      <trkpt lat="24.53263121657073497772216796875" lon="118.12796526588499546051025390625">
        <ele>14.19999980926513671875</ele>
        <time>2026-08-04T23:42:35.000Z</time>
        <extensions>
          <ns3:TrackPointExtension>
            <ns3:atemp>32.0</ns3:atemp>
            <ns3:hr>116</ns3:hr>
          </ns3:TrackPointExtension>
        </extensions>
      </trkpt>
      <trkpt lat="24.5326284505426883697509765625" lon="118.127990327775478363037109375">
        <ele>14.19999980926513671875</ele>
        <time>2026-08-04T23:42:37.000Z</time>
        <extensions>
          <ns3:TrackPointExtension>
            <ns3:atemp>32.0</ns3:atemp>
            <ns3:hr>115</ns3:hr>
          </ns3:TrackPointExtension>
        </extensions>
      </trkpt>
      <trkpt lat="24.532642699778079986572265625" lon="118.127994351089000701904296875">
        <ele>14.19999980926513671875</ele>
        <time>2026-08-04T23:42:38.000Z</time>
        <extensions>
          <ns3:TrackPointExtension>
            <ns3:atemp>32.0</ns3:atemp>
            <ns3:hr>115</ns3:hr>
          </ns3:TrackPointExtension>
        </extensions>
      </trkpt>
      <trkpt lat="24.532648734748363494873046875" lon="118.1280134618282318115234375">
        <ele>14.19999980926513671875</ele>
        <time>2026-08-04T23:42:40.000Z</time>
        <extensions>
          <ns3:TrackPointExtension>
            <ns3:atemp>32.0</ns3:atemp>
            <ns3:hr>117</ns3:hr>
          </ns3:TrackPointExtension>
        </extensions>
      </trkpt>
      <trkpt lat="24.53266181051731109619140625" lon="118.12801807187497615814208984375">
        <ele>14.19999980926513671875</ele>
        <time>2026-08-04T23:42:41.000Z</time>
        <extensions>
          <ns3:TrackPointExtension>
            <ns3:atemp>32.0</ns3:atemp>
            <ns3:hr>114</ns3:hr>
          </ns3:TrackPointExtension>
        </extensions>
      </trkpt>
      <trkpt lat="24.53267932869493961334228515625" lon="118.128038607537746429443359375">
        <ele>14</ele>
        <time>2026-08-04T23:42:43.000Z</time>
        <extensions>
          <ns3:TrackPointExtension>
            <ns3:atemp>32.0</ns3:atemp>
            <ns3:hr>113</ns3:hr>
          </ns3:TrackPointExtension>
        </extensions>
      </trkpt>
      <trkpt lat="24.532715789973735809326171875" lon="118.12807406298816204071044921875">
        <ele>14</ele>
        <time>2026-08-04T23:42:46.000Z</time>
        <extensions>
          <ns3:TrackPointExtension>
            <ns3:atemp>32.0</ns3:atemp>
            <ns3:hr>113</ns3:hr>
          </ns3:TrackPointExtension>
        </extensions>
      </trkpt>
      <trkpt lat="24.5328651554882526397705078125" lon="118.128171376883983612060546875">
        <ele>13.80000019073486328125</ele>
        <time>2026-08-04T23:42:56.000Z</time>
        <extensions>
          <ns3:TrackPointExtension>
            <ns3:atemp>32.0</ns3:atemp>
            <ns3:hr>114</ns3:hr>
          </ns3:TrackPointExtension>
        </extensions>
      </trkpt>
      <trkpt lat="24.5328904688358306884765625" lon="118.128236420452594757080078125">
        <ele>13.3999996185302734375</ele>
        <time>2026-08-04T23:43:02.000Z</time>
        <extensions>
          <ns3:TrackPointExtension>
            <ns3:atemp>32.0</ns3:atemp>
            <ns3:hr>113</ns3:hr>
          </ns3:TrackPointExtension>
        </extensions>
      </trkpt>
      <trkpt lat="24.5329114235937595367431640625" lon="118.12826030887663364410400390625">
        <ele>13.3999996185302734375</ele>
        <time>2026-08-04T23:43:06.000Z</time>
        <extensions>
          <ns3:TrackPointExtension>
            <ns3:atemp>32.0</ns3:atemp>
            <ns3:hr>113</ns3:hr>
          </ns3:TrackPointExtension>
        </extensions>
      </trkpt>
      <trkpt lat="24.53291972167789936065673828125" lon="118.1282905675470829010009765625">
        <ele>13.19999980926513671875</ele>
        <time>2026-08-04T23:43:08.000Z</time>
        <extensions>
          <ns3:TrackPointExtension>
            <ns3:atemp>32.0</ns3:atemp>
            <ns3:hr>114</ns3:hr>
          </ns3:TrackPointExtension>
        </extensions>
      </trkpt>
      <trkpt lat="24.53299046494066715240478515625" lon="118.1283891387283802032470703125">
        <ele>13</ele>
        <time>2026-08-04T23:43:15.000Z</time>
        <extensions>
          <ns3:TrackPointExtension>
            <ns3:atemp>32.0</ns3:atemp>
            <ns3:hr>110</ns3:hr>
          </ns3:TrackPointExtension>
        </extensions>
      </trkpt>
      <trkpt lat="24.533000104129314422607421875" lon="118.1284022144973278045654296875">
        <ele>13</ele>
        <time>2026-08-04T23:43:16.000Z</time>
        <extensions>
          <ns3:TrackPointExtension>
            <ns3:atemp>32.0</ns3:atemp>
            <ns3:hr>107</ns3:hr>
          </ns3:TrackPointExtension>
        </extensions>
      </trkpt>
      <trkpt lat="24.532999098300933837890625" lon="118.12841101549565792083740234375">
        <ele>13</ele>
        <time>2026-08-04T23:43:17.000Z</time>
        <extensions>
          <ns3:TrackPointExtension>
            <ns3:atemp>32.0</ns3:atemp>
            <ns3:hr>107</ns3:hr>
          </ns3:TrackPointExtension>
        </extensions>
      </trkpt>
      <trkpt lat="24.53299976885318756103515625" lon="118.12841855920851230621337890625">
        <ele>13</ele>
        <time>2026-08-04T23:43:18.000Z</time>
        <extensions>
          <ns3:TrackPointExtension>
            <ns3:atemp>32.0</ns3:atemp>
            <ns3:hr>115</ns3:hr>
          </ns3:TrackPointExtension>
        </extensions>
      </trkpt>
      <trkpt lat="24.5329972542822360992431640625" lon="118.12842928804457187652587890625">
        <ele>13</ele>
        <time>2026-08-04T23:43:19.000Z</time>
        <extensions>
          <ns3:TrackPointExtension>
            <ns3:atemp>32.0</ns3:atemp>
            <ns3:hr>115</ns3:hr>
          </ns3:TrackPointExtension>
        </extensions>
      </trkpt>
      <trkpt lat="24.53299633227288722991943359375" lon="118.1284441240131855010986328125">
        <ele>13</ele>
        <time>2026-08-04T23:43:23.000Z</time>
        <extensions>
          <ns3:TrackPointExtension>
            <ns3:atemp>32.0</ns3:atemp>
            <ns3:hr>113</ns3:hr>
          </ns3:TrackPointExtension>
        </extensions>
      </trkpt>
      <trkpt lat="24.53302231617271900177001953125" lon="118.128415457904338836669921875">
        <ele>13</ele>
        <time>2026-08-04T23:43:26.000Z</time>
        <extensions>
          <ns3:TrackPointExtension>
            <ns3:atemp>32.0</ns3:atemp>
            <ns3:hr>113</ns3:hr>
          </ns3:TrackPointExtension>
        </extensions>
      </trkpt>
      <trkpt lat="24.533036649227142333984375" lon="118.1284062378108501434326171875">
        <ele>13</ele>
        <time>2026-08-04T23:43:28.000Z</time>
        <extensions>
          <ns3:TrackPointExtension>
            <ns3:atemp>32.0</ns3:atemp>
            <ns3:hr>113</ns3:hr>
          </ns3:TrackPointExtension>
        </extensions>
      </trkpt>
      <trkpt lat="24.53312046825885772705078125" lon="118.12837044708430767059326171875">
        <ele>13.19999980926513671875</ele>
        <time>2026-08-04T23:43:34.000Z</time>
        <extensions>
          <ns3:TrackPointExtension>
            <ns3:atemp>32.0</ns3:atemp>
            <ns3:hr>112</ns3:hr>
          </ns3:TrackPointExtension>
        </extensions>
      </trkpt>
      <trkpt lat="24.5331343822181224822998046875" lon="118.12836038880050182342529296875">
        <ele>13.19999980926513671875</ele>
        <time>2026-08-04T23:43:35.000Z</time>
        <extensions>
          <ns3:TrackPointExtension>
            <ns3:atemp>32.0</ns3:atemp>
            <ns3:hr>111</ns3:hr>
          </ns3:TrackPointExtension>
        </extensions>
      </trkpt>
      <trkpt lat="24.53317813575267791748046875" lon="118.128353096544742584228515625">
        <ele>13.19999980926513671875</ele>
        <time>2026-08-04T23:43:39.000Z</time>
        <extensions>
          <ns3:TrackPointExtension>
            <ns3:atemp>32.0</ns3:atemp>
            <ns3:hr>110</ns3:hr>
          </ns3:TrackPointExtension>
        </extensions>
      </trkpt>
      <trkpt lat="24.5331920497119426727294921875" lon="118.12835569493472576141357421875">
        <ele>13.19999980926513671875</ele>
        <time>2026-08-04T23:43:43.000Z</time>
        <extensions>
          <ns3:TrackPointExtension>
            <ns3:atemp>32.0</ns3:atemp>
            <ns3:hr>110</ns3:hr>
          </ns3:TrackPointExtension>
        </extensions>
      </trkpt>
      <trkpt lat="24.5332202129065990447998046875" lon="118.12837220728397369384765625">
        <ele>13.19999980926513671875</ele>
        <time>2026-08-04T23:43:44.000Z</time>
        <extensions>
          <ns3:TrackPointExtension>
            <ns3:atemp>32.0</ns3:atemp>
            <ns3:hr>110</ns3:hr>
          </ns3:TrackPointExtension>
        </extensions>
      </trkpt>
      <trkpt lat="24.5332606136798858642578125" lon="118.1284216605126857757568359375">
        <ele>13.19999980926513671875</ele>
        <time>2026-08-04T23:43:47.000Z</time>
        <extensions>
          <ns3:TrackPointExtension>
            <ns3:atemp>32.0</ns3:atemp>
            <ns3:hr>112</ns3:hr>
          </ns3:TrackPointExtension>
        </extensions>
      </trkpt>
      <trkpt lat="24.53326237387955188751220703125" lon="118.12843448482453823089599609375">
        <ele>13.19999980926513671875</ele>
        <time>2026-08-04T23:43:48.000Z</time>
        <extensions>
          <ns3:TrackPointExtension>
            <ns3:atemp>32.0</ns3:atemp>
            <ns3:hr>112</ns3:hr>
          </ns3:TrackPointExtension>
        </extensions>
      </trkpt>
      <trkpt lat="24.53325415961444377899169921875" lon="118.12844873405992984771728515625">
        <ele>13.19999980926513671875</ele>
        <time>2026-08-04T23:43:50.000Z</time>
        <extensions>
          <ns3:TrackPointExtension>
            <ns3:atemp>32.0</ns3:atemp>
            <ns3:hr>112</ns3:hr>
          </ns3:TrackPointExtension>
        </extensions>
      </trkpt>
      <trkpt lat="24.53325248323380947113037109375" lon="118.12845711596310138702392578125">
        <ele>13.19999980926513671875</ele>
        <time>2026-08-04T23:43:51.000Z</time>
        <extensions>
          <ns3:TrackPointExtension>
            <ns3:atemp>32.0</ns3:atemp>
            <ns3:hr>112</ns3:hr>
          </ns3:TrackPointExtension>
        </extensions>
      </trkpt>
      <trkpt lat="24.53327058814465999603271484375" lon="118.12850757502019405364990234375">
        <ele>13.19999980926513671875</ele>
        <time>2026-08-04T23:43:56.000Z</time>
        <extensions>
          <ns3:TrackPointExtension>
            <ns3:atemp>32.0</ns3:atemp>
            <ns3:hr>112</ns3:hr>
          </ns3:TrackPointExtension>
        </extensions>
      </trkpt>
      <trkpt lat="24.53328718431293964385986328125" lon="118.128530792891979217529296875">
        <ele>13.19999980926513671875</ele>
        <time>2026-08-04T23:43:58.000Z</time>
        <extensions>
          <ns3:TrackPointExtension>
            <ns3:atemp>32.0</ns3:atemp>
            <ns3:hr>112</ns3:hr>
          </ns3:TrackPointExtension>
        </extensions>
      </trkpt>
      <trkpt lat="24.53332507051527500152587890625" lon="118.12857513315975666046142578125">
        <ele>13.19999980926513671875</ele>
        <time>2026-08-04T23:44:02.000Z</time>
        <extensions>
          <ns3:TrackPointExtension>
            <ns3:atemp>32.0</ns3:atemp>
            <ns3:hr>113</ns3:hr>
          </ns3:TrackPointExtension>
        </extensions>
      </trkpt>
      <trkpt lat="24.53333370387554168701171875" lon="118.128599189221858978271484375">
        <ele>13.19999980926513671875</ele>
        <time>2026-08-04T23:44:04.000Z</time>
        <extensions>
          <ns3:TrackPointExtension>
            <ns3:atemp>32.0</ns3:atemp>
            <ns3:hr>114</ns3:hr>
          </ns3:TrackPointExtension>
        </extensions>
      </trkpt>
      <trkpt lat="24.5333489589393138885498046875" lon="118.12860430218279361724853515625">
        <ele>13.19999980926513671875</ele>
        <time>2026-08-04T23:44:06.000Z</time>
        <extensions>
          <ns3:TrackPointExtension>
            <ns3:atemp>32.0</ns3:atemp>
            <ns3:hr>113</ns3:hr>
          </ns3:TrackPointExtension>
        </extensions>
      </trkpt>
      <trkpt lat="24.5333801396191120147705078125" lon="118.12863682396709918975830078125">
        <ele>13.19999980926513671875</ele>
        <time>2026-08-04T23:44:09.000Z</time>
        <extensions>
          <ns3:TrackPointExtension>
            <ns3:atemp>32.0</ns3:atemp>
            <ns3:hr>111</ns3:hr>
          </ns3:TrackPointExtension>
        </extensions>
      </trkpt>
      <trkpt lat="24.53348550014197826385498046875" lon="118.128689713776111602783203125">
        <ele>13.19999980926513671875</ele>
        <time>2026-08-04T23:44:16.000Z</time>
        <extensions>
          <ns3:TrackPointExtension>
            <ns3:atemp>32.0</ns3:atemp>
            <ns3:hr>110</ns3:hr>
          </ns3:TrackPointExtension>
        </extensions>
      </trkpt>
      <trkpt lat="24.53350427560508251190185546875" lon="118.128704130649566650390625">
        <ele>13</ele>
        <time>2026-08-04T23:44:18.000Z</time>
        <extensions>
          <ns3:TrackPointExtension>
            <ns3:atemp>32.0</ns3:atemp>
            <ns3:hr>111</ns3:hr>
          </ns3:TrackPointExtension>
        </extensions>
      </trkpt>
      <trkpt lat="24.53352774493396282196044921875" lon="118.12871024943888187408447265625">
        <ele>13</ele>
        <time>2026-08-04T23:44:22.000Z</time>
        <extensions>
          <ns3:TrackPointExtension>
            <ns3:atemp>32.0</ns3:atemp>
            <ns3:hr>110</ns3:hr>
          </ns3:TrackPointExtension>
        </extensions>
      </trkpt>
      <trkpt lat="24.533566720783710479736328125" lon="118.1287230737507343292236328125">
        <ele>13</ele>
        <time>2026-08-04T23:44:25.000Z</time>
        <extensions>
          <ns3:TrackPointExtension>
            <ns3:atemp>32.0</ns3:atemp>
            <ns3:hr>110</ns3:hr>
          </ns3:TrackPointExtension>
        </extensions>
      </trkpt>
      <trkpt lat="24.533610641956329345703125" lon="118.12873405404388904571533203125">
        <ele>13</ele>
        <time>2026-08-04T23:44:28.000Z</time>
        <extensions>
          <ns3:TrackPointExtension>
            <ns3:atemp>32.0</ns3:atemp>
            <ns3:hr>110</ns3:hr>
          </ns3:TrackPointExtension>
        </extensions>
      </trkpt>
      <trkpt lat="24.53362095169723033905029296875" lon="118.128731958568096160888671875">
        <ele>13</ele>
        <time>2026-08-04T23:44:30.000Z</time>
        <extensions>
          <ns3:TrackPointExtension>
            <ns3:atemp>32.0</ns3:atemp>
            <ns3:hr>111</ns3:hr>
          </ns3:TrackPointExtension>
        </extensions>
      </trkpt>
      <trkpt lat="24.53364592976868152618408203125" lon="118.12871745787560939788818359375">
        <ele>13</ele>
        <time>2026-08-04T23:44:33.000Z</time>
        <extensions>
          <ns3:TrackPointExtension>
            <ns3:atemp>32.0</ns3:atemp>
            <ns3:hr>111</ns3:hr>
          </ns3:TrackPointExtension>
        </extensions>
      </trkpt>
      <trkpt lat="24.5336617715656757354736328125" lon="118.1287250854074954986572265625">
        <ele>13</ele>
        <time>2026-08-04T23:44:34.000Z</time>
        <extensions>
          <ns3:TrackPointExtension>
            <ns3:atemp>32.0</ns3:atemp>
            <ns3:hr>111</ns3:hr>
          </ns3:TrackPointExtension>
        </extensions>
      </trkpt>
      <trkpt lat="24.53377316705882549285888671875" lon="118.12871695496141910552978515625">
        <ele>13.19999980926513671875</ele>
        <time>2026-08-04T23:44:43.000Z</time>
        <extensions>
          <ns3:TrackPointExtension>
            <ns3:atemp>32.0</ns3:atemp>
            <ns3:hr>111</ns3:hr>
          </ns3:TrackPointExtension>
        </extensions>
      </trkpt>
      <trkpt lat="24.533834271132946014404296875" lon="118.12871058471500873565673828125">
        <ele>13.3999996185302734375</ele>
        <time>2026-08-04T23:44:48.000Z</time>
        <extensions>
          <ns3:TrackPointExtension>
            <ns3:atemp>32.0</ns3:atemp>
            <ns3:hr>114</ns3:hr>
          </ns3:TrackPointExtension>
        </extensions>
      </trkpt>
      <trkpt lat="24.53389369882643222808837890625" lon="118.12870790250599384307861328125">
        <ele>13.3999996185302734375</ele>
        <time>2026-08-04T23:44:53.000Z</time>
        <extensions>
          <ns3:TrackPointExtension>
            <ns3:atemp>32.0</ns3:atemp>
            <ns3:hr>112</ns3:hr>
          </ns3:TrackPointExtension>
        </extensions>
      </trkpt>
      <trkpt lat="24.5339128933846950531005859375" lon="118.12870488502085208892822265625">
        <ele>13.3999996185302734375</ele>
        <time>2026-08-04T23:44:55.000Z</time>
        <extensions>
          <ns3:TrackPointExtension>
            <ns3:atemp>32.0</ns3:atemp>
            <ns3:hr>112</ns3:hr>
          </ns3:TrackPointExtension>
        </extensions>
      </trkpt>
      <trkpt lat="24.53392923809587955474853515625" lon="118.1286925636231899261474609375">
        <ele>13.3999996185302734375</ele>
        <time>2026-08-04T23:44:58.000Z</time>
        <extensions>
          <ns3:TrackPointExtension>
            <ns3:atemp>32.0</ns3:atemp>
            <ns3:hr>111</ns3:hr>
          </ns3:TrackPointExtension>
        </extensions>
      </trkpt>
      <trkpt lat="24.5339685492217540740966796875" lon="118.12868862412869930267333984375">
        <ele>13.6000003814697265625</ele>
        <time>2026-08-04T23:45:02.000Z</time>
        <extensions>
          <ns3:TrackPointExtension>
            <ns3:atemp>32.0</ns3:atemp>
            <ns3:hr>112</ns3:hr>
          </ns3:TrackPointExtension>
        </extensions>
      </trkpt>
      <trkpt lat="24.53398874960839748382568359375" lon="118.12868845649063587188720703125">
        <ele>13.6000003814697265625</ele>
        <time>2026-08-04T23:45:03.000Z</time>
        <extensions>
          <ns3:TrackPointExtension>
            <ns3:atemp>32.0</ns3:atemp>
            <ns3:hr>112</ns3:hr>
          </ns3:TrackPointExtension>
        </extensions>
      </trkpt>
      <trkpt lat="24.5341050066053867340087890625" lon="118.12869809567928314208984375">
        <ele>13.6000003814697265625</ele>
        <time>2026-08-04T23:45:08.000Z</time>
        <extensions>
          <ns3:TrackPointExtension>
            <ns3:atemp>32.0</ns3:atemp>
            <ns3:hr>113</ns3:hr>
          </ns3:TrackPointExtension>
        </extensions>
      </trkpt>
      <trkpt lat="24.534131996333599090576171875" lon="118.1286985985934734344482421875">
        <ele>13.6000003814697265625</ele>
        <time>2026-08-04T23:45:10.000Z</time>
        <extensions>
          <ns3:TrackPointExtension>
            <ns3:atemp>32.0</ns3:atemp>
            <ns3:hr>112</ns3:hr>
          </ns3:TrackPointExtension>
        </extensions>
      </trkpt>
      <trkpt lat="24.5341284759342670440673828125" lon="118.1286972574889659881591796875">
        <ele>13.6000003814697265625</ele>
        <time>2026-08-04T23:45:11.000Z</time>
        <extensions>
          <ns3:TrackPointExtension>
            <ns3:atemp>32.0</ns3:atemp>
            <ns3:hr>115</ns3:hr>
          </ns3:TrackPointExtension>
        </extensions>
      </trkpt>
      <trkpt lat="24.53412973321974277496337890625" lon="118.1286928988993167877197265625">
        <ele>13.6000003814697265625</ele>
        <time>2026-08-04T23:45:12.000Z</time>
        <extensions>
          <ns3:TrackPointExtension>
            <ns3:atemp>32.0</ns3:atemp>
            <ns3:hr>113</ns3:hr>
          </ns3:TrackPointExtension>
        </extensions>
      </trkpt>
      <trkpt lat="24.53415839932858943939208984375" lon="118.12868728302419185638427734375">
        <ele>13.6000003814697265625</ele>
        <time>2026-08-04T23:45:17.000Z</time>
        <extensions>
          <ns3:TrackPointExtension>
            <ns3:atemp>32.0</ns3:atemp>
            <ns3:hr>113</ns3:hr>
          </ns3:TrackPointExtension>
        </extensions>
      </trkpt>
      <trkpt lat="24.53423098661005496978759765625" lon="118.1286939047276973724365234375">
        <ele>13.6000003814697265625</ele>
        <time>2026-08-04T23:45:21.000Z</time>
        <extensions>
          <ns3:TrackPointExtension>
            <ns3:atemp>32.0</ns3:atemp>
            <ns3:hr>110</ns3:hr>
          </ns3:TrackPointExtension>
        </extensions>
      </trkpt>
      <trkpt lat="24.53424297273159027099609375" lon="118.12870002351701259613037109375">
        <ele>13.6000003814697265625</ele>
        <time>2026-08-04T23:45:22.000Z</time>
        <extensions>
          <ns3:TrackPointExtension>
            <ns3:atemp>32.0</ns3:atemp>
            <ns3:hr>113</ns3:hr>
          </ns3:TrackPointExtension>
        </extensions>
      </trkpt>
      <trkpt lat="24.53431933186948299407958984375" lon="118.12871829606592655181884765625">
        <ele>13.6000003814697265625</ele>
        <time>2026-08-04T23:45:27.000Z</time>
        <extensions>
          <ns3:TrackPointExtension>
            <ns3:atemp>32.0</ns3:atemp>
            <ns3:hr>116</ns3:hr>
          </ns3:TrackPointExtension>
        </extensions>
      </trkpt>
      <trkpt lat="24.53432100825011730194091796875" lon="118.12871511094272136688232421875">
        <ele>13.80000019073486328125</ele>
        <time>2026-08-04T23:45:28.000Z</time>
        <extensions>
          <ns3:TrackPointExtension>
            <ns3:atemp>32.0</ns3:atemp>
            <ns3:hr>115</ns3:hr>
          </ns3:TrackPointExtension>
        </extensions>
      </trkpt>
      <trkpt lat="24.5343514345586299896240234375" lon="118.12871125526726245880126953125">
        <ele>13.80000019073486328125</ele>
        <time>2026-08-04T23:45:32.000Z</time>
        <extensions>
          <ns3:TrackPointExtension>
            <ns3:atemp>32.0</ns3:atemp>
            <ns3:hr>115</ns3:hr>
          </ns3:TrackPointExtension>
        </extensions>
      </trkpt>
      <trkpt lat="24.5344593934714794158935546875" lon="118.12875098548829555511474609375">
        <ele>13.80000019073486328125</ele>
        <time>2026-08-04T23:45:38.000Z</time>
        <extensions>
          <ns3:TrackPointExtension>
            <ns3:atemp>32.0</ns3:atemp>
            <ns3:hr>113</ns3:hr>
          </ns3:TrackPointExtension>
        </extensions>
      </trkpt>
      <trkpt lat="24.5344671048223972320556640625" lon="118.128737993538379669189453125">
        <ele>13.80000019073486328125</ele>
        <time>2026-08-04T23:45:39.000Z</time>
        <extensions>
          <ns3:TrackPointExtension>
            <ns3:atemp>32.0</ns3:atemp>
            <ns3:hr>113</ns3:hr>
          </ns3:TrackPointExtension>
        </extensions>
      </trkpt>
      <trkpt lat="24.5344828628003597259521484375" lon="118.12875450588762760162353515625">
        <ele>13.80000019073486328125</ele>
        <time>2026-08-04T23:45:41.000Z</time>
        <extensions>
          <ns3:TrackPointExtension>
            <ns3:atemp>32.0</ns3:atemp>
            <ns3:hr>111</ns3:hr>
          </ns3:TrackPointExtension>
        </extensions>
      </trkpt>
      <trkpt lat="24.53449107706546783447265625" lon="118.12874344177544116973876953125">
        <ele>13.80000019073486328125</ele>
        <time>2026-08-04T23:45:44.000Z</time>
        <extensions>
          <ns3:TrackPointExtension>
            <ns3:atemp>32.0</ns3:atemp>
            <ns3:hr>108</ns3:hr>
          </ns3:TrackPointExtension>
        </extensions>
      </trkpt>
      <trkpt lat="24.5345049910247325897216796875" lon="118.1287425197660923004150390625">
        <ele>13.80000019073486328125</ele>
        <time>2026-08-04T23:45:45.000Z</time>
        <extensions>
          <ns3:TrackPointExtension>
            <ns3:atemp>32.0</ns3:atemp>
            <ns3:hr>106</ns3:hr>
          </ns3:TrackPointExtension>
        </extensions>
      </trkpt>
      <trkpt lat="24.53451781533658504486083984375" lon="118.12874461524188518524169921875">
        <ele>13.6000003814697265625</ele>
        <time>2026-08-04T23:45:46.000Z</time>
        <extensions>
          <ns3:TrackPointExtension>
            <ns3:atemp>32.0</ns3:atemp>
            <ns3:hr>105</ns3:hr>
          </ns3:TrackPointExtension>
        </extensions>
      </trkpt>
      <trkpt lat="24.534586966037750244140625" lon="118.12877227552235126495361328125">
        <ele>13.6000003814697265625</ele>
        <time>2026-08-04T23:45:50.000Z</time>
        <extensions>
          <ns3:TrackPointExtension>
            <ns3:atemp>32.0</ns3:atemp>
            <ns3:hr>102</ns3:hr>
          </ns3:TrackPointExtension>
        </extensions>
      </trkpt>
      <trkpt lat="24.534601382911205291748046875" lon="118.12878048978745937347412109375">
        <ele>13.6000003814697265625</ele>
        <time>2026-08-04T23:45:51.000Z</time>
        <extensions>
          <ns3:TrackPointExtension>
            <ns3:atemp>32.0</ns3:atemp>
            <ns3:hr>101</ns3:hr>
          </ns3:TrackPointExtension>
        </extensions>
      </trkpt>
      <trkpt lat="24.5346136204898357391357421875" lon="118.12877579592168331146240234375">
        <ele>13.6000003814697265625</ele>
        <time>2026-08-04T23:45:53.000Z</time>
        <extensions>
          <ns3:TrackPointExtension>
            <ns3:atemp>32.0</ns3:atemp>
            <ns3:hr>100</ns3:hr>
          </ns3:TrackPointExtension>
        </extensions>
      </trkpt>
      <trkpt lat="24.53462996520102024078369140625" lon="118.12879591248929500579833984375">
        <ele>13.6000003814697265625</ele>
        <time>2026-08-04T23:45:55.000Z</time>
        <extensions>
          <ns3:TrackPointExtension>
            <ns3:atemp>32.0</ns3:atemp>
            <ns3:hr>100</ns3:hr>
          </ns3:TrackPointExtension>
        </extensions>
      </trkpt>
      <trkpt lat="24.53463885001838207244873046875" lon="118.12879071570932865142822265625">
        <ele>13.6000003814697265625</ele>
        <time>2026-08-04T23:45:56.000Z</time>
        <extensions>
          <ns3:TrackPointExtension>
            <ns3:atemp>32.0</ns3:atemp>
            <ns3:hr>100</ns3:hr>
          </ns3:TrackPointExtension>
        </extensions>
      </trkpt>
      <trkpt lat="24.5346743054687976837158203125" lon="118.12877344898879528045654296875">
        <ele>13.6000003814697265625</ele>
        <time>2026-08-04T23:45:59.000Z</time>
        <extensions>
          <ns3:TrackPointExtension>
            <ns3:atemp>32.0</ns3:atemp>
            <ns3:hr>100</ns3:hr>
          </ns3:TrackPointExtension>
        </extensions>
      </trkpt>
      <trkpt lat="24.5347437076270580291748046875" lon="118.12876221723854541778564453125">
        <ele>13.6000003814697265625</ele>
        <time>2026-08-04T23:46:02.000Z</time>
        <extensions>
          <ns3:TrackPointExtension>
            <ns3:atemp>32.0</ns3:atemp>
            <ns3:hr>103</ns3:hr>
          </ns3:TrackPointExtension>
        </extensions>
      </trkpt>
      <trkpt lat="24.53476105816662311553955078125" lon="118.128760792315006256103515625">
        <ele>13.6000003814697265625</ele>
        <time>2026-08-04T23:46:05.000Z</time>
        <extensions>
          <ns3:TrackPointExtension>
            <ns3:atemp>32.0</ns3:atemp>
            <ns3:hr>105</ns3:hr>
          </ns3:TrackPointExtension>
        </extensions>
      </trkpt>
      <trkpt lat="24.5347655005753040313720703125" lon="118.12876255251467227935791015625">
        <ele>13.6000003814697265625</ele>
        <time>2026-08-04T23:46:06.000Z</time>
        <extensions>
          <ns3:TrackPointExtension>
            <ns3:atemp>32.0</ns3:atemp>
            <ns3:hr>108</ns3:hr>
          </ns3:TrackPointExtension>
        </extensions>
      </trkpt>
      <trkpt lat="24.53480221331119537353515625" lon="118.12876112759113311767578125">
        <ele>13.6000003814697265625</ele>
        <time>2026-08-04T23:46:11.000Z</time>
        <extensions>
          <ns3:TrackPointExtension>
            <ns3:atemp>32.0</ns3:atemp>
            <ns3:hr>106</ns3:hr>
          </ns3:TrackPointExtension>
        </extensions>
      </trkpt>
      <trkpt lat="24.534910507500171661376953125" lon="118.12877453863620758056640625">
        <ele>13.6000003814697265625</ele>
        <time>2026-08-04T23:46:16.000Z</time>
        <extensions>
          <ns3:TrackPointExtension>
            <ns3:atemp>32.0</ns3:atemp>
            <ns3:hr>104</ns3:hr>
          </ns3:TrackPointExtension>
        </extensions>
      </trkpt>
      <trkpt lat="24.5349311269819736480712890625" lon="118.128768168389797210693359375">
        <ele>13.6000003814697265625</ele>
        <time>2026-08-04T23:46:19.000Z</time>
        <extensions>
          <ns3:TrackPointExtension>
            <ns3:atemp>32.0</ns3:atemp>
            <ns3:hr>105</ns3:hr>
          </ns3:TrackPointExtension>
        </extensions>
      </trkpt>
      <trkpt lat="24.53493724577128887176513671875" lon="118.12877646647393703460693359375">
        <ele>13.6000003814697265625</ele>
        <time>2026-08-04T23:46:20.000Z</time>
        <extensions>
          <ns3:TrackPointExtension>
            <ns3:atemp>32.0</ns3:atemp>
            <ns3:hr>107</ns3:hr>
          </ns3:TrackPointExtension>
        </extensions>
      </trkpt>
      <trkpt lat="24.53496054746210575103759765625" lon="118.12878769822418689727783203125">
        <ele>13.6000003814697265625</ele>
        <time>2026-08-04T23:46:23.000Z</time>
        <extensions>
          <ns3:TrackPointExtension>
            <ns3:atemp>32.0</ns3:atemp>
            <ns3:hr>109</ns3:hr>
          </ns3:TrackPointExtension>
        </extensions>
      </trkpt>
      <trkpt lat="24.53501318581402301788330078125" lon="118.128806054592132568359375">
        <ele>13.6000003814697265625</ele>
        <time>2026-08-04T23:46:26.000Z</time>
        <extensions>
          <ns3:TrackPointExtension>
            <ns3:atemp>32.0</ns3:atemp>
            <ns3:hr>111</ns3:hr>
          </ns3:TrackPointExtension>
        </extensions>
      </trkpt>
      <trkpt lat="24.53509817831218242645263671875" lon="118.12882910482585430145263671875">
        <ele>13.3999996185302734375</ele>
        <time>2026-08-04T23:46:32.000Z</time>
        <extensions>
          <ns3:TrackPointExtension>
            <ns3:atemp>32.0</ns3:atemp>
            <ns3:hr>112</ns3:hr>
          </ns3:TrackPointExtension>
        </extensions>
      </trkpt>
      <trkpt lat="24.53514209948480129241943359375" lon="118.1288290210068225860595703125">
        <ele>13.3999996185302734375</ele>
        <time>2026-08-04T23:46:36.000Z</time>
        <extensions>
          <ns3:TrackPointExtension>
            <ns3:atemp>32.0</ns3:atemp>
            <ns3:hr>109</ns3:hr>
          </ns3:TrackPointExtension>
        </extensions>
      </trkpt>
      <trkpt lat="24.535160958766937255859375" lon="118.12883086502552032470703125">
        <ele>13.3999996185302734375</ele>
        <time>2026-08-04T23:46:37.000Z</time>
        <extensions>
          <ns3:TrackPointExtension>
            <ns3:atemp>32.0</ns3:atemp>
            <ns3:hr>110</ns3:hr>
          </ns3:TrackPointExtension>
        </extensions>
      </trkpt>
      <trkpt lat="24.5352695882320404052734375" lon="118.12882541678845882415771484375">
        <ele>13.3999996185302734375</ele>
        <time>2026-08-04T23:46:46.000Z</time>
        <extensions>
          <ns3:TrackPointExtension>
            <ns3:atemp>32.0</ns3:atemp>
            <ns3:hr>110</ns3:hr>
          </ns3:TrackPointExtension>
        </extensions>
      </trkpt>
      <trkpt lat="24.53530848026275634765625" lon="118.1288186274468898773193359375">
        <ele>13.3999996185302734375</ele>
        <time>2026-08-04T23:46:50.000Z</time>
        <extensions>
          <ns3:TrackPointExtension>
            <ns3:atemp>32.0</ns3:atemp>
            <ns3:hr>108</ns3:hr>
          </ns3:TrackPointExtension>
        </extensions>
      </trkpt>
      <trkpt lat="24.53536354936659336090087890625" lon="118.1288234889507293701171875">
        <ele>13.3999996185302734375</ele>
        <time>2026-08-04T23:46:54.000Z</time>
        <extensions>
          <ns3:TrackPointExtension>
            <ns3:atemp>32.0</ns3:atemp>
            <ns3:hr>105</ns3:hr>
          </ns3:TrackPointExtension>
        </extensions>
      </trkpt>
      <trkpt lat="24.53538198955357074737548828125" lon="118.1288283504545688629150390625">
        <ele>13.3999996185302734375</ele>
        <time>2026-08-04T23:46:57.000Z</time>
        <extensions>
          <ns3:TrackPointExtension>
            <ns3:atemp>32.0</ns3:atemp>
            <ns3:hr>103</ns3:hr>
          </ns3:TrackPointExtension>
        </extensions>
      </trkpt>
      <trkpt lat="24.53545130789279937744140625" lon="118.1288290210068225860595703125">
        <ele>13.6000003814697265625</ele>
        <time>2026-08-04T23:47:02.000Z</time>
        <extensions>
          <ns3:TrackPointExtension>
            <ns3:atemp>32.0</ns3:atemp>
            <ns3:hr>100</ns3:hr>
          </ns3:TrackPointExtension>
        </extensions>
      </trkpt>
      <trkpt lat="24.53549112193286418914794921875" lon="118.1288303621113300323486328125">
        <ele>13.80000019073486328125</ele>
        <time>2026-08-04T23:47:04.000Z</time>
        <extensions>
          <ns3:TrackPointExtension>
            <ns3:atemp>32.0</ns3:atemp>
            <ns3:hr>99</ns3:hr>
          </ns3:TrackPointExtension>
        </extensions>
      </trkpt>
      <trkpt lat="24.53552079387009143829345703125" lon="118.12885039485991001129150390625">
        <ele>14</ele>
        <time>2026-08-04T23:47:09.000Z</time>
        <extensions>
          <ns3:TrackPointExtension>
            <ns3:atemp>32.0</ns3:atemp>
            <ns3:hr>98</ns3:hr>
          </ns3:TrackPointExtension>
        </extensions>
      </trkpt>
      <trkpt lat="24.53553252853453159332275390625" lon="118.1288659013807773590087890625">
        <ele>14</ele>
        <time>2026-08-04T23:47:10.000Z</time>
        <extensions>
          <ns3:TrackPointExtension>
            <ns3:atemp>32.0</ns3:atemp>
            <ns3:hr>98</ns3:hr>
          </ns3:TrackPointExtension>
        </extensions>
      </trkpt>
      <trkpt lat="24.53559656627476215362548828125" lon="118.1289420090615749359130859375">
        <ele>14</ele>
        <time>2026-08-04T23:47:15.000Z</time>
        <extensions>
          <ns3:TrackPointExtension>
            <ns3:atemp>32.0</ns3:atemp>
            <ns3:hr>97</ns3:hr>
          </ns3:TrackPointExtension>
        </extensions>
      </trkpt>
      <trkpt lat="24.5356060378253459930419921875" lon="118.12896497547626495361328125">
        <ele>14</ele>
        <time>2026-08-04T23:47:17.000Z</time>
        <extensions>
          <ns3:TrackPointExtension>
            <ns3:atemp>32.0</ns3:atemp>
            <ns3:hr>97</ns3:hr>
          </ns3:TrackPointExtension>
        </extensions>
      </trkpt>
      <trkpt lat="24.5356157608330249786376953125" lon="118.12895751558244228363037109375">
        <ele>14</ele>
        <time>2026-08-04T23:47:19.000Z</time>
        <extensions>
          <ns3:TrackPointExtension>
            <ns3:atemp>32.0</ns3:atemp>
            <ns3:hr>97</ns3:hr>
          </ns3:TrackPointExtension>
        </extensions>
      </trkpt>
      <trkpt lat="24.5356370508670806884765625" lon="118.12899489887058734893798828125">
        <ele>14</ele>
        <time>2026-08-04T23:47:23.000Z</time>
        <extensions>
          <ns3:TrackPointExtension>
            <ns3:atemp>32.0</ns3:atemp>
            <ns3:hr>96</ns3:hr>
          </ns3:TrackPointExtension>
        </extensions>
      </trkpt>
      <trkpt lat="24.53564702533185482025146484375" lon="118.1290033645927906036376953125">
        <ele>14</ele>
        <time>2026-08-04T23:47:24.000Z</time>
        <extensions>
          <ns3:TrackPointExtension>
            <ns3:atemp>32.0</ns3:atemp>
            <ns3:hr>95</ns3:hr>
          </ns3:TrackPointExtension>
        </extensions>
      </trkpt>
      <trkpt lat="24.5357247255742549896240234375" lon="118.12908299267292022705078125">
        <ele>13.80000019073486328125</ele>
        <time>2026-08-04T23:47:29.000Z</time>
        <extensions>
          <ns3:TrackPointExtension>
            <ns3:atemp>32.0</ns3:atemp>
            <ns3:hr>98</ns3:hr>
          </ns3:TrackPointExtension>
        </extensions>
      </trkpt>
      <trkpt lat="24.53572983853518962860107421875" lon="118.12910000793635845184326171875">
        <ele>13.80000019073486328125</ele>
        <time>2026-08-04T23:47:30.000Z</time>
        <extensions>
          <ns3:TrackPointExtension>
            <ns3:atemp>32.0</ns3:atemp>
            <ns3:hr>95</ns3:hr>
          </ns3:TrackPointExtension>
        </extensions>
      </trkpt>
      <trkpt lat="24.53573964536190032958984375" lon="118.12913789413869380950927734375">
        <ele>13.80000019073486328125</ele>
        <time>2026-08-04T23:47:34.000Z</time>
        <extensions>
          <ns3:TrackPointExtension>
            <ns3:atemp>32.0</ns3:atemp>
            <ns3:hr>95</ns3:hr>
          </ns3:TrackPointExtension>
        </extensions>
      </trkpt>
      <trkpt lat="24.53575045801699161529541015625" lon="118.1291428394615650177001953125">
        <ele>13.80000019073486328125</ele>
        <time>2026-08-04T23:47:36.000Z</time>
        <extensions>
          <ns3:TrackPointExtension>
            <ns3:atemp>32.0</ns3:atemp>
            <ns3:hr>95</ns3:hr>
          </ns3:TrackPointExtension>
        </extensions>
      </trkpt>
      <trkpt lat="24.53575842082500457763671875" lon="118.12915985472500324249267578125">
        <ele>13.80000019073486328125</ele>
        <time>2026-08-04T23:47:38.000Z</time>
        <extensions>
          <ns3:TrackPointExtension>
            <ns3:atemp>32.0</ns3:atemp>
            <ns3:hr>95</ns3:hr>
          </ns3:TrackPointExtension>
        </extensions>
      </trkpt>
      <trkpt lat="24.53584785573184490203857421875" lon="118.1292615272104740142822265625">
        <ele>13.80000019073486328125</ele>
        <time>2026-08-04T23:47:44.000Z</time>
        <extensions>
          <ns3:TrackPointExtension>
            <ns3:atemp>32.0</ns3:atemp>
            <ns3:hr>96</ns3:hr>
          </ns3:TrackPointExtension>
        </extensions>
      </trkpt>
      <trkpt lat="24.53588926233351230621337890625" lon="118.1293212063610553741455078125">
        <ele>13.6000003814697265625</ele>
        <time>2026-08-04T23:47:49.000Z</time>
        <extensions>
          <ns3:TrackPointExtension>
            <ns3:atemp>32.0</ns3:atemp>
            <ns3:hr>96</ns3:hr>
          </ns3:TrackPointExtension>
        </extensions>
      </trkpt>
      <trkpt lat="24.53591155819594860076904296875" lon="118.1293517164885997772216796875">
        <ele>13.3999996185302734375</ele>
        <time>2026-08-04T23:47:54.000Z</time>
        <extensions>
          <ns3:TrackPointExtension>
            <ns3:atemp>32.0</ns3:atemp>
            <ns3:hr>95</ns3:hr>
          </ns3:TrackPointExtension>
        </extensions>
      </trkpt>
      <trkpt lat="24.53591826371848583221435546875" lon="118.12935180030763149261474609375">
        <ele>13.3999996185302734375</ele>
        <time>2026-08-04T23:47:55.000Z</time>
        <extensions>
          <ns3:TrackPointExtension>
            <ns3:atemp>32.0</ns3:atemp>
            <ns3:hr>97</ns3:hr>
          </ns3:TrackPointExtension>
        </extensions>
      </trkpt>
      <trkpt lat="24.53591759316623210906982421875" lon="118.12936420552432537078857421875">
        <ele>13.3999996185302734375</ele>
        <time>2026-08-04T23:47:56.000Z</time>
        <extensions>
          <ns3:TrackPointExtension>
            <ns3:atemp>32.0</ns3:atemp>
            <ns3:hr>95</ns3:hr>
          </ns3:TrackPointExtension>
        </extensions>
      </trkpt>
      <trkpt lat="24.5359372906386852264404296875" lon="118.12940460629761219024658203125">
        <ele>13.3999996185302734375</ele>
        <time>2026-08-04T23:47:59.000Z</time>
        <extensions>
          <ns3:TrackPointExtension>
            <ns3:atemp>32.0</ns3:atemp>
            <ns3:hr>95</ns3:hr>
          </ns3:TrackPointExtension>
        </extensions>
      </trkpt>
      <trkpt lat="24.53602320514619350433349609375" lon="118.1294938735663890838623046875">
        <ele>13.3999996185302734375</ele>
        <time>2026-08-04T23:48:05.000Z</time>
        <extensions>
          <ns3:TrackPointExtension>
            <ns3:atemp>32.0</ns3:atemp>
            <ns3:hr>97</ns3:hr>
          </ns3:TrackPointExtension>
        </extensions>
      </trkpt>
      <trkpt lat="24.53604315407574176788330078125" lon="118.1295019201934337615966796875">
        <ele>13.3999996185302734375</ele>
        <time>2026-08-04T23:48:07.000Z</time>
        <extensions>
          <ns3:TrackPointExtension>
            <ns3:atemp>32.0</ns3:atemp>
            <ns3:hr>97</ns3:hr>
          </ns3:TrackPointExtension>
        </extensions>
      </trkpt>
      <trkpt lat="24.5360425673425197601318359375" lon="118.1295154988765716552734375">
        <ele>13.3999996185302734375</ele>
        <time>2026-08-04T23:48:09.000Z</time>
        <extensions>
          <ns3:TrackPointExtension>
            <ns3:atemp>32.0</ns3:atemp>
            <ns3:hr>98</ns3:hr>
          </ns3:TrackPointExtension>
        </extensions>
      </trkpt>
      <trkpt lat="24.5360489375889301300048828125" lon="118.1295451708137989044189453125">
        <ele>13.3999996185302734375</ele>
        <time>2026-08-04T23:48:12.000Z</time>
        <extensions>
          <ns3:TrackPointExtension>
            <ns3:atemp>32.0</ns3:atemp>
            <ns3:hr>98</ns3:hr>
          </ns3:TrackPointExtension>
        </extensions>
      </trkpt>
      <trkpt lat="24.5360640250146389007568359375" lon="118.12959395349025726318359375">
        <ele>13.3999996185302734375</ele>
        <time>2026-08-04T23:48:16.000Z</time>
        <extensions>
          <ns3:TrackPointExtension>
            <ns3:atemp>32.0</ns3:atemp>
            <ns3:hr>98</ns3:hr>
          </ns3:TrackPointExtension>
        </extensions>
      </trkpt>
      <trkpt lat="24.53610719181597232818603515625" lon="118.1297010742127895355224609375">
        <ele>13.3999996185302734375</ele>
        <time>2026-08-04T23:48:21.000Z</time>
        <extensions>
          <ns3:TrackPointExtension>
            <ns3:atemp>32.0</ns3:atemp>
            <ns3:hr>97</ns3:hr>
          </ns3:TrackPointExtension>
        </extensions>
      </trkpt>
      <trkpt lat="24.5361257158219814300537109375" lon="118.129769302904605865478515625">
        <ele>13.3999996185302734375</ele>
        <time>2026-08-04T23:48:27.000Z</time>
        <extensions>
          <ns3:TrackPointExtension>
            <ns3:atemp>32.0</ns3:atemp>
            <ns3:hr>94</ns3:hr>
          </ns3:TrackPointExtension>
        </extensions>
      </trkpt>
      <trkpt lat="24.5361260510981082916259765625" lon="118.12977525405585765838623046875">
        <ele>13.3999996185302734375</ele>
        <time>2026-08-04T23:48:28.000Z</time>
        <extensions>
          <ns3:TrackPointExtension>
            <ns3:atemp>32.0</ns3:atemp>
            <ns3:hr>95</ns3:hr>
          </ns3:TrackPointExtension>
        </extensions>
      </trkpt>
      <trkpt lat="24.53616955317556858062744140625" lon="118.1298348493874073028564453125">
        <ele>13.3999996185302734375</ele>
        <time>2026-08-04T23:48:33.000Z</time>
        <extensions>
          <ns3:TrackPointExtension>
            <ns3:atemp>32.0</ns3:atemp>
            <ns3:hr>95</ns3:hr>
          </ns3:TrackPointExtension>
        </extensions>
      </trkpt>
      <trkpt lat="24.53620241023600101470947265625" lon="118.12986058183014392852783203125">
        <ele>13.3999996185302734375</ele>
        <time>2026-08-04T23:48:39.000Z</time>
        <extensions>
          <ns3:TrackPointExtension>
            <ns3:atemp>32.0</ns3:atemp>
            <ns3:hr>96</ns3:hr>
          </ns3:TrackPointExtension>
        </extensions>
      </trkpt>
      <trkpt lat="24.536239542067050933837890625" lon="118.12986913137137889862060546875">
        <ele>13.3999996185302734375</ele>
        <time>2026-08-04T23:48:45.000Z</time>
        <extensions>
          <ns3:TrackPointExtension>
            <ns3:atemp>32.0</ns3:atemp>
            <ns3:hr>95</ns3:hr>
          </ns3:TrackPointExtension>
        </extensions>
      </trkpt>
      <trkpt lat="24.53627315349876880645751953125" lon="118.1298599950969219207763671875">
        <ele>13.3999996185302734375</ele>
        <time>2026-08-04T23:48:50.000Z</time>
        <extensions>
          <ns3:TrackPointExtension>
            <ns3:atemp>32.0</ns3:atemp>
            <ns3:hr>94</ns3:hr>
          </ns3:TrackPointExtension>
        </extensions>
      </trkpt>
      <trkpt lat="24.53631539829075336456298828125" lon="118.1298319995403289794921875">
        <ele>13.6000003814697265625</ele>
        <time>2026-08-04T23:48:52.000Z</time>
        <extensions>
          <ns3:TrackPointExtension>
            <ns3:atemp>32.0</ns3:atemp>
            <ns3:hr>94</ns3:hr>
          </ns3:TrackPointExtension>
        </extensions>
      </trkpt>
      <trkpt lat="24.5363597385585308074951171875" lon="118.12979838810861110687255859375">
        <ele>13.6000003814697265625</ele>
        <time>2026-08-04T23:48:57.000Z</time>
        <extensions>
          <ns3:TrackPointExtension>
            <ns3:atemp>32.0</ns3:atemp>
            <ns3:hr>93</ns3:hr>
          </ns3:TrackPointExtension>
        </extensions>
      </trkpt>
      <trkpt lat="24.5363664440810680389404296875" lon="118.12979486770927906036376953125">
        <ele>13.6000003814697265625</ele>
        <time>2026-08-04T23:48:58.000Z</time>
        <extensions>
          <ns3:TrackPointExtension>
            <ns3:atemp>32.0</ns3:atemp>
            <ns3:hr>93</ns3:hr>
          </ns3:TrackPointExtension>
        </extensions>
      </trkpt>
      <trkpt lat="24.5364442281424999237060546875" lon="118.12974072061479091644287109375">
        <ele>13.6000003814697265625</ele>
        <time>2026-08-04T23:49:05.000Z</time>
        <extensions>
          <ns3:TrackPointExtension>
            <ns3:atemp>32.0</ns3:atemp>
            <ns3:hr>96</ns3:hr>
          </ns3:TrackPointExtension>
        </extensions>
      </trkpt>
      <trkpt lat="24.53645705245435237884521484375" lon="118.1297349371016025543212890625">
        <ele>13.6000003814697265625</ele>
        <time>2026-08-04T23:49:06.000Z</time>
        <extensions>
          <ns3:TrackPointExtension>
            <ns3:atemp>32.0</ns3:atemp>
            <ns3:hr>93</ns3:hr>
          </ns3:TrackPointExtension>
        </extensions>
      </trkpt>
      <trkpt lat="24.5365032367408275604248046875" lon="118.129737116396427154541015625">
        <ele>13.6000003814697265625</ele>
        <time>2026-08-04T23:49:10.000Z</time>
        <extensions>
          <ns3:TrackPointExtension>
            <ns3:atemp>32.0</ns3:atemp>
            <ns3:hr>94</ns3:hr>
          </ns3:TrackPointExtension>
        </extensions>
      </trkpt>
      <trkpt lat="24.5365141332149505615234375" lon="118.12975195236504077911376953125">
        <ele>13.6000003814697265625</ele>
        <time>2026-08-04T23:49:14.000Z</time>
        <extensions>
          <ns3:TrackPointExtension>
            <ns3:atemp>32.0</ns3:atemp>
            <ns3:hr>94</ns3:hr>
          </ns3:TrackPointExtension>
        </extensions>
      </trkpt>
      <trkpt lat="24.53653617762029170989990234375" lon="118.12979788519442081451416015625">
        <ele>13.3999996185302734375</ele>
        <time>2026-08-04T23:49:17.000Z</time>
        <extensions>
          <ns3:TrackPointExtension>
            <ns3:atemp>32.0</ns3:atemp>
            <ns3:hr>94</ns3:hr>
          </ns3:TrackPointExtension>
        </extensions>
      </trkpt>
      <trkpt lat="24.5365940965712070465087890625" lon="118.1298378668725490570068359375">
        <ele>13.3999996185302734375</ele>
        <time>2026-08-04T23:49:20.000Z</time>
        <extensions>
          <ns3:TrackPointExtension>
            <ns3:atemp>32.0</ns3:atemp>
            <ns3:hr>95</ns3:hr>
          </ns3:TrackPointExtension>
        </extensions>
      </trkpt>
      <trkpt lat="24.53665293753147125244140625" lon="118.1298589892685413360595703125">
        <ele>13.3999996185302734375</ele>
        <time>2026-08-04T23:49:23.000Z</time>
        <extensions>
          <ns3:TrackPointExtension>
            <ns3:atemp>32.0</ns3:atemp>
            <ns3:hr>93</ns3:hr>
          </ns3:TrackPointExtension>
        </extensions>
      </trkpt>
      <trkpt lat="24.53667481429874897003173828125" lon="118.12986896373331546783447265625">
        <ele>13.3999996185302734375</ele>
        <time>2026-08-04T23:49:25.000Z</time>
        <extensions>
          <ns3:TrackPointExtension>
            <ns3:atemp>32.0</ns3:atemp>
            <ns3:hr>95</ns3:hr>
          </ns3:TrackPointExtension>
        </extensions>
      </trkpt>
      <trkpt lat="24.5366839505732059478759765625" lon="118.12989301979541778564453125">
        <ele>13.3999996185302734375</ele>
        <time>2026-08-04T23:49:27.000Z</time>
        <extensions>
          <ns3:TrackPointExtension>
            <ns3:atemp>32.0</ns3:atemp>
            <ns3:hr>96</ns3:hr>
          </ns3:TrackPointExtension>
        </extensions>
      </trkpt>
      <trkpt lat="24.53669576905667781829833984375" lon="118.12991841696202754974365234375">
        <ele>13.3999996185302734375</ele>
        <time>2026-08-04T23:49:30.000Z</time>
        <extensions>
          <ns3:TrackPointExtension>
            <ns3:atemp>32.0</ns3:atemp>
            <ns3:hr>96</ns3:hr>
          </ns3:TrackPointExtension>
        </extensions>
      </trkpt>
      <trkpt lat="24.53671487979590892791748046875" lon="118.12993434257805347442626953125">
        <ele>13.3999996185302734375</ele>
        <time>2026-08-04T23:49:32.000Z</time>
        <extensions>
          <ns3:TrackPointExtension>
            <ns3:atemp>32.0</ns3:atemp>
            <ns3:hr>97</ns3:hr>
          </ns3:TrackPointExtension>
        </extensions>
      </trkpt>
      <trkpt lat="24.536753855645656585693359375" lon="118.129943311214447021484375">
        <ele>13.19999980926513671875</ele>
        <time>2026-08-04T23:49:34.000Z</time>
        <extensions>
          <ns3:TrackPointExtension>
            <ns3:atemp>32.0</ns3:atemp>
            <ns3:hr>97</ns3:hr>
          </ns3:TrackPointExtension>
        </extensions>
      </trkpt>
      <trkpt lat="24.53677900135517120361328125" lon="118.12994934618473052978515625">
        <ele>13.19999980926513671875</ele>
        <time>2026-08-04T23:49:35.000Z</time>
        <extensions>
          <ns3:TrackPointExtension>
            <ns3:atemp>32.0</ns3:atemp>
            <ns3:hr>97</ns3:hr>
          </ns3:TrackPointExtension>
        </extensions>
      </trkpt>
      <trkpt lat="24.53679802827537059783935546875" lon="118.129941634833812713623046875">
        <ele>13.19999980926513671875</ele>
        <time>2026-08-04T23:49:37.000Z</time>
        <extensions>
          <ns3:TrackPointExtension>
            <ns3:atemp>32.0</ns3:atemp>
            <ns3:hr>98</ns3:hr>
          </ns3:TrackPointExtension>
        </extensions>
      </trkpt>
      <trkpt lat="24.53680456615984439849853515625" lon="118.129931576550006866455078125">
        <ele>13.3999996185302734375</ele>
        <time>2026-08-04T23:49:39.000Z</time>
        <extensions>
          <ns3:TrackPointExtension>
            <ns3:atemp>32.0</ns3:atemp>
            <ns3:hr>98</ns3:hr>
          </ns3:TrackPointExtension>
        </extensions>
      </trkpt>
      <trkpt lat="24.53680624254047870635986328125" lon="118.1299387849867343902587890625">
        <ele>13.6000003814697265625</ele>
        <time>2026-08-04T23:49:40.000Z</time>
        <extensions>
          <ns3:TrackPointExtension>
            <ns3:atemp>32.0</ns3:atemp>
            <ns3:hr>99</ns3:hr>
          </ns3:TrackPointExtension>
        </extensions>
      </trkpt>
      <trkpt lat="24.53684211708605289459228515625" lon="118.12992964871227741241455078125">
        <ele>13.80000019073486328125</ele>
        <time>2026-08-04T23:49:43.000Z</time>
        <extensions>
          <ns3:TrackPointExtension>
            <ns3:atemp>32.0</ns3:atemp>
            <ns3:hr>98</ns3:hr>
          </ns3:TrackPointExtension>
        </extensions>
      </trkpt>
      <trkpt lat="24.536881931126117706298828125" lon="118.12991447746753692626953125">
        <ele>13.80000019073486328125</ele>
        <time>2026-08-04T23:49:46.000Z</time>
        <extensions>
          <ns3:TrackPointExtension>
            <ns3:atemp>32.0</ns3:atemp>
            <ns3:hr>99</ns3:hr>
          </ns3:TrackPointExtension>
        </extensions>
      </trkpt>
      <trkpt lat="24.53689123503863811492919921875" lon="118.12992118299007415771484375">
        <ele>13.80000019073486328125</ele>
        <time>2026-08-04T23:49:47.000Z</time>
        <extensions>
          <ns3:TrackPointExtension>
            <ns3:atemp>32.0</ns3:atemp>
            <ns3:hr>99</ns3:hr>
          </ns3:TrackPointExtension>
        </extensions>
      </trkpt>
      <trkpt lat="24.536912105977535247802734375" lon="118.12990819104015827178955078125">
        <ele>13.6000003814697265625</ele>
        <time>2026-08-04T23:49:50.000Z</time>
        <extensions>
          <ns3:TrackPointExtension>
            <ns3:atemp>32.0</ns3:atemp>
            <ns3:hr>101</ns3:hr>
          </ns3:TrackPointExtension>
        </extensions>
      </trkpt>
      <trkpt lat="24.53702216036617755889892578125" lon="118.129922859370708465576171875">
        <ele>13.6000003814697265625</ele>
        <time>2026-08-04T23:49:57.000Z</time>
        <extensions>
          <ns3:TrackPointExtension>
            <ns3:atemp>32.0</ns3:atemp>
            <ns3:hr>103</ns3:hr>
          </ns3:TrackPointExtension>
        </extensions>
      </trkpt>
      <trkpt lat="24.5370317995548248291015625" lon="118.12993048690259456634521484375">
        <ele>13.6000003814697265625</ele>
        <time>2026-08-04T23:49:58.000Z</time>
        <extensions>
          <ns3:TrackPointExtension>
            <ns3:atemp>32.0</ns3:atemp>
            <ns3:hr>103</ns3:hr>
          </ns3:TrackPointExtension>
        </extensions>
      </trkpt>
      <trkpt lat="24.53705954365432262420654296875" lon="118.1299324147403240203857421875">
        <ele>13.6000003814697265625</ele>
        <time>2026-08-04T23:50:02.000Z</time>
        <extensions>
          <ns3:TrackPointExtension>
            <ns3:atemp>32.0</ns3:atemp>
            <ns3:hr>102</ns3:hr>
          </ns3:TrackPointExtension>
        </extensions>
      </trkpt>
      <trkpt lat="24.5370903052389621734619140625" lon="118.1299419701099395751953125">
        <ele>13.80000019073486328125</ele>
        <time>2026-08-04T23:50:04.000Z</time>
        <extensions>
          <ns3:TrackPointExtension>
            <ns3:atemp>32.0</ns3:atemp>
            <ns3:hr>97</ns3:hr>
          </ns3:TrackPointExtension>
        </extensions>
      </trkpt>
      <trkpt lat="24.5371094159781932830810546875" lon="118.129954375326633453369140625">
        <ele>13.80000019073486328125</ele>
        <time>2026-08-04T23:50:06.000Z</time>
        <extensions>
          <ns3:TrackPointExtension>
            <ns3:atemp>32.0</ns3:atemp>
            <ns3:hr>93</ns3:hr>
          </ns3:TrackPointExtension>
        </extensions>
      </trkpt>
      <trkpt lat="24.53711134381592273712158203125" lon="118.12997608445584774017333984375">
        <ele>14</ele>
        <time>2026-08-04T23:50:08.000Z</time>
        <extensions>
          <ns3:TrackPointExtension>
            <ns3:atemp>32.0</ns3:atemp>
            <ns3:hr>92</ns3:hr>
          </ns3:TrackPointExtension>
        </extensions>
      </trkpt>
      <trkpt lat="24.5371224917471408843994140625" lon="118.12998647801578044891357421875">
        <ele>14</ele>
        <time>2026-08-04T23:50:09.000Z</time>
        <extensions>
          <ns3:TrackPointExtension>
            <ns3:atemp>32.0</ns3:atemp>
            <ns3:hr>91</ns3:hr>
          </ns3:TrackPointExtension>
        </extensions>
      </trkpt>
      <trkpt lat="24.5371784828603267669677734375" lon="118.1300588138401508331298828125">
        <ele>14</ele>
        <time>2026-08-04T23:50:15.000Z</time>
        <extensions>
          <ns3:TrackPointExtension>
            <ns3:atemp>32.0</ns3:atemp>
            <ns3:hr>91</ns3:hr>
          </ns3:TrackPointExtension>
        </extensions>
      </trkpt>
      <trkpt lat="24.53717856667935848236083984375" lon="118.1300621666014194488525390625">
        <ele>14</ele>
        <time>2026-08-04T23:50:16.000Z</time>
        <extensions>
          <ns3:TrackPointExtension>
            <ns3:atemp>32.0</ns3:atemp>
            <ns3:hr>92</ns3:hr>
          </ns3:TrackPointExtension>
        </extensions>
      </trkpt>
      <trkpt lat="24.53719876706600189208984375" lon="118.13008890487253665924072265625">
        <ele>13.80000019073486328125</ele>
        <time>2026-08-04T23:50:20.000Z</time>
        <extensions>
          <ns3:TrackPointExtension>
            <ns3:atemp>32.0</ns3:atemp>
            <ns3:hr>93</ns3:hr>
          </ns3:TrackPointExtension>
        </extensions>
      </trkpt>
      <trkpt lat="24.537207819521427154541015625" lon="118.1301055848598480224609375">
        <ele>14</ele>
        <time>2026-08-04T23:50:21.000Z</time>
        <extensions>
          <ns3:TrackPointExtension>
            <ns3:atemp>32.0</ns3:atemp>
            <ns3:hr>93</ns3:hr>
          </ns3:TrackPointExtension>
        </extensions>
      </trkpt>
      <trkpt lat="24.53721947036683559417724609375" lon="118.1301208399236202239990234375">
        <ele>14</ele>
        <time>2026-08-04T23:50:22.000Z</time>
        <extensions>
          <ns3:TrackPointExtension>
            <ns3:atemp>32.0</ns3:atemp>
            <ns3:hr>93</ns3:hr>
          </ns3:TrackPointExtension>
        </extensions>
      </trkpt>
      <trkpt lat="24.53723355196416378021240234375" lon="118.1301466561853885650634765625">
        <ele>14</ele>
        <time>2026-08-04T23:50:24.000Z</time>
        <extensions>
          <ns3:TrackPointExtension>
            <ns3:atemp>32.0</ns3:atemp>
            <ns3:hr>94</ns3:hr>
          </ns3:TrackPointExtension>
        </extensions>
      </trkpt>
      <trkpt lat="24.53724662773311138153076171875" lon="118.13017867505550384521484375">
        <ele>14</ele>
        <time>2026-08-04T23:50:27.000Z</time>
        <extensions>
          <ns3:TrackPointExtension>
            <ns3:atemp>32.0</ns3:atemp>
            <ns3:hr>95</ns3:hr>
          </ns3:TrackPointExtension>
        </extensions>
      </trkpt>
      <trkpt lat="24.537250734865665435791015625" lon="118.13018948771059513092041015625">
        <ele>14</ele>
        <time>2026-08-04T23:50:28.000Z</time>
        <extensions>
          <ns3:TrackPointExtension>
            <ns3:atemp>32.0</ns3:atemp>
            <ns3:hr>95</ns3:hr>
          </ns3:TrackPointExtension>
        </extensions>
      </trkpt>
      <trkpt lat="24.53726490028202533721923828125" lon="118.1302026472985744476318359375">
        <ele>14</ele>
        <time>2026-08-04T23:50:30.000Z</time>
        <extensions>
          <ns3:TrackPointExtension>
            <ns3:atemp>32.0</ns3:atemp>
            <ns3:hr>95</ns3:hr>
          </ns3:TrackPointExtension>
        </extensions>
      </trkpt>
      <trkpt lat="24.537308402359485626220703125" lon="118.130251429975032806396484375">
        <ele>13.80000019073486328125</ele>
        <time>2026-08-04T23:50:34.000Z</time>
        <extensions>
          <ns3:TrackPointExtension>
            <ns3:atemp>32.0</ns3:atemp>
            <ns3:hr>94</ns3:hr>
          </ns3:TrackPointExtension>
        </extensions>
      </trkpt>
      <trkpt lat="24.537333548069000244140625" lon="118.130278922617435455322265625">
        <ele>13.80000019073486328125</ele>
        <time>2026-08-04T23:50:37.000Z</time>
        <extensions>
          <ns3:TrackPointExtension>
            <ns3:atemp>32.0</ns3:atemp>
            <ns3:hr>96</ns3:hr>
          </ns3:TrackPointExtension>
        </extensions>
      </trkpt>
      <trkpt lat="24.53735458664596080780029296875" lon="118.13030113466084003448486328125">
        <ele>13.80000019073486328125</ele>
        <time>2026-08-04T23:50:40.000Z</time>
        <extensions>
          <ns3:TrackPointExtension>
            <ns3:atemp>32.0</ns3:atemp>
            <ns3:hr>95</ns3:hr>
          </ns3:TrackPointExtension>
        </extensions>
      </trkpt>
      <trkpt lat="24.53735433518886566162109375" lon="118.130307085812091827392578125">
        <ele>13.80000019073486328125</ele>
        <time>2026-08-04T23:50:41.000Z</time>
        <extensions>
          <ns3:TrackPointExtension>
            <ns3:atemp>32.0</ns3:atemp>
            <ns3:hr>95</ns3:hr>
          </ns3:TrackPointExtension>
        </extensions>
      </trkpt>
      <trkpt lat="24.5373873598873615264892578125" lon="118.1303401105105876922607421875">
        <ele>13.80000019073486328125</ele>
        <time>2026-08-04T23:50:44.000Z</time>
        <extensions>
          <ns3:TrackPointExtension>
            <ns3:atemp>32.0</ns3:atemp>
            <ns3:hr>94</ns3:hr>
          </ns3:TrackPointExtension>
        </extensions>
      </trkpt>
      <trkpt lat="24.53744913451373577117919921875" lon="118.1303783319890499114990234375">
        <ele>13.80000019073486328125</ele>
        <time>2026-08-04T23:50:48.000Z</time>
        <extensions>
          <ns3:TrackPointExtension>
            <ns3:atemp>32.0</ns3:atemp>
            <ns3:hr>94</ns3:hr>
          </ns3:TrackPointExtension>
        </extensions>
      </trkpt>
      <trkpt lat="24.5374544151127338409423828125" lon="118.13040708191692829132080078125">
        <ele>13.6000003814697265625</ele>
        <time>2026-08-04T23:50:52.000Z</time>
        <extensions>
          <ns3:TrackPointExtension>
            <ns3:atemp>32.0</ns3:atemp>
            <ns3:hr>94</ns3:hr>
          </ns3:TrackPointExtension>
        </extensions>
      </trkpt>
      <trkpt lat="24.53745567239820957183837890625" lon="118.1304175592958927154541015625">
        <ele>13.6000003814697265625</ele>
        <time>2026-08-04T23:50:53.000Z</time>
        <extensions>
          <ns3:TrackPointExtension>
            <ns3:atemp>32.0</ns3:atemp>
            <ns3:hr>94</ns3:hr>
          </ns3:TrackPointExtension>
        </extensions>
      </trkpt>
      <trkpt lat="24.537476710975170135498046875" lon="118.1304490752518177032470703125">
        <ele>13.6000003814697265625</ele>
        <time>2026-08-04T23:50:56.000Z</time>
        <extensions>
          <ns3:TrackPointExtension>
            <ns3:atemp>32.0</ns3:atemp>
            <ns3:hr>94</ns3:hr>
          </ns3:TrackPointExtension>
        </extensions>
      </trkpt>
      <trkpt lat="24.53750328160822391510009765625" lon="118.1304738856852054595947265625">
        <ele>13.6000003814697265625</ele>
        <time>2026-08-04T23:50:58.000Z</time>
        <extensions>
          <ns3:TrackPointExtension>
            <ns3:atemp>32.0</ns3:atemp>
            <ns3:hr>94</ns3:hr>
          </ns3:TrackPointExtension>
        </extensions>
      </trkpt>
      <trkpt lat="24.53753328882157802581787109375" lon="118.13053272664546966552734375">
        <ele>13.6000003814697265625</ele>
        <time>2026-08-04T23:51:04.000Z</time>
        <extensions>
          <ns3:TrackPointExtension>
            <ns3:atemp>32.0</ns3:atemp>
            <ns3:hr>93</ns3:hr>
          </ns3:TrackPointExtension>
        </extensions>
      </trkpt>
      <trkpt lat="24.53753245063126087188720703125" lon="118.1305452995002269744873046875">
        <ele>13.6000003814697265625</ele>
        <time>2026-08-04T23:51:05.000Z</time>
        <extensions>
          <ns3:TrackPointExtension>
            <ns3:atemp>32.0</ns3:atemp>
            <ns3:hr>93</ns3:hr>
          </ns3:TrackPointExtension>
        </extensions>
      </trkpt>
      <trkpt lat="24.53757653944194316864013671875" lon="118.13059131614863872528076171875">
        <ele>13.6000003814697265625</ele>
        <time>2026-08-04T23:51:09.000Z</time>
        <extensions>
          <ns3:TrackPointExtension>
            <ns3:atemp>32.0</ns3:atemp>
            <ns3:hr>92</ns3:hr>
          </ns3:TrackPointExtension>
        </extensions>
      </trkpt>
      <trkpt lat="24.53758542425930500030517578125" lon="118.13060724176466464996337890625">
        <ele>13.3999996185302734375</ele>
        <time>2026-08-04T23:51:10.000Z</time>
        <extensions>
          <ns3:TrackPointExtension>
            <ns3:atemp>32.0</ns3:atemp>
            <ns3:hr>92</ns3:hr>
          </ns3:TrackPointExtension>
        </extensions>
      </trkpt>
      <trkpt lat="24.53759900294244289398193359375" lon="118.1306381709873676300048828125">
        <ele>13.3999996185302734375</ele>
        <time>2026-08-04T23:51:13.000Z</time>
        <extensions>
          <ns3:TrackPointExtension>
            <ns3:atemp>32.0</ns3:atemp>
            <ns3:hr>92</ns3:hr>
          </ns3:TrackPointExtension>
        </extensions>
      </trkpt>
      <trkpt lat="24.53761694021522998809814453125" lon="118.1306468881666660308837890625">
        <ele>13.3999996185302734375</ele>
        <time>2026-08-04T23:51:15.000Z</time>
        <extensions>
          <ns3:TrackPointExtension>
            <ns3:atemp>32.0</ns3:atemp>
            <ns3:hr>93</ns3:hr>
          </ns3:TrackPointExtension>
        </extensions>
      </trkpt>
      <trkpt lat="24.53763336874544620513916015625" lon="118.13065049238502979278564453125">
        <ele>13.3999996185302734375</ele>
        <time>2026-08-04T23:51:16.000Z</time>
        <extensions>
          <ns3:TrackPointExtension>
            <ns3:atemp>32.0</ns3:atemp>
            <ns3:hr>93</ns3:hr>
          </ns3:TrackPointExtension>
        </extensions>
      </trkpt>
      <trkpt lat="24.53767108730971813201904296875" lon="118.1307032145559787750244140625">
        <ele>13.19999980926513671875</ele>
        <time>2026-08-04T23:51:20.000Z</time>
        <extensions>
          <ns3:TrackPointExtension>
            <ns3:atemp>32.0</ns3:atemp>
            <ns3:hr>96</ns3:hr>
          </ns3:TrackPointExtension>
        </extensions>
      </trkpt>
      <trkpt lat="24.53769204206764698028564453125" lon="118.13073229975998401641845703125">
        <ele>13.19999980926513671875</ele>
        <time>2026-08-04T23:51:22.000Z</time>
        <extensions>
          <ns3:TrackPointExtension>
            <ns3:atemp>32.0</ns3:atemp>
            <ns3:hr>93</ns3:hr>
          </ns3:TrackPointExtension>
        </extensions>
      </trkpt>
      <trkpt lat="24.537725150585174560546875" lon="118.13077303580939769744873046875">
        <ele>13.19999980926513671875</ele>
        <time>2026-08-04T23:51:26.000Z</time>
        <extensions>
          <ns3:TrackPointExtension>
            <ns3:atemp>32.0</ns3:atemp>
            <ns3:hr>96</ns3:hr>
          </ns3:TrackPointExtension>
        </extensions>
      </trkpt>
      <trkpt lat="24.5377385616302490234375" lon="118.13081108964979648590087890625">
        <ele>13</ele>
        <time>2026-08-04T23:51:30.000Z</time>
        <extensions>
          <ns3:TrackPointExtension>
            <ns3:atemp>32.0</ns3:atemp>
            <ns3:hr>97</ns3:hr>
          </ns3:TrackPointExtension>
        </extensions>
      </trkpt>
      <trkpt lat="24.53778658993542194366455078125" lon="118.1308493949472904205322265625">
        <ele>13.19999980926513671875</ele>
        <time>2026-08-04T23:51:34.000Z</time>
        <extensions>
          <ns3:TrackPointExtension>
            <ns3:atemp>32.0</ns3:atemp>
            <ns3:hr>99</ns3:hr>
          </ns3:TrackPointExtension>
        </extensions>
      </trkpt>
      <trkpt lat="24.537800587713718414306640625" lon="118.1308726966381072998046875">
        <ele>13.19999980926513671875</ele>
        <time>2026-08-04T23:51:36.000Z</time>
        <extensions>
          <ns3:TrackPointExtension>
            <ns3:atemp>32.0</ns3:atemp>
            <ns3:hr>100</ns3:hr>
          </ns3:TrackPointExtension>
        </extensions>
      </trkpt>
      <trkpt lat="24.537818692624568939208984375" lon="118.13091737218201160430908203125">
        <ele>13</ele>
        <time>2026-08-04T23:51:41.000Z</time>
        <extensions>
          <ns3:TrackPointExtension>
            <ns3:atemp>32.0</ns3:atemp>
            <ns3:hr>103</ns3:hr>
          </ns3:TrackPointExtension>
        </extensions>
      </trkpt>
      <trkpt lat="24.53783134929835796356201171875" lon="118.13096196390688419342041015625">
        <ele>13</ele>
        <time>2026-08-04T23:51:43.000Z</time>
        <extensions>
          <ns3:TrackPointExtension>
            <ns3:atemp>32.0</ns3:atemp>
            <ns3:hr>101</ns3:hr>
          </ns3:TrackPointExtension>
        </extensions>
      </trkpt>
      <trkpt lat="24.537828750908374786376953125" lon="118.13097118400037288665771484375">
        <ele>12.80000019073486328125</ele>
        <time>2026-08-04T23:51:44.000Z</time>
        <extensions>
          <ns3:TrackPointExtension>
            <ns3:atemp>32.0</ns3:atemp>
            <ns3:hr>101</ns3:hr>
          </ns3:TrackPointExtension>
        </extensions>
      </trkpt>
      <trkpt lat="24.53782430849969387054443359375" lon="118.13098107464611530303955078125">
        <ele>12.80000019073486328125</ele>
        <time>2026-08-04T23:51:45.000Z</time>
        <extensions>
          <ns3:TrackPointExtension>
            <ns3:atemp>32.0</ns3:atemp>
            <ns3:hr>101</ns3:hr>
          </ns3:TrackPointExtension>
        </extensions>
      </trkpt>
      <trkpt lat="24.5378356240689754486083984375" lon="118.13102231360971927642822265625">
        <ele>12.80000019073486328125</ele>
        <time>2026-08-04T23:51:48.000Z</time>
        <extensions>
          <ns3:TrackPointExtension>
            <ns3:atemp>32.0</ns3:atemp>
            <ns3:hr>99</ns3:hr>
          </ns3:TrackPointExtension>
        </extensions>
      </trkpt>
      <trkpt lat="24.53784794546663761138916015625" lon="118.1310334615409374237060546875">
        <ele>12.80000019073486328125</ele>
        <time>2026-08-04T23:51:49.000Z</time>
        <extensions>
          <ns3:TrackPointExtension>
            <ns3:atemp>32.0</ns3:atemp>
            <ns3:hr>99</ns3:hr>
          </ns3:TrackPointExtension>
        </extensions>
      </trkpt>
      <trkpt lat="24.537869989871978759765625" lon="118.1310633011162281036376953125">
        <ele>12.80000019073486328125</ele>
        <time>2026-08-04T23:51:52.000Z</time>
        <extensions>
          <ns3:TrackPointExtension>
            <ns3:atemp>32.0</ns3:atemp>
            <ns3:hr>100</ns3:hr>
          </ns3:TrackPointExtension>
        </extensions>
      </trkpt>
      <trkpt lat="24.53787309117615222930908203125" lon="118.13107076101005077362060546875">
        <ele>12.80000019073486328125</ele>
        <time>2026-08-04T23:51:53.000Z</time>
        <extensions>
          <ns3:TrackPointExtension>
            <ns3:atemp>32.0</ns3:atemp>
            <ns3:hr>100</ns3:hr>
          </ns3:TrackPointExtension>
        </extensions>
      </trkpt>
      <trkpt lat="24.537880718708038330078125" lon="118.131071515381336212158203125">
        <ele>12.80000019073486328125</ele>
        <time>2026-08-04T23:51:54.000Z</time>
        <extensions>
          <ns3:TrackPointExtension>
            <ns3:atemp>32.0</ns3:atemp>
            <ns3:hr>99</ns3:hr>
          </ns3:TrackPointExtension>
        </extensions>
      </trkpt>
      <trkpt lat="24.53793494962155818939208984375" lon="118.13113429583609104156494140625">
        <ele>12.80000019073486328125</ele>
        <time>2026-08-04T23:51:59.000Z</time>
        <extensions>
          <ns3:TrackPointExtension>
            <ns3:atemp>32.0</ns3:atemp>
            <ns3:hr>101</ns3:hr>
          </ns3:TrackPointExtension>
        </extensions>
      </trkpt>
      <trkpt lat="24.5379546470940113067626953125" lon="118.13118450343608856201171875">
        <ele>12.6000003814697265625</ele>
        <time>2026-08-04T23:52:04.000Z</time>
        <extensions>
          <ns3:TrackPointExtension>
            <ns3:atemp>32.0</ns3:atemp>
            <ns3:hr>101</ns3:hr>
          </ns3:TrackPointExtension>
        </extensions>
      </trkpt>
      <trkpt lat="24.53795858658850193023681640625" lon="118.13119598664343357086181640625">
        <ele>12.6000003814697265625</ele>
        <time>2026-08-04T23:52:05.000Z</time>
        <extensions>
          <ns3:TrackPointExtension>
            <ns3:atemp>32.0</ns3:atemp>
            <ns3:hr>102</ns3:hr>
          </ns3:TrackPointExtension>
        </extensions>
      </trkpt>
      <trkpt lat="24.53795456327497959136962890625" lon="118.13121040351688861846923828125">
        <ele>12.6000003814697265625</ele>
        <time>2026-08-04T23:52:06.000Z</time>
        <extensions>
          <ns3:TrackPointExtension>
            <ns3:atemp>32.0</ns3:atemp>
            <ns3:hr>102</ns3:hr>
          </ns3:TrackPointExtension>
        </extensions>
      </trkpt>
      <trkpt lat="24.53796009533107280731201171875" lon="118.13123881816864013671875">
        <ele>12.6000003814697265625</ele>
        <time>2026-08-04T23:52:08.000Z</time>
        <extensions>
          <ns3:TrackPointExtension>
            <ns3:atemp>32.0</ns3:atemp>
            <ns3:hr>102</ns3:hr>
          </ns3:TrackPointExtension>
        </extensions>
      </trkpt>
      <trkpt lat="24.53797518275678157806396484375" lon="118.13128265552222728729248046875">
        <ele>12.6000003814697265625</ele>
        <time>2026-08-04T23:52:11.000Z</time>
        <extensions>
          <ns3:TrackPointExtension>
            <ns3:atemp>32.0</ns3:atemp>
            <ns3:hr>103</ns3:hr>
          </ns3:TrackPointExtension>
        </extensions>
      </trkpt>
      <trkpt lat="24.5379848219454288482666015625" lon="118.1313120760023593902587890625">
        <ele>12.3999996185302734375</ele>
        <time>2026-08-04T23:52:13.000Z</time>
        <extensions>
          <ns3:TrackPointExtension>
            <ns3:atemp>31.0</ns3:atemp>
            <ns3:hr>103</ns3:hr>
          </ns3:TrackPointExtension>
        </extensions>
      </trkpt>
      <trkpt lat="24.53801072202622890472412109375" lon="118.1313523091375827789306640625">
        <ele>12.3999996185302734375</ele>
        <time>2026-08-04T23:52:17.000Z</time>
        <extensions>
          <ns3:TrackPointExtension>
            <ns3:atemp>32.0</ns3:atemp>
            <ns3:hr>101</ns3:hr>
          </ns3:TrackPointExtension>
        </extensions>
      </trkpt>
      <trkpt lat="24.53801960684359073638916015625" lon="118.131385333836078643798828125">
        <ele>12.3999996185302734375</ele>
        <time>2026-08-04T23:52:21.000Z</time>
        <extensions>
          <ns3:TrackPointExtension>
            <ns3:atemp>32.0</ns3:atemp>
            <ns3:hr>103</ns3:hr>
          </ns3:TrackPointExtension>
        </extensions>
      </trkpt>
      <trkpt lat="24.53803335316479206085205078125" lon="118.13139245845377445220947265625">
        <ele>12.3999996185302734375</ele>
        <time>2026-08-04T23:52:22.000Z</time>
        <extensions>
          <ns3:TrackPointExtension>
            <ns3:atemp>32.0</ns3:atemp>
            <ns3:hr>104</ns3:hr>
          </ns3:TrackPointExtension>
        </extensions>
      </trkpt>
      <trkpt lat="24.53803301788866519927978515625" lon="118.13141844235360622406005859375">
        <ele>12.3999996185302734375</ele>
        <time>2026-08-04T23:52:24.000Z</time>
        <extensions>
          <ns3:TrackPointExtension>
            <ns3:atemp>32.0</ns3:atemp>
            <ns3:hr>103</ns3:hr>
          </ns3:TrackPointExtension>
        </extensions>
      </trkpt>
      <trkpt lat="24.53803989104926586151123046875" lon="118.1314304284751415252685546875">
        <ele>12.3999996185302734375</ele>
        <time>2026-08-04T23:52:25.000Z</time>
        <extensions>
          <ns3:TrackPointExtension>
            <ns3:atemp>32.0</ns3:atemp>
            <ns3:hr>104</ns3:hr>
          </ns3:TrackPointExtension>
        </extensions>
      </trkpt>
      <trkpt lat="24.53808657824993133544921875" lon="118.13147409819066524505615234375">
        <ele>12.19999980926513671875</ele>
        <time>2026-08-04T23:52:30.000Z</time>
        <extensions>
          <ns3:TrackPointExtension>
            <ns3:atemp>32.0</ns3:atemp>
            <ns3:hr>102</ns3:hr>
          </ns3:TrackPointExtension>
        </extensions>
      </trkpt>
      <trkpt lat="24.5381189323961734771728515625" lon="118.13148750923573970794677734375">
        <ele>12.19999980926513671875</ele>
        <time>2026-08-04T23:52:32.000Z</time>
        <extensions>
          <ns3:TrackPointExtension>
            <ns3:atemp>32.0</ns3:atemp>
            <ns3:hr>102</ns3:hr>
          </ns3:TrackPointExtension>
        </extensions>
      </trkpt>
      <trkpt lat="24.53814416192471981048583984375" lon="118.1314909458160400390625">
        <ele>12.3999996185302734375</ele>
        <time>2026-08-04T23:52:35.000Z</time>
        <extensions>
          <ns3:TrackPointExtension>
            <ns3:atemp>32.0</ns3:atemp>
            <ns3:hr>102</ns3:hr>
          </ns3:TrackPointExtension>
        </extensions>
      </trkpt>
      <trkpt lat="24.538168050348758697509765625" lon="118.13150879926979541778564453125">
        <ele>12.3999996185302734375</ele>
        <time>2026-08-04T23:52:37.000Z</time>
        <extensions>
          <ns3:TrackPointExtension>
            <ns3:atemp>32.0</ns3:atemp>
            <ns3:hr>103</ns3:hr>
          </ns3:TrackPointExtension>
        </extensions>
      </trkpt>
      <trkpt lat="24.53817919827997684478759765625" lon="118.13152254559099674224853515625">
        <ele>12.3999996185302734375</ele>
        <time>2026-08-04T23:52:38.000Z</time>
        <extensions>
          <ns3:TrackPointExtension>
            <ns3:atemp>32.0</ns3:atemp>
            <ns3:hr>103</ns3:hr>
          </ns3:TrackPointExtension>
        </extensions>
      </trkpt>
      <trkpt lat="24.538270644843578338623046875" lon="118.1315826438367366790771484375">
        <ele>12.19999980926513671875</ele>
        <time>2026-08-04T23:52:45.000Z</time>
        <extensions>
          <ns3:TrackPointExtension>
            <ns3:atemp>32.0</ns3:atemp>
            <ns3:hr>103</ns3:hr>
          </ns3:TrackPointExtension>
        </extensions>
      </trkpt>
      <trkpt lat="24.5382872410118579864501953125" lon="118.13159546814858913421630859375">
        <ele>12.19999980926513671875</ele>
        <time>2026-08-04T23:52:49.000Z</time>
        <extensions>
          <ns3:TrackPointExtension>
            <ns3:atemp>32.0</ns3:atemp>
            <ns3:hr>100</ns3:hr>
          </ns3:TrackPointExtension>
        </extensions>
      </trkpt>
      <trkpt lat="24.5383137278258800506591796875" lon="118.13161089085042476654052734375">
        <ele>12.19999980926513671875</ele>
        <time>2026-08-04T23:52:51.000Z</time>
        <extensions>
          <ns3:TrackPointExtension>
            <ns3:atemp>32.0</ns3:atemp>
            <ns3:hr>99</ns3:hr>
          </ns3:TrackPointExtension>
        </extensions>
      </trkpt>
      <trkpt lat="24.53832370229065418243408203125" lon="118.13163117505609989166259765625">
        <ele>12</ele>
        <time>2026-08-04T23:52:54.000Z</time>
        <extensions>
          <ns3:TrackPointExtension>
            <ns3:atemp>32.0</ns3:atemp>
            <ns3:hr>98</ns3:hr>
          </ns3:TrackPointExtension>
        </extensions>
      </trkpt>
      <trkpt lat="24.5383519493043422698974609375" lon="118.13167224638164043426513671875">
        <ele>12</ele>
        <time>2026-08-04T23:52:57.000Z</time>
        <extensions>
          <ns3:TrackPointExtension>
            <ns3:atemp>32.0</ns3:atemp>
            <ns3:hr>97</ns3:hr>
          </ns3:TrackPointExtension>
        </extensions>
      </trkpt>
      <trkpt lat="24.53837089240550994873046875" lon="118.13169403932988643646240234375">
        <ele>12</ele>
        <time>2026-08-04T23:53:00.000Z</time>
        <extensions>
          <ns3:TrackPointExtension>
            <ns3:atemp>32.0</ns3:atemp>
            <ns3:hr>96</ns3:hr>
          </ns3:TrackPointExtension>
        </extensions>
      </trkpt>
      <trkpt lat="24.53842830844223499298095703125" lon="118.13175137154757976531982421875">
        <ele>11.80000019073486328125</ele>
        <time>2026-08-04T23:53:05.000Z</time>
        <extensions>
          <ns3:TrackPointExtension>
            <ns3:atemp>32.0</ns3:atemp>
            <ns3:hr>97</ns3:hr>
          </ns3:TrackPointExtension>
        </extensions>
      </trkpt>
      <trkpt lat="24.53843451105058193206787109375" lon="118.1317551434040069580078125">
        <ele>11.6000003814697265625</ele>
        <time>2026-08-04T23:53:06.000Z</time>
        <extensions>
          <ns3:TrackPointExtension>
            <ns3:atemp>32.0</ns3:atemp>
            <ns3:hr>97</ns3:hr>
          </ns3:TrackPointExtension>
        </extensions>
      </trkpt>
      <trkpt lat="24.5384609140455722808837890625" lon="118.1317526288330554962158203125">
        <ele>11.6000003814697265625</ele>
        <time>2026-08-04T23:53:09.000Z</time>
        <extensions>
          <ns3:TrackPointExtension>
            <ns3:atemp>32.0</ns3:atemp>
            <ns3:hr>98</ns3:hr>
          </ns3:TrackPointExtension>
        </extensions>
      </trkpt>
      <trkpt lat="24.53850567340850830078125" lon="118.131732679903507232666015625">
        <ele>11.6000003814697265625</ele>
        <time>2026-08-04T23:53:13.000Z</time>
        <extensions>
          <ns3:TrackPointExtension>
            <ns3:atemp>32.0</ns3:atemp>
            <ns3:hr>100</ns3:hr>
          </ns3:TrackPointExtension>
        </extensions>
      </trkpt>
      <trkpt lat="24.53851732425391674041748046875" lon="118.1317358650267124176025390625">
        <ele>11.6000003814697265625</ele>
        <time>2026-08-04T23:53:14.000Z</time>
        <extensions>
          <ns3:TrackPointExtension>
            <ns3:atemp>32.0</ns3:atemp>
            <ns3:hr>100</ns3:hr>
          </ns3:TrackPointExtension>
        </extensions>
      </trkpt>
      <trkpt lat="24.53854481689631938934326171875" lon="118.1317315064370632171630859375">
        <ele>11.6000003814697265625</ele>
        <time>2026-08-04T23:53:17.000Z</time>
        <extensions>
          <ns3:TrackPointExtension>
            <ns3:atemp>32.0</ns3:atemp>
            <ns3:hr>103</ns3:hr>
          </ns3:TrackPointExtension>
        </extensions>
      </trkpt>
      <trkpt lat="24.53855688683688640594482421875" lon="118.131727986037731170654296875">
        <ele>11.6000003814697265625</ele>
        <time>2026-08-04T23:53:18.000Z</time>
        <extensions>
          <ns3:TrackPointExtension>
            <ns3:atemp>32.0</ns3:atemp>
            <ns3:hr>103</ns3:hr>
          </ns3:TrackPointExtension>
        </extensions>
      </trkpt>
      <trkpt lat="24.53856711275875568389892578125" lon="118.13173033297061920166015625">
        <ele>11.6000003814697265625</ele>
        <time>2026-08-04T23:53:19.000Z</time>
        <extensions>
          <ns3:TrackPointExtension>
            <ns3:atemp>32.0</ns3:atemp>
            <ns3:hr>104</ns3:hr>
          </ns3:TrackPointExtension>
        </extensions>
      </trkpt>
      <trkpt lat="24.53859745524823665618896484375" lon="118.13174776732921600341796875">
        <ele>11.80000019073486328125</ele>
        <time>2026-08-04T23:53:24.000Z</time>
        <extensions>
          <ns3:TrackPointExtension>
            <ns3:atemp>32.0</ns3:atemp>
            <ns3:hr>105</ns3:hr>
          </ns3:TrackPointExtension>
        </extensions>
      </trkpt>
      <trkpt lat="24.5386137999594211578369140625" lon="118.1317586638033390045166015625">
        <ele>12</ele>
        <time>2026-08-04T23:53:28.000Z</time>
        <extensions>
          <ns3:TrackPointExtension>
            <ns3:atemp>32.0</ns3:atemp>
            <ns3:hr>106</ns3:hr>
          </ns3:TrackPointExtension>
        </extensions>
      </trkpt>
      <trkpt lat="24.5386650972068309783935546875" lon="118.1318039260804653167724609375">
        <ele>11.80000019073486328125</ele>
        <time>2026-08-04T23:53:35.000Z</time>
        <extensions>
          <ns3:TrackPointExtension>
            <ns3:atemp>32.0</ns3:atemp>
            <ns3:hr>103</ns3:hr>
          </ns3:TrackPointExtension>
        </extensions>
      </trkpt>
      <trkpt lat="24.538662247359752655029296875" lon="118.13180099241435527801513671875">
        <ele>11.80000019073486328125</ele>
        <time>2026-08-04T23:53:37.000Z</time>
        <extensions>
          <ns3:TrackPointExtension>
            <ns3:atemp>32.0</ns3:atemp>
            <ns3:hr>102</ns3:hr>
          </ns3:TrackPointExtension>
        </extensions>
      </trkpt>
      <trkpt lat="24.5386218465864658355712890625" lon="118.13189235515892505645751953125">
        <ele>11.80000019073486328125</ele>
        <time>2026-08-04T23:53:43.000Z</time>
        <extensions>
          <ns3:TrackPointExtension>
            <ns3:atemp>32.0</ns3:atemp>
            <ns3:hr>99</ns3:hr>
          </ns3:TrackPointExtension>
        </extensions>
      </trkpt>
      <trkpt lat="24.53862109221518039703369140625" lon="118.13189151696860790252685546875">
        <ele>12</ele>
        <time>2026-08-04T23:53:46.000Z</time>
        <extensions>
          <ns3:TrackPointExtension>
            <ns3:atemp>32.0</ns3:atemp>
            <ns3:hr>100</ns3:hr>
          </ns3:TrackPointExtension>
        </extensions>
      </trkpt>
      <trkpt lat="24.53861941583454608917236328125" lon="118.131874836981296539306640625">
        <ele>12</ele>
        <time>2026-08-04T23:53:48.000Z</time>
        <extensions>
          <ns3:TrackPointExtension>
            <ns3:atemp>32.0</ns3:atemp>
            <ns3:hr>100</ns3:hr>
          </ns3:TrackPointExtension>
        </extensions>
      </trkpt>
      <trkpt lat="24.53860466368496417999267578125" lon="118.1318964622914791107177734375">
        <ele>12</ele>
        <time>2026-08-04T23:53:50.000Z</time>
        <extensions>
          <ns3:TrackPointExtension>
            <ns3:atemp>32.0</ns3:atemp>
            <ns3:hr>100</ns3:hr>
          </ns3:TrackPointExtension>
        </extensions>
      </trkpt>
      <trkpt lat="24.53860424458980560302734375" lon="118.13190006650984287261962890625">
        <ele>12</ele>
        <time>2026-08-04T23:53:51.000Z</time>
        <extensions>
          <ns3:TrackPointExtension>
            <ns3:atemp>32.0</ns3:atemp>
            <ns3:hr>99</ns3:hr>
          </ns3:TrackPointExtension>
        </extensions>
      </trkpt>
      <trkpt lat="24.538594521582126617431640625" lon="118.13190408982336521148681640625">
        <ele>12</ele>
        <time>2026-08-04T23:53:53.000Z</time>
        <extensions>
          <ns3:TrackPointExtension>
            <ns3:atemp>32.0</ns3:atemp>
            <ns3:hr>100</ns3:hr>
          </ns3:TrackPointExtension>
        </extensions>
      </trkpt>
      <trkpt lat="24.5385963656008243560791015625" lon="118.13191699795424938201904296875">
        <ele>12</ele>
        <time>2026-08-04T23:53:54.000Z</time>
        <extensions>
          <ns3:TrackPointExtension>
            <ns3:atemp>32.0</ns3:atemp>
            <ns3:hr>99</ns3:hr>
          </ns3:TrackPointExtension>
        </extensions>
      </trkpt>
      <trkpt lat="24.5386459864675998687744140625" lon="118.13194750808179378509521484375">
        <ele>12</ele>
        <time>2026-08-04T23:53:59.000Z</time>
        <extensions>
          <ns3:TrackPointExtension>
            <ns3:atemp>32.0</ns3:atemp>
            <ns3:hr>99</ns3:hr>
          </ns3:TrackPointExtension>
        </extensions>
      </trkpt>
      <trkpt lat="24.53869870863854885101318359375" lon="118.13195739872753620147705078125">
        <ele>12</ele>
        <time>2026-08-04T23:54:04.000Z</time>
        <extensions>
          <ns3:TrackPointExtension>
            <ns3:atemp>32.0</ns3:atemp>
            <ns3:hr>100</ns3:hr>
          </ns3:TrackPointExtension>
        </extensions>
      </trkpt>
      <trkpt lat="24.53871597535908222198486328125" lon="118.13196770846843719482421875">
        <ele>11.80000019073486328125</ele>
        <time>2026-08-04T23:54:06.000Z</time>
        <extensions>
          <ns3:TrackPointExtension>
            <ns3:atemp>32.0</ns3:atemp>
            <ns3:hr>103</ns3:hr>
          </ns3:TrackPointExtension>
        </extensions>
      </trkpt>
      <trkpt lat="24.53873709775507450103759765625" lon="118.131988830864429473876953125">
        <ele>12</ele>
        <time>2026-08-04T23:54:09.000Z</time>
        <extensions>
          <ns3:TrackPointExtension>
            <ns3:atemp>32.0</ns3:atemp>
            <ns3:hr>101</ns3:hr>
          </ns3:TrackPointExtension>
        </extensions>
      </trkpt>
      <trkpt lat="24.5387495867908000946044921875" lon="118.13204281032085418701171875">
        <ele>11.80000019073486328125</ele>
        <time>2026-08-04T23:54:14.000Z</time>
        <extensions>
          <ns3:TrackPointExtension>
            <ns3:atemp>32.0</ns3:atemp>
            <ns3:hr>100</ns3:hr>
          </ns3:TrackPointExtension>
        </extensions>
      </trkpt>
      <trkpt lat="24.53875620849430561065673828125" lon="118.1320791877806186676025390625">
        <ele>11.80000019073486328125</ele>
        <time>2026-08-04T23:54:16.000Z</time>
        <extensions>
          <ns3:TrackPointExtension>
            <ns3:atemp>32.0</ns3:atemp>
            <ns3:hr>99</ns3:hr>
          </ns3:TrackPointExtension>
        </extensions>
      </trkpt>
      <trkpt lat="24.53878135420382022857666015625" lon="118.132134340703487396240234375">
        <ele>11.80000019073486328125</ele>
        <time>2026-08-04T23:54:20.000Z</time>
        <extensions>
          <ns3:TrackPointExtension>
            <ns3:atemp>32.0</ns3:atemp>
            <ns3:hr>98</ns3:hr>
          </ns3:TrackPointExtension>
        </extensions>
      </trkpt>
      <trkpt lat="24.538808763027191162109375" lon="118.13219544477760791778564453125">
        <ele>11.80000019073486328125</ele>
        <time>2026-08-04T23:54:26.000Z</time>
        <extensions>
          <ns3:TrackPointExtension>
            <ns3:atemp>32.0</ns3:atemp>
            <ns3:hr>97</ns3:hr>
          </ns3:TrackPointExtension>
        </extensions>
      </trkpt>
      <trkpt lat="24.5388357527554035186767578125" lon="118.1322260387241840362548828125">
        <ele>12</ele>
        <time>2026-08-04T23:54:28.000Z</time>
        <extensions>
          <ns3:TrackPointExtension>
            <ns3:atemp>32.0</ns3:atemp>
            <ns3:hr>98</ns3:hr>
          </ns3:TrackPointExtension>
        </extensions>
      </trkpt>
      <trkpt lat="24.53882644884288311004638671875" lon="118.13223366625607013702392578125">
        <ele>12</ele>
        <time>2026-08-04T23:54:29.000Z</time>
        <extensions>
          <ns3:TrackPointExtension>
            <ns3:atemp>32.0</ns3:atemp>
            <ns3:hr>99</ns3:hr>
          </ns3:TrackPointExtension>
        </extensions>
      </trkpt>
      <trkpt lat="24.538833238184452056884765625" lon="118.13223517499864101409912109375">
        <ele>12</ele>
        <time>2026-08-04T23:54:31.000Z</time>
        <extensions>
          <ns3:TrackPointExtension>
            <ns3:atemp>32.0</ns3:atemp>
            <ns3:hr>100</ns3:hr>
          </ns3:TrackPointExtension>
        </extensions>
      </trkpt>
      <trkpt lat="24.53884019516408443450927734375" lon="118.13224791549146175384521484375">
        <ele>12</ele>
        <time>2026-08-04T23:54:32.000Z</time>
        <extensions>
          <ns3:TrackPointExtension>
            <ns3:atemp>32.0</ns3:atemp>
            <ns3:hr>101</ns3:hr>
          </ns3:TrackPointExtension>
        </extensions>
      </trkpt>
      <trkpt lat="24.53889392316341400146484375" lon="118.1323091872036457061767578125">
        <ele>12</ele>
        <time>2026-08-04T23:54:36.000Z</time>
        <extensions>
          <ns3:TrackPointExtension>
            <ns3:atemp>32.0</ns3:atemp>
            <ns3:hr>105</ns3:hr>
          </ns3:TrackPointExtension>
        </extensions>
      </trkpt>
      <trkpt lat="24.5389249362051486968994140625" lon="118.132351934909820556640625">
        <ele>11.80000019073486328125</ele>
        <time>2026-08-04T23:54:41.000Z</time>
        <extensions>
          <ns3:TrackPointExtension>
            <ns3:atemp>32.0</ns3:atemp>
            <ns3:hr>105</ns3:hr>
          </ns3:TrackPointExtension>
        </extensions>
      </trkpt>
      <trkpt lat="24.53891982324421405792236328125" lon="118.132360316812992095947265625">
        <ele>12</ele>
        <time>2026-08-04T23:54:42.000Z</time>
        <extensions>
          <ns3:TrackPointExtension>
            <ns3:atemp>32.0</ns3:atemp>
            <ns3:hr>106</ns3:hr>
          </ns3:TrackPointExtension>
        </extensions>
      </trkpt>
      <trkpt lat="24.538927115499973297119140625" lon="118.132369704544544219970703125">
        <ele>12</ele>
        <time>2026-08-04T23:54:43.000Z</time>
        <extensions>
          <ns3:TrackPointExtension>
            <ns3:atemp>32.0</ns3:atemp>
            <ns3:hr>106</ns3:hr>
          </ns3:TrackPointExtension>
        </extensions>
      </trkpt>
      <trkpt lat="24.53894614242017269134521484375" lon="118.13243080861866474151611328125">
        <ele>12</ele>
        <time>2026-08-04T23:54:47.000Z</time>
        <extensions>
          <ns3:TrackPointExtension>
            <ns3:atemp>32.0</ns3:atemp>
            <ns3:hr>105</ns3:hr>
          </ns3:TrackPointExtension>
        </extensions>
      </trkpt>
      <trkpt lat="24.5389658398926258087158203125" lon="118.13248864375054836273193359375">
        <ele>11.80000019073486328125</ele>
        <time>2026-08-04T23:54:52.000Z</time>
        <extensions>
          <ns3:TrackPointExtension>
            <ns3:atemp>32.0</ns3:atemp>
            <ns3:hr>104</ns3:hr>
          </ns3:TrackPointExtension>
        </extensions>
      </trkpt>
      <trkpt lat="24.53900548629462718963623046875" lon="118.13257095403969287872314453125">
        <ele>11.80000019073486328125</ele>
        <time>2026-08-04T23:54:59.000Z</time>
        <extensions>
          <ns3:TrackPointExtension>
            <ns3:atemp>32.0</ns3:atemp>
            <ns3:hr>105</ns3:hr>
          </ns3:TrackPointExtension>
        </extensions>
      </trkpt>
      <trkpt lat="24.5390114374458789825439453125" lon="118.13260875642299652099609375">
        <ele>11.6000003814697265625</ele>
        <time>2026-08-04T23:55:04.000Z</time>
        <extensions>
          <ns3:TrackPointExtension>
            <ns3:atemp>32.0</ns3:atemp>
            <ns3:hr>105</ns3:hr>
          </ns3:TrackPointExtension>
        </extensions>
      </trkpt>
      <trkpt lat="24.539031721651554107666015625" lon="118.1326870433986186981201171875">
        <ele>11.3999996185302734375</ele>
        <time>2026-08-04T23:55:10.000Z</time>
        <extensions>
          <ns3:TrackPointExtension>
            <ns3:atemp>32.0</ns3:atemp>
            <ns3:hr>105</ns3:hr>
          </ns3:TrackPointExtension>
        </extensions>
      </trkpt>
      <trkpt lat="24.5390566997230052947998046875" lon="118.13270841725170612335205078125">
        <ele>11.3999996185302734375</ele>
        <time>2026-08-04T23:55:14.000Z</time>
        <extensions>
          <ns3:TrackPointExtension>
            <ns3:atemp>32.0</ns3:atemp>
            <ns3:hr>107</ns3:hr>
          </ns3:TrackPointExtension>
        </extensions>
      </trkpt>
      <trkpt lat="24.53905309550464153289794921875" lon="118.13272434286773204803466796875">
        <ele>11.3999996185302734375</ele>
        <time>2026-08-04T23:55:15.000Z</time>
        <extensions>
          <ns3:TrackPointExtension>
            <ns3:atemp>32.0</ns3:atemp>
            <ns3:hr>107</ns3:hr>
          </ns3:TrackPointExtension>
        </extensions>
      </trkpt>
      <trkpt lat="24.539105482399463653564453125" lon="118.132781423628330230712890625">
        <ele>11.6000003814697265625</ele>
        <time>2026-08-04T23:55:19.000Z</time>
        <extensions>
          <ns3:TrackPointExtension>
            <ns3:atemp>32.0</ns3:atemp>
            <ns3:hr>104</ns3:hr>
          </ns3:TrackPointExtension>
        </extensions>
      </trkpt>
      <trkpt lat="24.53911931253969669342041015625" lon="118.13279558904469013214111328125">
        <ele>11.6000003814697265625</ele>
        <time>2026-08-04T23:55:20.000Z</time>
        <extensions>
          <ns3:TrackPointExtension>
            <ns3:atemp>32.0</ns3:atemp>
            <ns3:hr>105</ns3:hr>
          </ns3:TrackPointExtension>
        </extensions>
      </trkpt>
      <trkpt lat="24.53912467695772647857666015625" lon="118.13281260430812835693359375">
        <ele>11.6000003814697265625</ele>
        <time>2026-08-04T23:55:22.000Z</time>
        <extensions>
          <ns3:TrackPointExtension>
            <ns3:atemp>32.0</ns3:atemp>
            <ns3:hr>105</ns3:hr>
          </ns3:TrackPointExtension>
        </extensions>
      </trkpt>
      <trkpt lat="24.53910925425589084625244140625" lon="118.1328275240957736968994140625">
        <ele>11.6000003814697265625</ele>
        <time>2026-08-04T23:55:24.000Z</time>
        <extensions>
          <ns3:TrackPointExtension>
            <ns3:atemp>32.0</ns3:atemp>
            <ns3:hr>105</ns3:hr>
          </ns3:TrackPointExtension>
        </extensions>
      </trkpt>
      <trkpt lat="24.53910975717008113861083984375" lon="118.132839091122150421142578125">
        <ele>11.6000003814697265625</ele>
        <time>2026-08-04T23:55:25.000Z</time>
        <extensions>
          <ns3:TrackPointExtension>
            <ns3:atemp>32.0</ns3:atemp>
            <ns3:hr>104</ns3:hr>
          </ns3:TrackPointExtension>
        </extensions>
      </trkpt>
      <trkpt lat="24.53916423954069614410400390625" lon="118.1328875385224819183349609375">
        <ele>11.6000003814697265625</ele>
        <time>2026-08-04T23:55:29.000Z</time>
        <extensions>
          <ns3:TrackPointExtension>
            <ns3:atemp>32.0</ns3:atemp>
            <ns3:hr>105</ns3:hr>
          </ns3:TrackPointExtension>
        </extensions>
      </trkpt>
      <trkpt lat="24.539183266460895538330078125" lon="118.1329173780977725982666015625">
        <ele>11.6000003814697265625</ele>
        <time>2026-08-04T23:55:32.000Z</time>
        <extensions>
          <ns3:TrackPointExtension>
            <ns3:atemp>32.0</ns3:atemp>
            <ns3:hr>105</ns3:hr>
          </ns3:TrackPointExtension>
        </extensions>
      </trkpt>
      <trkpt lat="24.53917681239545345306396484375" lon="118.1329247541725635528564453125">
        <ele>11.6000003814697265625</ele>
        <time>2026-08-04T23:55:34.000Z</time>
        <extensions>
          <ns3:TrackPointExtension>
            <ns3:atemp>32.0</ns3:atemp>
            <ns3:hr>105</ns3:hr>
          </ns3:TrackPointExtension>
        </extensions>
      </trkpt>
      <trkpt lat="24.53918418847024440765380859375" lon="118.13295400701463222503662109375">
        <ele>11.6000003814697265625</ele>
        <time>2026-08-04T23:55:36.000Z</time>
        <extensions>
          <ns3:TrackPointExtension>
            <ns3:atemp>32.0</ns3:atemp>
            <ns3:hr>105</ns3:hr>
          </ns3:TrackPointExtension>
        </extensions>
      </trkpt>
      <trkpt lat="24.53922961838543415069580078125" lon="118.13299742527306079864501953125">
        <ele>11.6000003814697265625</ele>
        <time>2026-08-04T23:55:39.000Z</time>
        <extensions>
          <ns3:TrackPointExtension>
            <ns3:atemp>32.0</ns3:atemp>
            <ns3:hr>107</ns3:hr>
          </ns3:TrackPointExtension>
        </extensions>
      </trkpt>
      <trkpt lat="24.53925124369561672210693359375" lon="118.133040256798267364501953125">
        <ele>11.3999996185302734375</ele>
        <time>2026-08-04T23:55:43.000Z</time>
        <extensions>
          <ns3:TrackPointExtension>
            <ns3:atemp>32.0</ns3:atemp>
            <ns3:hr>107</ns3:hr>
          </ns3:TrackPointExtension>
        </extensions>
      </trkpt>
      <trkpt lat="24.53924671746790409088134765625" lon="118.1330464594066143035888671875">
        <ele>11.3999996185302734375</ele>
        <time>2026-08-04T23:55:44.000Z</time>
        <extensions>
          <ns3:TrackPointExtension>
            <ns3:atemp>32.0</ns3:atemp>
            <ns3:hr>106</ns3:hr>
          </ns3:TrackPointExtension>
        </extensions>
      </trkpt>
      <trkpt lat="24.53925442881882190704345703125" lon="118.1330635584890842437744140625">
        <ele>11.3999996185302734375</ele>
        <time>2026-08-04T23:55:46.000Z</time>
        <extensions>
          <ns3:TrackPointExtension>
            <ns3:atemp>32.0</ns3:atemp>
            <ns3:hr>107</ns3:hr>
          </ns3:TrackPointExtension>
        </extensions>
      </trkpt>
      <trkpt lat="24.539284519851207733154296875" lon="118.1331217288970947265625">
        <ele>11.6000003814697265625</ele>
        <time>2026-08-04T23:55:49.000Z</time>
        <extensions>
          <ns3:TrackPointExtension>
            <ns3:atemp>32.0</ns3:atemp>
            <ns3:hr>105</ns3:hr>
          </ns3:TrackPointExtension>
        </extensions>
      </trkpt>
      <trkpt lat="24.53930924646556377410888671875" lon="118.13316891901195049285888671875">
        <ele>11.3999996185302734375</ele>
        <time>2026-08-04T23:55:52.000Z</time>
        <extensions>
          <ns3:TrackPointExtension>
            <ns3:atemp>32.0</ns3:atemp>
            <ns3:hr>102</ns3:hr>
          </ns3:TrackPointExtension>
        </extensions>
      </trkpt>
      <trkpt lat="24.5393081568181514739990234375" lon="118.1331721879541873931884765625">
        <ele>11.3999996185302734375</ele>
        <time>2026-08-04T23:55:53.000Z</time>
        <extensions>
          <ns3:TrackPointExtension>
            <ns3:atemp>32.0</ns3:atemp>
            <ns3:hr>99</ns3:hr>
          </ns3:TrackPointExtension>
        </extensions>
      </trkpt>
      <trkpt lat="24.53930757008492946624755859375" lon="118.1331713497638702392578125">
        <ele>11.3999996185302734375</ele>
        <time>2026-08-04T23:55:54.000Z</time>
        <extensions>
          <ns3:TrackPointExtension>
            <ns3:atemp>32.0</ns3:atemp>
            <ns3:hr>99</ns3:hr>
          </ns3:TrackPointExtension>
        </extensions>
      </trkpt>
      <trkpt lat="24.5393031276762485504150390625" lon="118.133173026144504547119140625">
        <ele>11.3999996185302734375</ele>
        <time>2026-08-04T23:55:55.000Z</time>
        <extensions>
          <ns3:TrackPointExtension>
            <ns3:atemp>32.0</ns3:atemp>
            <ns3:hr>99</ns3:hr>
          </ns3:TrackPointExtension>
        </extensions>
      </trkpt>
      <trkpt lat="24.53930757008492946624755859375" lon="118.13321066088974475860595703125">
        <ele>11.3999996185302734375</ele>
        <time>2026-08-04T23:55:58.000Z</time>
        <extensions>
          <ns3:TrackPointExtension>
            <ns3:atemp>32.0</ns3:atemp>
            <ns3:hr>96</ns3:hr>
          </ns3:TrackPointExtension>
        </extensions>
      </trkpt>
      <trkpt lat="24.53932785429060459136962890625" lon="118.13325474970042705535888671875">
        <ele>11.3999996185302734375</ele>
        <time>2026-08-04T23:56:00.000Z</time>
        <extensions>
          <ns3:TrackPointExtension>
            <ns3:atemp>32.0</ns3:atemp>
            <ns3:hr>94</ns3:hr>
          </ns3:TrackPointExtension>
        </extensions>
      </trkpt>
      <trkpt lat="24.5393601246178150177001953125" lon="118.1333242356777191162109375">
        <ele>11.3999996185302734375</ele>
        <time>2026-08-04T23:56:06.000Z</time>
        <extensions>
          <ns3:TrackPointExtension>
            <ns3:atemp>32.0</ns3:atemp>
            <ns3:hr>94</ns3:hr>
          </ns3:TrackPointExtension>
        </extensions>
      </trkpt>
      <trkpt lat="24.53935517929494380950927734375" lon="118.133349716663360595703125">
        <ele>11.3999996185302734375</ele>
        <time>2026-08-04T23:56:08.000Z</time>
        <extensions>
          <ns3:TrackPointExtension>
            <ns3:atemp>32.0</ns3:atemp>
            <ns3:hr>93</ns3:hr>
          </ns3:TrackPointExtension>
        </extensions>
      </trkpt>
      <trkpt lat="24.5393680036067962646484375" lon="118.13342741690576076507568359375">
        <ele>11.3999996185302734375</ele>
        <time>2026-08-04T23:56:13.000Z</time>
        <extensions>
          <ns3:TrackPointExtension>
            <ns3:atemp>32.0</ns3:atemp>
            <ns3:hr>94</ns3:hr>
          </ns3:TrackPointExtension>
        </extensions>
      </trkpt>
      <trkpt lat="24.53937294892966747283935546875" lon="118.1334682367742061614990234375">
        <ele>11.3999996185302734375</ele>
        <time>2026-08-04T23:56:19.000Z</time>
        <extensions>
          <ns3:TrackPointExtension>
            <ns3:atemp>32.0</ns3:atemp>
            <ns3:hr>95</ns3:hr>
          </ns3:TrackPointExtension>
        </extensions>
      </trkpt>
      <trkpt lat="24.5394322089850902557373046875" lon="118.13354694284498691558837890625">
        <ele>11.6000003814697265625</ele>
        <time>2026-08-04T23:56:24.000Z</time>
        <extensions>
          <ns3:TrackPointExtension>
            <ns3:atemp>32.0</ns3:atemp>
            <ns3:hr>98</ns3:hr>
          </ns3:TrackPointExtension>
        </extensions>
      </trkpt>
      <trkpt lat="24.53943966887891292572021484375" lon="118.1335842423141002655029296875">
        <ele>11.6000003814697265625</ele>
        <time>2026-08-04T23:56:29.000Z</time>
        <extensions>
          <ns3:TrackPointExtension>
            <ns3:atemp>32.0</ns3:atemp>
            <ns3:hr>98</ns3:hr>
          </ns3:TrackPointExtension>
        </extensions>
      </trkpt>
      <trkpt lat="24.539446793496608734130859375" lon="118.133606873452663421630859375">
        <ele>11.80000019073486328125</ele>
        <time>2026-08-04T23:56:32.000Z</time>
        <extensions>
          <ns3:TrackPointExtension>
            <ns3:atemp>32.0</ns3:atemp>
            <ns3:hr>95</ns3:hr>
          </ns3:TrackPointExtension>
        </extensions>
      </trkpt>
      <trkpt lat="24.53945676796138286590576171875" lon="118.133624307811260223388671875">
        <ele>11.80000019073486328125</ele>
        <time>2026-08-04T23:56:33.000Z</time>
        <extensions>
          <ns3:TrackPointExtension>
            <ns3:atemp>32.0</ns3:atemp>
            <ns3:hr>95</ns3:hr>
          </ns3:TrackPointExtension>
        </extensions>
      </trkpt>
      <trkpt lat="24.53947034664452075958251953125" lon="118.1336375512182712554931640625">
        <ele>11.80000019073486328125</ele>
        <time>2026-08-04T23:56:34.000Z</time>
        <extensions>
          <ns3:TrackPointExtension>
            <ns3:atemp>32.0</ns3:atemp>
            <ns3:hr>94</ns3:hr>
          </ns3:TrackPointExtension>
        </extensions>
      </trkpt>
      <trkpt lat="24.5395317859947681427001953125" lon="118.13368842937052249908447265625">
        <ele>11.6000003814697265625</ele>
        <time>2026-08-04T23:56:39.000Z</time>
        <extensions>
          <ns3:TrackPointExtension>
            <ns3:atemp>32.0</ns3:atemp>
            <ns3:hr>92</ns3:hr>
          </ns3:TrackPointExtension>
        </extensions>
      </trkpt>
      <trkpt lat="24.53952549956738948822021484375" lon="118.1337104737758636474609375">
        <ele>11.6000003814697265625</ele>
        <time>2026-08-04T23:56:42.000Z</time>
        <extensions>
          <ns3:TrackPointExtension>
            <ns3:atemp>32.0</ns3:atemp>
            <ns3:hr>91</ns3:hr>
          </ns3:TrackPointExtension>
        </extensions>
      </trkpt>
      <trkpt lat="24.5395384915173053741455078125" lon="118.133724220097064971923828125">
        <ele>11.6000003814697265625</ele>
        <time>2026-08-04T23:56:44.000Z</time>
        <extensions>
          <ns3:TrackPointExtension>
            <ns3:atemp>32.0</ns3:atemp>
            <ns3:hr>91</ns3:hr>
          </ns3:TrackPointExtension>
        </extensions>
      </trkpt>
      <trkpt lat="24.53963815234601497650146484375" lon="118.1337478570640087127685546875">
        <ele>11.6000003814697265625</ele>
        <time>2026-08-04T23:56:49.000Z</time>
        <extensions>
          <ns3:TrackPointExtension>
            <ns3:atemp>32.0</ns3:atemp>
            <ns3:hr>92</ns3:hr>
          </ns3:TrackPointExtension>
        </extensions>
      </trkpt>
      <trkpt lat="24.53963547013700008392333984375" lon="118.1337555684149265289306640625">
        <ele>11.80000019073486328125</ele>
        <time>2026-08-04T23:56:53.000Z</time>
        <extensions>
          <ns3:TrackPointExtension>
            <ns3:atemp>31.0</ns3:atemp>
            <ns3:hr>92</ns3:hr>
          </ns3:TrackPointExtension>
        </extensions>
      </trkpt>
      <trkpt lat="24.5396538265049457550048828125" lon="118.13378180377185344696044921875">
        <ele>11.80000019073486328125</ele>
        <time>2026-08-04T23:56:55.000Z</time>
        <extensions>
          <ns3:TrackPointExtension>
            <ns3:atemp>32.0</ns3:atemp>
            <ns3:hr>93</ns3:hr>
          </ns3:TrackPointExtension>
        </extensions>
      </trkpt>
      <trkpt lat="24.5396843366324901580810546875" lon="118.1337981484830379486083984375">
        <ele>11.80000019073486328125</ele>
        <time>2026-08-04T23:56:57.000Z</time>
        <extensions>
          <ns3:TrackPointExtension>
            <ns3:atemp>32.0</ns3:atemp>
            <ns3:hr>95</ns3:hr>
          </ns3:TrackPointExtension>
        </extensions>
      </trkpt>
      <trkpt lat="24.53970101661980152130126953125" lon="118.13384181819856166839599609375">
        <ele>11.80000019073486328125</ele>
        <time>2026-08-04T23:57:00.000Z</time>
        <extensions>
          <ns3:TrackPointExtension>
            <ns3:atemp>32.0</ns3:atemp>
            <ns3:hr>94</ns3:hr>
          </ns3:TrackPointExtension>
        </extensions>
      </trkpt>
      <trkpt lat="24.539702273905277252197265625" lon="118.13384927809238433837890625">
        <ele>11.80000019073486328125</ele>
        <time>2026-08-04T23:57:02.000Z</time>
        <extensions>
          <ns3:TrackPointExtension>
            <ns3:atemp>32.0</ns3:atemp>
            <ns3:hr>94</ns3:hr>
          </ns3:TrackPointExtension>
        </extensions>
      </trkpt>
      <trkpt lat="24.53975231386721134185791015625" lon="118.13391289673745632171630859375">
        <ele>11.80000019073486328125</ele>
        <time>2026-08-04T23:57:07.000Z</time>
        <extensions>
          <ns3:TrackPointExtension>
            <ns3:atemp>32.0</ns3:atemp>
            <ns3:hr>93</ns3:hr>
          </ns3:TrackPointExtension>
        </extensions>
      </trkpt>
      <trkpt lat="24.53977662138640880584716796875" lon="118.13395815901458263397216796875">
        <ele>12</ele>
        <time>2026-08-04T23:57:13.000Z</time>
        <extensions>
          <ns3:TrackPointExtension>
            <ns3:atemp>32.0</ns3:atemp>
            <ns3:hr>94</ns3:hr>
          </ns3:TrackPointExtension>
        </extensions>
      </trkpt>
      <trkpt lat="24.5397899486124515533447265625" lon="118.13399554230272769927978515625">
        <ele>12</ele>
        <time>2026-08-04T23:57:15.000Z</time>
        <extensions>
          <ns3:TrackPointExtension>
            <ns3:atemp>32.0</ns3:atemp>
            <ns3:hr>94</ns3:hr>
          </ns3:TrackPointExtension>
        </extensions>
      </trkpt>
      <trkpt lat="24.5398241467773914337158203125" lon="118.1340338476002216339111328125">
        <ele>12</ele>
        <time>2026-08-04T23:57:17.000Z</time>
        <extensions>
          <ns3:TrackPointExtension>
            <ns3:atemp>32.0</ns3:atemp>
            <ns3:hr>94</ns3:hr>
          </ns3:TrackPointExtension>
        </extensions>
      </trkpt>
      <trkpt lat="24.53984132967889308929443359375" lon="118.134043402969837188720703125">
        <ele>12</ele>
        <time>2026-08-04T23:57:18.000Z</time>
        <extensions>
          <ns3:TrackPointExtension>
            <ns3:atemp>32.0</ns3:atemp>
            <ns3:hr>94</ns3:hr>
          </ns3:TrackPointExtension>
        </extensions>
      </trkpt>
      <trkpt lat="24.53984216786921024322509765625" lon="118.13405589200556278228759765625">
        <ele>12</ele>
        <time>2026-08-04T23:57:20.000Z</time>
        <extensions>
          <ns3:TrackPointExtension>
            <ns3:atemp>32.0</ns3:atemp>
            <ns3:hr>95</ns3:hr>
          </ns3:TrackPointExtension>
        </extensions>
      </trkpt>
      <trkpt lat="24.53983043320477008819580078125" lon="118.1340690515935420989990234375">
        <ele>12.19999980926513671875</ele>
        <time>2026-08-04T23:57:22.000Z</time>
        <extensions>
          <ns3:TrackPointExtension>
            <ns3:atemp>32.0</ns3:atemp>
            <ns3:hr>96</ns3:hr>
          </ns3:TrackPointExtension>
        </extensions>
      </trkpt>
      <trkpt lat="24.53984451480209827423095703125" lon="118.13409931026399135589599609375">
        <ele>12.19999980926513671875</ele>
        <time>2026-08-04T23:57:24.000Z</time>
        <extensions>
          <ns3:TrackPointExtension>
            <ns3:atemp>31.0</ns3:atemp>
            <ns3:hr>95</ns3:hr>
          </ns3:TrackPointExtension>
        </extensions>
      </trkpt>
      <trkpt lat="24.539891369640827178955078125" lon="118.13413987867534160614013671875">
        <ele>12.19999980926513671875</ele>
        <time>2026-08-04T23:57:27.000Z</time>
        <extensions>
          <ns3:TrackPointExtension>
            <ns3:atemp>32.0</ns3:atemp>
            <ns3:hr>95</ns3:hr>
          </ns3:TrackPointExtension>
        </extensions>
      </trkpt>
      <trkpt lat="24.53992682509124279022216796875" lon="118.1341719813644886016845703125">
        <ele>12.19999980926513671875</ele>
        <time>2026-08-04T23:57:31.000Z</time>
        <extensions>
          <ns3:TrackPointExtension>
            <ns3:atemp>32.0</ns3:atemp>
            <ns3:hr>94</ns3:hr>
          </ns3:TrackPointExtension>
        </extensions>
      </trkpt>
      <trkpt lat="24.5399314351379871368408203125" lon="118.13418723642826080322265625">
        <ele>12.19999980926513671875</ele>
        <time>2026-08-04T23:57:32.000Z</time>
        <extensions>
          <ns3:TrackPointExtension>
            <ns3:atemp>32.0</ns3:atemp>
            <ns3:hr>94</ns3:hr>
          </ns3:TrackPointExtension>
        </extensions>
      </trkpt>
      <trkpt lat="24.53992716036736965179443359375" lon="118.13421498052775859832763671875">
        <ele>12.19999980926513671875</ele>
        <time>2026-08-04T23:57:34.000Z</time>
        <extensions>
          <ns3:TrackPointExtension>
            <ns3:atemp>32.0</ns3:atemp>
            <ns3:hr>94</ns3:hr>
          </ns3:TrackPointExtension>
        </extensions>
      </trkpt>
      <trkpt lat="24.539923556149005889892578125" lon="118.1342427246272563934326171875">
        <ele>12</ele>
        <time>2026-08-04T23:57:37.000Z</time>
        <extensions>
          <ns3:TrackPointExtension>
            <ns3:atemp>31.0</ns3:atemp>
            <ns3:hr>94</ns3:hr>
          </ns3:TrackPointExtension>
        </extensions>
      </trkpt>
      <trkpt lat="24.5399297587573528289794921875" lon="118.1342645175755023956298828125">
        <ele>12</ele>
        <time>2026-08-04T23:57:39.000Z</time>
        <extensions>
          <ns3:TrackPointExtension>
            <ns3:atemp>32.0</ns3:atemp>
            <ns3:hr>95</ns3:hr>
          </ns3:TrackPointExtension>
        </extensions>
      </trkpt>
      <trkpt lat="24.53993017785251140594482421875" lon="118.1342853046953678131103515625">
        <ele>12.19999980926513671875</ele>
        <time>2026-08-04T23:57:41.000Z</time>
        <extensions>
          <ns3:TrackPointExtension>
            <ns3:atemp>32.0</ns3:atemp>
            <ns3:hr>94</ns3:hr>
          </ns3:TrackPointExtension>
        </extensions>
      </trkpt>
      <trkpt lat="24.53993084840476512908935546875" lon="118.134290166199207305908203125">
        <ele>12.19999980926513671875</ele>
        <time>2026-08-04T23:57:42.000Z</time>
        <extensions>
          <ns3:TrackPointExtension>
            <ns3:atemp>32.0</ns3:atemp>
            <ns3:hr>93</ns3:hr>
          </ns3:TrackPointExtension>
        </extensions>
      </trkpt>
      <trkpt lat="24.539954401552677154541015625" lon="118.13432025723159313201904296875">
        <ele>12.3999996185302734375</ele>
        <time>2026-08-04T23:57:45.000Z</time>
        <extensions>
          <ns3:TrackPointExtension>
            <ns3:atemp>32.0</ns3:atemp>
            <ns3:hr>92</ns3:hr>
          </ns3:TrackPointExtension>
        </extensions>
      </trkpt>
      <trkpt lat="24.5399854145944118499755859375" lon="118.13435629941523075103759765625">
        <ele>12.3999996185302734375</ele>
        <time>2026-08-04T23:57:47.000Z</time>
        <extensions>
          <ns3:TrackPointExtension>
            <ns3:atemp>31.0</ns3:atemp>
            <ns3:hr>91</ns3:hr>
          </ns3:TrackPointExtension>
        </extensions>
      </trkpt>
      <trkpt lat="24.5400021784007549285888671875" lon="118.13438680954277515411376953125">
        <ele>12.3999996185302734375</ele>
        <time>2026-08-04T23:57:52.000Z</time>
        <extensions>
          <ns3:TrackPointExtension>
            <ns3:atemp>31.0</ns3:atemp>
            <ns3:hr>92</ns3:hr>
          </ns3:TrackPointExtension>
        </extensions>
      </trkpt>
      <trkpt lat="24.54004593193531036376953125" lon="118.13444682396948337554931640625">
        <ele>12.3999996185302734375</ele>
        <time>2026-08-04T23:57:56.000Z</time>
        <extensions>
          <ns3:TrackPointExtension>
            <ns3:atemp>31.0</ns3:atemp>
            <ns3:hr>94</ns3:hr>
          </ns3:TrackPointExtension>
        </extensions>
      </trkpt>
      <trkpt lat="24.5400655455887317657470703125" lon="118.1344636715948581695556640625">
        <ele>12.3999996185302734375</ele>
        <time>2026-08-04T23:57:57.000Z</time>
        <extensions>
          <ns3:TrackPointExtension>
            <ns3:atemp>31.0</ns3:atemp>
            <ns3:hr>94</ns3:hr>
          </ns3:TrackPointExtension>
        </extensions>
      </trkpt>
      <trkpt lat="24.5400774478912353515625" lon="118.13449325971305370330810546875">
        <ele>12.3999996185302734375</ele>
        <time>2026-08-04T23:57:59.000Z</time>
        <extensions>
          <ns3:TrackPointExtension>
            <ns3:atemp>31.0</ns3:atemp>
            <ns3:hr>92</ns3:hr>
          </ns3:TrackPointExtension>
        </extensions>
      </trkpt>
      <trkpt lat="24.540074430406093597412109375" lon="118.1345017254352569580078125">
        <ele>12.3999996185302734375</ele>
        <time>2026-08-04T23:58:00.000Z</time>
        <extensions>
          <ns3:TrackPointExtension>
            <ns3:atemp>31.0</ns3:atemp>
            <ns3:hr>94</ns3:hr>
          </ns3:TrackPointExtension>
        </extensions>
      </trkpt>
      <trkpt lat="24.5400705747306346893310546875" lon="118.1345082633197307586669921875">
        <ele>12.3999996185302734375</ele>
        <time>2026-08-04T23:58:01.000Z</time>
        <extensions>
          <ns3:TrackPointExtension>
            <ns3:atemp>32.0</ns3:atemp>
            <ns3:hr>92</ns3:hr>
          </ns3:TrackPointExtension>
        </extensions>
      </trkpt>
      <trkpt lat="24.54007686115801334381103515625" lon="118.13452226109802722930908203125">
        <ele>12.3999996185302734375</ele>
        <time>2026-08-04T23:58:03.000Z</time>
        <extensions>
          <ns3:TrackPointExtension>
            <ns3:atemp>31.0</ns3:atemp>
            <ns3:hr>92</ns3:hr>
          </ns3:TrackPointExtension>
        </extensions>
      </trkpt>
      <trkpt lat="24.5400893501937389373779296875" lon="118.13455344177782535552978515625">
        <ele>12.3999996185302734375</ele>
        <time>2026-08-04T23:58:05.000Z</time>
        <extensions>
          <ns3:TrackPointExtension>
            <ns3:atemp>31.0</ns3:atemp>
            <ns3:hr>92</ns3:hr>
          </ns3:TrackPointExtension>
        </extensions>
      </trkpt>
      <trkpt lat="24.54012966714799404144287109375" lon="118.13461907207965850830078125">
        <ele>12.3999996185302734375</ele>
        <time>2026-08-04T23:58:10.000Z</time>
        <extensions>
          <ns3:TrackPointExtension>
            <ns3:atemp>31.0</ns3:atemp>
            <ns3:hr>92</ns3:hr>
          </ns3:TrackPointExtension>
        </extensions>
      </trkpt>
      <trkpt lat="24.540138803422451019287109375" lon="118.1346289627254009246826171875">
        <ele>12.3999996185302734375</ele>
        <time>2026-08-04T23:58:13.000Z</time>
        <extensions>
          <ns3:TrackPointExtension>
            <ns3:atemp>31.0</ns3:atemp>
            <ns3:hr>92</ns3:hr>
          </ns3:TrackPointExtension>
        </extensions>
      </trkpt>
      <trkpt lat="24.540149532258510589599609375" lon="118.13466508872807025909423828125">
        <ele>12.3999996185302734375</ele>
        <time>2026-08-04T23:58:15.000Z</time>
        <extensions>
          <ns3:TrackPointExtension>
            <ns3:atemp>31.0</ns3:atemp>
            <ns3:hr>91</ns3:hr>
          </ns3:TrackPointExtension>
        </extensions>
      </trkpt>
      <trkpt lat="24.54015933908522129058837890625" lon="118.1347037293016910552978515625">
        <ele>12.19999980926513671875</ele>
        <time>2026-08-04T23:58:20.000Z</time>
        <extensions>
          <ns3:TrackPointExtension>
            <ns3:atemp>31.0</ns3:atemp>
            <ns3:hr>91</ns3:hr>
          </ns3:TrackPointExtension>
        </extensions>
      </trkpt>
      <trkpt lat="24.54016721807420253753662109375" lon="118.13474253751337528228759765625">
        <ele>12.3999996185302734375</ele>
        <time>2026-08-04T23:58:24.000Z</time>
        <extensions>
          <ns3:TrackPointExtension>
            <ns3:atemp>31.0</ns3:atemp>
            <ns3:hr>91</ns3:hr>
          </ns3:TrackPointExtension>
        </extensions>
      </trkpt>
      <trkpt lat="24.54020443372428417205810546875" lon="118.13477061688899993896484375">
        <ele>12.3999996185302734375</ele>
        <time>2026-08-04T23:58:26.000Z</time>
        <extensions>
          <ns3:TrackPointExtension>
            <ns3:atemp>32.0</ns3:atemp>
            <ns3:hr>91</ns3:hr>
          </ns3:TrackPointExtension>
        </extensions>
      </trkpt>
      <trkpt lat="24.54023913480341434478759765625" lon="118.1348043121397495269775390625">
        <ele>12.3999996185302734375</ele>
        <time>2026-08-04T23:58:31.000Z</time>
        <extensions>
          <ns3:TrackPointExtension>
            <ns3:atemp>31.0</ns3:atemp>
            <ns3:hr>92</ns3:hr>
          </ns3:TrackPointExtension>
        </extensions>
      </trkpt>
      <trkpt lat="24.54026008956134319305419921875" lon="118.1348423659801483154296875">
        <ele>12.3999996185302734375</ele>
        <time>2026-08-04T23:58:35.000Z</time>
        <extensions>
          <ns3:TrackPointExtension>
            <ns3:atemp>31.0</ns3:atemp>
            <ns3:hr>91</ns3:hr>
          </ns3:TrackPointExtension>
        </extensions>
      </trkpt>
      <trkpt lat="24.5403327606618404388427734375" lon="118.13492559827864170074462890625">
        <ele>12.19999980926513671875</ele>
        <time>2026-08-04T23:58:41.000Z</time>
        <extensions>
          <ns3:TrackPointExtension>
            <ns3:atemp>31.0</ns3:atemp>
            <ns3:hr>94</ns3:hr>
          </ns3:TrackPointExtension>
        </extensions>
      </trkpt>
      <trkpt lat="24.5403659529983997344970703125" lon="118.134970106184482574462890625">
        <ele>12.3999996185302734375</ele>
        <time>2026-08-04T23:58:46.000Z</time>
        <extensions>
          <ns3:TrackPointExtension>
            <ns3:atemp>31.0</ns3:atemp>
            <ns3:hr>93</ns3:hr>
          </ns3:TrackPointExtension>
        </extensions>
      </trkpt>
      <trkpt lat="24.54038389027118682861328125" lon="118.13498376868665218353271484375">
        <ele>12.19999980926513671875</ele>
        <time>2026-08-04T23:58:47.000Z</time>
        <extensions>
          <ns3:TrackPointExtension>
            <ns3:atemp>31.0</ns3:atemp>
            <ns3:hr>94</ns3:hr>
          </ns3:TrackPointExtension>
        </extensions>
      </trkpt>
      <trkpt lat="24.54042806290090084075927734375" lon="118.13502752222120761871337890625">
        <ele>12.19999980926513671875</ele>
        <time>2026-08-04T23:58:51.000Z</time>
        <extensions>
          <ns3:TrackPointExtension>
            <ns3:atemp>31.0</ns3:atemp>
            <ns3:hr>93</ns3:hr>
          </ns3:TrackPointExtension>
        </extensions>
      </trkpt>
      <trkpt lat="24.5404289849102497100830078125" lon="118.13504495657980442047119140625">
        <ele>12.19999980926513671875</ele>
        <time>2026-08-04T23:58:55.000Z</time>
        <extensions>
          <ns3:TrackPointExtension>
            <ns3:atemp>31.0</ns3:atemp>
            <ns3:hr>93</ns3:hr>
          </ns3:TrackPointExtension>
        </extensions>
      </trkpt>
      <trkpt lat="24.5404333434998989105224609375" lon="118.1350587867200374603271484375">
        <ele>12.19999980926513671875</ele>
        <time>2026-08-04T23:58:56.000Z</time>
        <extensions>
          <ns3:TrackPointExtension>
            <ns3:atemp>31.0</ns3:atemp>
            <ns3:hr>93</ns3:hr>
          </ns3:TrackPointExtension>
        </extensions>
      </trkpt>
      <trkpt lat="24.54049981199204921722412109375" lon="118.1351161189377307891845703125">
        <ele>12.19999980926513671875</ele>
        <time>2026-08-04T23:59:00.000Z</time>
        <extensions>
          <ns3:TrackPointExtension>
            <ns3:atemp>31.0</ns3:atemp>
            <ns3:hr>95</ns3:hr>
          </ns3:TrackPointExtension>
        </extensions>
      </trkpt>
      <trkpt lat="24.5405228622257709503173828125" lon="118.13513916917145252227783203125">
        <ele>12.19999980926513671875</ele>
        <time>2026-08-04T23:59:02.000Z</time>
        <extensions>
          <ns3:TrackPointExtension>
            <ns3:atemp>31.0</ns3:atemp>
            <ns3:hr>93</ns3:hr>
          </ns3:TrackPointExtension>
        </extensions>
      </trkpt>
      <trkpt lat="24.54052479006350040435791015625" lon="118.1351466290652751922607421875">
        <ele>12.19999980926513671875</ele>
        <time>2026-08-04T23:59:04.000Z</time>
        <extensions>
          <ns3:TrackPointExtension>
            <ns3:atemp>31.0</ns3:atemp>
            <ns3:hr>94</ns3:hr>
          </ns3:TrackPointExtension>
        </extensions>
      </trkpt>
      <trkpt lat="24.54053233377635478973388671875" lon="118.13516800291836261749267578125">
        <ele>12.19999980926513671875</ele>
        <time>2026-08-04T23:59:07.000Z</time>
        <extensions>
          <ns3:TrackPointExtension>
            <ns3:atemp>31.0</ns3:atemp>
            <ns3:hr>93</ns3:hr>
          </ns3:TrackPointExtension>
        </extensions>
      </trkpt>
      <trkpt lat="24.54055488109588623046875" lon="118.13519306480884552001953125">
        <ele>12.19999980926513671875</ele>
        <time>2026-08-04T23:59:09.000Z</time>
        <extensions>
          <ns3:TrackPointExtension>
            <ns3:atemp>31.0</ns3:atemp>
            <ns3:hr>93</ns3:hr>
          </ns3:TrackPointExtension>
        </extensions>
      </trkpt>
      <trkpt lat="24.54061187803745269775390625" lon="118.13523195683956146240234375">
        <ele>12.19999980926513671875</ele>
        <time>2026-08-04T23:59:12.000Z</time>
        <extensions>
          <ns3:TrackPointExtension>
            <ns3:atemp>31.0</ns3:atemp>
            <ns3:hr>93</ns3:hr>
          </ns3:TrackPointExtension>
        </extensions>
      </trkpt>
      <trkpt lat="24.5406190864741802215576171875" lon="118.13524209894239902496337890625">
        <ele>12.19999980926513671875</ele>
        <time>2026-08-04T23:59:13.000Z</time>
        <extensions>
          <ns3:TrackPointExtension>
            <ns3:atemp>32.0</ns3:atemp>
            <ns3:hr>92</ns3:hr>
          </ns3:TrackPointExtension>
        </extensions>
      </trkpt>
      <trkpt lat="24.54062319360673427581787109375" lon="118.1352750398218631744384765625">
        <ele>12.19999980926513671875</ele>
        <time>2026-08-04T23:59:18.000Z</time>
        <extensions>
          <ns3:TrackPointExtension>
            <ns3:atemp>31.0</ns3:atemp>
            <ns3:hr>92</ns3:hr>
          </ns3:TrackPointExtension>
        </extensions>
      </trkpt>
      <trkpt lat="24.5406353473663330078125" lon="118.135287277400493621826171875">
        <ele>12.19999980926513671875</ele>
        <time>2026-08-04T23:59:19.000Z</time>
        <extensions>
          <ns3:TrackPointExtension>
            <ns3:atemp>31.0</ns3:atemp>
            <ns3:hr>92</ns3:hr>
          </ns3:TrackPointExtension>
        </extensions>
      </trkpt>
      <trkpt lat="24.54068605788052082061767578125" lon="118.1353501416742801666259765625">
        <ele>12.19999980926513671875</ele>
        <time>2026-08-04T23:59:23.000Z</time>
        <extensions>
          <ns3:TrackPointExtension>
            <ns3:atemp>31.0</ns3:atemp>
            <ns3:hr>92</ns3:hr>
          </ns3:TrackPointExtension>
        </extensions>
      </trkpt>
      <trkpt lat="24.54068119637668132781982421875" lon="118.135361038148403167724609375">
        <ele>12.19999980926513671875</ele>
        <time>2026-08-04T23:59:26.000Z</time>
        <extensions>
          <ns3:TrackPointExtension>
            <ns3:atemp>31.0</ns3:atemp>
            <ns3:hr>92</ns3:hr>
          </ns3:TrackPointExtension>
        </extensions>
      </trkpt>
      <trkpt lat="24.5406888239085674285888671875" lon="118.1353662349283695220947265625">
        <ele>12.19999980926513671875</ele>
        <time>2026-08-04T23:59:27.000Z</time>
        <extensions>
          <ns3:TrackPointExtension>
            <ns3:atemp>31.0</ns3:atemp>
            <ns3:hr>92</ns3:hr>
          </ns3:TrackPointExtension>
        </extensions>
      </trkpt>
      <trkpt lat="24.540749676525592803955078125" lon="118.135428763926029205322265625">
        <ele>12.19999980926513671875</ele>
        <time>2026-08-04T23:59:32.000Z</time>
        <extensions>
          <ns3:TrackPointExtension>
            <ns3:atemp>32.0</ns3:atemp>
            <ns3:hr>90</ns3:hr>
          </ns3:TrackPointExtension>
        </extensions>
      </trkpt>
      <trkpt lat="24.5407535322010517120361328125" lon="118.135451562702655792236328125">
        <ele>12.19999980926513671875</ele>
        <time>2026-08-04T23:59:35.000Z</time>
        <extensions>
          <ns3:TrackPointExtension>
            <ns3:atemp>31.0</ns3:atemp>
            <ns3:hr>91</ns3:hr>
          </ns3:TrackPointExtension>
        </extensions>
      </trkpt>
      <trkpt lat="24.54074908979237079620361328125" lon="118.13545416109263896942138671875">
        <ele>12.19999980926513671875</ele>
        <time>2026-08-04T23:59:36.000Z</time>
        <extensions>
          <ns3:TrackPointExtension>
            <ns3:atemp>31.0</ns3:atemp>
            <ns3:hr>95</ns3:hr>
          </ns3:TrackPointExtension>
        </extensions>
      </trkpt>
      <trkpt lat="24.54075680114328861236572265625" lon="118.13546120189130306243896484375">
        <ele>12.19999980926513671875</ele>
        <time>2026-08-04T23:59:37.000Z</time>
        <extensions>
          <ns3:TrackPointExtension>
            <ns3:atemp>31.0</ns3:atemp>
            <ns3:hr>92</ns3:hr>
          </ns3:TrackPointExtension>
        </extensions>
      </trkpt>
      <trkpt lat="24.54082653857767581939697265625" lon="118.135516941547393798828125">
        <ele>12.19999980926513671875</ele>
        <time>2026-08-04T23:59:42.000Z</time>
        <extensions>
          <ns3:TrackPointExtension>
            <ns3:atemp>31.0</ns3:atemp>
            <ns3:hr>92</ns3:hr>
          </ns3:TrackPointExtension>
        </extensions>
      </trkpt>
      <trkpt lat="24.54084497876465320587158203125" lon="118.13553630374372005462646484375">
        <ele>12.19999980926513671875</ele>
        <time>2026-08-04T23:59:44.000Z</time>
        <extensions>
          <ns3:TrackPointExtension>
            <ns3:atemp>31.0</ns3:atemp>
            <ns3:hr>92</ns3:hr>
          </ns3:TrackPointExtension>
        </extensions>
      </trkpt>
      <trkpt lat="24.540842883288860321044921875" lon="118.13554082997143268585205078125">
        <ele>12.19999980926513671875</ele>
        <time>2026-08-04T23:59:46.000Z</time>
        <extensions>
          <ns3:TrackPointExtension>
            <ns3:atemp>31.0</ns3:atemp>
            <ns3:hr>92</ns3:hr>
          </ns3:TrackPointExtension>
        </extensions>
      </trkpt>
      <trkpt lat="24.540871717035770416259765625" lon="118.1355663947761058807373046875">
        <ele>12.19999980926513671875</ele>
        <time>2026-08-04T23:59:50.000Z</time>
        <extensions>
          <ns3:TrackPointExtension>
            <ns3:atemp>31.0</ns3:atemp>
            <ns3:hr>92</ns3:hr>
          </ns3:TrackPointExtension>
        </extensions>
      </trkpt>
      <trkpt lat="24.54091018997132778167724609375" lon="118.135578967630863189697265625">
        <ele>12.19999980926513671875</ele>
        <time>2026-08-04T23:59:52.000Z</time>
        <extensions>
          <ns3:TrackPointExtension>
            <ns3:atemp>32.0</ns3:atemp>
            <ns3:hr>92</ns3:hr>
          </ns3:TrackPointExtension>
        </extensions>
      </trkpt>
      <trkpt lat="24.54092343337833881378173828125" lon="118.13558994792401790618896484375">
        <ele>12.19999980926513671875</ele>
        <time>2026-08-04T23:59:53.000Z</time>
        <extensions>
          <ns3:TrackPointExtension>
            <ns3:atemp>31.0</ns3:atemp>
            <ns3:hr>92</ns3:hr>
          </ns3:TrackPointExtension>
        </extensions>
      </trkpt>
      <trkpt lat="24.540943801403045654296875" lon="118.1355962343513965606689453125">
        <ele>12.19999980926513671875</ele>
        <time>2026-08-04T23:59:57.000Z</time>
        <extensions>
          <ns3:TrackPointExtension>
            <ns3:atemp>31.0</ns3:atemp>
            <ns3:hr>92</ns3:hr>
          </ns3:TrackPointExtension>
        </extensions>
      </trkpt>
      <trkpt lat="24.54098629765212535858154296875" lon="118.135687597095966339111328125">
        <ele>12.19999980926513671875</ele>
        <time>2026-08-05T00:00:02.000Z</time>
        <extensions>
          <ns3:TrackPointExtension>
            <ns3:atemp>31.0</ns3:atemp>
            <ns3:hr>91</ns3:hr>
          </ns3:TrackPointExtension>
        </extensions>
      </trkpt>
      <trkpt lat="24.54101085662841796875" lon="118.1357382237911224365234375">
        <ele>12.19999980926513671875</ele>
        <time>2026-08-05T00:00:06.000Z</time>
        <extensions>
          <ns3:TrackPointExtension>
            <ns3:atemp>32.0</ns3:atemp>
            <ns3:hr>91</ns3:hr>
          </ns3:TrackPointExtension>
        </extensions>
      </trkpt>
      <trkpt lat="24.541008174419403076171875" lon="118.13574157655239105224609375">
        <ele>12.19999980926513671875</ele>
        <time>2026-08-05T00:00:07.000Z</time>
        <extensions>
          <ns3:TrackPointExtension>
            <ns3:atemp>31.0</ns3:atemp>
            <ns3:hr>93</ns3:hr>
          </ns3:TrackPointExtension>
        </extensions>
      </trkpt>
      <trkpt lat="24.541021920740604400634765625" lon="118.13577032648026943206787109375">
        <ele>12.19999980926513671875</ele>
        <time>2026-08-05T00:00:11.000Z</time>
        <extensions>
          <ns3:TrackPointExtension>
            <ns3:atemp>31.0</ns3:atemp>
            <ns3:hr>92</ns3:hr>
          </ns3:TrackPointExtension>
        </extensions>
      </trkpt>
      <trkpt lat="24.54109090380370616912841796875" lon="118.13583453185856342315673828125">
        <ele>12.19999980926513671875</ele>
        <time>2026-08-05T00:00:16.000Z</time>
        <extensions>
          <ns3:TrackPointExtension>
            <ns3:atemp>31.0</ns3:atemp>
            <ns3:hr>92</ns3:hr>
          </ns3:TrackPointExtension>
        </extensions>
      </trkpt>
      <trkpt lat="24.541094340384006500244140625" lon="118.13585263676941394805908203125">
        <ele>12.19999980926513671875</ele>
        <time>2026-08-05T00:00:20.000Z</time>
        <extensions>
          <ns3:TrackPointExtension>
            <ns3:atemp>32.0</ns3:atemp>
            <ns3:hr>93</ns3:hr>
          </ns3:TrackPointExtension>
        </extensions>
      </trkpt>
      <trkpt lat="24.54113465733826160430908203125" lon="118.13595405779778957366943359375">
        <ele>12.19999980926513671875</ele>
        <time>2026-08-05T00:00:25.000Z</time>
        <extensions>
          <ns3:TrackPointExtension>
            <ns3:atemp>31.0</ns3:atemp>
            <ns3:hr>93</ns3:hr>
          </ns3:TrackPointExtension>
        </extensions>
      </trkpt>
      <trkpt lat="24.54113633371889591217041015625" lon="118.1359630264341831207275390625">
        <ele>12.19999980926513671875</ele>
        <time>2026-08-05T00:00:26.000Z</time>
        <extensions>
          <ns3:TrackPointExtension>
            <ns3:atemp>31.0</ns3:atemp>
            <ns3:hr>93</ns3:hr>
          </ns3:TrackPointExtension>
        </extensions>
      </trkpt>
      <trkpt lat="24.5411364175379276275634765625" lon="118.13597702421247959136962890625">
        <ele>12.19999980926513671875</ele>
        <time>2026-08-05T00:00:29.000Z</time>
        <extensions>
          <ns3:TrackPointExtension>
            <ns3:atemp>31.0</ns3:atemp>
            <ns3:hr>92</ns3:hr>
          </ns3:TrackPointExtension>
        </extensions>
      </trkpt>
      <trkpt lat="24.54114169813692569732666015625" lon="118.1359871663153171539306640625">
        <ele>12.19999980926513671875</ele>
        <time>2026-08-05T00:00:30.000Z</time>
        <extensions>
          <ns3:TrackPointExtension>
            <ns3:atemp>31.0</ns3:atemp>
            <ns3:hr>92</ns3:hr>
          </ns3:TrackPointExtension>
        </extensions>
      </trkpt>
      <trkpt lat="24.5411543548107147216796875" lon="118.13600175082683563232421875">
        <ele>12.19999980926513671875</ele>
        <time>2026-08-05T00:00:31.000Z</time>
        <extensions>
          <ns3:TrackPointExtension>
            <ns3:atemp>31.0</ns3:atemp>
            <ns3:hr>91</ns3:hr>
          </ns3:TrackPointExtension>
        </extensions>
      </trkpt>
      <trkpt lat="24.54118721187114715576171875" lon="118.13602698035538196563720703125">
        <ele>12.19999980926513671875</ele>
        <time>2026-08-05T00:00:33.000Z</time>
        <extensions>
          <ns3:TrackPointExtension>
            <ns3:atemp>31.0</ns3:atemp>
            <ns3:hr>88</ns3:hr>
          </ns3:TrackPointExtension>
        </extensions>
      </trkpt>
      <trkpt lat="24.54121747054159641265869140625" lon="118.13606201671063899993896484375">
        <ele>12.19999980926513671875</ele>
        <time>2026-08-05T00:00:35.000Z</time>
        <extensions>
          <ns3:TrackPointExtension>
            <ns3:atemp>31.0</ns3:atemp>
            <ns3:hr>87</ns3:hr>
          </ns3:TrackPointExtension>
        </extensions>
      </trkpt>
      <trkpt lat="24.5412202365696430206298828125" lon="118.1360820494592189788818359375">
        <ele>12.19999980926513671875</ele>
        <time>2026-08-05T00:00:37.000Z</time>
        <extensions>
          <ns3:TrackPointExtension>
            <ns3:atemp>31.0</ns3:atemp>
            <ns3:hr>87</ns3:hr>
          </ns3:TrackPointExtension>
        </extensions>
      </trkpt>
      <trkpt lat="24.54121395014226436614990234375" lon="118.13609034754335880279541015625">
        <ele>12</ele>
        <time>2026-08-05T00:00:39.000Z</time>
        <extensions>
          <ns3:TrackPointExtension>
            <ns3:atemp>31.0</ns3:atemp>
            <ns3:hr>88</ns3:hr>
          </ns3:TrackPointExtension>
        </extensions>
      </trkpt>
      <trkpt lat="24.54123012721538543701171875" lon="118.13611649908125400543212890625">
        <ele>12</ele>
        <time>2026-08-05T00:00:42.000Z</time>
        <extensions>
          <ns3:TrackPointExtension>
            <ns3:atemp>31.0</ns3:atemp>
            <ns3:hr>88</ns3:hr>
          </ns3:TrackPointExtension>
        </extensions>
      </trkpt>
      <trkpt lat="24.54124177806079387664794921875" lon="118.13613695092499256134033203125">
        <ele>12</ele>
        <time>2026-08-05T00:00:43.000Z</time>
        <extensions>
          <ns3:TrackPointExtension>
            <ns3:atemp>31.0</ns3:atemp>
            <ns3:hr>88</ns3:hr>
          </ns3:TrackPointExtension>
        </extensions>
      </trkpt>
      <trkpt lat="24.54125602729618549346923828125" lon="118.13616343773901462554931640625">
        <ele>12</ele>
        <time>2026-08-05T00:00:46.000Z</time>
        <extensions>
          <ns3:TrackPointExtension>
            <ns3:atemp>31.0</ns3:atemp>
            <ns3:hr>88</ns3:hr>
          </ns3:TrackPointExtension>
        </extensions>
      </trkpt>
      <trkpt lat="24.5412554405629634857177734375" lon="118.13616896979510784149169921875">
        <ele>12</ele>
        <time>2026-08-05T00:00:47.000Z</time>
        <extensions>
          <ns3:TrackPointExtension>
            <ns3:atemp>31.0</ns3:atemp>
            <ns3:hr>88</ns3:hr>
          </ns3:TrackPointExtension>
        </extensions>
      </trkpt>
      <trkpt lat="24.54128184355795383453369140625" lon="118.136201240122318267822265625">
        <ele>12</ele>
        <time>2026-08-05T00:00:53.000Z</time>
        <extensions>
          <ns3:TrackPointExtension>
            <ns3:atemp>31.0</ns3:atemp>
            <ns3:hr>89</ns3:hr>
          </ns3:TrackPointExtension>
        </extensions>
      </trkpt>
      <trkpt lat="24.5413198135793209075927734375" lon="118.1362312473356723785400390625">
        <ele>12</ele>
        <time>2026-08-05T00:00:55.000Z</time>
        <extensions>
          <ns3:TrackPointExtension>
            <ns3:atemp>31.0</ns3:atemp>
            <ns3:hr>89</ns3:hr>
          </ns3:TrackPointExtension>
        </extensions>
      </trkpt>
      <trkpt lat="24.54134252853691577911376953125" lon="118.13627609051764011383056640625">
        <ele>12</ele>
        <time>2026-08-05T00:00:58.000Z</time>
        <extensions>
          <ns3:TrackPointExtension>
            <ns3:atemp>31.0</ns3:atemp>
            <ns3:hr>89</ns3:hr>
          </ns3:TrackPointExtension>
        </extensions>
      </trkpt>
      <trkpt lat="24.54133967868983745574951171875" lon="118.13628849573433399200439453125">
        <ele>12</ele>
        <time>2026-08-05T00:00:59.000Z</time>
        <extensions>
          <ns3:TrackPointExtension>
            <ns3:atemp>31.0</ns3:atemp>
            <ns3:hr>89</ns3:hr>
          </ns3:TrackPointExtension>
        </extensions>
      </trkpt>
      <trkpt lat="24.541339091956615447998046875" lon="118.1362986378371715545654296875">
        <ele>12</ele>
        <time>2026-08-05T00:01:01.000Z</time>
        <extensions>
          <ns3:TrackPointExtension>
            <ns3:atemp>31.0</ns3:atemp>
            <ns3:hr>89</ns3:hr>
          </ns3:TrackPointExtension>
        </extensions>
      </trkpt>
      <trkpt lat="24.54135627485811710357666015625" lon="118.13631062395870685577392578125">
        <ele>12</ele>
        <time>2026-08-05T00:01:03.000Z</time>
        <extensions>
          <ns3:TrackPointExtension>
            <ns3:atemp>31.0</ns3:atemp>
            <ns3:hr>90</ns3:hr>
          </ns3:TrackPointExtension>
        </extensions>
      </trkpt>
      <trkpt lat="24.5413597114384174346923828125" lon="118.13632772304117679595947265625">
        <ele>12</ele>
        <time>2026-08-05T00:01:04.000Z</time>
        <extensions>
          <ns3:TrackPointExtension>
            <ns3:atemp>31.0</ns3:atemp>
            <ns3:hr>91</ns3:hr>
          </ns3:TrackPointExtension>
        </extensions>
      </trkpt>
      <trkpt lat="24.541377313435077667236328125" lon="118.13633778132498264312744140625">
        <ele>12</ele>
        <time>2026-08-05T00:01:05.000Z</time>
        <extensions>
          <ns3:TrackPointExtension>
            <ns3:atemp>31.0</ns3:atemp>
            <ns3:hr>91</ns3:hr>
          </ns3:TrackPointExtension>
        </extensions>
      </trkpt>
      <trkpt lat="24.54141997732222080230712890625" lon="118.136375248432159423828125">
        <ele>11.80000019073486328125</ele>
        <time>2026-08-05T00:01:09.000Z</time>
        <extensions>
          <ns3:TrackPointExtension>
            <ns3:atemp>31.0</ns3:atemp>
            <ns3:hr>90</ns3:hr>
          </ns3:TrackPointExtension>
        </extensions>
      </trkpt>
      <trkpt lat="24.54141930676996707916259765625" lon="118.13638304360210895538330078125">
        <ele>11.80000019073486328125</ele>
        <time>2026-08-05T00:01:11.000Z</time>
        <extensions>
          <ns3:TrackPointExtension>
            <ns3:atemp>31.0</ns3:atemp>
            <ns3:hr>91</ns3:hr>
          </ns3:TrackPointExtension>
        </extensions>
      </trkpt>
      <trkpt lat="24.541455097496509552001953125" lon="118.13640969805419445037841796875">
        <ele>11.6000003814697265625</ele>
        <time>2026-08-05T00:01:14.000Z</time>
        <extensions>
          <ns3:TrackPointExtension>
            <ns3:atemp>31.0</ns3:atemp>
            <ns3:hr>90</ns3:hr>
          </ns3:TrackPointExtension>
        </extensions>
      </trkpt>
      <trkpt lat="24.541474543511867523193359375" lon="118.1364126317203044891357421875">
        <ele>11.6000003814697265625</ele>
        <time>2026-08-05T00:01:16.000Z</time>
        <extensions>
          <ns3:TrackPointExtension>
            <ns3:atemp>31.0</ns3:atemp>
            <ns3:hr>90</ns3:hr>
          </ns3:TrackPointExtension>
        </extensions>
      </trkpt>
      <trkpt lat="24.54153682105243206024169921875" lon="118.13642084598541259765625">
        <ele>11.6000003814697265625</ele>
        <time>2026-08-05T00:01:22.000Z</time>
        <extensions>
          <ns3:TrackPointExtension>
            <ns3:atemp>31.0</ns3:atemp>
            <ns3:hr>90</ns3:hr>
          </ns3:TrackPointExtension>
        </extensions>
      </trkpt>
      <trkpt lat="24.54155978746712207794189453125" lon="118.13644590787589550018310546875">
        <ele>11.6000003814697265625</ele>
        <time>2026-08-05T00:01:25.000Z</time>
        <extensions>
          <ns3:TrackPointExtension>
            <ns3:atemp>31.0</ns3:atemp>
            <ns3:hr>90</ns3:hr>
          </ns3:TrackPointExtension>
        </extensions>
      </trkpt>
      <trkpt lat="24.54161728732287883758544921875" lon="118.1364887394011020660400390625">
        <ele>11.80000019073486328125</ele>
        <time>2026-08-05T00:01:28.000Z</time>
        <extensions>
          <ns3:TrackPointExtension>
            <ns3:atemp>31.0</ns3:atemp>
            <ns3:hr>91</ns3:hr>
          </ns3:TrackPointExtension>
        </extensions>
      </trkpt>
      <trkpt lat="24.541671015322208404541015625" lon="118.1365402042865753173828125">
        <ele>11.80000019073486328125</ele>
        <time>2026-08-05T00:01:33.000Z</time>
        <extensions>
          <ns3:TrackPointExtension>
            <ns3:atemp>31.0</ns3:atemp>
            <ns3:hr>91</ns3:hr>
          </ns3:TrackPointExtension>
        </extensions>
      </trkpt>
      <trkpt lat="24.5416923053562641143798828125" lon="118.13661019317805767059326171875">
        <ele>11.80000019073486328125</ele>
        <time>2026-08-05T00:01:38.000Z</time>
        <extensions>
          <ns3:TrackPointExtension>
            <ns3:atemp>31.0</ns3:atemp>
            <ns3:hr>90</ns3:hr>
          </ns3:TrackPointExtension>
        </extensions>
      </trkpt>
      <trkpt lat="24.541700519621372222900390625" lon="118.13661740161478519439697265625">
        <ele>11.80000019073486328125</ele>
        <time>2026-08-05T00:01:39.000Z</time>
        <extensions>
          <ns3:TrackPointExtension>
            <ns3:atemp>31.0</ns3:atemp>
            <ns3:hr>91</ns3:hr>
          </ns3:TrackPointExtension>
        </extensions>
      </trkpt>
      <trkpt lat="24.541721642017364501953125" lon="118.13663818873465061187744140625">
        <ele>11.80000019073486328125</ele>
        <time>2026-08-05T00:01:41.000Z</time>
        <extensions>
          <ns3:TrackPointExtension>
            <ns3:atemp>31.0</ns3:atemp>
            <ns3:hr>91</ns3:hr>
          </ns3:TrackPointExtension>
        </extensions>
      </trkpt>
      <trkpt lat="24.54170529730618000030517578125" lon="118.13666920177638530731201171875">
        <ele>11.80000019073486328125</ele>
        <time>2026-08-05T00:01:44.000Z</time>
        <extensions>
          <ns3:TrackPointExtension>
            <ns3:atemp>31.0</ns3:atemp>
            <ns3:hr>89</ns3:hr>
          </ns3:TrackPointExtension>
        </extensions>
      </trkpt>
      <trkpt lat="24.54171468503773212432861328125" lon="118.13668043352663516998291015625">
        <ele>11.80000019073486328125</ele>
        <time>2026-08-05T00:01:45.000Z</time>
        <extensions>
          <ns3:TrackPointExtension>
            <ns3:atemp>31.0</ns3:atemp>
            <ns3:hr>89</ns3:hr>
          </ns3:TrackPointExtension>
        </extensions>
      </trkpt>
      <trkpt lat="24.54176749102771282196044921875" lon="118.13671630807220935821533203125">
        <ele>11.80000019073486328125</ele>
        <time>2026-08-05T00:01:48.000Z</time>
        <extensions>
          <ns3:TrackPointExtension>
            <ns3:atemp>31.0</ns3:atemp>
            <ns3:hr>89</ns3:hr>
          </ns3:TrackPointExtension>
        </extensions>
      </trkpt>
      <trkpt lat="24.54180973581969738006591796875" lon="118.13677984289824962615966796875">
        <ele>11.80000019073486328125</ele>
        <time>2026-08-05T00:01:53.000Z</time>
        <extensions>
          <ns3:TrackPointExtension>
            <ns3:atemp>31.0</ns3:atemp>
            <ns3:hr>91</ns3:hr>
          </ns3:TrackPointExtension>
        </extensions>
      </trkpt>
      <trkpt lat="24.54179942607879638671875" lon="118.1368484906852245330810546875">
        <ele>11.80000019073486328125</ele>
        <time>2026-08-05T00:01:58.000Z</time>
        <extensions>
          <ns3:TrackPointExtension>
            <ns3:atemp>31.0</ns3:atemp>
            <ns3:hr>90</ns3:hr>
          </ns3:TrackPointExtension>
        </extensions>
      </trkpt>
      <trkpt lat="24.54181761480867862701416015625" lon="118.13686600886285305023193359375">
        <ele>11.80000019073486328125</ele>
        <time>2026-08-05T00:01:59.000Z</time>
        <extensions>
          <ns3:TrackPointExtension>
            <ns3:atemp>31.0</ns3:atemp>
            <ns3:hr>90</ns3:hr>
          </ns3:TrackPointExtension>
        </extensions>
      </trkpt>
      <trkpt lat="24.54186824150383472442626953125" lon="118.13693490810692310333251953125">
        <ele>11.80000019073486328125</ele>
        <time>2026-08-05T00:02:04.000Z</time>
        <extensions>
          <ns3:TrackPointExtension>
            <ns3:atemp>31.0</ns3:atemp>
            <ns3:hr>90</ns3:hr>
          </ns3:TrackPointExtension>
        </extensions>
      </trkpt>
      <trkpt lat="24.541863463819026947021484375" lon="118.13694697804749011993408203125">
        <ele>11.80000019073486328125</ele>
        <time>2026-08-05T00:02:05.000Z</time>
        <extensions>
          <ns3:TrackPointExtension>
            <ns3:atemp>31.0</ns3:atemp>
            <ns3:hr>91</ns3:hr>
          </ns3:TrackPointExtension>
        </extensions>
      </trkpt>
      <trkpt lat="24.5418669842183589935302734375" lon="118.13700280152261257171630859375">
        <ele>11.80000019073486328125</ele>
        <time>2026-08-05T00:02:10.000Z</time>
        <extensions>
          <ns3:TrackPointExtension>
            <ns3:atemp>31.0</ns3:atemp>
            <ns3:hr>91</ns3:hr>
          </ns3:TrackPointExtension>
        </extensions>
      </trkpt>
      <trkpt lat="24.5418622903525829315185546875" lon="118.1370808370411396026611328125">
        <ele>11.80000019073486328125</ele>
        <time>2026-08-05T00:02:16.000Z</time>
        <extensions>
          <ns3:TrackPointExtension>
            <ns3:atemp>31.0</ns3:atemp>
            <ns3:hr>90</ns3:hr>
          </ns3:TrackPointExtension>
        </extensions>
      </trkpt>
      <trkpt lat="24.5418663136661052703857421875" lon="118.1370798312127590179443359375">
        <ele>11.80000019073486328125</ele>
        <time>2026-08-05T00:02:17.000Z</time>
        <extensions>
          <ns3:TrackPointExtension>
            <ns3:atemp>31.0</ns3:atemp>
            <ns3:hr>87</ns3:hr>
          </ns3:TrackPointExtension>
        </extensions>
      </trkpt>
      <trkpt lat="24.5418653078377246856689453125" lon="118.13708310015499591827392578125">
        <ele>11.80000019073486328125</ele>
        <time>2026-08-05T00:02:18.000Z</time>
        <extensions>
          <ns3:TrackPointExtension>
            <ns3:atemp>31.0</ns3:atemp>
            <ns3:hr>90</ns3:hr>
          </ns3:TrackPointExtension>
        </extensions>
      </trkpt>
      <trkpt lat="24.54186446964740753173828125" lon="118.137121237814426422119140625">
        <ele>11.80000019073486328125</ele>
        <time>2026-08-05T00:02:21.000Z</time>
        <extensions>
          <ns3:TrackPointExtension>
            <ns3:atemp>32.0</ns3:atemp>
            <ns3:hr>91</ns3:hr>
          </ns3:TrackPointExtension>
        </extensions>
      </trkpt>
      <trkpt lat="24.54186438582837581634521484375" lon="118.13723481260240077972412109375">
        <ele>11.80000019073486328125</ele>
        <time>2026-08-05T00:02:27.000Z</time>
        <extensions>
          <ns3:TrackPointExtension>
            <ns3:atemp>31.0</ns3:atemp>
            <ns3:hr>91</ns3:hr>
          </ns3:TrackPointExtension>
        </extensions>
      </trkpt>
      <trkpt lat="24.541862122714519500732421875" lon="118.13726381398737430572509765625">
        <ele>11.80000019073486328125</ele>
        <time>2026-08-05T00:02:32.000Z</time>
        <extensions>
          <ns3:TrackPointExtension>
            <ns3:atemp>32.0</ns3:atemp>
            <ns3:hr>89</ns3:hr>
          </ns3:TrackPointExtension>
        </extensions>
      </trkpt>
      <trkpt lat="24.54186371527612209320068359375" lon="118.13737696968019008636474609375">
        <ele>11.80000019073486328125</ele>
        <time>2026-08-05T00:02:37.000Z</time>
        <extensions>
          <ns3:TrackPointExtension>
            <ns3:atemp>32.0</ns3:atemp>
            <ns3:hr>88</ns3:hr>
          </ns3:TrackPointExtension>
        </extensions>
      </trkpt>
      <trkpt lat="24.541866481304168701171875" lon="118.13740278594195842742919921875">
        <ele>11.80000019073486328125</ele>
        <time>2026-08-05T00:02:42.000Z</time>
        <extensions>
          <ns3:TrackPointExtension>
            <ns3:atemp>32.0</ns3:atemp>
            <ns3:hr>89</ns3:hr>
          </ns3:TrackPointExtension>
        </extensions>
      </trkpt>
      <trkpt lat="24.541870839893817901611328125" lon="118.13752398826181888580322265625">
        <ele>11.6000003814697265625</ele>
        <time>2026-08-05T00:02:48.000Z</time>
        <extensions>
          <ns3:TrackPointExtension>
            <ns3:atemp>32.0</ns3:atemp>
            <ns3:hr>89</ns3:hr>
          </ns3:TrackPointExtension>
        </extensions>
      </trkpt>
      <trkpt lat="24.54187360592186450958251953125" lon="118.1375643052160739898681640625">
        <ele>11.6000003814697265625</ele>
        <time>2026-08-05T00:02:53.000Z</time>
        <extensions>
          <ns3:TrackPointExtension>
            <ns3:atemp>32.0</ns3:atemp>
            <ns3:hr>90</ns3:hr>
          </ns3:TrackPointExtension>
        </extensions>
      </trkpt>
      <trkpt lat="24.54188332892954349517822265625" lon="118.13760437071323394775390625">
        <ele>11.6000003814697265625</ele>
        <time>2026-08-05T00:02:57.000Z</time>
        <extensions>
          <ns3:TrackPointExtension>
            <ns3:atemp>32.0</ns3:atemp>
            <ns3:hr>89</ns3:hr>
          </ns3:TrackPointExtension>
        </extensions>
      </trkpt>
      <trkpt lat="24.541884250938892364501953125" lon="118.13764317892491817474365234375">
        <ele>11.6000003814697265625</ele>
        <time>2026-08-05T00:02:59.000Z</time>
        <extensions>
          <ns3:TrackPointExtension>
            <ns3:atemp>32.0</ns3:atemp>
            <ns3:hr>89</ns3:hr>
          </ns3:TrackPointExtension>
        </extensions>
      </trkpt>
      <trkpt lat="24.5418871007859706878662109375" lon="118.13770084641873836517333984375">
        <ele>11.3999996185302734375</ele>
        <time>2026-08-05T00:03:02.000Z</time>
        <extensions>
          <ns3:TrackPointExtension>
            <ns3:atemp>32.0</ns3:atemp>
            <ns3:hr>89</ns3:hr>
          </ns3:TrackPointExtension>
        </extensions>
      </trkpt>
      <trkpt lat="24.54188617877662181854248046875" lon="118.1377071328461170196533203125">
        <ele>11.3999996185302734375</ele>
        <time>2026-08-05T00:03:03.000Z</time>
        <extensions>
          <ns3:TrackPointExtension>
            <ns3:atemp>32.0</ns3:atemp>
            <ns3:hr>89</ns3:hr>
          </ns3:TrackPointExtension>
        </extensions>
      </trkpt>
      <trkpt lat="24.5418824069201946258544921875" lon="118.1377124972641468048095703125">
        <ele>11.3999996185302734375</ele>
        <time>2026-08-05T00:03:04.000Z</time>
        <extensions>
          <ns3:TrackPointExtension>
            <ns3:atemp>32.0</ns3:atemp>
            <ns3:hr>88</ns3:hr>
          </ns3:TrackPointExtension>
        </extensions>
      </trkpt>
      <trkpt lat="24.54188550822436809539794921875" lon="118.13773504458367824554443359375">
        <ele>11.3999996185302734375</ele>
        <time>2026-08-05T00:03:08.000Z</time>
        <extensions>
          <ns3:TrackPointExtension>
            <ns3:atemp>32.0</ns3:atemp>
            <ns3:hr>87</ns3:hr>
          </ns3:TrackPointExtension>
        </extensions>
      </trkpt>
      <trkpt lat="24.54189288429915904998779296875" lon="118.137757591903209686279296875">
        <ele>11.3999996185302734375</ele>
        <time>2026-08-05T00:03:09.000Z</time>
        <extensions>
          <ns3:TrackPointExtension>
            <ns3:atemp>32.0</ns3:atemp>
            <ns3:hr>87</ns3:hr>
          </ns3:TrackPointExtension>
        </extensions>
      </trkpt>
      <trkpt lat="24.54193286597728729248046875" lon="118.1378462724387645721435546875">
        <ele>11.3999996185302734375</ele>
        <time>2026-08-05T00:03:13.000Z</time>
        <extensions>
          <ns3:TrackPointExtension>
            <ns3:atemp>32.0</ns3:atemp>
            <ns3:hr>87</ns3:hr>
          </ns3:TrackPointExtension>
        </extensions>
      </trkpt>
      <trkpt lat="24.54193244688212871551513671875" lon="118.1378586776554584503173828125">
        <ele>11.3999996185302734375</ele>
        <time>2026-08-05T00:03:17.000Z</time>
        <extensions>
          <ns3:TrackPointExtension>
            <ns3:atemp>32.0</ns3:atemp>
            <ns3:hr>87</ns3:hr>
          </ns3:TrackPointExtension>
        </extensions>
      </trkpt>
      <trkpt lat="24.541957676410675048828125" lon="118.13793185167014598846435546875">
        <ele>11.3999996185302734375</ele>
        <time>2026-08-05T00:03:22.000Z</time>
        <extensions>
          <ns3:TrackPointExtension>
            <ns3:atemp>32.0</ns3:atemp>
            <ns3:hr>87</ns3:hr>
          </ns3:TrackPointExtension>
        </extensions>
      </trkpt>
      <trkpt lat="24.54198827035725116729736328125" lon="118.13800225965678691864013671875">
        <ele>11.6000003814697265625</ele>
        <time>2026-08-05T00:03:28.000Z</time>
        <extensions>
          <ns3:TrackPointExtension>
            <ns3:atemp>32.0</ns3:atemp>
            <ns3:hr>88</ns3:hr>
          </ns3:TrackPointExtension>
        </extensions>
      </trkpt>
      <trkpt lat="24.5420027710497379302978515625" lon="118.1380544789135456085205078125">
        <ele>11.6000003814697265625</ele>
        <time>2026-08-05T00:03:33.000Z</time>
        <extensions>
          <ns3:TrackPointExtension>
            <ns3:atemp>32.0</ns3:atemp>
            <ns3:hr>88</ns3:hr>
          </ns3:TrackPointExtension>
        </extensions>
      </trkpt>
      <trkpt lat="24.5420215465128421783447265625" lon="118.13806839287281036376953125">
        <ele>11.6000003814697265625</ele>
        <time>2026-08-05T00:03:34.000Z</time>
        <extensions>
          <ns3:TrackPointExtension>
            <ns3:atemp>32.0</ns3:atemp>
            <ns3:hr>88</ns3:hr>
          </ns3:TrackPointExtension>
        </extensions>
      </trkpt>
      <trkpt lat="24.54205364920198917388916015625" lon="118.13811005093157291412353515625">
        <ele>11.6000003814697265625</ele>
        <time>2026-08-05T00:03:38.000Z</time>
        <extensions>
          <ns3:TrackPointExtension>
            <ns3:atemp>32.0</ns3:atemp>
            <ns3:hr>88</ns3:hr>
          </ns3:TrackPointExtension>
        </extensions>
      </trkpt>
      <trkpt lat="24.54204208217561244964599609375" lon="118.13812337815761566162109375">
        <ele>11.6000003814697265625</ele>
        <time>2026-08-05T00:03:39.000Z</time>
        <extensions>
          <ns3:TrackPointExtension>
            <ns3:atemp>32.0</ns3:atemp>
            <ns3:hr>88</ns3:hr>
          </ns3:TrackPointExtension>
        </extensions>
      </trkpt>
      <trkpt lat="24.54202850349247455596923828125" lon="118.13816788606345653533935546875">
        <ele>11.6000003814697265625</ele>
        <time>2026-08-05T00:03:42.000Z</time>
        <extensions>
          <ns3:TrackPointExtension>
            <ns3:atemp>32.0</ns3:atemp>
            <ns3:hr>89</ns3:hr>
          </ns3:TrackPointExtension>
        </extensions>
      </trkpt>
      <trkpt lat="24.5420510508120059967041015625" lon="118.13821432180702686309814453125">
        <ele>11.6000003814697265625</ele>
        <time>2026-08-05T00:03:45.000Z</time>
        <extensions>
          <ns3:TrackPointExtension>
            <ns3:atemp>32.0</ns3:atemp>
            <ns3:hr>90</ns3:hr>
          </ns3:TrackPointExtension>
        </extensions>
      </trkpt>
      <trkpt lat="24.54205817542970180511474609375" lon="118.138268887996673583984375">
        <ele>11.6000003814697265625</ele>
        <time>2026-08-05T00:03:49.000Z</time>
        <extensions>
          <ns3:TrackPointExtension>
            <ns3:atemp>32.0</ns3:atemp>
            <ns3:hr>91</ns3:hr>
          </ns3:TrackPointExtension>
        </extensions>
      </trkpt>
      <trkpt lat="24.542061276733875274658203125" lon="118.13828322105109691619873046875">
        <ele>11.6000003814697265625</ele>
        <time>2026-08-05T00:03:51.000Z</time>
        <extensions>
          <ns3:TrackPointExtension>
            <ns3:atemp>32.0</ns3:atemp>
            <ns3:hr>91</ns3:hr>
          </ns3:TrackPointExtension>
        </extensions>
      </trkpt>
      <trkpt lat="24.54209941439330577850341796875" lon="118.138369135558605194091796875">
        <ele>11.6000003814697265625</ele>
        <time>2026-08-05T00:03:56.000Z</time>
        <extensions>
          <ns3:TrackPointExtension>
            <ns3:atemp>32.0</ns3:atemp>
            <ns3:hr>91</ns3:hr>
          </ns3:TrackPointExtension>
        </extensions>
      </trkpt>
      <trkpt lat="24.54210947267711162567138671875" lon="118.13840040005743503570556640625">
        <ele>11.6000003814697265625</ele>
        <time>2026-08-05T00:03:59.000Z</time>
        <extensions>
          <ns3:TrackPointExtension>
            <ns3:atemp>32.0</ns3:atemp>
            <ns3:hr>90</ns3:hr>
          </ns3:TrackPointExtension>
        </extensions>
      </trkpt>
      <trkpt lat="24.54209924675524234771728515625" lon="118.1384125538170337677001953125">
        <ele>11.6000003814697265625</ele>
        <time>2026-08-05T00:04:01.000Z</time>
        <extensions>
          <ns3:TrackPointExtension>
            <ns3:atemp>32.0</ns3:atemp>
            <ns3:hr>90</ns3:hr>
          </ns3:TrackPointExtension>
        </extensions>
      </trkpt>
      <trkpt lat="24.542108885943889617919921875" lon="118.138423450291156768798828125">
        <ele>11.6000003814697265625</ele>
        <time>2026-08-05T00:04:03.000Z</time>
        <extensions>
          <ns3:TrackPointExtension>
            <ns3:atemp>32.0</ns3:atemp>
            <ns3:hr>90</ns3:hr>
          </ns3:TrackPointExtension>
        </extensions>
      </trkpt>
      <trkpt lat="24.5421583391726016998291015625" lon="118.13845421187579631805419921875">
        <ele>11.3999996185302734375</ele>
        <time>2026-08-05T00:04:06.000Z</time>
        <extensions>
          <ns3:TrackPointExtension>
            <ns3:atemp>32.0</ns3:atemp>
            <ns3:hr>90</ns3:hr>
          </ns3:TrackPointExtension>
        </extensions>
      </trkpt>
      <trkpt lat="24.54219597391784191131591796875" lon="118.13850064761936664581298828125">
        <ele>11.3999996185302734375</ele>
        <time>2026-08-05T00:04:12.000Z</time>
        <extensions>
          <ns3:TrackPointExtension>
            <ns3:atemp>32.0</ns3:atemp>
            <ns3:hr>93</ns3:hr>
          </ns3:TrackPointExtension>
        </extensions>
      </trkpt>
      <trkpt lat="24.542200751602649688720703125" lon="118.13850835897028446197509765625">
        <ele>11.3999996185302734375</ele>
        <time>2026-08-05T00:04:13.000Z</time>
        <extensions>
          <ns3:TrackPointExtension>
            <ns3:atemp>32.0</ns3:atemp>
            <ns3:hr>90</ns3:hr>
          </ns3:TrackPointExtension>
        </extensions>
      </trkpt>
      <trkpt lat="24.54220100305974483489990234375" lon="118.13852260820567607879638671875">
        <ele>11.3999996185302734375</ele>
        <time>2026-08-05T00:04:14.000Z</time>
        <extensions>
          <ns3:TrackPointExtension>
            <ns3:atemp>32.0</ns3:atemp>
            <ns3:hr>93</ns3:hr>
          </ns3:TrackPointExtension>
        </extensions>
      </trkpt>
      <trkpt lat="24.54222044907510280609130859375" lon="118.138532079756259918212890625">
        <ele>11.3999996185302734375</ele>
        <time>2026-08-05T00:04:15.000Z</time>
        <extensions>
          <ns3:TrackPointExtension>
            <ns3:atemp>32.0</ns3:atemp>
            <ns3:hr>93</ns3:hr>
          </ns3:TrackPointExtension>
        </extensions>
      </trkpt>
      <trkpt lat="24.54225196503102779388427734375" lon="118.13856921158730983734130859375">
        <ele>11.6000003814697265625</ele>
        <time>2026-08-05T00:04:17.000Z</time>
        <extensions>
          <ns3:TrackPointExtension>
            <ns3:atemp>32.0</ns3:atemp>
            <ns3:hr>93</ns3:hr>
          </ns3:TrackPointExtension>
        </extensions>
      </trkpt>
      <trkpt lat="24.542273171246051788330078125" lon="118.13858379609882831573486328125">
        <ele>11.6000003814697265625</ele>
        <time>2026-08-05T00:04:19.000Z</time>
        <extensions>
          <ns3:TrackPointExtension>
            <ns3:atemp>32.0</ns3:atemp>
            <ns3:hr>93</ns3:hr>
          </ns3:TrackPointExtension>
        </extensions>
      </trkpt>
      <trkpt lat="24.5422629453241825103759765625" lon="118.138592429459095001220703125">
        <ele>11.6000003814697265625</ele>
        <time>2026-08-05T00:04:21.000Z</time>
        <extensions>
          <ns3:TrackPointExtension>
            <ns3:atemp>32.0</ns3:atemp>
            <ns3:hr>92</ns3:hr>
          </ns3:TrackPointExtension>
        </extensions>
      </trkpt>
      <trkpt lat="24.54226654954254627227783203125" lon="118.1386076845228672027587890625">
        <ele>11.6000003814697265625</ele>
        <time>2026-08-05T00:04:23.000Z</time>
        <extensions>
          <ns3:TrackPointExtension>
            <ns3:atemp>32.0</ns3:atemp>
            <ns3:hr>92</ns3:hr>
          </ns3:TrackPointExtension>
        </extensions>
      </trkpt>
      <trkpt lat="24.5423092134296894073486328125" lon="118.13864096067845821380615234375">
        <ele>11.6000003814697265625</ele>
        <time>2026-08-05T00:04:26.000Z</time>
        <extensions>
          <ns3:TrackPointExtension>
            <ns3:atemp>32.0</ns3:atemp>
            <ns3:hr>91</ns3:hr>
          </ns3:TrackPointExtension>
        </extensions>
      </trkpt>
      <trkpt lat="24.542356319725513458251953125" lon="118.13867616467177867889404296875">
        <ele>11.6000003814697265625</ele>
        <time>2026-08-05T00:04:32.000Z</time>
        <extensions>
          <ns3:TrackPointExtension>
            <ns3:atemp>32.0</ns3:atemp>
            <ns3:hr>90</ns3:hr>
          </ns3:TrackPointExtension>
        </extensions>
      </trkpt>
      <trkpt lat="24.54242949374020099639892578125" lon="118.1387464888393878936767578125">
        <ele>11.80000019073486328125</ele>
        <time>2026-08-05T00:04:38.000Z</time>
        <extensions>
          <ns3:TrackPointExtension>
            <ns3:atemp>32.0</ns3:atemp>
            <ns3:hr>91</ns3:hr>
          </ns3:TrackPointExtension>
        </extensions>
      </trkpt>
      <trkpt lat="24.5424460060894489288330078125" lon="118.13878194428980350494384765625">
        <ele>11.80000019073486328125</ele>
        <time>2026-08-05T00:04:41.000Z</time>
        <extensions>
          <ns3:TrackPointExtension>
            <ns3:atemp>32.0</ns3:atemp>
            <ns3:hr>90</ns3:hr>
          </ns3:TrackPointExtension>
        </extensions>
      </trkpt>
      <trkpt lat="24.54243041574954986572265625" lon="118.13879904337227344512939453125">
        <ele>11.80000019073486328125</ele>
        <time>2026-08-05T00:04:43.000Z</time>
        <extensions>
          <ns3:TrackPointExtension>
            <ns3:atemp>32.0</ns3:atemp>
            <ns3:hr>91</ns3:hr>
          </ns3:TrackPointExtension>
        </extensions>
      </trkpt>
      <trkpt lat="24.5424310863018035888671875" lon="118.13881941139698028564453125">
        <ele>11.80000019073486328125</ele>
        <time>2026-08-05T00:04:45.000Z</time>
        <extensions>
          <ns3:TrackPointExtension>
            <ns3:atemp>32.0</ns3:atemp>
            <ns3:hr>91</ns3:hr>
          </ns3:TrackPointExtension>
        </extensions>
      </trkpt>
      <trkpt lat="24.54244810156524181365966796875" lon="118.13890180550515651702880859375">
        <ele>11.80000019073486328125</ele>
        <time>2026-08-05T00:04:49.000Z</time>
        <extensions>
          <ns3:TrackPointExtension>
            <ns3:atemp>32.0</ns3:atemp>
            <ns3:hr>91</ns3:hr>
          </ns3:TrackPointExtension>
        </extensions>
      </trkpt>
      <trkpt lat="24.5424463413655757904052734375" lon="118.13892141915857791900634765625">
        <ele>11.6000003814697265625</ele>
        <time>2026-08-05T00:04:54.000Z</time>
        <extensions>
          <ns3:TrackPointExtension>
            <ns3:atemp>32.0</ns3:atemp>
            <ns3:hr>91</ns3:hr>
          </ns3:TrackPointExtension>
        </extensions>
      </trkpt>
      <trkpt lat="24.5424242131412029266357421875" lon="118.1389526836574077606201171875">
        <ele>11.3999996185302734375</ele>
        <time>2026-08-05T00:04:57.000Z</time>
        <extensions>
          <ns3:TrackPointExtension>
            <ns3:atemp>32.0</ns3:atemp>
            <ns3:hr>91</ns3:hr>
          </ns3:TrackPointExtension>
        </extensions>
      </trkpt>
      <trkpt lat="24.54240216873586177825927734375" lon="118.138975985348224639892578125">
        <ele>11.3999996185302734375</ele>
        <time>2026-08-05T00:04:59.000Z</time>
        <extensions>
          <ns3:TrackPointExtension>
            <ns3:atemp>32.0</ns3:atemp>
            <ns3:hr>91</ns3:hr>
          </ns3:TrackPointExtension>
        </extensions>
      </trkpt>
      <trkpt lat="24.54238993115723133087158203125" lon="118.13897766172885894775390625">
        <ele>11.3999996185302734375</ele>
        <time>2026-08-05T00:05:00.000Z</time>
        <extensions>
          <ns3:TrackPointExtension>
            <ns3:atemp>32.0</ns3:atemp>
            <ns3:hr>91</ns3:hr>
          </ns3:TrackPointExtension>
        </extensions>
      </trkpt>
      <trkpt lat="24.54236931167542934417724609375" lon="118.13899199478328227996826171875">
        <ele>11.3999996185302734375</ele>
        <time>2026-08-05T00:05:03.000Z</time>
        <extensions>
          <ns3:TrackPointExtension>
            <ns3:atemp>32.0</ns3:atemp>
            <ns3:hr>90</ns3:hr>
          </ns3:TrackPointExtension>
        </extensions>
      </trkpt>
      <trkpt lat="24.5423635281622409820556640625" lon="118.13899635337293148040771484375">
        <ele>11.6000003814697265625</ele>
        <time>2026-08-05T00:05:04.000Z</time>
        <extensions>
          <ns3:TrackPointExtension>
            <ns3:atemp>32.0</ns3:atemp>
            <ns3:hr>91</ns3:hr>
          </ns3:TrackPointExtension>
        </extensions>
      </trkpt>
      <trkpt lat="24.54235204495489597320556640625" lon="118.13902795314788818359375">
        <ele>11.6000003814697265625</ele>
        <time>2026-08-05T00:05:07.000Z</time>
        <extensions>
          <ns3:TrackPointExtension>
            <ns3:atemp>32.0</ns3:atemp>
            <ns3:hr>90</ns3:hr>
          </ns3:TrackPointExtension>
        </extensions>
      </trkpt>
      <trkpt lat="24.54232924617826938629150390625" lon="118.13904195092618465423583984375">
        <ele>11.6000003814697265625</ele>
        <time>2026-08-05T00:05:09.000Z</time>
        <extensions>
          <ns3:TrackPointExtension>
            <ns3:atemp>32.0</ns3:atemp>
            <ns3:hr>90</ns3:hr>
          </ns3:TrackPointExtension>
        </extensions>
      </trkpt>
      <trkpt lat="24.5422934554517269134521484375" lon="118.13905167393386363983154296875">
        <ele>11.3999996185302734375</ele>
        <time>2026-08-05T00:05:12.000Z</time>
        <extensions>
          <ns3:TrackPointExtension>
            <ns3:atemp>32.0</ns3:atemp>
            <ns3:hr>89</ns3:hr>
          </ns3:TrackPointExtension>
        </extensions>
      </trkpt>
      <trkpt lat="24.54227744601666927337646484375" lon="118.13905586488544940948486328125">
        <ele>11.3999996185302734375</ele>
        <time>2026-08-05T00:05:14.000Z</time>
        <extensions>
          <ns3:TrackPointExtension>
            <ns3:atemp>32.0</ns3:atemp>
            <ns3:hr>89</ns3:hr>
          </ns3:TrackPointExtension>
        </extensions>
      </trkpt>
      <trkpt lat="24.5422656275331974029541015625" lon="118.1390646658837795257568359375">
        <ele>11.3999996185302734375</ele>
        <time>2026-08-05T00:05:16.000Z</time>
        <extensions>
          <ns3:TrackPointExtension>
            <ns3:atemp>32.0</ns3:atemp>
            <ns3:hr>90</ns3:hr>
          </ns3:TrackPointExtension>
        </extensions>
      </trkpt>
      <trkpt lat="24.5422320999205112457275390625" lon="118.13908503390848636627197265625">
        <ele>11.3999996185302734375</ele>
        <time>2026-08-05T00:05:19.000Z</time>
        <extensions>
          <ns3:TrackPointExtension>
            <ns3:atemp>32.0</ns3:atemp>
            <ns3:hr>90</ns3:hr>
          </ns3:TrackPointExtension>
        </extensions>
      </trkpt>
      <trkpt lat="24.54222564585506916046142578125" lon="118.1390965171158313751220703125">
        <ele>11.3999996185302734375</ele>
        <time>2026-08-05T00:05:20.000Z</time>
        <extensions>
          <ns3:TrackPointExtension>
            <ns3:atemp>32.0</ns3:atemp>
            <ns3:hr>90</ns3:hr>
          </ns3:TrackPointExtension>
        </extensions>
      </trkpt>
      <trkpt lat="24.54219731502234935760498046875" lon="118.13915879465639591217041015625">
        <ele>11.3999996185302734375</ele>
        <time>2026-08-05T00:05:24.000Z</time>
        <extensions>
          <ns3:TrackPointExtension>
            <ns3:atemp>32.0</ns3:atemp>
            <ns3:hr>92</ns3:hr>
          </ns3:TrackPointExtension>
        </extensions>
      </trkpt>
      <trkpt lat="24.54216948710381984710693359375" lon="118.13919223845005035400390625">
        <ele>11.3999996185302734375</ele>
        <time>2026-08-05T00:05:28.000Z</time>
        <extensions>
          <ns3:TrackPointExtension>
            <ns3:atemp>32.0</ns3:atemp>
            <ns3:hr>91</ns3:hr>
          </ns3:TrackPointExtension>
        </extensions>
      </trkpt>
      <trkpt lat="24.54215507023036479949951171875" lon="118.139209337532520294189453125">
        <ele>11.3999996185302734375</ele>
        <time>2026-08-05T00:05:30.000Z</time>
        <extensions>
          <ns3:TrackPointExtension>
            <ns3:atemp>32.0</ns3:atemp>
            <ns3:hr>92</ns3:hr>
          </ns3:TrackPointExtension>
        </extensions>
      </trkpt>
      <trkpt lat="24.542149119079113006591796875" lon="118.13922367058694362640380859375">
        <ele>11.3999996185302734375</ele>
        <time>2026-08-05T00:05:31.000Z</time>
        <extensions>
          <ns3:TrackPointExtension>
            <ns3:atemp>32.0</ns3:atemp>
            <ns3:hr>92</ns3:hr>
          </ns3:TrackPointExtension>
        </extensions>
      </trkpt>
      <trkpt lat="24.54214802943170070648193359375" lon="118.139283098280429840087890625">
        <ele>11.6000003814697265625</ele>
        <time>2026-08-05T00:05:34.000Z</time>
        <extensions>
          <ns3:TrackPointExtension>
            <ns3:atemp>32.0</ns3:atemp>
            <ns3:hr>89</ns3:hr>
          </ns3:TrackPointExtension>
        </extensions>
      </trkpt>
      <trkpt lat="24.5421509630978107452392578125" lon="118.1392973475158214569091796875">
        <ele>11.6000003814697265625</ele>
        <time>2026-08-05T00:05:35.000Z</time>
        <extensions>
          <ns3:TrackPointExtension>
            <ns3:atemp>32.0</ns3:atemp>
            <ns3:hr>88</ns3:hr>
          </ns3:TrackPointExtension>
        </extensions>
      </trkpt>
      <trkpt lat="24.54215859062969684600830078125" lon="118.139345459640026092529296875">
        <ele>11.80000019073486328125</ele>
        <time>2026-08-05T00:05:41.000Z</time>
        <extensions>
          <ns3:TrackPointExtension>
            <ns3:atemp>32.0</ns3:atemp>
            <ns3:hr>88</ns3:hr>
          </ns3:TrackPointExtension>
        </extensions>
      </trkpt>
      <trkpt lat="24.54216781072318553924560546875" lon="118.13936054706573486328125">
        <ele>11.80000019073486328125</ele>
        <time>2026-08-05T00:05:42.000Z</time>
        <extensions>
          <ns3:TrackPointExtension>
            <ns3:atemp>32.0</ns3:atemp>
            <ns3:hr>88</ns3:hr>
          </ns3:TrackPointExtension>
        </extensions>
      </trkpt>
      <trkpt lat="24.54221852123737335205078125" lon="118.13940421678125858306884765625">
        <ele>11.6000003814697265625</ele>
        <time>2026-08-05T00:05:45.000Z</time>
        <extensions>
          <ns3:TrackPointExtension>
            <ns3:atemp>32.0</ns3:atemp>
            <ns3:hr>88</ns3:hr>
          </ns3:TrackPointExtension>
        </extensions>
      </trkpt>
      <trkpt lat="24.54223905690014362335205078125" lon="118.13941461034119129180908203125">
        <ele>11.80000019073486328125</ele>
        <time>2026-08-05T00:05:46.000Z</time>
        <extensions>
          <ns3:TrackPointExtension>
            <ns3:atemp>32.0</ns3:atemp>
            <ns3:hr>88</ns3:hr>
          </ns3:TrackPointExtension>
        </extensions>
      </trkpt>
      <trkpt lat="24.5422475226223468780517578125" lon="118.13943204469978809356689453125">
        <ele>11.80000019073486328125</ele>
        <time>2026-08-05T00:05:48.000Z</time>
        <extensions>
          <ns3:TrackPointExtension>
            <ns3:atemp>32.0</ns3:atemp>
            <ns3:hr>89</ns3:hr>
          </ns3:TrackPointExtension>
        </extensions>
      </trkpt>
      <trkpt lat="24.5422300882637500762939453125" lon="118.13945082016289234161376953125">
        <ele>11.80000019073486328125</ele>
        <time>2026-08-05T00:05:50.000Z</time>
        <extensions>
          <ns3:TrackPointExtension>
            <ns3:atemp>32.0</ns3:atemp>
            <ns3:hr>90</ns3:hr>
          </ns3:TrackPointExtension>
        </extensions>
      </trkpt>
      <trkpt lat="24.5422361232340335845947265625" lon="118.1394718587398529052734375">
        <ele>11.80000019073486328125</ele>
        <time>2026-08-05T00:05:52.000Z</time>
        <extensions>
          <ns3:TrackPointExtension>
            <ns3:atemp>32.0</ns3:atemp>
            <ns3:hr>90</ns3:hr>
          </ns3:TrackPointExtension>
        </extensions>
      </trkpt>
      <trkpt lat="24.54226302914321422576904296875" lon="118.13950337469577789306640625">
        <ele>11.80000019073486328125</ele>
        <time>2026-08-05T00:05:55.000Z</time>
        <extensions>
          <ns3:TrackPointExtension>
            <ns3:atemp>32.0</ns3:atemp>
            <ns3:hr>92</ns3:hr>
          </ns3:TrackPointExtension>
        </extensions>
      </trkpt>
      <trkpt lat="24.5423021726310253143310546875" lon="118.13956749625504016876220703125">
        <ele>11.80000019073486328125</ele>
        <time>2026-08-05T00:06:00.000Z</time>
        <extensions>
          <ns3:TrackPointExtension>
            <ns3:atemp>32.0</ns3:atemp>
            <ns3:hr>92</ns3:hr>
          </ns3:TrackPointExtension>
        </extensions>
      </trkpt>
      <trkpt lat="24.54230158589780330657958984375" lon="118.13957512378692626953125">
        <ele>11.80000019073486328125</ele>
        <time>2026-08-05T00:06:01.000Z</time>
        <extensions>
          <ns3:TrackPointExtension>
            <ns3:atemp>32.0</ns3:atemp>
            <ns3:hr>92</ns3:hr>
          </ns3:TrackPointExtension>
        </extensions>
      </trkpt>
      <trkpt lat="24.5423211157321929931640625" lon="118.13961108215153217315673828125">
        <ele>11.80000019073486328125</ele>
        <time>2026-08-05T00:06:05.000Z</time>
        <extensions>
          <ns3:TrackPointExtension>
            <ns3:atemp>32.0</ns3:atemp>
            <ns3:hr>92</ns3:hr>
          </ns3:TrackPointExtension>
        </extensions>
      </trkpt>
      <trkpt lat="24.54233544878661632537841796875" lon="118.13962700776755809783935546875">
        <ele>11.80000019073486328125</ele>
        <time>2026-08-05T00:06:07.000Z</time>
        <extensions>
          <ns3:TrackPointExtension>
            <ns3:atemp>32.0</ns3:atemp>
            <ns3:hr>92</ns3:hr>
          </ns3:TrackPointExtension>
        </extensions>
      </trkpt>
      <trkpt lat="24.542346931993961334228515625" lon="118.13966388814151287078857421875">
        <ele>11.3999996185302734375</ele>
        <time>2026-08-05T00:06:11.000Z</time>
        <extensions>
          <ns3:TrackPointExtension>
            <ns3:atemp>32.0</ns3:atemp>
            <ns3:hr>91</ns3:hr>
          </ns3:TrackPointExtension>
        </extensions>
      </trkpt>
      <trkpt lat="24.54233846627175807952880859375" lon="118.139706552028656005859375">
        <ele>11.6000003814697265625</ele>
        <time>2026-08-05T00:06:14.000Z</time>
        <extensions>
          <ns3:TrackPointExtension>
            <ns3:atemp>32.0</ns3:atemp>
            <ns3:hr>92</ns3:hr>
          </ns3:TrackPointExtension>
        </extensions>
      </trkpt>
      <trkpt lat="24.54234433360397815704345703125" lon="118.1397650577127933502197265625">
        <ele>11.80000019073486328125</ele>
        <time>2026-08-05T00:06:17.000Z</time>
        <extensions>
          <ns3:TrackPointExtension>
            <ns3:atemp>32.0</ns3:atemp>
            <ns3:hr>92</ns3:hr>
          </ns3:TrackPointExtension>
        </extensions>
      </trkpt>
      <trkpt lat="24.54235824756324291229248046875" lon="118.1397995911538600921630859375">
        <ele>11.80000019073486328125</ele>
        <time>2026-08-05T00:06:21.000Z</time>
        <extensions>
          <ns3:TrackPointExtension>
            <ns3:atemp>32.0</ns3:atemp>
            <ns3:hr>91</ns3:hr>
          </ns3:TrackPointExtension>
        </extensions>
      </trkpt>
      <trkpt lat="24.54236143268644809722900390625" lon="118.1397979147732257843017578125">
        <ele>11.80000019073486328125</ele>
        <time>2026-08-05T00:06:22.000Z</time>
        <extensions>
          <ns3:TrackPointExtension>
            <ns3:atemp>32.0</ns3:atemp>
            <ns3:hr>91</ns3:hr>
          </ns3:TrackPointExtension>
        </extensions>
      </trkpt>
      <trkpt lat="24.54236445017158985137939453125" lon="118.1398113258183002471923828125">
        <ele>11.80000019073486328125</ele>
        <time>2026-08-05T00:06:23.000Z</time>
        <extensions>
          <ns3:TrackPointExtension>
            <ns3:atemp>32.0</ns3:atemp>
            <ns3:hr>91</ns3:hr>
          </ns3:TrackPointExtension>
        </extensions>
      </trkpt>
      <trkpt lat="24.54235137440264225006103515625" lon="118.13985767774283885955810546875">
        <ele>11.80000019073486328125</ele>
        <time>2026-08-05T00:06:26.000Z</time>
        <extensions>
          <ns3:TrackPointExtension>
            <ns3:atemp>32.0</ns3:atemp>
            <ns3:hr>91</ns3:hr>
          </ns3:TrackPointExtension>
        </extensions>
      </trkpt>
      <trkpt lat="24.542327485978603363037109375" lon="118.1399316899478435516357421875">
        <ele>11.80000019073486328125</ele>
        <time>2026-08-05T00:06:29.000Z</time>
        <extensions>
          <ns3:TrackPointExtension>
            <ns3:atemp>32.0</ns3:atemp>
            <ns3:hr>91</ns3:hr>
          </ns3:TrackPointExtension>
        </extensions>
      </trkpt>
      <trkpt lat="24.54233310185372829437255859375" lon="118.1399427540600299835205078125">
        <ele>11.80000019073486328125</ele>
        <time>2026-08-05T00:06:31.000Z</time>
        <extensions>
          <ns3:TrackPointExtension>
            <ns3:atemp>32.0</ns3:atemp>
            <ns3:hr>90</ns3:hr>
          </ns3:TrackPointExtension>
        </extensions>
      </trkpt>
      <trkpt lat="24.54233695752918720245361328125" lon="118.13994887284934520721435546875">
        <ele>11.80000019073486328125</ele>
        <time>2026-08-05T00:06:33.000Z</time>
        <extensions>
          <ns3:TrackPointExtension>
            <ns3:atemp>32.0</ns3:atemp>
            <ns3:hr>93</ns3:hr>
          </ns3:TrackPointExtension>
        </extensions>
      </trkpt>
      <trkpt lat="24.54232807271182537078857421875" lon="118.1399940513074398040771484375">
        <ele>11.80000019073486328125</ele>
        <time>2026-08-05T00:06:36.000Z</time>
        <extensions>
          <ns3:TrackPointExtension>
            <ns3:atemp>32.0</ns3:atemp>
            <ns3:hr>93</ns3:hr>
          </ns3:TrackPointExtension>
        </extensions>
      </trkpt>
      <trkpt lat="24.54230108298361301422119140625" lon="118.1400879286229610443115234375">
        <ele>11.80000019073486328125</ele>
        <time>2026-08-05T00:06:42.000Z</time>
        <extensions>
          <ns3:TrackPointExtension>
            <ns3:atemp>32.0</ns3:atemp>
            <ns3:hr>91</ns3:hr>
          </ns3:TrackPointExtension>
        </extensions>
      </trkpt>
      <trkpt lat="24.54231298528611660003662109375" lon="118.14008809626102447509765625">
        <ele>11.80000019073486328125</ele>
        <time>2026-08-05T00:06:43.000Z</time>
        <extensions>
          <ns3:TrackPointExtension>
            <ns3:atemp>32.0</ns3:atemp>
            <ns3:hr>91</ns3:hr>
          </ns3:TrackPointExtension>
        </extensions>
      </trkpt>
      <trkpt lat="24.54230108298361301422119140625" lon="118.14011114649474620819091796875">
        <ele>11.80000019073486328125</ele>
        <time>2026-08-05T00:06:45.000Z</time>
        <extensions>
          <ns3:TrackPointExtension>
            <ns3:atemp>32.0</ns3:atemp>
            <ns3:hr>91</ns3:hr>
          </ns3:TrackPointExtension>
        </extensions>
      </trkpt>
      <trkpt lat="24.5422988198697566986083984375" lon="118.140157498419284820556640625">
        <ele>11.80000019073486328125</ele>
        <time>2026-08-05T00:06:48.000Z</time>
        <extensions>
          <ns3:TrackPointExtension>
            <ns3:atemp>32.0</ns3:atemp>
            <ns3:hr>90</ns3:hr>
          </ns3:TrackPointExtension>
        </extensions>
      </trkpt>
      <trkpt lat="24.542278535664081573486328125" lon="118.140211813151836395263671875">
        <ele>11.6000003814697265625</ele>
        <time>2026-08-05T00:06:51.000Z</time>
        <extensions>
          <ns3:TrackPointExtension>
            <ns3:atemp>32.0</ns3:atemp>
            <ns3:hr>90</ns3:hr>
          </ns3:TrackPointExtension>
        </extensions>
      </trkpt>
      <trkpt lat="24.54227191396057605743408203125" lon="118.1402203626930713653564453125">
        <ele>11.6000003814697265625</ele>
        <time>2026-08-05T00:06:52.000Z</time>
        <extensions>
          <ns3:TrackPointExtension>
            <ns3:atemp>32.0</ns3:atemp>
            <ns3:hr>90</ns3:hr>
          </ns3:TrackPointExtension>
        </extensions>
      </trkpt>
      <trkpt lat="24.542262442409992218017578125" lon="118.14024366438388824462890625">
        <ele>11.6000003814697265625</ele>
        <time>2026-08-05T00:06:57.000Z</time>
        <extensions>
          <ns3:TrackPointExtension>
            <ns3:atemp>32.0</ns3:atemp>
            <ns3:hr>88</ns3:hr>
          </ns3:TrackPointExtension>
        </extensions>
      </trkpt>
      <trkpt lat="24.54225950874388217926025390625" lon="118.14028264023363590240478515625">
        <ele>11.3999996185302734375</ele>
        <time>2026-08-05T00:06:59.000Z</time>
        <extensions>
          <ns3:TrackPointExtension>
            <ns3:atemp>32.0</ns3:atemp>
            <ns3:hr>88</ns3:hr>
          </ns3:TrackPointExtension>
        </extensions>
      </trkpt>
      <trkpt lat="24.54225380904972553253173828125" lon="118.14033460803329944610595703125">
        <ele>11.3999996185302734375</ele>
        <time>2026-08-05T00:07:01.000Z</time>
        <extensions>
          <ns3:TrackPointExtension>
            <ns3:atemp>32.0</ns3:atemp>
            <ns3:hr>89</ns3:hr>
          </ns3:TrackPointExtension>
        </extensions>
      </trkpt>
      <trkpt lat="24.54224710352718830108642578125" lon="118.140375427901744842529296875">
        <ele>11.19999980926513671875</ele>
        <time>2026-08-05T00:07:06.000Z</time>
        <extensions>
          <ns3:TrackPointExtension>
            <ns3:atemp>32.0</ns3:atemp>
            <ns3:hr>89</ns3:hr>
          </ns3:TrackPointExtension>
        </extensions>
      </trkpt>
      <trkpt lat="24.54225749708712100982666015625" lon="118.14040836878120899200439453125">
        <ele>11.19999980926513671875</ele>
        <time>2026-08-05T00:07:09.000Z</time>
        <extensions>
          <ns3:TrackPointExtension>
            <ns3:atemp>32.0</ns3:atemp>
            <ns3:hr>90</ns3:hr>
          </ns3:TrackPointExtension>
        </extensions>
      </trkpt>
      <trkpt lat="24.54226143658161163330078125" lon="118.14045228995382785797119140625">
        <ele>11.19999980926513671875</ele>
        <time>2026-08-05T00:07:11.000Z</time>
        <extensions>
          <ns3:TrackPointExtension>
            <ns3:atemp>32.0</ns3:atemp>
            <ns3:hr>90</ns3:hr>
          </ns3:TrackPointExtension>
        </extensions>
      </trkpt>
      <trkpt lat="24.54227040521800518035888671875" lon="118.14049855805933475494384765625">
        <ele>11.19999980926513671875</ele>
        <time>2026-08-05T00:07:15.000Z</time>
        <extensions>
          <ns3:TrackPointExtension>
            <ns3:atemp>32.0</ns3:atemp>
            <ns3:hr>89</ns3:hr>
          </ns3:TrackPointExtension>
        </extensions>
      </trkpt>
      <trkpt lat="24.54226504079997539520263671875" lon="118.14050677232444286346435546875">
        <ele>11.19999980926513671875</ele>
        <time>2026-08-05T00:07:16.000Z</time>
        <extensions>
          <ns3:TrackPointExtension>
            <ns3:atemp>32.0</ns3:atemp>
            <ns3:hr>89</ns3:hr>
          </ns3:TrackPointExtension>
        </extensions>
      </trkpt>
      <trkpt lat="24.54227141104638576507568359375" lon="118.140550442039966583251953125">
        <ele>11.19999980926513671875</ele>
        <time>2026-08-05T00:07:19.000Z</time>
        <extensions>
          <ns3:TrackPointExtension>
            <ns3:atemp>32.0</ns3:atemp>
            <ns3:hr>88</ns3:hr>
          </ns3:TrackPointExtension>
        </extensions>
      </trkpt>
      <trkpt lat="24.5422753505408763885498046875" lon="118.14058740623295307159423828125">
        <ele>11.3999996185302734375</ele>
        <time>2026-08-05T00:07:21.000Z</time>
        <extensions>
          <ns3:TrackPointExtension>
            <ns3:atemp>32.0</ns3:atemp>
            <ns3:hr>88</ns3:hr>
          </ns3:TrackPointExtension>
        </extensions>
      </trkpt>
      <trkpt lat="24.54228415153920650482177734375" lon="118.1406602449715137481689453125">
        <ele>11.3999996185302734375</ele>
        <time>2026-08-05T00:07:25.000Z</time>
        <extensions>
          <ns3:TrackPointExtension>
            <ns3:atemp>32.0</ns3:atemp>
            <ns3:hr>87</ns3:hr>
          </ns3:TrackPointExtension>
        </extensions>
      </trkpt>
      <trkpt lat="24.5422793738543987274169921875" lon="118.14066602848470211029052734375">
        <ele>11.6000003814697265625</ele>
        <time>2026-08-05T00:07:26.000Z</time>
        <extensions>
          <ns3:TrackPointExtension>
            <ns3:atemp>32.0</ns3:atemp>
            <ns3:hr>90</ns3:hr>
          </ns3:TrackPointExtension>
        </extensions>
      </trkpt>
      <trkpt lat="24.54224458895623683929443359375" lon="118.14072243869304656982421875">
        <ele>11.6000003814697265625</ele>
        <time>2026-08-05T00:07:31.000Z</time>
        <extensions>
          <ns3:TrackPointExtension>
            <ns3:atemp>32.0</ns3:atemp>
            <ns3:hr>90</ns3:hr>
          </ns3:TrackPointExtension>
        </extensions>
      </trkpt>
      <trkpt lat="24.542205445468425750732421875" lon="118.1408144719898700714111328125">
        <ele>11.6000003814697265625</ele>
        <time>2026-08-05T00:07:36.000Z</time>
        <extensions>
          <ns3:TrackPointExtension>
            <ns3:atemp>32.0</ns3:atemp>
            <ns3:hr>89</ns3:hr>
          </ns3:TrackPointExtension>
        </extensions>
      </trkpt>
      <trkpt lat="24.54219429753720760345458984375" lon="118.1408201716840267181396484375">
        <ele>11.6000003814697265625</ele>
        <time>2026-08-05T00:07:37.000Z</time>
        <extensions>
          <ns3:TrackPointExtension>
            <ns3:atemp>32.0</ns3:atemp>
            <ns3:hr>90</ns3:hr>
          </ns3:TrackPointExtension>
        </extensions>
      </trkpt>
      <trkpt lat="24.54217451624572277069091796875" lon="118.14083048142492771148681640625">
        <ele>11.6000003814697265625</ele>
        <time>2026-08-05T00:07:41.000Z</time>
        <extensions>
          <ns3:TrackPointExtension>
            <ns3:atemp>32.0</ns3:atemp>
            <ns3:hr>90</ns3:hr>
          </ns3:TrackPointExtension>
        </extensions>
      </trkpt>
      <trkpt lat="24.54216982237994670867919921875" lon="118.1408453173935413360595703125">
        <ele>11.6000003814697265625</ele>
        <time>2026-08-05T00:07:42.000Z</time>
        <extensions>
          <ns3:TrackPointExtension>
            <ns3:atemp>32.0</ns3:atemp>
            <ns3:hr>90</ns3:hr>
          </ns3:TrackPointExtension>
        </extensions>
      </trkpt>
      <trkpt lat="24.54217133112251758575439453125" lon="118.14093223772943019866943359375">
        <ele>11.6000003814697265625</ele>
        <time>2026-08-05T00:07:46.000Z</time>
        <extensions>
          <ns3:TrackPointExtension>
            <ns3:atemp>32.0</ns3:atemp>
            <ns3:hr>92</ns3:hr>
          </ns3:TrackPointExtension>
        </extensions>
      </trkpt>
      <trkpt lat="24.5421663857996463775634765625" lon="118.1409529410302639007568359375">
        <ele>11.6000003814697265625</ele>
        <time>2026-08-05T00:07:48.000Z</time>
        <extensions>
          <ns3:TrackPointExtension>
            <ns3:atemp>32.0</ns3:atemp>
            <ns3:hr>91</ns3:hr>
          </ns3:TrackPointExtension>
        </extensions>
      </trkpt>
      <trkpt lat="24.54215389676392078399658203125" lon="118.1409566290676593780517578125">
        <ele>11.6000003814697265625</ele>
        <time>2026-08-05T00:07:50.000Z</time>
        <extensions>
          <ns3:TrackPointExtension>
            <ns3:atemp>32.0</ns3:atemp>
            <ns3:hr>91</ns3:hr>
          </ns3:TrackPointExtension>
        </extensions>
      </trkpt>
      <trkpt lat="24.54215020872652530670166015625" lon="118.14096358604729175567626953125">
        <ele>11.6000003814697265625</ele>
        <time>2026-08-05T00:07:51.000Z</time>
        <extensions>
          <ns3:TrackPointExtension>
            <ns3:atemp>32.0</ns3:atemp>
            <ns3:hr>90</ns3:hr>
          </ns3:TrackPointExtension>
        </extensions>
      </trkpt>
      <trkpt lat="24.5421412400901317596435546875" lon="118.1409928388893604278564453125">
        <ele>11.6000003814697265625</ele>
        <time>2026-08-05T00:07:55.000Z</time>
        <extensions>
          <ns3:TrackPointExtension>
            <ns3:atemp>32.0</ns3:atemp>
            <ns3:hr>91</ns3:hr>
          </ns3:TrackPointExtension>
        </extensions>
      </trkpt>
      <trkpt lat="24.54214517958462238311767578125" lon="118.1410112790763378143310546875">
        <ele>11.6000003814697265625</ele>
        <time>2026-08-05T00:07:56.000Z</time>
        <extensions>
          <ns3:TrackPointExtension>
            <ns3:atemp>32.0</ns3:atemp>
            <ns3:hr>91</ns3:hr>
          </ns3:TrackPointExtension>
        </extensions>
      </trkpt>
      <trkpt lat="24.54214216209948062896728515625" lon="118.14102376811206340789794921875">
        <ele>11.6000003814697265625</ele>
        <time>2026-08-05T00:07:57.000Z</time>
        <extensions>
          <ns3:TrackPointExtension>
            <ns3:atemp>32.0</ns3:atemp>
            <ns3:hr>91</ns3:hr>
          </ns3:TrackPointExtension>
        </extensions>
      </trkpt>
      <trkpt lat="24.5421127416193485260009765625" lon="118.14105235040187835693359375">
        <ele>11.6000003814697265625</ele>
        <time>2026-08-05T00:08:02.000Z</time>
        <extensions>
          <ns3:TrackPointExtension>
            <ns3:atemp>32.0</ns3:atemp>
            <ns3:hr>92</ns3:hr>
          </ns3:TrackPointExtension>
        </extensions>
      </trkpt>
      <trkpt lat="24.542105533182621002197265625" lon="118.14106064848601818084716796875">
        <ele>11.6000003814697265625</ele>
        <time>2026-08-05T00:08:03.000Z</time>
        <extensions>
          <ns3:TrackPointExtension>
            <ns3:atemp>32.0</ns3:atemp>
            <ns3:hr>92</ns3:hr>
          </ns3:TrackPointExtension>
        </extensions>
      </trkpt>
      <trkpt lat="24.54212087206542491912841796875" lon="118.14111077226698398590087890625">
        <ele>11.6000003814697265625</ele>
        <time>2026-08-05T00:08:06.000Z</time>
        <extensions>
          <ns3:TrackPointExtension>
            <ns3:atemp>32.0</ns3:atemp>
            <ns3:hr>93</ns3:hr>
          </ns3:TrackPointExtension>
        </extensions>
      </trkpt>
      <trkpt lat="24.54209857620298862457275390625" lon="118.14110708422958850860595703125">
        <ele>11.6000003814697265625</ele>
        <time>2026-08-05T00:08:07.000Z</time>
        <extensions>
          <ns3:TrackPointExtension>
            <ns3:atemp>32.0</ns3:atemp>
            <ns3:hr>93</ns3:hr>
          </ns3:TrackPointExtension>
        </extensions>
      </trkpt>
      <trkpt lat="24.54208315350115299224853515625" lon="118.14110993407666683197021484375">
        <ele>11.6000003814697265625</ele>
        <time>2026-08-05T00:08:09.000Z</time>
        <extensions>
          <ns3:TrackPointExtension>
            <ns3:atemp>32.0</ns3:atemp>
            <ns3:hr>93</ns3:hr>
          </ns3:TrackPointExtension>
        </extensions>
      </trkpt>
      <trkpt lat="24.5420728437602519989013671875" lon="118.14110674895346164703369140625">
        <ele>11.6000003814697265625</ele>
        <time>2026-08-05T00:08:10.000Z</time>
        <extensions>
          <ns3:TrackPointExtension>
            <ns3:atemp>32.0</ns3:atemp>
            <ns3:hr>93</ns3:hr>
          </ns3:TrackPointExtension>
        </extensions>
      </trkpt>
      <trkpt lat="24.54201777465641498565673828125" lon="118.14111043699085712432861328125">
        <ele>11.6000003814697265625</ele>
        <time>2026-08-05T00:08:14.000Z</time>
        <extensions>
          <ns3:TrackPointExtension>
            <ns3:atemp>32.0</ns3:atemp>
            <ns3:hr>92</ns3:hr>
          </ns3:TrackPointExtension>
        </extensions>
      </trkpt>
      <trkpt lat="24.542008973658084869384765625" lon="118.1411205790936946868896484375">
        <ele>11.6000003814697265625</ele>
        <time>2026-08-05T00:08:15.000Z</time>
        <extensions>
          <ns3:TrackPointExtension>
            <ns3:atemp>32.0</ns3:atemp>
            <ns3:hr>92</ns3:hr>
          </ns3:TrackPointExtension>
        </extensions>
      </trkpt>
      <trkpt lat="24.5420027710497379302978515625" lon="118.14113683998584747314453125">
        <ele>11.6000003814697265625</ele>
        <time>2026-08-05T00:08:16.000Z</time>
        <extensions>
          <ns3:TrackPointExtension>
            <ns3:atemp>32.0</ns3:atemp>
            <ns3:hr>92</ns3:hr>
          </ns3:TrackPointExtension>
        </extensions>
      </trkpt>
      <trkpt lat="24.54196345992386341094970703125" lon="118.14118436537683010101318359375">
        <ele>11.6000003814697265625</ele>
        <time>2026-08-05T00:08:20.000Z</time>
        <extensions>
          <ns3:TrackPointExtension>
            <ns3:atemp>32.0</ns3:atemp>
            <ns3:hr>92</ns3:hr>
          </ns3:TrackPointExtension>
        </extensions>
      </trkpt>
      <trkpt lat="24.54191752709448337554931640625" lon="118.14123666845262050628662109375">
        <ele>11.80000019073486328125</ele>
        <time>2026-08-05T00:08:25.000Z</time>
        <extensions>
          <ns3:TrackPointExtension>
            <ns3:atemp>32.0</ns3:atemp>
            <ns3:hr>92</ns3:hr>
          </ns3:TrackPointExtension>
        </extensions>
      </trkpt>
      <trkpt lat="24.5418797247111797332763671875" lon="118.14127589575946331024169921875">
        <ele>11.80000019073486328125</ele>
        <time>2026-08-05T00:08:28.000Z</time>
        <extensions>
          <ns3:TrackPointExtension>
            <ns3:atemp>32.0</ns3:atemp>
            <ns3:hr>93</ns3:hr>
          </ns3:TrackPointExtension>
        </extensions>
      </trkpt>
      <trkpt lat="24.5418651401996612548828125" lon="118.14130942337214946746826171875">
        <ele>11.80000019073486328125</ele>
        <time>2026-08-05T00:08:30.000Z</time>
        <extensions>
          <ns3:TrackPointExtension>
            <ns3:atemp>32.0</ns3:atemp>
            <ns3:hr>94</ns3:hr>
          </ns3:TrackPointExtension>
        </extensions>
      </trkpt>
      <trkpt lat="24.5418502204120159149169921875" lon="118.14131319522857666015625">
        <ele>11.80000019073486328125</ele>
        <time>2026-08-05T00:08:31.000Z</time>
        <extensions>
          <ns3:TrackPointExtension>
            <ns3:atemp>32.0</ns3:atemp>
            <ns3:hr>93</ns3:hr>
          </ns3:TrackPointExtension>
        </extensions>
      </trkpt>
      <trkpt lat="24.5418093167245388031005859375" lon="118.14134647138416767120361328125">
        <ele>11.80000019073486328125</ele>
        <time>2026-08-05T00:08:35.000Z</time>
        <extensions>
          <ns3:TrackPointExtension>
            <ns3:atemp>32.0</ns3:atemp>
            <ns3:hr>94</ns3:hr>
          </ns3:TrackPointExtension>
        </extensions>
      </trkpt>
      <trkpt lat="24.5417685806751251220703125" lon="118.14138452522456645965576171875">
        <ele>11.6000003814697265625</ele>
        <time>2026-08-05T00:08:39.000Z</time>
        <extensions>
          <ns3:TrackPointExtension>
            <ns3:atemp>32.0</ns3:atemp>
            <ns3:hr>92</ns3:hr>
          </ns3:TrackPointExtension>
        </extensions>
      </trkpt>
      <trkpt lat="24.5417419262230396270751953125" lon="118.1414146162569522857666015625">
        <ele>11.6000003814697265625</ele>
        <time>2026-08-05T00:08:42.000Z</time>
        <extensions>
          <ns3:TrackPointExtension>
            <ns3:atemp>32.0</ns3:atemp>
            <ns3:hr>92</ns3:hr>
          </ns3:TrackPointExtension>
        </extensions>
      </trkpt>
      <trkpt lat="24.54173195175826549530029296875" lon="118.141434229910373687744140625">
        <ele>11.80000019073486328125</ele>
        <time>2026-08-05T00:08:45.000Z</time>
        <extensions>
          <ns3:TrackPointExtension>
            <ns3:atemp>32.0</ns3:atemp>
            <ns3:hr>92</ns3:hr>
          </ns3:TrackPointExtension>
        </extensions>
      </trkpt>
      <trkpt lat="24.54172692261636257171630859375" lon="118.14143314026296138763427734375">
        <ele>12</ele>
        <time>2026-08-05T00:08:46.000Z</time>
        <extensions>
          <ns3:TrackPointExtension>
            <ns3:atemp>32.0</ns3:atemp>
            <ns3:hr>92</ns3:hr>
          </ns3:TrackPointExtension>
        </extensions>
      </trkpt>
      <trkpt lat="24.54172231256961822509765625" lon="118.14144638366997241973876953125">
        <ele>12</ele>
        <time>2026-08-05T00:08:47.000Z</time>
        <extensions>
          <ns3:TrackPointExtension>
            <ns3:atemp>32.0</ns3:atemp>
            <ns3:hr>90</ns3:hr>
          </ns3:TrackPointExtension>
        </extensions>
      </trkpt>
      <trkpt lat="24.541685096919536590576171875" lon="118.1414716131985187530517578125">
        <ele>12</ele>
        <time>2026-08-05T00:08:50.000Z</time>
        <extensions>
          <ns3:TrackPointExtension>
            <ns3:atemp>32.0</ns3:atemp>
            <ns3:hr>92</ns3:hr>
          </ns3:TrackPointExtension>
        </extensions>
      </trkpt>
      <trkpt lat="24.54167193733155727386474609375" lon="118.14148016273975372314453125">
        <ele>12</ele>
        <time>2026-08-05T00:08:51.000Z</time>
        <extensions>
          <ns3:TrackPointExtension>
            <ns3:atemp>32.0</ns3:atemp>
            <ns3:hr>91</ns3:hr>
          </ns3:TrackPointExtension>
        </extensions>
      </trkpt>
      <trkpt lat="24.54165886156260967254638671875" lon="118.1414915621280670166015625">
        <ele>12</ele>
        <time>2026-08-05T00:08:52.000Z</time>
        <extensions>
          <ns3:TrackPointExtension>
            <ns3:atemp>32.0</ns3:atemp>
            <ns3:hr>93</ns3:hr>
          </ns3:TrackPointExtension>
        </extensions>
      </trkpt>
      <trkpt lat="24.541611336171627044677734375" lon="118.1415128521621227264404296875">
        <ele>12.19999980926513671875</ele>
        <time>2026-08-05T00:08:56.000Z</time>
        <extensions>
          <ns3:TrackPointExtension>
            <ns3:atemp>32.0</ns3:atemp>
            <ns3:hr>93</ns3:hr>
          </ns3:TrackPointExtension>
        </extensions>
      </trkpt>
      <trkpt lat="24.541615359485149383544921875" lon="118.141526766121387481689453125">
        <ele>12.19999980926513671875</ele>
        <time>2026-08-05T00:08:57.000Z</time>
        <extensions>
          <ns3:TrackPointExtension>
            <ns3:atemp>32.0</ns3:atemp>
            <ns3:hr>93</ns3:hr>
          </ns3:TrackPointExtension>
        </extensions>
      </trkpt>
    </trkseg>
  </trk>
</gpx>
