<?xml version="1.0" encoding="UTF-8"?>
<gpx creator="Garmin Connect" version="1.1"
  xsi:schemaLocation="http://www.topografix.com/GPX/1/1 http://www.topografix.com/GPX/11.xsd"
  xmlns:ns3="http://www.garmin.com/xmlschemas/TrackPointExtension/v1"
  xmlns="http://www.topografix.com/GPX/1/1"
  xmlns:xsi="http://www.w3.org/2001/XMLSchema-instance" xmlns:ns2="http://www.garmin.com/xmlschemas/GpxExtensions/v3">
  <metadata>
    <link href="connect.garmin.com">
      <text>Garmin Connect</text>
    </link>
    <time>2026-08-31T11:25:23.000Z</time>
  </metadata>
  <trk>
    <name>厦门市 骑行</name>
    <type>cycling</type>
    <trkseg>
      <trkpt lat="24.490886069834232330322265625" lon="118.1484706699848175048828125">
        <ele>26.3999996185302734375</ele>
        <time>2026-08-31T11:25:23.000Z</time>
        <extensions>
          <ns3:TrackPointExtension>
            <ns3:atemp>29.0</ns3:atemp>
            <ns3:hr>109</ns3:hr>
          </ns3:TrackPointExtension>
        </extensions>
      </trkpt>
      <trkpt lat="24.4908634386956691741943359375" lon="118.1485080532729625701904296875">
        <ele>27.6000003814697265625</ele>
        <time>2026-08-31T11:25:26.000Z</time>
        <extensions>
          <ns3:TrackPointExtension>
            <ns3:atemp>29.0</ns3:atemp>
            <ns3:hr>108</ns3:hr>
          </ns3:TrackPointExtension>
        </extensions>
      </trkpt>
      <trkpt lat="24.49086603708565235137939453125" lon="118.148525319993495941162109375">
        <ele>28.200000762939453125</ele>
        <time>2026-08-31T11:25:28.000Z</time>
        <extensions>
          <ns3:TrackPointExtension>
            <ns3:atemp>29.0</ns3:atemp>
            <ns3:hr>106</ns3:hr>
          </ns3:TrackPointExtension>
        </extensions>
      </trkpt>
      <trkpt lat="24.4908714853227138519287109375" lon="118.14852808602154254913330078125">
        <ele>28.3999996185302734375</ele>
        <time>2026-08-31T11:25:29.000Z</time>
        <extensions>
          <ns3:TrackPointExtension>
            <ns3:atemp>29.0</ns3:atemp>
            <ns3:hr>106</ns3:hr>
          </ns3:TrackPointExtension>
        </extensions>
      </trkpt>
      <trkpt lat="24.4908817112445831298828125" lon="118.14853797666728496551513671875">
        <ele>28.6000003814697265625</ele>
        <time>2026-08-31T11:25:30.000Z</time>
        <extensions>
          <ns3:TrackPointExtension>
            <ns3:atemp>29.0</ns3:atemp>
            <ns3:hr>103</ns3:hr>
          </ns3:TrackPointExtension>
        </extensions>
      </trkpt>
      <trkpt lat="24.4909415580332279205322265625" lon="118.14857997000217437744140625">
        <ele>29.6000003814697265625</ele>
        <time>2026-08-31T11:25:34.000Z</time>
        <extensions>
          <ns3:TrackPointExtension>
            <ns3:atemp>29.0</ns3:atemp>
            <ns3:hr>101</ns3:hr>
          </ns3:TrackPointExtension>
        </extensions>
      </trkpt>
      <trkpt lat="24.49095874093472957611083984375" lon="118.14858877100050449371337890625">
        <ele>29.799999237060546875</ele>
        <time>2026-08-31T11:25:35.000Z</time>
        <extensions>
          <ns3:TrackPointExtension>
            <ns3:atemp>29.0</ns3:atemp>
            <ns3:hr>101</ns3:hr>
          </ns3:TrackPointExtension>
        </extensions>
      </trkpt>
      <trkpt lat="24.491061083972454071044921875" lon="118.1486371345818042755126953125">
        <ele>30.3999996185302734375</ele>
        <time>2026-08-31T11:25:40.000Z</time>
        <extensions>
          <ns3:TrackPointExtension>
            <ns3:atemp>29.0</ns3:atemp>
            <ns3:hr>103</ns3:hr>
          </ns3:TrackPointExtension>
        </extensions>
      </trkpt>
      <trkpt lat="24.49115638621151447296142578125" lon="118.14870175905525684356689453125">
        <ele>30.799999237060546875</ele>
        <time>2026-08-31T11:25:44.000Z</time>
        <extensions>
          <ns3:TrackPointExtension>
            <ns3:atemp>29.0</ns3:atemp>
            <ns3:hr>105</ns3:hr>
          </ns3:TrackPointExtension>
        </extensions>
      </trkpt>
      <trkpt lat="24.49117717333137989044189453125" lon="118.148723132908344268798828125">
        <ele>31</ele>
        <time>2026-08-31T11:25:45.000Z</time>
        <extensions>
          <ns3:TrackPointExtension>
            <ns3:atemp>29.0</ns3:atemp>
            <ns3:hr>106</ns3:hr>
          </ns3:TrackPointExtension>
        </extensions>
      </trkpt>
      <trkpt lat="24.49127205647528171539306640625" lon="118.14886554144322872161865234375">
        <ele>31.799999237060546875</ele>
        <time>2026-08-31T11:25:50.000Z</time>
        <extensions>
          <ns3:TrackPointExtension>
            <ns3:atemp>29.0</ns3:atemp>
            <ns3:hr>109</ns3:hr>
          </ns3:TrackPointExtension>
        </extensions>
      </trkpt>
      <trkpt lat="24.49128731153905391693115234375" lon="118.14889605157077312469482421875">
        <ele>31.799999237060546875</ele>
        <time>2026-08-31T11:25:51.000Z</time>
        <extensions>
          <ns3:TrackPointExtension>
            <ns3:atemp>29.0</ns3:atemp>
            <ns3:hr>111</ns3:hr>
          </ns3:TrackPointExtension>
        </extensions>
      </trkpt>
      <trkpt lat="24.49129703454673290252685546875" lon="118.1489284895360469818115234375">
        <ele>32</ele>
        <time>2026-08-31T11:25:52.000Z</time>
        <extensions>
          <ns3:TrackPointExtension>
            <ns3:atemp>29.0</ns3:atemp>
            <ns3:hr>113</ns3:hr>
          </ns3:TrackPointExtension>
        </extensions>
      </trkpt>
      <trkpt lat="24.49137163348495960235595703125" lon="118.1491467542946338653564453125">
        <ele>32.40000152587890625</ele>
        <time>2026-08-31T11:25:58.000Z</time>
        <extensions>
          <ns3:TrackPointExtension>
            <ns3:atemp>29.0</ns3:atemp>
            <ns3:hr>115</ns3:hr>
          </ns3:TrackPointExtension>
        </extensions>
      </trkpt>
      <trkpt lat="24.49151596985757350921630859375" lon="118.149260915815830230712890625">
        <ele>32.59999847412109375</ele>
        <time>2026-08-31T11:26:03.000Z</time>
        <extensions>
          <ns3:TrackPointExtension>
            <ns3:atemp>29.0</ns3:atemp>
            <ns3:hr>115</ns3:hr>
          </ns3:TrackPointExtension>
        </extensions>
      </trkpt>
      <trkpt lat="24.49162493459880352020263671875" lon="118.14929855056107044219970703125">
        <ele>33</ele>
        <time>2026-08-31T11:26:06.000Z</time>
        <extensions>
          <ns3:TrackPointExtension>
            <ns3:atemp>29.0</ns3:atemp>
            <ns3:hr>116</ns3:hr>
          </ns3:TrackPointExtension>
        </extensions>
      </trkpt>
      <trkpt lat="24.4916992820799350738525390625" lon="118.14931891858577728271484375">
        <ele>32</ele>
        <time>2026-08-31T11:26:08.000Z</time>
        <extensions>
          <ns3:TrackPointExtension>
            <ns3:atemp>29.0</ns3:atemp>
            <ns3:hr>118</ns3:hr>
          </ns3:TrackPointExtension>
        </extensions>
      </trkpt>
      <trkpt lat="24.4917361624538898468017578125" lon="118.1493328325450420379638671875">
        <ele>31.799999237060546875</ele>
        <time>2026-08-31T11:26:09.000Z</time>
        <extensions>
          <ns3:TrackPointExtension>
            <ns3:atemp>29.0</ns3:atemp>
            <ns3:hr>117</ns3:hr>
          </ns3:TrackPointExtension>
        </extensions>
      </trkpt>
      <trkpt lat="24.49200698174536228179931640625" lon="118.14939209260046482086181640625">
        <ele>32.200000762939453125</ele>
        <time>2026-08-31T11:26:16.000Z</time>
        <extensions>
          <ns3:TrackPointExtension>
            <ns3:atemp>29.0</ns3:atemp>
            <ns3:hr>117</ns3:hr>
          </ns3:TrackPointExtension>
        </extensions>
      </trkpt>
      <trkpt lat="24.4922011904418468475341796875" lon="118.1494203396141529083251953125">
        <ele>32.799999237060546875</ele>
        <time>2026-08-31T11:26:21.000Z</time>
        <extensions>
          <ns3:TrackPointExtension>
            <ns3:atemp>29.0</ns3:atemp>
            <ns3:hr>118</ns3:hr>
          </ns3:TrackPointExtension>
        </extensions>
      </trkpt>
      <trkpt lat="24.49246865697205066680908203125" lon="118.149441294372081756591796875">
        <ele>32.59999847412109375</ele>
        <time>2026-08-31T11:26:27.000Z</time>
        <extensions>
          <ns3:TrackPointExtension>
            <ns3:atemp>29.0</ns3:atemp>
            <ns3:hr>121</ns3:hr>
          </ns3:TrackPointExtension>
        </extensions>
      </trkpt>
      <trkpt lat="24.49251777492463588714599609375" lon="118.14944238401949405670166015625">
        <ele>32.59999847412109375</ele>
        <time>2026-08-31T11:26:28.000Z</time>
        <extensions>
          <ns3:TrackPointExtension>
            <ns3:atemp>29.0</ns3:atemp>
            <ns3:hr>121</ns3:hr>
          </ns3:TrackPointExtension>
        </extensions>
      </trkpt>
      <trkpt lat="24.49261081404983997344970703125" lon="118.1494394503533840179443359375">
        <ele>32.40000152587890625</ele>
        <time>2026-08-31T11:26:30.000Z</time>
        <extensions>
          <ns3:TrackPointExtension>
            <ns3:atemp>29.0</ns3:atemp>
            <ns3:hr>121</ns3:hr>
          </ns3:TrackPointExtension>
        </extensions>
      </trkpt>
      <trkpt lat="24.492703936994075775146484375" lon="118.14943383447825908660888671875">
        <ele>32.200000762939453125</ele>
        <time>2026-08-31T11:26:32.000Z</time>
        <extensions>
          <ns3:TrackPointExtension>
            <ns3:atemp>29.0</ns3:atemp>
            <ns3:hr>121</ns3:hr>
          </ns3:TrackPointExtension>
        </extensions>
      </trkpt>
      <trkpt lat="24.49275590479373931884765625" lon="118.14943014644086360931396484375">
        <ele>32</ele>
        <time>2026-08-31T11:26:33.000Z</time>
        <extensions>
          <ns3:TrackPointExtension>
            <ns3:atemp>29.0</ns3:atemp>
            <ns3:hr>121</ns3:hr>
          </ns3:TrackPointExtension>
        </extensions>
      </trkpt>
      <trkpt lat="24.4928080402314662933349609375" lon="118.14942126162350177764892578125">
        <ele>31.799999237060546875</ele>
        <time>2026-08-31T11:26:34.000Z</time>
        <extensions>
          <ns3:TrackPointExtension>
            <ns3:atemp>29.0</ns3:atemp>
            <ns3:hr>121</ns3:hr>
          </ns3:TrackPointExtension>
        </extensions>
      </trkpt>
      <trkpt lat="24.492892362177371978759765625" lon="118.14940634183585643768310546875">
        <ele>31.799999237060546875</ele>
        <time>2026-08-31T11:26:36.000Z</time>
        <extensions>
          <ns3:TrackPointExtension>
            <ns3:atemp>29.0</ns3:atemp>
            <ns3:hr>121</ns3:hr>
          </ns3:TrackPointExtension>
        </extensions>
      </trkpt>
      <trkpt lat="24.49298229999840259552001953125" lon="118.1494012288749217987060546875">
        <ele>31.6000003814697265625</ele>
        <time>2026-08-31T11:26:38.000Z</time>
        <extensions>
          <ns3:TrackPointExtension>
            <ns3:atemp>29.0</ns3:atemp>
            <ns3:hr>120</ns3:hr>
          </ns3:TrackPointExtension>
        </extensions>
      </trkpt>
      <trkpt lat="24.49304969049990177154541015625" lon="118.14934163354337215423583984375">
        <ele>31.200000762939453125</ele>
        <time>2026-08-31T11:26:40.000Z</time>
        <extensions>
          <ns3:TrackPointExtension>
            <ns3:atemp>29.0</ns3:atemp>
            <ns3:hr>121</ns3:hr>
          </ns3:TrackPointExtension>
        </extensions>
      </trkpt>
      <trkpt lat="24.49311129748821258544921875" lon="118.14926317892968654632568359375">
        <ele>31</ele>
        <time>2026-08-31T11:26:42.000Z</time>
        <extensions>
          <ns3:TrackPointExtension>
            <ns3:atemp>29.0</ns3:atemp>
            <ns3:hr>121</ns3:hr>
          </ns3:TrackPointExtension>
        </extensions>
      </trkpt>
      <trkpt lat="24.4931496866047382354736328125" lon="118.1492399610579013824462890625">
        <ele>31</ele>
        <time>2026-08-31T11:26:43.000Z</time>
        <extensions>
          <ns3:TrackPointExtension>
            <ns3:atemp>29.0</ns3:atemp>
            <ns3:hr>121</ns3:hr>
          </ns3:TrackPointExtension>
        </extensions>
      </trkpt>
      <trkpt lat="24.493220262229442596435546875" lon="118.14925798214972019195556640625">
        <ele>28.799999237060546875</ele>
        <time>2026-08-31T11:26:45.000Z</time>
        <extensions>
          <ns3:TrackPointExtension>
            <ns3:atemp>29.0</ns3:atemp>
            <ns3:hr>121</ns3:hr>
          </ns3:TrackPointExtension>
        </extensions>
      </trkpt>
      <trkpt lat="24.49328966438770294189453125" lon="118.14926099963486194610595703125">
        <ele>28.3999996185302734375</ele>
        <time>2026-08-31T11:26:47.000Z</time>
        <extensions>
          <ns3:TrackPointExtension>
            <ns3:atemp>29.0</ns3:atemp>
            <ns3:hr>121</ns3:hr>
          </ns3:TrackPointExtension>
        </extensions>
      </trkpt>
      <trkpt lat="24.4934859685599803924560546875" lon="118.1493008136749267578125">
        <ele>28.200000762939453125</ele>
        <time>2026-08-31T11:26:50.000Z</time>
        <extensions>
          <ns3:TrackPointExtension>
            <ns3:atemp>29.0</ns3:atemp>
            <ns3:hr>120</ns3:hr>
          </ns3:TrackPointExtension>
        </extensions>
      </trkpt>
      <trkpt lat="24.4935469888150691986083984375" lon="118.149298131465911865234375">
        <ele>28.200000762939453125</ele>
        <time>2026-08-31T11:26:51.000Z</time>
        <extensions>
          <ns3:TrackPointExtension>
            <ns3:atemp>29.0</ns3:atemp>
            <ns3:hr>120</ns3:hr>
          </ns3:TrackPointExtension>
        </extensions>
      </trkpt>
      <trkpt lat="24.4936717115342617034912109375" lon="118.14928547479212284088134765625">
        <ele>29.3999996185302734375</ele>
        <time>2026-08-31T11:26:53.000Z</time>
        <extensions>
          <ns3:TrackPointExtension>
            <ns3:atemp>29.0</ns3:atemp>
            <ns3:hr>119</ns3:hr>
          </ns3:TrackPointExtension>
        </extensions>
      </trkpt>
      <trkpt lat="24.49386592023074626922607421875" lon="118.14929922111332416534423828125">
        <ele>29.6000003814697265625</ele>
        <time>2026-08-31T11:26:56.000Z</time>
        <extensions>
          <ns3:TrackPointExtension>
            <ns3:atemp>29.0</ns3:atemp>
            <ns3:hr>118</ns3:hr>
          </ns3:TrackPointExtension>
        </extensions>
      </trkpt>
      <trkpt lat="24.49392543174326419830322265625" lon="118.1492925994098186492919921875">
        <ele>29.6000003814697265625</ele>
        <time>2026-08-31T11:26:57.000Z</time>
        <extensions>
          <ns3:TrackPointExtension>
            <ns3:atemp>29.0</ns3:atemp>
            <ns3:hr>117</ns3:hr>
          </ns3:TrackPointExtension>
        </extensions>
      </trkpt>
      <trkpt lat="24.49415409006178379058837890625" lon="118.149440288543701171875">
        <ele>29.3999996185302734375</ele>
        <time>2026-08-31T11:27:01.000Z</time>
        <extensions>
          <ns3:TrackPointExtension>
            <ns3:atemp>29.0</ns3:atemp>
            <ns3:hr>115</ns3:hr>
          </ns3:TrackPointExtension>
        </extensions>
      </trkpt>
      <trkpt lat="24.494326002895832061767578125" lon="118.14948513172566890716552734375">
        <ele>29</ele>
        <time>2026-08-31T11:27:05.000Z</time>
        <extensions>
          <ns3:TrackPointExtension>
            <ns3:atemp>29.0</ns3:atemp>
            <ns3:hr>115</ns3:hr>
          </ns3:TrackPointExtension>
        </extensions>
      </trkpt>
      <trkpt lat="24.49443488381803035736083984375" lon="118.14949016086757183074951171875">
        <ele>28.799999237060546875</ele>
        <time>2026-08-31T11:27:07.000Z</time>
        <extensions>
          <ns3:TrackPointExtension>
            <ns3:atemp>29.0</ns3:atemp>
            <ns3:hr>114</ns3:hr>
          </ns3:TrackPointExtension>
        </extensions>
      </trkpt>
      <trkpt lat="24.494485594332218170166015625" lon="118.14947674982249736785888671875">
        <ele>27.200000762939453125</ele>
        <time>2026-08-31T11:27:08.000Z</time>
        <extensions>
          <ns3:TrackPointExtension>
            <ns3:atemp>29.0</ns3:atemp>
            <ns3:hr>114</ns3:hr>
          </ns3:TrackPointExtension>
        </extensions>
      </trkpt>
      <trkpt lat="24.4946741871535778045654296875" lon="118.14949183724820613861083984375">
        <ele>26.6000003814697265625</ele>
        <time>2026-08-31T11:27:12.000Z</time>
        <extensions>
          <ns3:TrackPointExtension>
            <ns3:atemp>29.0</ns3:atemp>
            <ns3:hr>114</ns3:hr>
          </ns3:TrackPointExtension>
        </extensions>
      </trkpt>
      <trkpt lat="24.4948460161685943603515625" lon="118.14949862658977508544921875">
        <ele>26.3999996185302734375</ele>
        <time>2026-08-31T11:27:16.000Z</time>
        <extensions>
          <ns3:TrackPointExtension>
            <ns3:atemp>29.0</ns3:atemp>
            <ns3:hr>115</ns3:hr>
          </ns3:TrackPointExtension>
        </extensions>
      </trkpt>
      <trkpt lat="24.49499110691249370574951171875" lon="118.14950323663651943206787109375">
        <ele>26.200000762939453125</ele>
        <time>2026-08-31T11:27:19.000Z</time>
        <extensions>
          <ns3:TrackPointExtension>
            <ns3:atemp>29.0</ns3:atemp>
            <ns3:hr>115</ns3:hr>
          </ns3:TrackPointExtension>
        </extensions>
      </trkpt>
      <trkpt lat="24.49533979408442974090576171875" lon="118.14955704845488071441650390625">
        <ele>25.799999237060546875</ele>
        <time>2026-08-31T11:27:26.000Z</time>
        <extensions>
          <ns3:TrackPointExtension>
            <ns3:atemp>29.0</ns3:atemp>
            <ns3:hr>116</ns3:hr>
          </ns3:TrackPointExtension>
        </extensions>
      </trkpt>
      <trkpt lat="24.49538924731314182281494140625" lon="118.14957414753735065460205078125">
        <ele>25.6000003814697265625</ele>
        <time>2026-08-31T11:27:27.000Z</time>
        <extensions>
          <ns3:TrackPointExtension>
            <ns3:atemp>29.0</ns3:atemp>
            <ns3:hr>116</ns3:hr>
          </ns3:TrackPointExtension>
        </extensions>
      </trkpt>
      <trkpt lat="24.49568646959960460662841796875" lon="118.1496624089777469635009765625">
        <ele>25.6000003814697265625</ele>
        <time>2026-08-31T11:27:33.000Z</time>
        <extensions>
          <ns3:TrackPointExtension>
            <ns3:atemp>29.0</ns3:atemp>
            <ns3:hr>113</ns3:hr>
          </ns3:TrackPointExtension>
        </extensions>
      </trkpt>
      <trkpt lat="24.4958265312016010284423828125" lon="118.14970859326422214508056640625">
        <ele>25.3999996185302734375</ele>
        <time>2026-08-31T11:27:36.000Z</time>
        <extensions>
          <ns3:TrackPointExtension>
            <ns3:atemp>29.0</ns3:atemp>
            <ns3:hr>110</ns3:hr>
          </ns3:TrackPointExtension>
        </extensions>
      </trkpt>
      <trkpt lat="24.4958637468516826629638671875" lon="118.14973373897373676300048828125">
        <ele>25.3999996185302734375</ele>
        <time>2026-08-31T11:27:37.000Z</time>
        <extensions>
          <ns3:TrackPointExtension>
            <ns3:atemp>29.0</ns3:atemp>
            <ns3:hr>110</ns3:hr>
          </ns3:TrackPointExtension>
        </extensions>
      </trkpt>
      <trkpt lat="24.495952092111110687255859375" lon="118.1497777439653873443603515625">
        <ele>25.200000762939453125</ele>
        <time>2026-08-31T11:27:39.000Z</time>
        <extensions>
          <ns3:TrackPointExtension>
            <ns3:atemp>29.0</ns3:atemp>
            <ns3:hr>108</ns3:hr>
          </ns3:TrackPointExtension>
        </extensions>
      </trkpt>
      <trkpt lat="24.4959881342947483062744140625" lon="118.14978688023984432220458984375">
        <ele>25</ele>
        <time>2026-08-31T11:27:40.000Z</time>
        <extensions>
          <ns3:TrackPointExtension>
            <ns3:atemp>29.0</ns3:atemp>
            <ns3:hr>107</ns3:hr>
          </ns3:TrackPointExtension>
        </extensions>
      </trkpt>
      <trkpt lat="24.496253840625286102294921875" lon="118.14990020357072353363037109375">
        <ele>25</ele>
        <time>2026-08-31T11:27:47.000Z</time>
        <extensions>
          <ns3:TrackPointExtension>
            <ns3:atemp>29.0</ns3:atemp>
            <ns3:hr>105</ns3:hr>
          </ns3:TrackPointExtension>
        </extensions>
      </trkpt>
      <trkpt lat="24.49642910622060298919677734375" lon="118.1500000320374965667724609375">
        <ele>25</ele>
        <time>2026-08-31T11:27:51.000Z</time>
        <extensions>
          <ns3:TrackPointExtension>
            <ns3:atemp>29.0</ns3:atemp>
            <ns3:hr>103</ns3:hr>
          </ns3:TrackPointExtension>
        </extensions>
      </trkpt>
      <trkpt lat="24.49653438292443752288818359375" lon="118.1500773131847381591796875">
        <ele>25</ele>
        <time>2026-08-31T11:27:54.000Z</time>
        <extensions>
          <ns3:TrackPointExtension>
            <ns3:atemp>29.0</ns3:atemp>
            <ns3:hr>103</ns3:hr>
          </ns3:TrackPointExtension>
        </extensions>
      </trkpt>
      <trkpt lat="24.49679933488368988037109375" lon="118.15027185715734958648681640625">
        <ele>24.799999237060546875</ele>
        <time>2026-08-31T11:28:01.000Z</time>
        <extensions>
          <ns3:TrackPointExtension>
            <ns3:atemp>29.0</ns3:atemp>
            <ns3:hr>106</ns3:hr>
          </ns3:TrackPointExtension>
        </extensions>
      </trkpt>
      <trkpt lat="24.49683680199086666107177734375" lon="118.150300271809101104736328125">
        <ele>24.799999237060546875</ele>
        <time>2026-08-31T11:28:02.000Z</time>
        <extensions>
          <ns3:TrackPointExtension>
            <ns3:atemp>29.0</ns3:atemp>
            <ns3:hr>108</ns3:hr>
          </ns3:TrackPointExtension>
        </extensions>
      </trkpt>
      <trkpt lat="24.496963955461978912353515625" lon="118.1503969989717006683349609375">
        <ele>24.6000003814697265625</ele>
        <time>2026-08-31T11:28:05.000Z</time>
        <extensions>
          <ns3:TrackPointExtension>
            <ns3:atemp>29.0</ns3:atemp>
            <ns3:hr>111</ns3:hr>
          </ns3:TrackPointExtension>
        </extensions>
      </trkpt>
      <trkpt lat="24.49706554412841796875" lon="118.1504667364060878753662109375">
        <ele>24.6000003814697265625</ele>
        <time>2026-08-31T11:28:07.000Z</time>
        <extensions>
          <ns3:TrackPointExtension>
            <ns3:atemp>29.0</ns3:atemp>
            <ns3:hr>112</ns3:hr>
          </ns3:TrackPointExtension>
        </extensions>
      </trkpt>
      <trkpt lat="24.497196637094020843505859375" lon="118.15061040222644805908203125">
        <ele>24.799999237060546875</ele>
        <time>2026-08-31T11:28:11.000Z</time>
        <extensions>
          <ns3:TrackPointExtension>
            <ns3:atemp>29.0</ns3:atemp>
            <ns3:hr>116</ns3:hr>
          </ns3:TrackPointExtension>
        </extensions>
      </trkpt>
      <trkpt lat="24.49756200425326824188232421875" lon="118.150981552898883819580078125">
        <ele>25</ele>
        <time>2026-08-31T11:28:19.000Z</time>
        <extensions>
          <ns3:TrackPointExtension>
            <ns3:atemp>29.0</ns3:atemp>
            <ns3:hr>116</ns3:hr>
          </ns3:TrackPointExtension>
        </extensions>
      </trkpt>
      <trkpt lat="24.49762185104191303253173828125" lon="118.151027821004390716552734375">
        <ele>24.799999237060546875</ele>
        <time>2026-08-31T11:28:20.000Z</time>
        <extensions>
          <ns3:TrackPointExtension>
            <ns3:atemp>29.0</ns3:atemp>
            <ns3:hr>116</ns3:hr>
          </ns3:TrackPointExtension>
        </extensions>
      </trkpt>
      <trkpt lat="24.497672729194164276123046875" lon="118.15111926756799221038818359375">
        <ele>24.799999237060546875</ele>
        <time>2026-08-31T11:28:22.000Z</time>
        <extensions>
          <ns3:TrackPointExtension>
            <ns3:atemp>29.0</ns3:atemp>
            <ns3:hr>115</ns3:hr>
          </ns3:TrackPointExtension>
        </extensions>
      </trkpt>
      <trkpt lat="24.4976846314966678619384765625" lon="118.1511681340634822845458984375">
        <ele>24.799999237060546875</ele>
        <time>2026-08-31T11:28:23.000Z</time>
        <extensions>
          <ns3:TrackPointExtension>
            <ns3:atemp>29.0</ns3:atemp>
            <ns3:hr>115</ns3:hr>
          </ns3:TrackPointExtension>
        </extensions>
      </trkpt>
      <trkpt lat="24.497704245150089263916015625" lon="118.15121012739837169647216796875">
        <ele>24.799999237060546875</ele>
        <time>2026-08-31T11:28:24.000Z</time>
        <extensions>
          <ns3:TrackPointExtension>
            <ns3:atemp>29.0</ns3:atemp>
            <ns3:hr>115</ns3:hr>
          </ns3:TrackPointExtension>
        </extensions>
      </trkpt>
      <trkpt lat="24.49773970060050487518310546875" lon="118.1512740813195705413818359375">
        <ele>24.799999237060546875</ele>
        <time>2026-08-31T11:28:26.000Z</time>
        <extensions>
          <ns3:TrackPointExtension>
            <ns3:atemp>29.0</ns3:atemp>
            <ns3:hr>115</ns3:hr>
          </ns3:TrackPointExtension>
        </extensions>
      </trkpt>
      <trkpt lat="24.4977962784469127655029296875" lon="118.15135111100971698760986328125">
        <ele>25</ele>
        <time>2026-08-31T11:28:28.000Z</time>
        <extensions>
          <ns3:TrackPointExtension>
            <ns3:atemp>29.0</ns3:atemp>
            <ns3:hr>116</ns3:hr>
          </ns3:TrackPointExtension>
        </extensions>
      </trkpt>
      <trkpt lat="24.49794103391468524932861328125" lon="118.1515178270637989044189453125">
        <ele>25</ele>
        <time>2026-08-31T11:28:33.000Z</time>
        <extensions>
          <ns3:TrackPointExtension>
            <ns3:atemp>29.0</ns3:atemp>
            <ns3:hr>119</ns3:hr>
          </ns3:TrackPointExtension>
        </extensions>
      </trkpt>
      <trkpt lat="24.497960396111011505126953125" lon="118.151550181210041046142578125">
        <ele>25</ele>
        <time>2026-08-31T11:28:34.000Z</time>
        <extensions>
          <ns3:TrackPointExtension>
            <ns3:atemp>29.0</ns3:atemp>
            <ns3:hr>119</ns3:hr>
          </ns3:TrackPointExtension>
        </extensions>
      </trkpt>
      <trkpt lat="24.49806131422519683837890625" lon="118.1516529433429241180419921875">
        <ele>25.6000003814697265625</ele>
        <time>2026-08-31T11:28:38.000Z</time>
        <extensions>
          <ns3:TrackPointExtension>
            <ns3:atemp>29.0</ns3:atemp>
            <ns3:hr>118</ns3:hr>
          </ns3:TrackPointExtension>
        </extensions>
      </trkpt>
      <trkpt lat="24.4981416128575801849365234375" lon="118.1517498381435871124267578125">
        <ele>25.3999996185302734375</ele>
        <time>2026-08-31T11:28:43.000Z</time>
        <extensions>
          <ns3:TrackPointExtension>
            <ns3:atemp>29.0</ns3:atemp>
            <ns3:hr>116</ns3:hr>
          </ns3:TrackPointExtension>
        </extensions>
      </trkpt>
      <trkpt lat="24.4982163794338703155517578125" lon="118.1518688611686229705810546875">
        <ele>25.200000762939453125</ele>
        <time>2026-08-31T11:28:48.000Z</time>
        <extensions>
          <ns3:TrackPointExtension>
            <ns3:atemp>29.0</ns3:atemp>
            <ns3:hr>116</ns3:hr>
          </ns3:TrackPointExtension>
        </extensions>
      </trkpt>
      <trkpt lat="24.4982760585844516754150390625" lon="118.152046389877796173095703125">
        <ele>25</ele>
        <time>2026-08-31T11:28:54.000Z</time>
        <extensions>
          <ns3:TrackPointExtension>
            <ns3:atemp>29.0</ns3:atemp>
            <ns3:hr>114</ns3:hr>
          </ns3:TrackPointExtension>
        </extensions>
      </trkpt>
      <trkpt lat="24.49825032614171504974365234375" lon="118.15213381312787532806396484375">
        <ele>24.799999237060546875</ele>
        <time>2026-08-31T11:28:56.000Z</time>
        <extensions>
          <ns3:TrackPointExtension>
            <ns3:atemp>29.0</ns3:atemp>
            <ns3:hr>114</ns3:hr>
          </ns3:TrackPointExtension>
        </extensions>
      </trkpt>
      <trkpt lat="24.498216547071933746337890625" lon="118.1522619724273681640625">
        <ele>24.799999237060546875</ele>
        <time>2026-08-31T11:28:58.000Z</time>
        <extensions>
          <ns3:TrackPointExtension>
            <ns3:atemp>29.0</ns3:atemp>
            <ns3:hr>113</ns3:hr>
          </ns3:TrackPointExtension>
        </extensions>
      </trkpt>
      <trkpt lat="24.49825267307460308074951171875" lon="118.15249624662101268768310546875">
        <ele>24.799999237060546875</ele>
        <time>2026-08-31T11:29:01.000Z</time>
        <extensions>
          <ns3:TrackPointExtension>
            <ns3:atemp>29.0</ns3:atemp>
            <ns3:hr>113</ns3:hr>
          </ns3:TrackPointExtension>
        </extensions>
      </trkpt>
      <trkpt lat="24.49827664531767368316650390625" lon="118.15254829823970794677734375">
        <ele>24.799999237060546875</ele>
        <time>2026-08-31T11:29:02.000Z</time>
        <extensions>
          <ns3:TrackPointExtension>
            <ns3:atemp>29.0</ns3:atemp>
            <ns3:hr>114</ns3:hr>
          </ns3:TrackPointExtension>
        </extensions>
      </trkpt>
      <trkpt lat="24.49832945130765438079833984375" lon="118.15263723023235797882080078125">
        <ele>24.799999237060546875</ele>
        <time>2026-08-31T11:29:04.000Z</time>
        <extensions>
          <ns3:TrackPointExtension>
            <ns3:atemp>29.0</ns3:atemp>
            <ns3:hr>115</ns3:hr>
          </ns3:TrackPointExtension>
        </extensions>
      </trkpt>
      <trkpt lat="24.49850010685622692108154296875" lon="118.1528438441455364227294921875">
        <ele>25.200000762939453125</ele>
        <time>2026-08-31T11:29:10.000Z</time>
        <extensions>
          <ns3:TrackPointExtension>
            <ns3:atemp>29.0</ns3:atemp>
            <ns3:hr>116</ns3:hr>
          </ns3:TrackPointExtension>
        </extensions>
      </trkpt>
      <trkpt lat="24.49859716929495334625244140625" lon="118.1529400683939456939697265625">
        <ele>25.200000762939453125</ele>
        <time>2026-08-31T11:29:13.000Z</time>
        <extensions>
          <ns3:TrackPointExtension>
            <ns3:atemp>29.0</ns3:atemp>
            <ns3:hr>117</ns3:hr>
          </ns3:TrackPointExtension>
        </extensions>
      </trkpt>
      <trkpt lat="24.498658441007137298583984375" lon="118.153004609048366546630859375">
        <ele>25.3999996185302734375</ele>
        <time>2026-08-31T11:29:15.000Z</time>
        <extensions>
          <ns3:TrackPointExtension>
            <ns3:atemp>29.0</ns3:atemp>
            <ns3:hr>118</ns3:hr>
          </ns3:TrackPointExtension>
        </extensions>
      </trkpt>
      <trkpt lat="24.49868987314403057098388671875" lon="118.1530372984707355499267578125">
        <ele>25.3999996185302734375</ele>
        <time>2026-08-31T11:29:16.000Z</time>
        <extensions>
          <ns3:TrackPointExtension>
            <ns3:atemp>29.0</ns3:atemp>
            <ns3:hr>121</ns3:hr>
          </ns3:TrackPointExtension>
        </extensions>
      </trkpt>
      <trkpt lat="24.4987266696989536285400390625" lon="118.1530684791505336761474609375">
        <ele>25.6000003814697265625</ele>
        <time>2026-08-31T11:29:17.000Z</time>
        <extensions>
          <ns3:TrackPointExtension>
            <ns3:atemp>29.0</ns3:atemp>
            <ns3:hr>118</ns3:hr>
          </ns3:TrackPointExtension>
        </extensions>
      </trkpt>
      <trkpt lat="24.49887963943183422088623046875" lon="118.15319605171680450439453125">
        <ele>26.200000762939453125</ele>
        <time>2026-08-31T11:29:21.000Z</time>
        <extensions>
          <ns3:TrackPointExtension>
            <ns3:atemp>29.0</ns3:atemp>
            <ns3:hr>118</ns3:hr>
          </ns3:TrackPointExtension>
        </extensions>
      </trkpt>
      <trkpt lat="24.49892096221446990966796875" lon="118.15321943722665309906005859375">
        <ele>26.200000762939453125</ele>
        <time>2026-08-31T11:29:22.000Z</time>
        <extensions>
          <ns3:TrackPointExtension>
            <ns3:atemp>29.0</ns3:atemp>
            <ns3:hr>117</ns3:hr>
          </ns3:TrackPointExtension>
        </extensions>
      </trkpt>
      <trkpt lat="24.49896329082548618316650390625" lon="118.1532337702810764312744140625">
        <ele>26.200000762939453125</ele>
        <time>2026-08-31T11:29:23.000Z</time>
        <extensions>
          <ns3:TrackPointExtension>
            <ns3:atemp>29.0</ns3:atemp>
            <ns3:hr>117</ns3:hr>
          </ns3:TrackPointExtension>
        </extensions>
      </trkpt>
      <trkpt lat="24.49904501438140869140625" lon="118.15324760042130947113037109375">
        <ele>26.200000762939453125</ele>
        <time>2026-08-31T11:29:25.000Z</time>
        <extensions>
          <ns3:TrackPointExtension>
            <ns3:atemp>29.0</ns3:atemp>
            <ns3:hr>117</ns3:hr>
          </ns3:TrackPointExtension>
        </extensions>
      </trkpt>
      <trkpt lat="24.49909438379108905792236328125" lon="118.15329034812748432159423828125">
        <ele>26.200000762939453125</ele>
        <time>2026-08-31T11:29:27.000Z</time>
        <extensions>
          <ns3:TrackPointExtension>
            <ns3:atemp>29.0</ns3:atemp>
            <ns3:hr>117</ns3:hr>
          </ns3:TrackPointExtension>
        </extensions>
      </trkpt>
      <trkpt lat="24.49919991195201873779296875" lon="118.15336494706571102142333984375">
        <ele>26.200000762939453125</ele>
        <time>2026-08-31T11:29:30.000Z</time>
        <extensions>
          <ns3:TrackPointExtension>
            <ns3:atemp>29.0</ns3:atemp>
            <ns3:hr>116</ns3:hr>
          </ns3:TrackPointExtension>
        </extensions>
      </trkpt>
      <trkpt lat="24.49923838488757610321044921875" lon="118.1533873267471790313720703125">
        <ele>26.200000762939453125</ele>
        <time>2026-08-31T11:29:31.000Z</time>
        <extensions>
          <ns3:TrackPointExtension>
            <ns3:atemp>29.0</ns3:atemp>
            <ns3:hr>116</ns3:hr>
          </ns3:TrackPointExtension>
        </extensions>
      </trkpt>
      <trkpt lat="24.499663598835468292236328125" lon="118.15360399894416332244873046875">
        <ele>26.6000003814697265625</ele>
        <time>2026-08-31T11:29:41.000Z</time>
        <extensions>
          <ns3:TrackPointExtension>
            <ns3:atemp>29.0</ns3:atemp>
            <ns3:hr>116</ns3:hr>
          </ns3:TrackPointExtension>
        </extensions>
      </trkpt>
      <trkpt lat="24.4998438097536563873291015625" lon="118.15368060953915119171142578125">
        <ele>27</ele>
        <time>2026-08-31T11:29:45.000Z</time>
        <extensions>
          <ns3:TrackPointExtension>
            <ns3:atemp>29.0</ns3:atemp>
            <ns3:hr>117</ns3:hr>
          </ns3:TrackPointExtension>
        </extensions>
      </trkpt>
      <trkpt lat="24.49992201291024684906005859375" lon="118.1537085212767124176025390625">
        <ele>27</ele>
        <time>2026-08-31T11:29:47.000Z</time>
        <extensions>
          <ns3:TrackPointExtension>
            <ns3:atemp>29.0</ns3:atemp>
            <ns3:hr>116</ns3:hr>
          </ns3:TrackPointExtension>
        </extensions>
      </trkpt>
      <trkpt lat="24.50000415556132793426513671875" lon="118.15373928286135196685791015625">
        <ele>27.200000762939453125</ele>
        <time>2026-08-31T11:29:49.000Z</time>
        <extensions>
          <ns3:TrackPointExtension>
            <ns3:atemp>29.0</ns3:atemp>
            <ns3:hr>115</ns3:hr>
          </ns3:TrackPointExtension>
        </extensions>
      </trkpt>
      <trkpt lat="24.50004749000072479248046875" lon="118.15376560203731060028076171875">
        <ele>27.200000762939453125</ele>
        <time>2026-08-31T11:29:50.000Z</time>
        <extensions>
          <ns3:TrackPointExtension>
            <ns3:atemp>29.0</ns3:atemp>
            <ns3:hr>115</ns3:hr>
          </ns3:TrackPointExtension>
        </extensions>
      </trkpt>
      <trkpt lat="24.50008638203144073486328125" lon="118.153786472976207733154296875">
        <ele>27.200000762939453125</ele>
        <time>2026-08-31T11:29:51.000Z</time>
        <extensions>
          <ns3:TrackPointExtension>
            <ns3:atemp>29.0</ns3:atemp>
            <ns3:hr>115</ns3:hr>
          </ns3:TrackPointExtension>
        </extensions>
      </trkpt>
      <trkpt lat="24.500128291547298431396484375" lon="118.15380667336285114288330078125">
        <ele>27.200000762939453125</ele>
        <time>2026-08-31T11:29:52.000Z</time>
        <extensions>
          <ns3:TrackPointExtension>
            <ns3:atemp>29.0</ns3:atemp>
            <ns3:hr>115</ns3:hr>
          </ns3:TrackPointExtension>
        </extensions>
      </trkpt>
      <trkpt lat="24.500165842473506927490234375" lon="118.1538345851004123687744140625">
        <ele>27.3999996185302734375</ele>
        <time>2026-08-31T11:29:53.000Z</time>
        <extensions>
          <ns3:TrackPointExtension>
            <ns3:atemp>29.0</ns3:atemp>
            <ns3:hr>115</ns3:hr>
          </ns3:TrackPointExtension>
        </extensions>
      </trkpt>
      <trkpt lat="24.50033046305179595947265625" lon="118.15392561256885528564453125">
        <ele>27.6000003814697265625</ele>
        <time>2026-08-31T11:29:57.000Z</time>
        <extensions>
          <ns3:TrackPointExtension>
            <ns3:atemp>29.0</ns3:atemp>
            <ns3:hr>117</ns3:hr>
          </ns3:TrackPointExtension>
        </extensions>
      </trkpt>
      <trkpt lat="24.50041453354060649871826171875" lon="118.1539785861968994140625">
        <ele>27.6000003814697265625</ele>
        <time>2026-08-31T11:29:59.000Z</time>
        <extensions>
          <ns3:TrackPointExtension>
            <ns3:atemp>29.0</ns3:atemp>
            <ns3:hr>116</ns3:hr>
          </ns3:TrackPointExtension>
        </extensions>
      </trkpt>
      <trkpt lat="24.5006330497562885284423828125" lon="118.15409886650741100311279296875">
        <ele>27.799999237060546875</ele>
        <time>2026-08-31T11:30:04.000Z</time>
        <extensions>
          <ns3:TrackPointExtension>
            <ns3:atemp>29.0</ns3:atemp>
            <ns3:hr>117</ns3:hr>
          </ns3:TrackPointExtension>
        </extensions>
      </trkpt>
      <trkpt lat="24.500827677547931671142578125" lon="118.15418737940490245819091796875">
        <ele>28.200000762939453125</ele>
        <time>2026-08-31T11:30:08.000Z</time>
        <extensions>
          <ns3:TrackPointExtension>
            <ns3:atemp>29.0</ns3:atemp>
            <ns3:hr>117</ns3:hr>
          </ns3:TrackPointExtension>
        </extensions>
      </trkpt>
      <trkpt lat="24.50097016990184783935546875" lon="118.1542634032666683197021484375">
        <ele>28.3999996185302734375</ele>
        <time>2026-08-31T11:30:11.000Z</time>
        <extensions>
          <ns3:TrackPointExtension>
            <ns3:atemp>29.0</ns3:atemp>
            <ns3:hr>117</ns3:hr>
          </ns3:TrackPointExtension>
        </extensions>
      </trkpt>
      <trkpt lat="24.50101920403540134429931640625" lon="118.1542979367077350616455078125">
        <ele>28.3999996185302734375</ele>
        <time>2026-08-31T11:30:12.000Z</time>
        <extensions>
          <ns3:TrackPointExtension>
            <ns3:atemp>29.0</ns3:atemp>
            <ns3:hr>117</ns3:hr>
          </ns3:TrackPointExtension>
        </extensions>
      </trkpt>
      <trkpt lat="24.5011175237596035003662109375" lon="118.1543452106416225433349609375">
        <ele>27.799999237060546875</ele>
        <time>2026-08-31T11:30:14.000Z</time>
        <extensions>
          <ns3:TrackPointExtension>
            <ns3:atemp>29.0</ns3:atemp>
            <ns3:hr>117</ns3:hr>
          </ns3:TrackPointExtension>
        </extensions>
      </trkpt>
      <trkpt lat="24.50119958259165287017822265625" lon="118.1543948315083980560302734375">
        <ele>27.799999237060546875</ele>
        <time>2026-08-31T11:30:16.000Z</time>
        <extensions>
          <ns3:TrackPointExtension>
            <ns3:atemp>29.0</ns3:atemp>
            <ns3:hr>116</ns3:hr>
          </ns3:TrackPointExtension>
        </extensions>
      </trkpt>
      <trkpt lat="24.50139152817428112030029296875" lon="118.1545188836753368377685546875">
        <ele>28</ele>
        <time>2026-08-31T11:30:21.000Z</time>
        <extensions>
          <ns3:TrackPointExtension>
            <ns3:atemp>29.0</ns3:atemp>
            <ns3:hr>116</ns3:hr>
          </ns3:TrackPointExtension>
        </extensions>
      </trkpt>
      <trkpt lat="24.501440562307834625244140625" lon="118.15458971075713634490966796875">
        <ele>28</ele>
        <time>2026-08-31T11:30:23.000Z</time>
        <extensions>
          <ns3:TrackPointExtension>
            <ns3:atemp>29.0</ns3:atemp>
            <ns3:hr>116</ns3:hr>
          </ns3:TrackPointExtension>
        </extensions>
      </trkpt>
      <trkpt lat="24.50152128003537654876708984375" lon="118.15467352978885173797607421875">
        <ele>28.3999996185302734375</ele>
        <time>2026-08-31T11:30:25.000Z</time>
        <extensions>
          <ns3:TrackPointExtension>
            <ns3:atemp>29.0</ns3:atemp>
            <ns3:hr>117</ns3:hr>
          </ns3:TrackPointExtension>
        </extensions>
      </trkpt>
      <trkpt lat="24.5015837252140045166015625" lon="118.1548196263611316680908203125">
        <ele>28.799999237060546875</ele>
        <time>2026-08-31T11:30:28.000Z</time>
        <extensions>
          <ns3:TrackPointExtension>
            <ns3:atemp>29.0</ns3:atemp>
            <ns3:hr>117</ns3:hr>
          </ns3:TrackPointExtension>
        </extensions>
      </trkpt>
      <trkpt lat="24.501593448221683502197265625" lon="118.15487016923725605010986328125">
        <ele>28.799999237060546875</ele>
        <time>2026-08-31T11:30:29.000Z</time>
        <extensions>
          <ns3:TrackPointExtension>
            <ns3:atemp>29.0</ns3:atemp>
            <ns3:hr>117</ns3:hr>
          </ns3:TrackPointExtension>
        </extensions>
      </trkpt>
      <trkpt lat="24.50161683373153209686279296875" lon="118.15507493913173675537109375">
        <ele>29.3999996185302734375</ele>
        <time>2026-08-31T11:30:33.000Z</time>
        <extensions>
          <ns3:TrackPointExtension>
            <ns3:atemp>29.0</ns3:atemp>
            <ns3:hr>119</ns3:hr>
          </ns3:TrackPointExtension>
        </extensions>
      </trkpt>
      <trkpt lat="24.50161457061767578125" lon="118.1551252305507659912109375">
        <ele>29.3999996185302734375</ele>
        <time>2026-08-31T11:30:34.000Z</time>
        <extensions>
          <ns3:TrackPointExtension>
            <ns3:atemp>29.0</ns3:atemp>
            <ns3:hr>119</ns3:hr>
          </ns3:TrackPointExtension>
        </extensions>
      </trkpt>
      <trkpt lat="24.5015808753669261932373046875" lon="118.15549780614674091339111328125">
        <ele>30.3999996185302734375</ele>
        <time>2026-08-31T11:30:42.000Z</time>
        <extensions>
          <ns3:TrackPointExtension>
            <ns3:atemp>29.0</ns3:atemp>
            <ns3:hr>121</ns3:hr>
          </ns3:TrackPointExtension>
        </extensions>
      </trkpt>
      <trkpt lat="24.50158062390983104705810546875" lon="118.1555914320051670074462890625">
        <ele>30.6000003814697265625</ele>
        <time>2026-08-31T11:30:44.000Z</time>
        <extensions>
          <ns3:TrackPointExtension>
            <ns3:atemp>29.0</ns3:atemp>
            <ns3:hr>121</ns3:hr>
          </ns3:TrackPointExtension>
        </extensions>
      </trkpt>
      <trkpt lat="24.50159705244004726409912109375" lon="118.15581413917243480682373046875">
        <ele>30.6000003814697265625</ele>
        <time>2026-08-31T11:30:49.000Z</time>
        <extensions>
          <ns3:TrackPointExtension>
            <ns3:atemp>29.0</ns3:atemp>
            <ns3:hr>122</ns3:hr>
          </ns3:TrackPointExtension>
        </extensions>
      </trkpt>
      <trkpt lat="24.5016811229288578033447265625" lon="118.15601161681115627288818359375">
        <ele>31.6000003814697265625</ele>
        <time>2026-08-31T11:30:54.000Z</time>
        <extensions>
          <ns3:TrackPointExtension>
            <ns3:atemp>29.0</ns3:atemp>
            <ns3:hr>122</ns3:hr>
          </ns3:TrackPointExtension>
        </extensions>
      </trkpt>
      <trkpt lat="24.50170383788645267486572265625" lon="118.1560440547764301300048828125">
        <ele>31.6000003814697265625</ele>
        <time>2026-08-31T11:30:55.000Z</time>
        <extensions>
          <ns3:TrackPointExtension>
            <ns3:atemp>29.0</ns3:atemp>
            <ns3:hr>124</ns3:hr>
          </ns3:TrackPointExtension>
        </extensions>
      </trkpt>
      <trkpt lat="24.50182705186307430267333984375" lon="118.15611856989562511444091796875">
        <ele>32</ele>
        <time>2026-08-31T11:30:59.000Z</time>
        <extensions>
          <ns3:TrackPointExtension>
            <ns3:atemp>29.0</ns3:atemp>
            <ns3:hr>122</ns3:hr>
          </ns3:TrackPointExtension>
        </extensions>
      </trkpt>
      <trkpt lat="24.50195780955255031585693359375" lon="118.1561375968158245086669921875">
        <ele>32.799999237060546875</ele>
        <time>2026-08-31T11:31:04.000Z</time>
        <extensions>
          <ns3:TrackPointExtension>
            <ns3:atemp>29.0</ns3:atemp>
            <ns3:hr>123</ns3:hr>
          </ns3:TrackPointExtension>
        </extensions>
      </trkpt>
      <trkpt lat="24.50209493748843669891357421875" lon="118.1561047397553920745849609375">
        <ele>32.799999237060546875</ele>
        <time>2026-08-31T11:31:10.000Z</time>
        <extensions>
          <ns3:TrackPointExtension>
            <ns3:atemp>29.0</ns3:atemp>
            <ns3:hr>125</ns3:hr>
          </ns3:TrackPointExtension>
        </extensions>
      </trkpt>
      <trkpt lat="24.50224564410746097564697265625" lon="118.15596836619079113006591796875">
        <ele>32.200000762939453125</ele>
        <time>2026-08-31T11:31:16.000Z</time>
        <extensions>
          <ns3:TrackPointExtension>
            <ns3:atemp>29.0</ns3:atemp>
            <ns3:hr>124</ns3:hr>
          </ns3:TrackPointExtension>
        </extensions>
      </trkpt>
      <trkpt lat="24.50229249894618988037109375" lon="118.15579301677644252777099609375">
        <ele>31.799999237060546875</ele>
        <time>2026-08-31T11:31:20.000Z</time>
        <extensions>
          <ns3:TrackPointExtension>
            <ns3:atemp>29.0</ns3:atemp>
            <ns3:hr>124</ns3:hr>
          </ns3:TrackPointExtension>
        </extensions>
      </trkpt>
      <trkpt lat="24.5022891461849212646484375" lon="118.15574557520449161529541015625">
        <ele>31.6000003814697265625</ele>
        <time>2026-08-31T11:31:21.000Z</time>
        <extensions>
          <ns3:TrackPointExtension>
            <ns3:atemp>29.0</ns3:atemp>
            <ns3:hr>124</ns3:hr>
          </ns3:TrackPointExtension>
        </extensions>
      </trkpt>
      <trkpt lat="24.502266682684421539306640625" lon="118.15558883361518383026123046875">
        <ele>30.6000003814697265625</ele>
        <time>2026-08-31T11:31:24.000Z</time>
        <extensions>
          <ns3:TrackPointExtension>
            <ns3:atemp>29.0</ns3:atemp>
            <ns3:hr>123</ns3:hr>
          </ns3:TrackPointExtension>
        </extensions>
      </trkpt>
      <trkpt lat="24.50225897133350372314453125" lon="118.15552999265491962432861328125">
        <ele>30.3999996185302734375</ele>
        <time>2026-08-31T11:31:25.000Z</time>
        <extensions>
          <ns3:TrackPointExtension>
            <ns3:atemp>29.0</ns3:atemp>
            <ns3:hr>123</ns3:hr>
          </ns3:TrackPointExtension>
        </extensions>
      </trkpt>
      <trkpt lat="24.50225670821964740753173828125" lon="118.15541113726794719696044921875">
        <ele>30</ele>
        <time>2026-08-31T11:31:27.000Z</time>
        <extensions>
          <ns3:TrackPointExtension>
            <ns3:atemp>29.0</ns3:atemp>
            <ns3:hr>123</ns3:hr>
          </ns3:TrackPointExtension>
        </extensions>
      </trkpt>
      <trkpt lat="24.50227238237857818603515625" lon="118.15528775565326213836669921875">
        <ele>29.3999996185302734375</ele>
        <time>2026-08-31T11:31:29.000Z</time>
        <extensions>
          <ns3:TrackPointExtension>
            <ns3:atemp>29.0</ns3:atemp>
            <ns3:hr>123</ns3:hr>
          </ns3:TrackPointExtension>
        </extensions>
      </trkpt>
      <trkpt lat="24.50228621251881122589111328125" lon="118.1552231311798095703125">
        <ele>29.3999996185302734375</ele>
        <time>2026-08-31T11:31:30.000Z</time>
        <extensions>
          <ns3:TrackPointExtension>
            <ns3:atemp>29.0</ns3:atemp>
            <ns3:hr>122</ns3:hr>
          </ns3:TrackPointExtension>
        </extensions>
      </trkpt>
      <trkpt lat="24.50232929550111293792724609375" lon="118.15509933046996593475341796875">
        <ele>29.200000762939453125</ele>
        <time>2026-08-31T11:31:32.000Z</time>
        <extensions>
          <ns3:TrackPointExtension>
            <ns3:atemp>29.0</ns3:atemp>
            <ns3:hr>122</ns3:hr>
          </ns3:TrackPointExtension>
        </extensions>
      </trkpt>
      <trkpt lat="24.50239199213683605194091796875" lon="118.1549839116632938385009765625">
        <ele>29.200000762939453125</ele>
        <time>2026-08-31T11:31:34.000Z</time>
        <extensions>
          <ns3:TrackPointExtension>
            <ns3:atemp>29.0</ns3:atemp>
            <ns3:hr>121</ns3:hr>
          </ns3:TrackPointExtension>
        </extensions>
      </trkpt>
      <trkpt lat="24.50243205763399600982666015625" lon="118.154928423464298248291015625">
        <ele>28.799999237060546875</ele>
        <time>2026-08-31T11:31:35.000Z</time>
        <extensions>
          <ns3:TrackPointExtension>
            <ns3:atemp>29.0</ns3:atemp>
            <ns3:hr>121</ns3:hr>
          </ns3:TrackPointExtension>
        </extensions>
      </trkpt>
      <trkpt lat="24.502521492540836334228515625" lon="118.1548343785107135772705078125">
        <ele>28</ele>
        <time>2026-08-31T11:31:37.000Z</time>
        <extensions>
          <ns3:TrackPointExtension>
            <ns3:atemp>29.0</ns3:atemp>
            <ns3:hr>120</ns3:hr>
          </ns3:TrackPointExtension>
        </extensions>
      </trkpt>
      <trkpt lat="24.50260891579091548919677734375" lon="118.15476740710437297821044921875">
        <ele>27.799999237060546875</ele>
        <time>2026-08-31T11:31:39.000Z</time>
        <extensions>
          <ns3:TrackPointExtension>
            <ns3:atemp>29.0</ns3:atemp>
            <ns3:hr>120</ns3:hr>
          </ns3:TrackPointExtension>
        </extensions>
      </trkpt>
      <trkpt lat="24.50265987776219844818115234375" lon="118.15474226139485836029052734375">
        <ele>27.6000003814697265625</ele>
        <time>2026-08-31T11:31:40.000Z</time>
        <extensions>
          <ns3:TrackPointExtension>
            <ns3:atemp>29.0</ns3:atemp>
            <ns3:hr>120</ns3:hr>
          </ns3:TrackPointExtension>
        </extensions>
      </trkpt>
      <trkpt lat="24.5029089041054248809814453125" lon="118.15466363914310932159423828125">
        <ele>27</ele>
        <time>2026-08-31T11:31:44.000Z</time>
        <extensions>
          <ns3:TrackPointExtension>
            <ns3:atemp>29.0</ns3:atemp>
            <ns3:hr>122</ns3:hr>
          </ns3:TrackPointExtension>
        </extensions>
      </trkpt>
      <trkpt lat="24.50298660434782505035400390625" lon="118.15466456115245819091796875">
        <ele>27</ele>
        <time>2026-08-31T11:31:45.000Z</time>
        <extensions>
          <ns3:TrackPointExtension>
            <ns3:atemp>29.0</ns3:atemp>
            <ns3:hr>123</ns3:hr>
          </ns3:TrackPointExtension>
        </extensions>
      </trkpt>
      <trkpt lat="24.50330511666834354400634765625" lon="118.15470102243125438690185546875">
        <ele>26.3999996185302734375</ele>
        <time>2026-08-31T11:31:51.000Z</time>
        <extensions>
          <ns3:TrackPointExtension>
            <ns3:atemp>29.0</ns3:atemp>
            <ns3:hr>122</ns3:hr>
          </ns3:TrackPointExtension>
        </extensions>
      </trkpt>
      <trkpt lat="24.50349655933678150177001953125" lon="118.15472734160721302032470703125">
        <ele>26.6000003814697265625</ele>
        <time>2026-08-31T11:31:56.000Z</time>
        <extensions>
          <ns3:TrackPointExtension>
            <ns3:atemp>29.0</ns3:atemp>
            <ns3:hr>120</ns3:hr>
          </ns3:TrackPointExtension>
        </extensions>
      </trkpt>
      <trkpt lat="24.50366838835179805755615234375" lon="118.1547602824866771697998046875">
        <ele>26.200000762939453125</ele>
        <time>2026-08-31T11:32:00.000Z</time>
        <extensions>
          <ns3:TrackPointExtension>
            <ns3:atemp>29.0</ns3:atemp>
            <ns3:hr>117</ns3:hr>
          </ns3:TrackPointExtension>
        </extensions>
      </trkpt>
      <trkpt lat="24.5039013214409351348876953125" lon="118.1547985039651393890380859375">
        <ele>26</ele>
        <time>2026-08-31T11:32:05.000Z</time>
        <extensions>
          <ns3:TrackPointExtension>
            <ns3:atemp>28.0</ns3:atemp>
            <ns3:hr>115</ns3:hr>
          </ns3:TrackPointExtension>
        </extensions>
      </trkpt>
      <trkpt lat="24.50394465588033199310302734375" lon="118.15481602214276790618896484375">
        <ele>26</ele>
        <time>2026-08-31T11:32:06.000Z</time>
        <extensions>
          <ns3:TrackPointExtension>
            <ns3:atemp>28.0</ns3:atemp>
            <ns3:hr>115</ns3:hr>
          </ns3:TrackPointExtension>
        </extensions>
      </trkpt>
      <trkpt lat="24.50402319431304931640625" lon="118.15487218089401721954345703125">
        <ele>25.799999237060546875</ele>
        <time>2026-08-31T11:32:08.000Z</time>
        <extensions>
          <ns3:TrackPointExtension>
            <ns3:atemp>28.0</ns3:atemp>
            <ns3:hr>114</ns3:hr>
          </ns3:TrackPointExtension>
        </extensions>
      </trkpt>
      <trkpt lat="24.5040612481534481048583984375" lon="118.15490327775478363037109375">
        <ele>25.799999237060546875</ele>
        <time>2026-08-31T11:32:09.000Z</time>
        <extensions>
          <ns3:TrackPointExtension>
            <ns3:atemp>29.0</ns3:atemp>
            <ns3:hr>114</ns3:hr>
          </ns3:TrackPointExtension>
        </extensions>
      </trkpt>
      <trkpt lat="24.504141546785831451416015625" lon="118.15494258888065814971923828125">
        <ele>26</ele>
        <time>2026-08-31T11:32:11.000Z</time>
        <extensions>
          <ns3:TrackPointExtension>
            <ns3:atemp>28.0</ns3:atemp>
            <ns3:hr>113</ns3:hr>
          </ns3:TrackPointExtension>
        </extensions>
      </trkpt>
      <trkpt lat="24.50422494672238826751708984375" lon="118.1549549102783203125">
        <ele>26.200000762939453125</ele>
        <time>2026-08-31T11:32:13.000Z</time>
        <extensions>
          <ns3:TrackPointExtension>
            <ns3:atemp>29.0</ns3:atemp>
            <ns3:hr>113</ns3:hr>
          </ns3:TrackPointExtension>
        </extensions>
      </trkpt>
      <trkpt lat="24.504443295300006866455078125" lon="118.154982738196849822998046875">
        <ele>25.799999237060546875</ele>
        <time>2026-08-31T11:32:18.000Z</time>
        <extensions>
          <ns3:TrackPointExtension>
            <ns3:atemp>29.0</ns3:atemp>
            <ns3:hr>112</ns3:hr>
          </ns3:TrackPointExtension>
        </extensions>
      </trkpt>
      <trkpt lat="24.5045809261500835418701171875" lon="118.1549966521561145782470703125">
        <ele>25.6000003814697265625</ele>
        <time>2026-08-31T11:32:21.000Z</time>
        <extensions>
          <ns3:TrackPointExtension>
            <ns3:atemp>29.0</ns3:atemp>
            <ns3:hr>112</ns3:hr>
          </ns3:TrackPointExtension>
        </extensions>
      </trkpt>
      <trkpt lat="24.504773207008838653564453125" lon="118.15500386059284210205078125">
        <ele>25.3999996185302734375</ele>
        <time>2026-08-31T11:32:25.000Z</time>
        <extensions>
          <ns3:TrackPointExtension>
            <ns3:atemp>28.0</ns3:atemp>
            <ns3:hr>114</ns3:hr>
          </ns3:TrackPointExtension>
        </extensions>
      </trkpt>
      <trkpt lat="24.504937827587127685546875" lon="118.15501735545694828033447265625">
        <ele>25.3999996185302734375</ele>
        <time>2026-08-31T11:32:28.000Z</time>
        <extensions>
          <ns3:TrackPointExtension>
            <ns3:atemp>28.0</ns3:atemp>
            <ns3:hr>115</ns3:hr>
          </ns3:TrackPointExtension>
        </extensions>
      </trkpt>
      <trkpt lat="24.50526438653469085693359375" lon="118.155075944960117340087890625">
        <ele>24.799999237060546875</ele>
        <time>2026-08-31T11:32:34.000Z</time>
        <extensions>
          <ns3:TrackPointExtension>
            <ns3:atemp>28.0</ns3:atemp>
            <ns3:hr>114</ns3:hr>
          </ns3:TrackPointExtension>
        </extensions>
      </trkpt>
      <trkpt lat="24.5053232274949550628662109375" lon="118.15509078092873096466064453125">
        <ele>24.799999237060546875</ele>
        <time>2026-08-31T11:32:35.000Z</time>
        <extensions>
          <ns3:TrackPointExtension>
            <ns3:atemp>29.0</ns3:atemp>
            <ns3:hr>115</ns3:hr>
          </ns3:TrackPointExtension>
        </extensions>
      </trkpt>
      <trkpt lat="24.50560578145086765289306640625" lon="118.15512397326529026031494140625">
        <ele>24.200000762939453125</ele>
        <time>2026-08-31T11:32:40.000Z</time>
        <extensions>
          <ns3:TrackPointExtension>
            <ns3:atemp>29.0</ns3:atemp>
            <ns3:hr>116</ns3:hr>
          </ns3:TrackPointExtension>
        </extensions>
      </trkpt>
      <trkpt lat="24.50566479004919528961181640625" lon="118.15512799657881259918212890625">
        <ele>23.799999237060546875</ele>
        <time>2026-08-31T11:32:41.000Z</time>
        <extensions>
          <ns3:TrackPointExtension>
            <ns3:atemp>28.0</ns3:atemp>
            <ns3:hr>116</ns3:hr>
          </ns3:TrackPointExtension>
        </extensions>
      </trkpt>
      <trkpt lat="24.505964107811450958251953125" lon="118.15515733323991298675537109375">
        <ele>23.200000762939453125</ele>
        <time>2026-08-31T11:32:46.000Z</time>
        <extensions>
          <ns3:TrackPointExtension>
            <ns3:atemp>28.0</ns3:atemp>
            <ns3:hr>117</ns3:hr>
          </ns3:TrackPointExtension>
        </extensions>
      </trkpt>
      <trkpt lat="24.50614825822412967681884765625" lon="118.15519035793840885162353515625">
        <ele>22.3999996185302734375</ele>
        <time>2026-08-31T11:32:49.000Z</time>
        <extensions>
          <ns3:TrackPointExtension>
            <ns3:atemp>28.0</ns3:atemp>
            <ns3:hr>117</ns3:hr>
          </ns3:TrackPointExtension>
        </extensions>
      </trkpt>
      <trkpt lat="24.50632059015333652496337890625" lon="118.15521240234375">
        <ele>22</ele>
        <time>2026-08-31T11:32:52.000Z</time>
        <extensions>
          <ns3:TrackPointExtension>
            <ns3:atemp>28.0</ns3:atemp>
            <ns3:hr>118</ns3:hr>
          </ns3:TrackPointExtension>
        </extensions>
      </trkpt>
      <trkpt lat="24.50638680718839168548583984375" lon="118.15521843731403350830078125">
        <ele>21.799999237060546875</ele>
        <time>2026-08-31T11:32:53.000Z</time>
        <extensions>
          <ns3:TrackPointExtension>
            <ns3:atemp>28.0</ns3:atemp>
            <ns3:hr>117</ns3:hr>
          </ns3:TrackPointExtension>
        </extensions>
      </trkpt>
      <trkpt lat="24.506658799946308135986328125" lon="118.15525523386895656585693359375">
        <ele>21.200000762939453125</ele>
        <time>2026-08-31T11:32:57.000Z</time>
        <extensions>
          <ns3:TrackPointExtension>
            <ns3:atemp>28.0</ns3:atemp>
            <ns3:hr>115</ns3:hr>
          </ns3:TrackPointExtension>
        </extensions>
      </trkpt>
      <trkpt lat="24.5068651624023914337158203125" lon="118.15529177896678447723388671875">
        <ele>20.3999996185302734375</ele>
        <time>2026-08-31T11:33:00.000Z</time>
        <extensions>
          <ns3:TrackPointExtension>
            <ns3:atemp>28.0</ns3:atemp>
            <ns3:hr>113</ns3:hr>
          </ns3:TrackPointExtension>
        </extensions>
      </trkpt>
      <trkpt lat="24.50693213380873203277587890625" lon="118.15530904568731784820556640625">
        <ele>20.3999996185302734375</ele>
        <time>2026-08-31T11:33:01.000Z</time>
        <extensions>
          <ns3:TrackPointExtension>
            <ns3:atemp>28.0</ns3:atemp>
            <ns3:hr>112</ns3:hr>
          </ns3:TrackPointExtension>
        </extensions>
      </trkpt>
      <trkpt lat="24.50741929002106189727783203125" lon="118.15539353527128696441650390625">
        <ele>20.3999996185302734375</ele>
        <time>2026-08-31T11:33:08.000Z</time>
        <extensions>
          <ns3:TrackPointExtension>
            <ns3:atemp>28.0</ns3:atemp>
            <ns3:hr>113</ns3:hr>
          </ns3:TrackPointExtension>
        </extensions>
      </trkpt>
      <trkpt lat="24.5075501315295696258544921875" lon="118.1554202735424041748046875">
        <ele>20</ele>
        <time>2026-08-31T11:33:10.000Z</time>
        <extensions>
          <ns3:TrackPointExtension>
            <ns3:atemp>28.0</ns3:atemp>
            <ns3:hr>114</ns3:hr>
          </ns3:TrackPointExtension>
        </extensions>
      </trkpt>
      <trkpt lat="24.50774786062538623809814453125" lon="118.15545983612537384033203125">
        <ele>19.6000003814697265625</ele>
        <time>2026-08-31T11:33:13.000Z</time>
        <extensions>
          <ns3:TrackPointExtension>
            <ns3:atemp>28.0</ns3:atemp>
            <ns3:hr>113</ns3:hr>
          </ns3:TrackPointExtension>
        </extensions>
      </trkpt>
      <trkpt lat="24.50781575404107570648193359375" lon="118.15547098405659198760986328125">
        <ele>19.6000003814697265625</ele>
        <time>2026-08-31T11:33:14.000Z</time>
        <extensions>
          <ns3:TrackPointExtension>
            <ns3:atemp>28.0</ns3:atemp>
            <ns3:hr>113</ns3:hr>
          </ns3:TrackPointExtension>
        </extensions>
      </trkpt>
      <trkpt lat="24.50821238569915294647216796875" lon="118.1555159948766231536865234375">
        <ele>19.200000762939453125</ele>
        <time>2026-08-31T11:33:20.000Z</time>
        <extensions>
          <ns3:TrackPointExtension>
            <ns3:atemp>28.0</ns3:atemp>
            <ns3:hr>113</ns3:hr>
          </ns3:TrackPointExtension>
        </extensions>
      </trkpt>
      <trkpt lat="24.5084047503769397735595703125" lon="118.15552228130400180816650390625">
        <ele>19</ele>
        <time>2026-08-31T11:33:23.000Z</time>
        <extensions>
          <ns3:TrackPointExtension>
            <ns3:atemp>28.0</ns3:atemp>
            <ns3:hr>113</ns3:hr>
          </ns3:TrackPointExtension>
        </extensions>
      </trkpt>
      <trkpt lat="24.5085207559168338775634765625" lon="118.15549068152904510498046875">
        <ele>18.6000003814697265625</ele>
        <time>2026-08-31T11:33:25.000Z</time>
        <extensions>
          <ns3:TrackPointExtension>
            <ns3:atemp>28.0</ns3:atemp>
            <ns3:hr>113</ns3:hr>
          </ns3:TrackPointExtension>
        </extensions>
      </trkpt>
      <trkpt lat="24.5085847936570644378662109375" lon="118.15546360798180103302001953125">
        <ele>18.200000762939453125</ele>
        <time>2026-08-31T11:33:26.000Z</time>
        <extensions>
          <ns3:TrackPointExtension>
            <ns3:atemp>28.0</ns3:atemp>
            <ns3:hr>114</ns3:hr>
          </ns3:TrackPointExtension>
        </extensions>
      </trkpt>
      <trkpt lat="24.5086434669792652130126953125" lon="118.1554361991584300994873046875">
        <ele>18</ele>
        <time>2026-08-31T11:33:27.000Z</time>
        <extensions>
          <ns3:TrackPointExtension>
            <ns3:atemp>28.0</ns3:atemp>
            <ns3:hr>114</ns3:hr>
          </ns3:TrackPointExtension>
        </extensions>
      </trkpt>
      <trkpt lat="24.5087014697492122650146484375" lon="118.15539278090000152587890625">
        <ele>17.799999237060546875</ele>
        <time>2026-08-31T11:33:28.000Z</time>
        <extensions>
          <ns3:TrackPointExtension>
            <ns3:atemp>28.0</ns3:atemp>
            <ns3:hr>114</ns3:hr>
          </ns3:TrackPointExtension>
        </extensions>
      </trkpt>
      <trkpt lat="24.5087577961385250091552734375" lon="118.1553446687757968902587890625">
        <ele>17.799999237060546875</ele>
        <time>2026-08-31T11:33:29.000Z</time>
        <extensions>
          <ns3:TrackPointExtension>
            <ns3:atemp>28.0</ns3:atemp>
            <ns3:hr>114</ns3:hr>
          </ns3:TrackPointExtension>
        </extensions>
      </trkpt>
      <trkpt lat="24.5088292099535465240478515625" lon="118.1553067825734615325927734375">
        <ele>17.799999237060546875</ele>
        <time>2026-08-31T11:33:30.000Z</time>
        <extensions>
          <ns3:TrackPointExtension>
            <ns3:atemp>28.0</ns3:atemp>
            <ns3:hr>115</ns3:hr>
          </ns3:TrackPointExtension>
        </extensions>
      </trkpt>
      <trkpt lat="24.50889366678893566131591796875" lon="118.15528356470167636871337890625">
        <ele>17.799999237060546875</ele>
        <time>2026-08-31T11:33:31.000Z</time>
        <extensions>
          <ns3:TrackPointExtension>
            <ns3:atemp>28.0</ns3:atemp>
            <ns3:hr>115</ns3:hr>
          </ns3:TrackPointExtension>
        </extensions>
      </trkpt>
      <trkpt lat="24.50901889242231845855712890625" lon="118.15525355748832225799560546875">
        <ele>18</ele>
        <time>2026-08-31T11:33:33.000Z</time>
        <extensions>
          <ns3:TrackPointExtension>
            <ns3:atemp>28.0</ns3:atemp>
            <ns3:hr>116</ns3:hr>
          </ns3:TrackPointExtension>
        </extensions>
      </trkpt>
      <trkpt lat="24.5090806670486927032470703125" lon="118.15524500794708728790283203125">
        <ele>18.200000762939453125</ele>
        <time>2026-08-31T11:33:34.000Z</time>
        <extensions>
          <ns3:TrackPointExtension>
            <ns3:atemp>28.0</ns3:atemp>
            <ns3:hr>115</ns3:hr>
          </ns3:TrackPointExtension>
        </extensions>
      </trkpt>
      <trkpt lat="24.50918887741863727569580078125" lon="118.15524199046194553375244140625">
        <ele>18.3999996185302734375</ele>
        <time>2026-08-31T11:33:36.000Z</time>
        <extensions>
          <ns3:TrackPointExtension>
            <ns3:atemp>28.0</ns3:atemp>
            <ns3:hr>112</ns3:hr>
          </ns3:TrackPointExtension>
        </extensions>
      </trkpt>
      <trkpt lat="24.5094927214086055755615234375" lon="118.155224137008190155029296875">
        <ele>18.3999996185302734375</ele>
        <time>2026-08-31T11:33:41.000Z</time>
        <extensions>
          <ns3:TrackPointExtension>
            <ns3:atemp>28.0</ns3:atemp>
            <ns3:hr>113</ns3:hr>
          </ns3:TrackPointExtension>
        </extensions>
      </trkpt>
      <trkpt lat="24.50972347520291805267333984375" lon="118.1551917828619480133056640625">
        <ele>18.6000003814697265625</ele>
        <time>2026-08-31T11:33:46.000Z</time>
        <extensions>
          <ns3:TrackPointExtension>
            <ns3:atemp>28.0</ns3:atemp>
            <ns3:hr>112</ns3:hr>
          </ns3:TrackPointExtension>
        </extensions>
      </trkpt>
      <trkpt lat="24.50998532585799694061279296875" lon="118.15515339374542236328125">
        <ele>18.6000003814697265625</ele>
        <time>2026-08-31T11:33:52.000Z</time>
        <extensions>
          <ns3:TrackPointExtension>
            <ns3:atemp>28.0</ns3:atemp>
            <ns3:hr>112</ns3:hr>
          </ns3:TrackPointExtension>
        </extensions>
      </trkpt>
      <trkpt lat="24.51007585041224956512451171875" lon="118.15513034351170063018798828125">
        <ele>18.799999237060546875</ele>
        <time>2026-08-31T11:33:54.000Z</time>
        <extensions>
          <ns3:TrackPointExtension>
            <ns3:atemp>28.0</ns3:atemp>
            <ns3:hr>111</ns3:hr>
          </ns3:TrackPointExtension>
        </extensions>
      </trkpt>
      <trkpt lat="24.510123543441295623779296875" lon="118.15512632019817829132080078125">
        <ele>18.799999237060546875</ele>
        <time>2026-08-31T11:33:55.000Z</time>
        <extensions>
          <ns3:TrackPointExtension>
            <ns3:atemp>28.0</ns3:atemp>
            <ns3:hr>110</ns3:hr>
          </ns3:TrackPointExtension>
        </extensions>
      </trkpt>
      <trkpt lat="24.5103168301284313201904296875" lon="118.15509379841387271881103515625">
        <ele>19</ele>
        <time>2026-08-31T11:33:59.000Z</time>
        <extensions>
          <ns3:TrackPointExtension>
            <ns3:atemp>28.0</ns3:atemp>
            <ns3:hr>108</ns3:hr>
          </ns3:TrackPointExtension>
        </extensions>
      </trkpt>
      <trkpt lat="24.510707594454288482666015625" lon="118.15495348535478115081787109375">
        <ele>19.3999996185302734375</ele>
        <time>2026-08-31T11:34:07.000Z</time>
        <extensions>
          <ns3:TrackPointExtension>
            <ns3:atemp>28.0</ns3:atemp>
            <ns3:hr>110</ns3:hr>
          </ns3:TrackPointExtension>
        </extensions>
      </trkpt>
      <trkpt lat="24.51075528748333454132080078125" lon="118.154929094016551971435546875">
        <ele>19.3999996185302734375</ele>
        <time>2026-08-31T11:34:08.000Z</time>
        <extensions>
          <ns3:TrackPointExtension>
            <ns3:atemp>28.0</ns3:atemp>
            <ns3:hr>110</ns3:hr>
          </ns3:TrackPointExtension>
        </extensions>
      </trkpt>
      <trkpt lat="24.51085737906396389007568359375" lon="118.154898248612880706787109375">
        <ele>19.6000003814697265625</ele>
        <time>2026-08-31T11:34:10.000Z</time>
        <extensions>
          <ns3:TrackPointExtension>
            <ns3:atemp>28.0</ns3:atemp>
            <ns3:hr>112</ns3:hr>
          </ns3:TrackPointExtension>
        </extensions>
      </trkpt>
      <trkpt lat="24.51096064411103725433349609375" lon="118.1548645533621311187744140625">
        <ele>19.799999237060546875</ele>
        <time>2026-08-31T11:34:12.000Z</time>
        <extensions>
          <ns3:TrackPointExtension>
            <ns3:atemp>28.0</ns3:atemp>
            <ns3:hr>112</ns3:hr>
          </ns3:TrackPointExtension>
        </extensions>
      </trkpt>
      <trkpt lat="24.51127965934574604034423828125" lon="118.1547577679157257080078125">
        <ele>19.6000003814697265625</ele>
        <time>2026-08-31T11:34:18.000Z</time>
        <extensions>
          <ns3:TrackPointExtension>
            <ns3:atemp>28.0</ns3:atemp>
            <ns3:hr>114</ns3:hr>
          </ns3:TrackPointExtension>
        </extensions>
      </trkpt>
      <trkpt lat="24.51143321581184864044189453125" lon="118.15471678040921688079833984375">
        <ele>19.799999237060546875</ele>
        <time>2026-08-31T11:34:21.000Z</time>
        <extensions>
          <ns3:TrackPointExtension>
            <ns3:atemp>28.0</ns3:atemp>
            <ns3:hr>114</ns3:hr>
          </ns3:TrackPointExtension>
        </extensions>
      </trkpt>
      <trkpt lat="24.51157386414706707000732421875" lon="118.15468191169202327728271484375">
        <ele>19.799999237060546875</ele>
        <time>2026-08-31T11:34:24.000Z</time>
        <extensions>
          <ns3:TrackPointExtension>
            <ns3:atemp>28.0</ns3:atemp>
            <ns3:hr>114</ns3:hr>
          </ns3:TrackPointExtension>
        </extensions>
      </trkpt>
      <trkpt lat="24.51163287274539470672607421875" lon="118.1546531617641448974609375">
        <ele>20</ele>
        <time>2026-08-31T11:34:25.000Z</time>
        <extensions>
          <ns3:TrackPointExtension>
            <ns3:atemp>28.0</ns3:atemp>
            <ns3:hr>114</ns3:hr>
          </ns3:TrackPointExtension>
        </extensions>
      </trkpt>
      <trkpt lat="24.5117863453924655914306640625" lon="118.1546129286289215087890625">
        <ele>20.200000762939453125</ele>
        <time>2026-08-31T11:34:28.000Z</time>
        <extensions>
          <ns3:TrackPointExtension>
            <ns3:atemp>28.0</ns3:atemp>
            <ns3:hr>113</ns3:hr>
          </ns3:TrackPointExtension>
        </extensions>
      </trkpt>
      <trkpt lat="24.51188399456441402435302734375" lon="118.15458183176815509796142578125">
        <ele>20.3999996185302734375</ele>
        <time>2026-08-31T11:34:30.000Z</time>
        <extensions>
          <ns3:TrackPointExtension>
            <ns3:atemp>28.0</ns3:atemp>
            <ns3:hr>114</ns3:hr>
          </ns3:TrackPointExtension>
        </extensions>
      </trkpt>
      <trkpt lat="24.5120844058692455291748046875" lon="118.15451435744762420654296875">
        <ele>20.3999996185302734375</ele>
        <time>2026-08-31T11:34:34.000Z</time>
        <extensions>
          <ns3:TrackPointExtension>
            <ns3:atemp>28.0</ns3:atemp>
            <ns3:hr>114</ns3:hr>
          </ns3:TrackPointExtension>
        </extensions>
      </trkpt>
      <trkpt lat="24.5121326856315135955810546875" lon="118.1544935703277587890625">
        <ele>20.3999996185302734375</ele>
        <time>2026-08-31T11:34:35.000Z</time>
        <extensions>
          <ns3:TrackPointExtension>
            <ns3:atemp>28.0</ns3:atemp>
            <ns3:hr>113</ns3:hr>
          </ns3:TrackPointExtension>
        </extensions>
      </trkpt>
      <trkpt lat="24.512281380593776702880859375" lon="118.15446473658084869384765625">
        <ele>20.3999996185302734375</ele>
        <time>2026-08-31T11:34:38.000Z</time>
        <extensions>
          <ns3:TrackPointExtension>
            <ns3:atemp>28.0</ns3:atemp>
            <ns3:hr>113</ns3:hr>
          </ns3:TrackPointExtension>
        </extensions>
      </trkpt>
      <trkpt lat="24.5124823786318302154541015625" lon="118.15444462001323699951171875">
        <ele>20.3999996185302734375</ele>
        <time>2026-08-31T11:34:42.000Z</time>
        <extensions>
          <ns3:TrackPointExtension>
            <ns3:atemp>28.0</ns3:atemp>
            <ns3:hr>112</ns3:hr>
          </ns3:TrackPointExtension>
        </extensions>
      </trkpt>
      <trkpt lat="24.51252118684351444244384765625" lon="118.154469430446624755859375">
        <ele>20.3999996185302734375</ele>
        <time>2026-08-31T11:34:43.000Z</time>
        <extensions>
          <ns3:TrackPointExtension>
            <ns3:atemp>28.0</ns3:atemp>
            <ns3:hr>111</ns3:hr>
          </ns3:TrackPointExtension>
        </extensions>
      </trkpt>
      <trkpt lat="24.5125584863126277923583984375" lon="118.15447454340755939483642578125">
        <ele>20.3999996185302734375</ele>
        <time>2026-08-31T11:34:44.000Z</time>
        <extensions>
          <ns3:TrackPointExtension>
            <ns3:atemp>28.0</ns3:atemp>
            <ns3:hr>111</ns3:hr>
          </ns3:TrackPointExtension>
        </extensions>
      </trkpt>
      <trkpt lat="24.51259620487689971923828125" lon="118.15454260446131229400634765625">
        <ele>20.3999996185302734375</ele>
        <time>2026-08-31T11:34:46.000Z</time>
        <extensions>
          <ns3:TrackPointExtension>
            <ns3:atemp>28.0</ns3:atemp>
            <ns3:hr>110</ns3:hr>
          </ns3:TrackPointExtension>
        </extensions>
      </trkpt>
      <trkpt lat="24.51272067613899707794189453125" lon="118.15462508238852024078369140625">
        <ele>20.6000003814697265625</ele>
        <time>2026-08-31T11:34:48.000Z</time>
        <extensions>
          <ns3:TrackPointExtension>
            <ns3:atemp>28.0</ns3:atemp>
            <ns3:hr>110</ns3:hr>
          </ns3:TrackPointExtension>
        </extensions>
      </trkpt>
      <trkpt lat="24.51277482323348522186279296875" lon="118.1546322070062160491943359375">
        <ele>20.6000003814697265625</ele>
        <time>2026-08-31T11:34:49.000Z</time>
        <extensions>
          <ns3:TrackPointExtension>
            <ns3:atemp>28.0</ns3:atemp>
            <ns3:hr>110</ns3:hr>
          </ns3:TrackPointExtension>
        </extensions>
      </trkpt>
      <trkpt lat="24.51282662339508533477783203125" lon="118.15463463775813579559326171875">
        <ele>20.6000003814697265625</ele>
        <time>2026-08-31T11:34:50.000Z</time>
        <extensions>
          <ns3:TrackPointExtension>
            <ns3:atemp>28.0</ns3:atemp>
            <ns3:hr>110</ns3:hr>
          </ns3:TrackPointExtension>
        </extensions>
      </trkpt>
      <trkpt lat="24.513078667223453521728515625" lon="118.154648132622241973876953125">
        <ele>20.6000003814697265625</ele>
        <time>2026-08-31T11:34:55.000Z</time>
        <extensions>
          <ns3:TrackPointExtension>
            <ns3:atemp>28.0</ns3:atemp>
            <ns3:hr>107</ns3:hr>
          </ns3:TrackPointExtension>
        </extensions>
      </trkpt>
      <trkpt lat="24.5131794176995754241943359375" lon="118.15466967411339282989501953125">
        <ele>20.6000003814697265625</ele>
        <time>2026-08-31T11:34:57.000Z</time>
        <extensions>
          <ns3:TrackPointExtension>
            <ns3:atemp>28.0</ns3:atemp>
            <ns3:hr>106</ns3:hr>
          </ns3:TrackPointExtension>
        </extensions>
      </trkpt>
      <trkpt lat="24.51341453008353710174560546875" lon="118.1547083146870136260986328125">
        <ele>20.6000003814697265625</ele>
        <time>2026-08-31T11:35:02.000Z</time>
        <extensions>
          <ns3:TrackPointExtension>
            <ns3:atemp>28.0</ns3:atemp>
            <ns3:hr>106</ns3:hr>
          </ns3:TrackPointExtension>
        </extensions>
      </trkpt>
      <trkpt lat="24.51366665773093700408935546875" lon="118.15469247289001941680908203125">
        <ele>20</ele>
        <time>2026-08-31T11:35:07.000Z</time>
        <extensions>
          <ns3:TrackPointExtension>
            <ns3:atemp>28.0</ns3:atemp>
            <ns3:hr>110</ns3:hr>
          </ns3:TrackPointExtension>
        </extensions>
      </trkpt>
      <trkpt lat="24.51381526887416839599609375" lon="118.15465919673442840576171875">
        <ele>20</ele>
        <time>2026-08-31T11:35:10.000Z</time>
        <extensions>
          <ns3:TrackPointExtension>
            <ns3:atemp>28.0</ns3:atemp>
            <ns3:hr>112</ns3:hr>
          </ns3:TrackPointExtension>
        </extensions>
      </trkpt>
      <trkpt lat="24.51420695520937442779541015625" lon="118.15459189005196094512939453125">
        <ele>19.799999237060546875</ele>
        <time>2026-08-31T11:35:18.000Z</time>
        <extensions>
          <ns3:TrackPointExtension>
            <ns3:atemp>28.0</ns3:atemp>
            <ns3:hr>112</ns3:hr>
          </ns3:TrackPointExtension>
        </extensions>
      </trkpt>
      <trkpt lat="24.51455178670585155487060546875" lon="118.15451703965663909912109375">
        <ele>19.799999237060546875</ele>
        <time>2026-08-31T11:35:25.000Z</time>
        <extensions>
          <ns3:TrackPointExtension>
            <ns3:atemp>28.0</ns3:atemp>
            <ns3:hr>112</ns3:hr>
          </ns3:TrackPointExtension>
        </extensions>
      </trkpt>
      <trkpt lat="24.5145952887833118438720703125" lon="118.1545048020780086517333984375">
        <ele>19.799999237060546875</ele>
        <time>2026-08-31T11:35:26.000Z</time>
        <extensions>
          <ns3:TrackPointExtension>
            <ns3:atemp>28.0</ns3:atemp>
            <ns3:hr>112</ns3:hr>
          </ns3:TrackPointExtension>
        </extensions>
      </trkpt>
      <trkpt lat="24.5148038305342197418212890625" lon="118.15443296916782855987548828125">
        <ele>20</ele>
        <time>2026-08-31T11:35:31.000Z</time>
        <extensions>
          <ns3:TrackPointExtension>
            <ns3:atemp>28.0</ns3:atemp>
            <ns3:hr>113</ns3:hr>
          </ns3:TrackPointExtension>
        </extensions>
      </trkpt>
      <trkpt lat="24.51484263874590396881103515625" lon="118.15440597943961620330810546875">
        <ele>20</ele>
        <time>2026-08-31T11:35:32.000Z</time>
        <extensions>
          <ns3:TrackPointExtension>
            <ns3:atemp>28.0</ns3:atemp>
            <ns3:hr>112</ns3:hr>
          </ns3:TrackPointExtension>
        </extensions>
      </trkpt>
      <trkpt lat="24.51491589657962322235107421875" lon="118.15433741547167301177978515625">
        <ele>20</ele>
        <time>2026-08-31T11:35:34.000Z</time>
        <extensions>
          <ns3:TrackPointExtension>
            <ns3:atemp>28.0</ns3:atemp>
            <ns3:hr>113</ns3:hr>
          </ns3:TrackPointExtension>
        </extensions>
      </trkpt>
      <trkpt lat="24.51497993431985378265380859375" lon="118.15425476990640163421630859375">
        <ele>20</ele>
        <time>2026-08-31T11:35:36.000Z</time>
        <extensions>
          <ns3:TrackPointExtension>
            <ns3:atemp>28.0</ns3:atemp>
            <ns3:hr>112</ns3:hr>
          </ns3:TrackPointExtension>
        </extensions>
      </trkpt>
      <trkpt lat="24.515008516609668731689453125" lon="118.15421453677117824554443359375">
        <ele>20</ele>
        <time>2026-08-31T11:35:37.000Z</time>
        <extensions>
          <ns3:TrackPointExtension>
            <ns3:atemp>28.0</ns3:atemp>
            <ns3:hr>112</ns3:hr>
          </ns3:TrackPointExtension>
        </extensions>
      </trkpt>
      <trkpt lat="24.5150261186063289642333984375" lon="118.154166676104068756103515625">
        <ele>19.799999237060546875</ele>
        <time>2026-08-31T11:35:38.000Z</time>
        <extensions>
          <ns3:TrackPointExtension>
            <ns3:atemp>28.0</ns3:atemp>
            <ns3:hr>112</ns3:hr>
          </ns3:TrackPointExtension>
        </extensions>
      </trkpt>
      <trkpt lat="24.515090323984622955322265625" lon="118.15402728505432605743408203125">
        <ele>19.799999237060546875</ele>
        <time>2026-08-31T11:35:41.000Z</time>
        <extensions>
          <ns3:TrackPointExtension>
            <ns3:atemp>28.0</ns3:atemp>
            <ns3:hr>112</ns3:hr>
          </ns3:TrackPointExtension>
        </extensions>
      </trkpt>
      <trkpt lat="24.51515964232385158538818359375" lon="118.15395905636250972747802734375">
        <ele>20</ele>
        <time>2026-08-31T11:35:43.000Z</time>
        <extensions>
          <ns3:TrackPointExtension>
            <ns3:atemp>28.0</ns3:atemp>
            <ns3:hr>113</ns3:hr>
          </ns3:TrackPointExtension>
        </extensions>
      </trkpt>
      <trkpt lat="24.515247903764247894287109375" lon="118.1539388559758663177490234375">
        <ele>20</ele>
        <time>2026-08-31T11:35:45.000Z</time>
        <extensions>
          <ns3:TrackPointExtension>
            <ns3:atemp>28.0</ns3:atemp>
            <ns3:hr>113</ns3:hr>
          </ns3:TrackPointExtension>
        </extensions>
      </trkpt>
      <trkpt lat="24.515296183526515960693359375" lon="118.153925947844982147216796875">
        <ele>20</ele>
        <time>2026-08-31T11:35:46.000Z</time>
        <extensions>
          <ns3:TrackPointExtension>
            <ns3:atemp>28.0</ns3:atemp>
            <ns3:hr>115</ns3:hr>
          </ns3:TrackPointExtension>
        </extensions>
      </trkpt>
      <trkpt lat="24.51540322043001651763916015625" lon="118.15388646908104419708251953125">
        <ele>20</ele>
        <time>2026-08-31T11:35:48.000Z</time>
        <extensions>
          <ns3:TrackPointExtension>
            <ns3:atemp>28.0</ns3:atemp>
            <ns3:hr>115</ns3:hr>
          </ns3:TrackPointExtension>
        </extensions>
      </trkpt>
      <trkpt lat="24.51551067642867565155029296875" lon="118.15382947213947772979736328125">
        <ele>20</ele>
        <time>2026-08-31T11:35:50.000Z</time>
        <extensions>
          <ns3:TrackPointExtension>
            <ns3:atemp>28.0</ns3:atemp>
            <ns3:hr>114</ns3:hr>
          </ns3:TrackPointExtension>
        </extensions>
      </trkpt>
      <trkpt lat="24.51567227952182292938232421875" lon="118.1537454016506671905517578125">
        <ele>20.200000762939453125</ele>
        <time>2026-08-31T11:35:53.000Z</time>
        <extensions>
          <ns3:TrackPointExtension>
            <ns3:atemp>28.0</ns3:atemp>
            <ns3:hr>113</ns3:hr>
          </ns3:TrackPointExtension>
        </extensions>
      </trkpt>
      <trkpt lat="24.51578593812882900238037109375" lon="118.153695948421955108642578125">
        <ele>20.3999996185302734375</ele>
        <time>2026-08-31T11:35:55.000Z</time>
        <extensions>
          <ns3:TrackPointExtension>
            <ns3:atemp>28.0</ns3:atemp>
            <ns3:hr>113</ns3:hr>
          </ns3:TrackPointExtension>
        </extensions>
      </trkpt>
      <trkpt lat="24.5158477127552032470703125" lon="118.15367616713047027587890625">
        <ele>20.3999996185302734375</ele>
        <time>2026-08-31T11:35:56.000Z</time>
        <extensions>
          <ns3:TrackPointExtension>
            <ns3:atemp>28.0</ns3:atemp>
            <ns3:hr>113</ns3:hr>
          </ns3:TrackPointExtension>
        </extensions>
      </trkpt>
      <trkpt lat="24.51594653539359569549560546875" lon="118.1536414660513401031494140625">
        <ele>20.3999996185302734375</ele>
        <time>2026-08-31T11:35:58.000Z</time>
        <extensions>
          <ns3:TrackPointExtension>
            <ns3:atemp>28.0</ns3:atemp>
            <ns3:hr>115</ns3:hr>
          </ns3:TrackPointExtension>
        </extensions>
      </trkpt>
      <trkpt lat="24.51606807298958301544189453125" lon="118.15358974970877170562744140625">
        <ele>20.6000003814697265625</ele>
        <time>2026-08-31T11:36:00.000Z</time>
        <extensions>
          <ns3:TrackPointExtension>
            <ns3:atemp>28.0</ns3:atemp>
            <ns3:hr>115</ns3:hr>
          </ns3:TrackPointExtension>
        </extensions>
      </trkpt>
      <trkpt lat="24.51623135246336460113525390625" lon="118.15355412662029266357421875">
        <ele>20.799999237060546875</ele>
        <time>2026-08-31T11:36:03.000Z</time>
        <extensions>
          <ns3:TrackPointExtension>
            <ns3:atemp>28.0</ns3:atemp>
            <ns3:hr>115</ns3:hr>
          </ns3:TrackPointExtension>
        </extensions>
      </trkpt>
      <trkpt lat="24.51633646152913570404052734375" lon="118.1535147316753864288330078125">
        <ele>20.799999237060546875</ele>
        <time>2026-08-31T11:36:05.000Z</time>
        <extensions>
          <ns3:TrackPointExtension>
            <ns3:atemp>28.0</ns3:atemp>
            <ns3:hr>115</ns3:hr>
          </ns3:TrackPointExtension>
        </extensions>
      </trkpt>
      <trkpt lat="24.51666117645800113677978515625" lon="118.15339679829776287078857421875">
        <ele>20.799999237060546875</ele>
        <time>2026-08-31T11:36:11.000Z</time>
        <extensions>
          <ns3:TrackPointExtension>
            <ns3:atemp>28.0</ns3:atemp>
            <ns3:hr>116</ns3:hr>
          </ns3:TrackPointExtension>
        </extensions>
      </trkpt>
      <trkpt lat="24.51671448536217212677001953125" lon="118.15337668173015117645263671875">
        <ele>20.799999237060546875</ele>
        <time>2026-08-31T11:36:12.000Z</time>
        <extensions>
          <ns3:TrackPointExtension>
            <ns3:atemp>28.0</ns3:atemp>
            <ns3:hr>116</ns3:hr>
          </ns3:TrackPointExtension>
        </extensions>
      </trkpt>
      <trkpt lat="24.51692386530339717864990234375" lon="118.153305687010288238525390625">
        <ele>20.6000003814697265625</ele>
        <time>2026-08-31T11:36:16.000Z</time>
        <extensions>
          <ns3:TrackPointExtension>
            <ns3:atemp>28.0</ns3:atemp>
            <ns3:hr>119</ns3:hr>
          </ns3:TrackPointExtension>
        </extensions>
      </trkpt>
      <trkpt lat="24.51708530075848102569580078125" lon="118.15325296483933925628662109375">
        <ele>20.799999237060546875</ele>
        <time>2026-08-31T11:36:19.000Z</time>
        <extensions>
          <ns3:TrackPointExtension>
            <ns3:atemp>28.0</ns3:atemp>
            <ns3:hr>121</ns3:hr>
          </ns3:TrackPointExtension>
        </extensions>
      </trkpt>
      <trkpt lat="24.51714078895747661590576171875" lon="118.15326168201863765716552734375">
        <ele>20.799999237060546875</ele>
        <time>2026-08-31T11:36:20.000Z</time>
        <extensions>
          <ns3:TrackPointExtension>
            <ns3:atemp>28.0</ns3:atemp>
            <ns3:hr>121</ns3:hr>
          </ns3:TrackPointExtension>
        </extensions>
      </trkpt>
      <trkpt lat="24.51719460077583789825439453125" lon="118.15325279720127582550048828125">
        <ele>20.799999237060546875</ele>
        <time>2026-08-31T11:36:21.000Z</time>
        <extensions>
          <ns3:TrackPointExtension>
            <ns3:atemp>28.0</ns3:atemp>
            <ns3:hr>121</ns3:hr>
          </ns3:TrackPointExtension>
        </extensions>
      </trkpt>
      <trkpt lat="24.5173577964305877685546875" lon="118.1532374583184719085693359375">
        <ele>21</ele>
        <time>2026-08-31T11:36:24.000Z</time>
        <extensions>
          <ns3:TrackPointExtension>
            <ns3:atemp>28.0</ns3:atemp>
            <ns3:hr>121</ns3:hr>
          </ns3:TrackPointExtension>
        </extensions>
      </trkpt>
      <trkpt lat="24.5174122788012027740478515625" lon="118.15322195179760456085205078125">
        <ele>21</ele>
        <time>2026-08-31T11:36:25.000Z</time>
        <extensions>
          <ns3:TrackPointExtension>
            <ns3:atemp>28.0</ns3:atemp>
            <ns3:hr>121</ns3:hr>
          </ns3:TrackPointExtension>
        </extensions>
      </trkpt>
      <trkpt lat="24.5175214111804962158203125" lon="118.1532019190490245819091796875">
        <ele>21</ele>
        <time>2026-08-31T11:36:27.000Z</time>
        <extensions>
          <ns3:TrackPointExtension>
            <ns3:atemp>28.0</ns3:atemp>
            <ns3:hr>121</ns3:hr>
          </ns3:TrackPointExtension>
        </extensions>
      </trkpt>
      <trkpt lat="24.5176701061427593231201171875" lon="118.153180964291095733642578125">
        <ele>21</ele>
        <time>2026-08-31T11:36:30.000Z</time>
        <extensions>
          <ns3:TrackPointExtension>
            <ns3:atemp>28.0</ns3:atemp>
            <ns3:hr>121</ns3:hr>
          </ns3:TrackPointExtension>
        </extensions>
      </trkpt>
      <trkpt lat="24.51783263124525547027587890625" lon="118.15314106643199920654296875">
        <ele>21</ele>
        <time>2026-08-31T11:36:33.000Z</time>
        <extensions>
          <ns3:TrackPointExtension>
            <ns3:atemp>28.0</ns3:atemp>
            <ns3:hr>121</ns3:hr>
          </ns3:TrackPointExtension>
        </extensions>
      </trkpt>
      <trkpt lat="24.51798534952104091644287109375" lon="118.15308784134685993194580078125">
        <ele>21</ele>
        <time>2026-08-31T11:36:36.000Z</time>
        <extensions>
          <ns3:TrackPointExtension>
            <ns3:atemp>28.0</ns3:atemp>
            <ns3:hr>122</ns3:hr>
          </ns3:TrackPointExtension>
        </extensions>
      </trkpt>
      <trkpt lat="24.5182420872151851654052734375" lon="118.1529903598129749298095703125">
        <ele>21.200000762939453125</ele>
        <time>2026-08-31T11:36:41.000Z</time>
        <extensions>
          <ns3:TrackPointExtension>
            <ns3:atemp>28.0</ns3:atemp>
            <ns3:hr>122</ns3:hr>
          </ns3:TrackPointExtension>
        </extensions>
      </trkpt>
      <trkpt lat="24.51835582964122295379638671875" lon="118.15300737507641315460205078125">
        <ele>21.3999996185302734375</ele>
        <time>2026-08-31T11:36:43.000Z</time>
        <extensions>
          <ns3:TrackPointExtension>
            <ns3:atemp>28.0</ns3:atemp>
            <ns3:hr>121</ns3:hr>
          </ns3:TrackPointExtension>
        </extensions>
      </trkpt>
      <trkpt lat="24.518530927598476409912109375" lon="118.15300301648676395416259765625">
        <ele>21.3999996185302734375</ele>
        <time>2026-08-31T11:36:46.000Z</time>
        <extensions>
          <ns3:TrackPointExtension>
            <ns3:atemp>28.0</ns3:atemp>
            <ns3:hr>122</ns3:hr>
          </ns3:TrackPointExtension>
        </extensions>
      </trkpt>
      <trkpt lat="24.51863897033035755157470703125" lon="118.15295867621898651123046875">
        <ele>21.3999996185302734375</ele>
        <time>2026-08-31T11:36:48.000Z</time>
        <extensions>
          <ns3:TrackPointExtension>
            <ns3:atemp>28.0</ns3:atemp>
            <ns3:hr>121</ns3:hr>
          </ns3:TrackPointExtension>
        </extensions>
      </trkpt>
      <trkpt lat="24.5188383758068084716796875" lon="118.15292674116790294647216796875">
        <ele>21.6000003814697265625</ele>
        <time>2026-08-31T11:36:52.000Z</time>
        <extensions>
          <ns3:TrackPointExtension>
            <ns3:atemp>28.0</ns3:atemp>
            <ns3:hr>119</ns3:hr>
          </ns3:TrackPointExtension>
        </extensions>
      </trkpt>
      <trkpt lat="24.51913140714168548583984375" lon="118.152857758104801177978515625">
        <ele>22.200000762939453125</ele>
        <time>2026-08-31T11:36:57.000Z</time>
        <extensions>
          <ns3:TrackPointExtension>
            <ns3:atemp>28.0</ns3:atemp>
            <ns3:hr>120</ns3:hr>
          </ns3:TrackPointExtension>
        </extensions>
      </trkpt>
      <trkpt lat="24.51917390339076519012451171875" lon="118.152843676507472991943359375">
        <ele>22.200000762939453125</ele>
        <time>2026-08-31T11:36:58.000Z</time>
        <extensions>
          <ns3:TrackPointExtension>
            <ns3:atemp>28.0</ns3:atemp>
            <ns3:hr>120</ns3:hr>
          </ns3:TrackPointExtension>
        </extensions>
      </trkpt>
      <trkpt lat="24.51949191279709339141845703125" lon="118.1527556665241718292236328125">
        <ele>21.799999237060546875</ele>
        <time>2026-08-31T11:37:04.000Z</time>
        <extensions>
          <ns3:TrackPointExtension>
            <ns3:atemp>28.0</ns3:atemp>
            <ns3:hr>121</ns3:hr>
          </ns3:TrackPointExtension>
        </extensions>
      </trkpt>
      <trkpt lat="24.519759379327297210693359375" lon="118.1527097336947917938232421875">
        <ele>22.200000762939453125</ele>
        <time>2026-08-31T11:37:09.000Z</time>
        <extensions>
          <ns3:TrackPointExtension>
            <ns3:atemp>28.0</ns3:atemp>
            <ns3:hr>118</ns3:hr>
          </ns3:TrackPointExtension>
        </extensions>
      </trkpt>
      <trkpt lat="24.51981461606919765472412109375" lon="118.1526990048587322235107421875">
        <ele>22.200000762939453125</ele>
        <time>2026-08-31T11:37:10.000Z</time>
        <extensions>
          <ns3:TrackPointExtension>
            <ns3:atemp>28.0</ns3:atemp>
            <ns3:hr>118</ns3:hr>
          </ns3:TrackPointExtension>
        </extensions>
      </trkpt>
      <trkpt lat="24.51986633241176605224609375" lon="118.15267033874988555908203125">
        <ele>22.200000762939453125</ele>
        <time>2026-08-31T11:37:11.000Z</time>
        <extensions>
          <ns3:TrackPointExtension>
            <ns3:atemp>28.0</ns3:atemp>
            <ns3:hr>119</ns3:hr>
          </ns3:TrackPointExtension>
        </extensions>
      </trkpt>
      <trkpt lat="24.52001075260341167449951171875" lon="118.15260940231382846832275390625">
        <ele>22.200000762939453125</ele>
        <time>2026-08-31T11:37:14.000Z</time>
        <extensions>
          <ns3:TrackPointExtension>
            <ns3:atemp>28.0</ns3:atemp>
            <ns3:hr>120</ns3:hr>
          </ns3:TrackPointExtension>
        </extensions>
      </trkpt>
      <trkpt lat="24.52006213366985321044921875" lon="118.1525927223265171051025390625">
        <ele>22.3999996185302734375</ele>
        <time>2026-08-31T11:37:15.000Z</time>
        <extensions>
          <ns3:TrackPointExtension>
            <ns3:atemp>28.0</ns3:atemp>
            <ns3:hr>120</ns3:hr>
          </ns3:TrackPointExtension>
        </extensions>
      </trkpt>
      <trkpt lat="24.52026464045047760009765625" lon="118.15253664739429950714111328125">
        <ele>22.6000003814697265625</ele>
        <time>2026-08-31T11:37:19.000Z</time>
        <extensions>
          <ns3:TrackPointExtension>
            <ns3:atemp>28.0</ns3:atemp>
            <ns3:hr>119</ns3:hr>
          </ns3:TrackPointExtension>
        </extensions>
      </trkpt>
      <trkpt lat="24.520358182489871978759765625" lon="118.15250647254288196563720703125">
        <ele>22.799999237060546875</ele>
        <time>2026-08-31T11:37:21.000Z</time>
        <extensions>
          <ns3:TrackPointExtension>
            <ns3:atemp>28.0</ns3:atemp>
            <ns3:hr>119</ns3:hr>
          </ns3:TrackPointExtension>
        </extensions>
      </trkpt>
      <trkpt lat="24.520498998463153839111328125" lon="118.15246783196926116943359375">
        <ele>22.799999237060546875</ele>
        <time>2026-08-31T11:37:24.000Z</time>
        <extensions>
          <ns3:TrackPointExtension>
            <ns3:atemp>28.0</ns3:atemp>
            <ns3:hr>119</ns3:hr>
          </ns3:TrackPointExtension>
        </extensions>
      </trkpt>
      <trkpt lat="24.5205818116664886474609375" lon="118.152449391782283782958984375">
        <ele>23</ele>
        <time>2026-08-31T11:37:26.000Z</time>
        <extensions>
          <ns3:TrackPointExtension>
            <ns3:atemp>28.0</ns3:atemp>
            <ns3:hr>120</ns3:hr>
          </ns3:TrackPointExtension>
        </extensions>
      </trkpt>
      <trkpt lat="24.52062531374394893646240234375" lon="118.15243606455624103546142578125">
        <ele>23.200000762939453125</ele>
        <time>2026-08-31T11:37:27.000Z</time>
        <extensions>
          <ns3:TrackPointExtension>
            <ns3:atemp>28.0</ns3:atemp>
            <ns3:hr>120</ns3:hr>
          </ns3:TrackPointExtension>
        </extensions>
      </trkpt>
      <trkpt lat="24.52067258767783641815185546875" lon="118.15242349170148372650146484375">
        <ele>23.3999996185302734375</ele>
        <time>2026-08-31T11:37:28.000Z</time>
        <extensions>
          <ns3:TrackPointExtension>
            <ns3:atemp>28.0</ns3:atemp>
            <ns3:hr>118</ns3:hr>
          </ns3:TrackPointExtension>
        </extensions>
      </trkpt>
      <trkpt lat="24.5208629406988620758056640625" lon="118.15236716531217098236083984375">
        <ele>23.6000003814697265625</ele>
        <time>2026-08-31T11:37:32.000Z</time>
        <extensions>
          <ns3:TrackPointExtension>
            <ns3:atemp>28.0</ns3:atemp>
            <ns3:hr>120</ns3:hr>
          </ns3:TrackPointExtension>
        </extensions>
      </trkpt>
      <trkpt lat="24.52096226625144481658935546875" lon="118.15233916975557804107666015625">
        <ele>23.6000003814697265625</ele>
        <time>2026-08-31T11:37:34.000Z</time>
        <extensions>
          <ns3:TrackPointExtension>
            <ns3:atemp>28.0</ns3:atemp>
            <ns3:hr>120</ns3:hr>
          </ns3:TrackPointExtension>
        </extensions>
      </trkpt>
      <trkpt lat="24.52119813300669193267822265625" lon="118.15231150947511196136474609375">
        <ele>24</ele>
        <time>2026-08-31T11:37:39.000Z</time>
        <extensions>
          <ns3:TrackPointExtension>
            <ns3:atemp>28.0</ns3:atemp>
            <ns3:hr>121</ns3:hr>
          </ns3:TrackPointExtension>
        </extensions>
      </trkpt>
      <trkpt lat="24.521240293979644775390625" lon="118.15229927189648151397705078125">
        <ele>24</ele>
        <time>2026-08-31T11:37:40.000Z</time>
        <extensions>
          <ns3:TrackPointExtension>
            <ns3:atemp>28.0</ns3:atemp>
            <ns3:hr>121</ns3:hr>
          </ns3:TrackPointExtension>
        </extensions>
      </trkpt>
      <trkpt lat="24.521284215152263641357421875" lon="118.15229952335357666015625">
        <ele>24.200000762939453125</ele>
        <time>2026-08-31T11:37:41.000Z</time>
        <extensions>
          <ns3:TrackPointExtension>
            <ns3:atemp>28.0</ns3:atemp>
            <ns3:hr>121</ns3:hr>
          </ns3:TrackPointExtension>
        </extensions>
      </trkpt>
      <trkpt lat="24.5213762484490871429443359375" lon="118.15228636376559734344482421875">
        <ele>24.200000762939453125</ele>
        <time>2026-08-31T11:37:43.000Z</time>
        <extensions>
          <ns3:TrackPointExtension>
            <ns3:atemp>28.0</ns3:atemp>
            <ns3:hr>121</ns3:hr>
          </ns3:TrackPointExtension>
        </extensions>
      </trkpt>
      <trkpt lat="24.521422348916530609130859375" lon="118.15228653140366077423095703125">
        <ele>24.3999996185302734375</ele>
        <time>2026-08-31T11:37:44.000Z</time>
        <extensions>
          <ns3:TrackPointExtension>
            <ns3:atemp>28.0</ns3:atemp>
            <ns3:hr>120</ns3:hr>
          </ns3:TrackPointExtension>
        </extensions>
      </trkpt>
      <trkpt lat="24.52160063199698925018310546875" lon="118.15223716199398040771484375">
        <ele>24.799999237060546875</ele>
        <time>2026-08-31T11:37:48.000Z</time>
        <extensions>
          <ns3:TrackPointExtension>
            <ns3:atemp>28.0</ns3:atemp>
            <ns3:hr>122</ns3:hr>
          </ns3:TrackPointExtension>
        </extensions>
      </trkpt>
      <trkpt lat="24.52169065363705158233642578125" lon="118.15221168100833892822265625">
        <ele>24.799999237060546875</ele>
        <time>2026-08-31T11:37:50.000Z</time>
        <extensions>
          <ns3:TrackPointExtension>
            <ns3:atemp>28.0</ns3:atemp>
            <ns3:hr>122</ns3:hr>
          </ns3:TrackPointExtension>
        </extensions>
      </trkpt>
      <trkpt lat="24.52185426838696002960205078125" lon="118.15215292386710643768310546875">
        <ele>25.200000762939453125</ele>
        <time>2026-08-31T11:37:54.000Z</time>
        <extensions>
          <ns3:TrackPointExtension>
            <ns3:atemp>28.0</ns3:atemp>
            <ns3:hr>122</ns3:hr>
          </ns3:TrackPointExtension>
        </extensions>
      </trkpt>
      <trkpt lat="24.52189332805573940277099609375" lon="118.15214940346777439117431640625">
        <ele>25.3999996185302734375</ele>
        <time>2026-08-31T11:37:55.000Z</time>
        <extensions>
          <ns3:TrackPointExtension>
            <ns3:atemp>28.0</ns3:atemp>
            <ns3:hr>122</ns3:hr>
          </ns3:TrackPointExtension>
        </extensions>
      </trkpt>
      <trkpt lat="24.5219784043729305267333984375" lon="118.1521400995552539825439453125">
        <ele>25.3999996185302734375</ele>
        <time>2026-08-31T11:37:57.000Z</time>
        <extensions>
          <ns3:TrackPointExtension>
            <ns3:atemp>28.0</ns3:atemp>
            <ns3:hr>123</ns3:hr>
          </ns3:TrackPointExtension>
        </extensions>
      </trkpt>
      <trkpt lat="24.5220219902694225311279296875" lon="118.15213683061301708221435546875">
        <ele>25.3999996185302734375</ele>
        <time>2026-08-31T11:37:58.000Z</time>
        <extensions>
          <ns3:TrackPointExtension>
            <ns3:atemp>28.0</ns3:atemp>
            <ns3:hr>123</ns3:hr>
          </ns3:TrackPointExtension>
        </extensions>
      </trkpt>
      <trkpt lat="24.52215584926307201385498046875" lon="118.15211621113121509552001953125">
        <ele>25.6000003814697265625</ele>
        <time>2026-08-31T11:38:01.000Z</time>
        <extensions>
          <ns3:TrackPointExtension>
            <ns3:atemp>28.0</ns3:atemp>
            <ns3:hr>123</ns3:hr>
          </ns3:TrackPointExtension>
        </extensions>
      </trkpt>
      <trkpt lat="24.52223740518093109130859375" lon="118.1521166302263736724853515625">
        <ele>26</ele>
        <time>2026-08-31T11:38:03.000Z</time>
        <extensions>
          <ns3:TrackPointExtension>
            <ns3:atemp>28.0</ns3:atemp>
            <ns3:hr>124</ns3:hr>
          </ns3:TrackPointExtension>
        </extensions>
      </trkpt>
      <trkpt lat="24.5223153568804264068603515625" lon="118.15209844149649143218994140625">
        <ele>26.200000762939453125</ele>
        <time>2026-08-31T11:38:05.000Z</time>
        <extensions>
          <ns3:TrackPointExtension>
            <ns3:atemp>28.0</ns3:atemp>
            <ns3:hr>124</ns3:hr>
          </ns3:TrackPointExtension>
        </extensions>
      </trkpt>
      <trkpt lat="24.5224001817405223846435546875" lon="118.15207178704440593719482421875">
        <ele>26.3999996185302734375</ele>
        <time>2026-08-31T11:38:07.000Z</time>
        <extensions>
          <ns3:TrackPointExtension>
            <ns3:atemp>28.0</ns3:atemp>
            <ns3:hr>123</ns3:hr>
          </ns3:TrackPointExtension>
        </extensions>
      </trkpt>
      <trkpt lat="24.52243597246706485748291015625" lon="118.15205703489482402801513671875">
        <ele>26.6000003814697265625</ele>
        <time>2026-08-31T11:38:08.000Z</time>
        <extensions>
          <ns3:TrackPointExtension>
            <ns3:atemp>28.0</ns3:atemp>
            <ns3:hr>123</ns3:hr>
          </ns3:TrackPointExtension>
        </extensions>
      </trkpt>
      <trkpt lat="24.52248643152415752410888671875" lon="118.15204211510717868804931640625">
        <ele>26.6000003814697265625</ele>
        <time>2026-08-31T11:38:09.000Z</time>
        <extensions>
          <ns3:TrackPointExtension>
            <ns3:atemp>28.0</ns3:atemp>
            <ns3:hr>123</ns3:hr>
          </ns3:TrackPointExtension>
        </extensions>
      </trkpt>
      <trkpt lat="24.52278180979192256927490234375" lon="118.15197003073990345001220703125">
        <ele>27.3999996185302734375</ele>
        <time>2026-08-31T11:38:16.000Z</time>
        <extensions>
          <ns3:TrackPointExtension>
            <ns3:atemp>28.0</ns3:atemp>
            <ns3:hr>123</ns3:hr>
          </ns3:TrackPointExtension>
        </extensions>
      </trkpt>
      <trkpt lat="24.5228246413171291351318359375" lon="118.15196449868381023406982421875">
        <ele>27.3999996185302734375</ele>
        <time>2026-08-31T11:38:17.000Z</time>
        <extensions>
          <ns3:TrackPointExtension>
            <ns3:atemp>28.0</ns3:atemp>
            <ns3:hr>123</ns3:hr>
          </ns3:TrackPointExtension>
        </extensions>
      </trkpt>
      <trkpt lat="24.52311021275818347930908203125" lon="118.1518966890871524810791015625">
        <ele>28.200000762939453125</ele>
        <time>2026-08-31T11:38:24.000Z</time>
        <extensions>
          <ns3:TrackPointExtension>
            <ns3:atemp>28.0</ns3:atemp>
            <ns3:hr>124</ns3:hr>
          </ns3:TrackPointExtension>
        </extensions>
      </trkpt>
      <trkpt lat="24.52323577366769313812255859375" lon="118.15186626277863979339599609375">
        <ele>28.6000003814697265625</ele>
        <time>2026-08-31T11:38:27.000Z</time>
        <extensions>
          <ns3:TrackPointExtension>
            <ns3:atemp>28.0</ns3:atemp>
            <ns3:hr>125</ns3:hr>
          </ns3:TrackPointExtension>
        </extensions>
      </trkpt>
      <trkpt lat="24.52336049638688564300537109375" lon="118.1518289633095264434814453125">
        <ele>28.6000003814697265625</ele>
        <time>2026-08-31T11:38:30.000Z</time>
        <extensions>
          <ns3:TrackPointExtension>
            <ns3:atemp>28.0</ns3:atemp>
            <ns3:hr>126</ns3:hr>
          </ns3:TrackPointExtension>
        </extensions>
      </trkpt>
      <trkpt lat="24.52343828044831752777099609375" lon="118.15180725418031215667724609375">
        <ele>28.799999237060546875</ele>
        <time>2026-08-31T11:38:32.000Z</time>
        <extensions>
          <ns3:TrackPointExtension>
            <ns3:atemp>28.0</ns3:atemp>
            <ns3:hr>125</ns3:hr>
          </ns3:TrackPointExtension>
        </extensions>
      </trkpt>
      <trkpt lat="24.52355897985398769378662109375" lon="118.151804320514202117919921875">
        <ele>29.200000762939453125</ele>
        <time>2026-08-31T11:38:35.000Z</time>
        <extensions>
          <ns3:TrackPointExtension>
            <ns3:atemp>28.0</ns3:atemp>
            <ns3:hr>127</ns3:hr>
          </ns3:TrackPointExtension>
        </extensions>
      </trkpt>
      <trkpt lat="24.52363760210573673248291015625" lon="118.15178596414625644683837890625">
        <ele>29.3999996185302734375</ele>
        <time>2026-08-31T11:38:37.000Z</time>
        <extensions>
          <ns3:TrackPointExtension>
            <ns3:atemp>28.0</ns3:atemp>
            <ns3:hr>128</ns3:hr>
          </ns3:TrackPointExtension>
        </extensions>
      </trkpt>
      <trkpt lat="24.52367498539388179779052734375" lon="118.15177791751921176910400390625">
        <ele>29.799999237060546875</ele>
        <time>2026-08-31T11:38:38.000Z</time>
        <extensions>
          <ns3:TrackPointExtension>
            <ns3:atemp>28.0</ns3:atemp>
            <ns3:hr>128</ns3:hr>
          </ns3:TrackPointExtension>
        </extensions>
      </trkpt>
      <trkpt lat="24.5239206589758396148681640625" lon="118.15170600078999996185302734375">
        <ele>30.200000762939453125</ele>
        <time>2026-08-31T11:38:44.000Z</time>
        <extensions>
          <ns3:TrackPointExtension>
            <ns3:atemp>28.0</ns3:atemp>
            <ns3:hr>130</ns3:hr>
          </ns3:TrackPointExtension>
        </extensions>
      </trkpt>
      <trkpt lat="24.52404898591339588165283203125" lon="118.15174774266779422760009765625">
        <ele>30.6000003814697265625</ele>
        <time>2026-08-31T11:38:47.000Z</time>
        <extensions>
          <ns3:TrackPointExtension>
            <ns3:atemp>28.0</ns3:atemp>
            <ns3:hr>131</ns3:hr>
          </ns3:TrackPointExtension>
        </extensions>
      </trkpt>
      <trkpt lat="24.52408603392541408538818359375" lon="118.15177238546311855316162109375">
        <ele>30.799999237060546875</ele>
        <time>2026-08-31T11:38:48.000Z</time>
        <extensions>
          <ns3:TrackPointExtension>
            <ns3:atemp>28.0</ns3:atemp>
            <ns3:hr>131</ns3:hr>
          </ns3:TrackPointExtension>
        </extensions>
      </trkpt>
      <trkpt lat="24.52412107028067111968994140625" lon="118.15179987810552120208740234375">
        <ele>31</ele>
        <time>2026-08-31T11:38:49.000Z</time>
        <extensions>
          <ns3:TrackPointExtension>
            <ns3:atemp>28.0</ns3:atemp>
            <ns3:hr>132</ns3:hr>
          </ns3:TrackPointExtension>
        </extensions>
      </trkpt>
      <trkpt lat="24.524179659783840179443359375" lon="118.15186592750251293182373046875">
        <ele>31</ele>
        <time>2026-08-31T11:38:51.000Z</time>
        <extensions>
          <ns3:TrackPointExtension>
            <ns3:atemp>28.0</ns3:atemp>
            <ns3:hr>133</ns3:hr>
          </ns3:TrackPointExtension>
        </extensions>
      </trkpt>
      <trkpt lat="24.52421830035746097564697265625" lon="118.1519483216106891632080078125">
        <ele>31</ele>
        <time>2026-08-31T11:38:53.000Z</time>
        <extensions>
          <ns3:TrackPointExtension>
            <ns3:atemp>28.0</ns3:atemp>
            <ns3:hr>134</ns3:hr>
          </ns3:TrackPointExtension>
        </extensions>
      </trkpt>
      <trkpt lat="24.52432148158550262451171875" lon="118.15213968046009540557861328125">
        <ele>31.3999996185302734375</ele>
        <time>2026-08-31T11:38:58.000Z</time>
        <extensions>
          <ns3:TrackPointExtension>
            <ns3:atemp>28.0</ns3:atemp>
            <ns3:hr>133</ns3:hr>
          </ns3:TrackPointExtension>
        </extensions>
      </trkpt>
      <trkpt lat="24.5244265906512737274169921875" lon="118.152205310761928558349609375">
        <ele>31.799999237060546875</ele>
        <time>2026-08-31T11:39:01.000Z</time>
        <extensions>
          <ns3:TrackPointExtension>
            <ns3:atemp>28.0</ns3:atemp>
            <ns3:hr>133</ns3:hr>
          </ns3:TrackPointExtension>
        </extensions>
      </trkpt>
      <trkpt lat="24.524504877626895904541015625" lon="118.1522078253328800201416015625">
        <ele>32</ele>
        <time>2026-08-31T11:39:03.000Z</time>
        <extensions>
          <ns3:TrackPointExtension>
            <ns3:atemp>28.0</ns3:atemp>
            <ns3:hr>133</ns3:hr>
          </ns3:TrackPointExtension>
        </extensions>
      </trkpt>
      <trkpt lat="24.52467176131904125213623046875" lon="118.15216750837862491607666015625">
        <ele>32.59999847412109375</ele>
        <time>2026-08-31T11:39:08.000Z</time>
        <extensions>
          <ns3:TrackPointExtension>
            <ns3:atemp>28.0</ns3:atemp>
            <ns3:hr>133</ns3:hr>
          </ns3:TrackPointExtension>
        </extensions>
      </trkpt>
      <trkpt lat="24.52473848126828670501708984375" lon="118.15214638598263263702392578125">
        <ele>32.799999237060546875</ele>
        <time>2026-08-31T11:39:10.000Z</time>
        <extensions>
          <ns3:TrackPointExtension>
            <ns3:atemp>28.0</ns3:atemp>
            <ns3:hr>133</ns3:hr>
          </ns3:TrackPointExtension>
        </extensions>
      </trkpt>
      <trkpt lat="24.5248580910265445709228515625" lon="118.152119815349578857421875">
        <ele>33.799999237060546875</ele>
        <time>2026-08-31T11:39:13.000Z</time>
        <extensions>
          <ns3:TrackPointExtension>
            <ns3:atemp>28.0</ns3:atemp>
            <ns3:hr>136</ns3:hr>
          </ns3:TrackPointExtension>
        </extensions>
      </trkpt>
      <trkpt lat="24.5250129885971546173095703125" lon="118.1520774029195308685302734375">
        <ele>33.799999237060546875</ele>
        <time>2026-08-31T11:39:19.000Z</time>
        <extensions>
          <ns3:TrackPointExtension>
            <ns3:atemp>28.0</ns3:atemp>
            <ns3:hr>137</ns3:hr>
          </ns3:TrackPointExtension>
        </extensions>
      </trkpt>
      <trkpt lat="24.525008462369441986083984375" lon="118.15208151005208492279052734375">
        <ele>34</ele>
        <time>2026-08-31T11:39:22.000Z</time>
        <extensions>
          <ns3:TrackPointExtension>
            <ns3:atemp>28.0</ns3:atemp>
            <ns3:hr>137</ns3:hr>
          </ns3:TrackPointExtension>
        </extensions>
      </trkpt>
      <trkpt lat="24.52500754036009311676025390625" lon="118.15208234824240207672119140625">
        <ele>34</ele>
        <time>2026-08-31T11:39:23.000Z</time>
        <extensions>
          <ns3:TrackPointExtension>
            <ns3:atemp>28.0</ns3:atemp>
            <ns3:hr>137</ns3:hr>
          </ns3:TrackPointExtension>
        </extensions>
      </trkpt>
      <trkpt lat="24.52500754036009311676025390625" lon="118.15208234824240207672119140625">
        <ele>33.799999237060546875</ele>
        <time>2026-08-31T11:39:27.000Z</time>
        <extensions>
          <ns3:TrackPointExtension>
            <ns3:atemp>28.0</ns3:atemp>
            <ns3:hr>134</ns3:hr>
          </ns3:TrackPointExtension>
        </extensions>
      </trkpt>
      <trkpt lat="24.52500754036009311676025390625" lon="118.15208234824240207672119140625">
        <ele>33.799999237060546875</ele>
        <time>2026-08-31T11:39:39.000Z</time>
        <extensions>
          <ns3:TrackPointExtension>
            <ns3:atemp>28.0</ns3:atemp>
            <ns3:hr>131</ns3:hr>
          </ns3:TrackPointExtension>
        </extensions>
      </trkpt>
      <trkpt lat="24.52500754036009311676025390625" lon="118.15208234824240207672119140625">
        <ele>33.799999237060546875</ele>
        <time>2026-08-31T11:39:43.000Z</time>
        <extensions>
          <ns3:TrackPointExtension>
            <ns3:atemp>28.0</ns3:atemp>
            <ns3:hr>128</ns3:hr>
          </ns3:TrackPointExtension>
        </extensions>
      </trkpt>
      <trkpt lat="24.52500754036009311676025390625" lon="118.15208234824240207672119140625">
        <ele>33.799999237060546875</ele>
        <time>2026-08-31T11:39:49.000Z</time>
        <extensions>
          <ns3:TrackPointExtension>
            <ns3:atemp>28.0</ns3:atemp>
            <ns3:hr>125</ns3:hr>
          </ns3:TrackPointExtension>
        </extensions>
      </trkpt>
      <trkpt lat="24.52500754036009311676025390625" lon="118.15208234824240207672119140625">
        <ele>33.799999237060546875</ele>
        <time>2026-08-31T11:39:58.000Z</time>
        <extensions>
          <ns3:TrackPointExtension>
            <ns3:atemp>28.0</ns3:atemp>
            <ns3:hr>122</ns3:hr>
          </ns3:TrackPointExtension>
        </extensions>
      </trkpt>
      <trkpt lat="24.52500754036009311676025390625" lon="118.15208234824240207672119140625">
        <ele>33.799999237060546875</ele>
        <time>2026-08-31T11:40:02.000Z</time>
        <extensions>
          <ns3:TrackPointExtension>
            <ns3:atemp>28.0</ns3:atemp>
            <ns3:hr>119</ns3:hr>
          </ns3:TrackPointExtension>
        </extensions>
      </trkpt>
      <trkpt lat="24.52500754036009311676025390625" lon="118.15208234824240207672119140625">
        <ele>33.799999237060546875</ele>
        <time>2026-08-31T11:40:06.000Z</time>
        <extensions>
          <ns3:TrackPointExtension>
            <ns3:atemp>28.0</ns3:atemp>
            <ns3:hr>116</ns3:hr>
          </ns3:TrackPointExtension>
        </extensions>
      </trkpt>
      <trkpt lat="24.52500754036009311676025390625" lon="118.15208234824240207672119140625">
        <ele>33.59999847412109375</ele>
        <time>2026-08-31T11:40:10.000Z</time>
        <extensions>
          <ns3:TrackPointExtension>
            <ns3:atemp>28.0</ns3:atemp>
            <ns3:hr>112</ns3:hr>
          </ns3:TrackPointExtension>
        </extensions>
      </trkpt>
      <trkpt lat="24.52500754036009311676025390625" lon="118.15208234824240207672119140625">
        <ele>33.59999847412109375</ele>
        <time>2026-08-31T11:40:30.000Z</time>
        <extensions>
          <ns3:TrackPointExtension>
            <ns3:atemp>28.0</ns3:atemp>
            <ns3:hr>109</ns3:hr>
          </ns3:TrackPointExtension>
        </extensions>
      </trkpt>
      <trkpt lat="24.52500754036009311676025390625" lon="118.15208234824240207672119140625">
        <ele>33.59999847412109375</ele>
        <time>2026-08-31T11:41:06.000Z</time>
        <extensions>
          <ns3:TrackPointExtension>
            <ns3:atemp>28.0</ns3:atemp>
            <ns3:hr>108</ns3:hr>
          </ns3:TrackPointExtension>
        </extensions>
      </trkpt>
      <trkpt lat="24.52500754036009311676025390625" lon="118.15208234824240207672119140625">
        <ele>33.59999847412109375</ele>
        <time>2026-08-31T11:41:41.000Z</time>
        <extensions>
          <ns3:TrackPointExtension>
            <ns3:atemp>28.0</ns3:atemp>
            <ns3:hr>111</ns3:hr>
          </ns3:TrackPointExtension>
        </extensions>
      </trkpt>
      <trkpt lat="24.52500754036009311676025390625" lon="118.15208234824240207672119140625">
        <ele>33.59999847412109375</ele>
        <time>2026-08-31T11:42:06.000Z</time>
        <extensions>
          <ns3:TrackPointExtension>
            <ns3:atemp>28.0</ns3:atemp>
            <ns3:hr>108</ns3:hr>
          </ns3:TrackPointExtension>
        </extensions>
      </trkpt>
      <trkpt lat="24.52500754036009311676025390625" lon="118.15208234824240207672119140625">
        <ele>33.59999847412109375</ele>
        <time>2026-08-31T11:42:10.000Z</time>
        <extensions>
          <ns3:TrackPointExtension>
            <ns3:atemp>28.0</ns3:atemp>
            <ns3:hr>105</ns3:hr>
          </ns3:TrackPointExtension>
        </extensions>
      </trkpt>
      <trkpt lat="24.52500754036009311676025390625" lon="118.15208234824240207672119140625">
        <ele>33.59999847412109375</ele>
        <time>2026-08-31T11:42:29.000Z</time>
        <extensions>
          <ns3:TrackPointExtension>
            <ns3:atemp>28.0</ns3:atemp>
            <ns3:hr>105</ns3:hr>
          </ns3:TrackPointExtension>
        </extensions>
      </trkpt>
      <trkpt lat="24.52500754036009311676025390625" lon="118.15208234824240207672119140625">
        <ele>33.59999847412109375</ele>
        <time>2026-08-31T11:42:48.000Z</time>
        <extensions>
          <ns3:TrackPointExtension>
            <ns3:atemp>28.0</ns3:atemp>
            <ns3:hr>108</ns3:hr>
          </ns3:TrackPointExtension>
        </extensions>
      </trkpt>
      <trkpt lat="24.52500754036009311676025390625" lon="118.15208234824240207672119140625">
        <ele>33.59999847412109375</ele>
        <time>2026-08-31T11:42:53.000Z</time>
        <extensions>
          <ns3:TrackPointExtension>
            <ns3:atemp>28.0</ns3:atemp>
            <ns3:hr>111</ns3:hr>
          </ns3:TrackPointExtension>
        </extensions>
      </trkpt>
      <trkpt lat="24.52500754036009311676025390625" lon="118.15208234824240207672119140625">
        <ele>33.59999847412109375</ele>
        <time>2026-08-31T11:43:13.000Z</time>
        <extensions>
          <ns3:TrackPointExtension>
            <ns3:atemp>28.0</ns3:atemp>
            <ns3:hr>108</ns3:hr>
          </ns3:TrackPointExtension>
        </extensions>
      </trkpt>
      <trkpt lat="24.52505850233137607574462890625" lon="118.1520844437181949615478515625">
        <ele>33.59999847412109375</ele>
        <time>2026-08-31T11:43:25.000Z</time>
        <extensions>
          <ns3:TrackPointExtension>
            <ns3:atemp>28.0</ns3:atemp>
            <ns3:hr>107</ns3:hr>
          </ns3:TrackPointExtension>
        </extensions>
      </trkpt>
      <trkpt lat="24.52508515678346157073974609375" lon="118.15208435989916324615478515625">
        <ele>33.799999237060546875</ele>
        <time>2026-08-31T11:43:26.000Z</time>
        <extensions>
          <ns3:TrackPointExtension>
            <ns3:atemp>28.0</ns3:atemp>
            <ns3:hr>107</ns3:hr>
          </ns3:TrackPointExtension>
        </extensions>
      </trkpt>
      <trkpt lat="24.5251749269664287567138671875" lon="118.15205586142838001251220703125">
        <ele>33.59999847412109375</ele>
        <time>2026-08-31T11:43:29.000Z</time>
        <extensions>
          <ns3:TrackPointExtension>
            <ns3:atemp>28.0</ns3:atemp>
            <ns3:hr>105</ns3:hr>
          </ns3:TrackPointExtension>
        </extensions>
      </trkpt>
      <trkpt lat="24.5252359472215175628662109375" lon="118.15201026387512683868408203125">
        <ele>33.59999847412109375</ele>
        <time>2026-08-31T11:43:31.000Z</time>
        <extensions>
          <ns3:TrackPointExtension>
            <ns3:atemp>28.0</ns3:atemp>
            <ns3:hr>106</ns3:hr>
          </ns3:TrackPointExtension>
        </extensions>
      </trkpt>
      <trkpt lat="24.5253335125744342803955078125" lon="118.151808679103851318359375">
        <ele>33.200000762939453125</ele>
        <time>2026-08-31T11:43:36.000Z</time>
        <extensions>
          <ns3:TrackPointExtension>
            <ns3:atemp>28.0</ns3:atemp>
            <ns3:hr>107</ns3:hr>
          </ns3:TrackPointExtension>
        </extensions>
      </trkpt>
      <trkpt lat="24.525321610271930694580078125" lon="118.15170885063707828521728515625">
        <ele>32.799999237060546875</ele>
        <time>2026-08-31T11:43:38.000Z</time>
        <extensions>
          <ns3:TrackPointExtension>
            <ns3:atemp>28.0</ns3:atemp>
            <ns3:hr>108</ns3:hr>
          </ns3:TrackPointExtension>
        </extensions>
      </trkpt>
      <trkpt lat="24.5253078639507293701171875" lon="118.15160910598933696746826171875">
        <ele>32.59999847412109375</ele>
        <time>2026-08-31T11:43:40.000Z</time>
        <extensions>
          <ns3:TrackPointExtension>
            <ns3:atemp>28.0</ns3:atemp>
            <ns3:hr>108</ns3:hr>
          </ns3:TrackPointExtension>
        </extensions>
      </trkpt>
      <trkpt lat="24.52533133327960968017578125" lon="118.15150818787515163421630859375">
        <ele>32.40000152587890625</ele>
        <time>2026-08-31T11:43:42.000Z</time>
        <extensions>
          <ns3:TrackPointExtension>
            <ns3:atemp>28.0</ns3:atemp>
            <ns3:hr>109</ns3:hr>
          </ns3:TrackPointExtension>
        </extensions>
      </trkpt>
      <trkpt lat="24.52538003213703632354736328125" lon="118.15141246654093265533447265625">
        <ele>32.40000152587890625</ele>
        <time>2026-08-31T11:43:44.000Z</time>
        <extensions>
          <ns3:TrackPointExtension>
            <ns3:atemp>28.0</ns3:atemp>
            <ns3:hr>111</ns3:hr>
          </ns3:TrackPointExtension>
        </extensions>
      </trkpt>
      <trkpt lat="24.5254139788448810577392578125" lon="118.15137491561472415924072265625">
        <ele>32.40000152587890625</ele>
        <time>2026-08-31T11:43:45.000Z</time>
        <extensions>
          <ns3:TrackPointExtension>
            <ns3:atemp>28.0</ns3:atemp>
            <ns3:hr>112</ns3:hr>
          </ns3:TrackPointExtension>
        </extensions>
      </trkpt>
      <trkpt lat="24.5254944451153278350830078125" lon="118.151338957250118255615234375">
        <ele>32.40000152587890625</ele>
        <time>2026-08-31T11:43:47.000Z</time>
        <extensions>
          <ns3:TrackPointExtension>
            <ns3:atemp>28.0</ns3:atemp>
            <ns3:hr>113</ns3:hr>
          </ns3:TrackPointExtension>
        </extensions>
      </trkpt>
      <trkpt lat="24.52574615366756916046142578125" lon="118.1512583233416080474853515625">
        <ele>32.200000762939453125</ele>
        <time>2026-08-31T11:43:52.000Z</time>
        <extensions>
          <ns3:TrackPointExtension>
            <ns3:atemp>28.0</ns3:atemp>
            <ns3:hr>112</ns3:hr>
          </ns3:TrackPointExtension>
        </extensions>
      </trkpt>
      <trkpt lat="24.52595352195203304290771484375" lon="118.1511904299259185791015625">
        <ele>31.799999237060546875</ele>
        <time>2026-08-31T11:43:56.000Z</time>
        <extensions>
          <ns3:TrackPointExtension>
            <ns3:atemp>28.0</ns3:atemp>
            <ns3:hr>111</ns3:hr>
          </ns3:TrackPointExtension>
        </extensions>
      </trkpt>
      <trkpt lat="24.52605511061847209930419921875" lon="118.1511574052274227142333984375">
        <ele>31.6000003814697265625</ele>
        <time>2026-08-31T11:43:58.000Z</time>
        <extensions>
          <ns3:TrackPointExtension>
            <ns3:atemp>28.0</ns3:atemp>
            <ns3:hr>110</ns3:hr>
          </ns3:TrackPointExtension>
        </extensions>
      </trkpt>
      <trkpt lat="24.52647437341511249542236328125" lon="118.1509790383279323577880859375">
        <ele>31.200000762939453125</ele>
        <time>2026-08-31T11:44:06.000Z</time>
        <extensions>
          <ns3:TrackPointExtension>
            <ns3:atemp>28.0</ns3:atemp>
            <ns3:hr>108</ns3:hr>
          </ns3:TrackPointExtension>
        </extensions>
      </trkpt>
      <trkpt lat="24.52669791877269744873046875" lon="118.150863535702228546142578125">
        <ele>31.200000762939453125</ele>
        <time>2026-08-31T11:44:10.000Z</time>
        <extensions>
          <ns3:TrackPointExtension>
            <ns3:atemp>28.0</ns3:atemp>
            <ns3:hr>107</ns3:hr>
          </ns3:TrackPointExtension>
        </extensions>
      </trkpt>
      <trkpt lat="24.52686932869255542755126953125" lon="118.15078466199338436126708984375">
        <ele>30.799999237060546875</ele>
        <time>2026-08-31T11:44:13.000Z</time>
        <extensions>
          <ns3:TrackPointExtension>
            <ns3:atemp>28.0</ns3:atemp>
            <ns3:hr>106</ns3:hr>
          </ns3:TrackPointExtension>
        </extensions>
      </trkpt>
      <trkpt lat="24.5269857533276081085205078125" lon="118.15072615630924701690673828125">
        <ele>30.6000003814697265625</ele>
        <time>2026-08-31T11:44:15.000Z</time>
        <extensions>
          <ns3:TrackPointExtension>
            <ns3:atemp>28.0</ns3:atemp>
            <ns3:hr>105</ns3:hr>
          </ns3:TrackPointExtension>
        </extensions>
      </trkpt>
      <trkpt lat="24.52729177661240100860595703125" lon="118.15058031119406223297119140625">
        <ele>30.200000762939453125</ele>
        <time>2026-08-31T11:44:20.000Z</time>
        <extensions>
          <ns3:TrackPointExtension>
            <ns3:atemp>28.0</ns3:atemp>
            <ns3:hr>105</ns3:hr>
          </ns3:TrackPointExtension>
        </extensions>
      </trkpt>
      <trkpt lat="24.527545161545276641845703125" lon="118.15046958625316619873046875">
        <ele>29.6000003814697265625</ele>
        <time>2026-08-31T11:44:24.000Z</time>
        <extensions>
          <ns3:TrackPointExtension>
            <ns3:atemp>28.0</ns3:atemp>
            <ns3:hr>108</ns3:hr>
          </ns3:TrackPointExtension>
        </extensions>
      </trkpt>
      <trkpt lat="24.52767348848283290863037109375" lon="118.1504140980541706085205078125">
        <ele>29.200000762939453125</ele>
        <time>2026-08-31T11:44:26.000Z</time>
        <extensions>
          <ns3:TrackPointExtension>
            <ns3:atemp>28.0</ns3:atemp>
            <ns3:hr>108</ns3:hr>
          </ns3:TrackPointExtension>
        </extensions>
      </trkpt>
      <trkpt lat="24.52785931527614593505859375" lon="118.15032751299440860748291015625">
        <ele>28.3999996185302734375</ele>
        <time>2026-08-31T11:44:29.000Z</time>
        <extensions>
          <ns3:TrackPointExtension>
            <ns3:atemp>28.0</ns3:atemp>
            <ns3:hr>107</ns3:hr>
          </ns3:TrackPointExtension>
        </extensions>
      </trkpt>
      <trkpt lat="24.5281119458377361297607421875" lon="118.15021083690226078033447265625">
        <ele>28.3999996185302734375</ele>
        <time>2026-08-31T11:44:33.000Z</time>
        <extensions>
          <ns3:TrackPointExtension>
            <ns3:atemp>28.0</ns3:atemp>
            <ns3:hr>106</ns3:hr>
          </ns3:TrackPointExtension>
        </extensions>
      </trkpt>
      <trkpt lat="24.5283801667392253875732421875" lon="118.15009281970560550689697265625">
        <ele>27.200000762939453125</ele>
        <time>2026-08-31T11:44:37.000Z</time>
        <extensions>
          <ns3:TrackPointExtension>
            <ns3:atemp>28.0</ns3:atemp>
            <ns3:hr>107</ns3:hr>
          </ns3:TrackPointExtension>
        </extensions>
      </trkpt>
      <trkpt lat="24.5285856910049915313720703125" lon="118.15002660267055034637451171875">
        <ele>26.799999237060546875</ele>
        <time>2026-08-31T11:44:40.000Z</time>
        <extensions>
          <ns3:TrackPointExtension>
            <ns3:atemp>28.0</ns3:atemp>
            <ns3:hr>109</ns3:hr>
          </ns3:TrackPointExtension>
        </extensions>
      </trkpt>
      <trkpt lat="24.52899196185171604156494140625" lon="118.149816803634166717529296875">
        <ele>26.200000762939453125</ele>
        <time>2026-08-31T11:44:46.000Z</time>
        <extensions>
          <ns3:TrackPointExtension>
            <ns3:atemp>28.0</ns3:atemp>
            <ns3:hr>111</ns3:hr>
          </ns3:TrackPointExtension>
        </extensions>
      </trkpt>
      <trkpt lat="24.529512561857700347900390625" lon="118.149582780897617340087890625">
        <ele>25.3999996185302734375</ele>
        <time>2026-08-31T11:44:54.000Z</time>
        <extensions>
          <ns3:TrackPointExtension>
            <ns3:atemp>28.0</ns3:atemp>
            <ns3:hr>109</ns3:hr>
          </ns3:TrackPointExtension>
        </extensions>
      </trkpt>
      <trkpt lat="24.52964306809008121490478515625" lon="118.14952888526022434234619140625">
        <ele>25</ele>
        <time>2026-08-31T11:44:56.000Z</time>
        <extensions>
          <ns3:TrackPointExtension>
            <ns3:atemp>28.0</ns3:atemp>
            <ns3:hr>108</ns3:hr>
          </ns3:TrackPointExtension>
        </extensions>
      </trkpt>
      <trkpt lat="24.52983719296753406524658203125" lon="118.14944573678076267242431640625">
        <ele>24.200000762939453125</ele>
        <time>2026-08-31T11:44:59.000Z</time>
        <extensions>
          <ns3:TrackPointExtension>
            <ns3:atemp>28.0</ns3:atemp>
            <ns3:hr>109</ns3:hr>
          </ns3:TrackPointExtension>
        </extensions>
      </trkpt>
      <trkpt lat="24.52990475110709667205810546875" lon="118.1494250334799289703369140625">
        <ele>23.799999237060546875</ele>
        <time>2026-08-31T11:45:00.000Z</time>
        <extensions>
          <ns3:TrackPointExtension>
            <ns3:atemp>28.0</ns3:atemp>
            <ns3:hr>110</ns3:hr>
          </ns3:TrackPointExtension>
        </extensions>
      </trkpt>
      <trkpt lat="24.53017096035182476043701171875" lon="118.1493143923580646514892578125">
        <ele>23</ele>
        <time>2026-08-31T11:45:04.000Z</time>
        <extensions>
          <ns3:TrackPointExtension>
            <ns3:atemp>28.0</ns3:atemp>
            <ns3:hr>111</ns3:hr>
          </ns3:TrackPointExtension>
        </extensions>
      </trkpt>
      <trkpt lat="24.5303170569241046905517578125" lon="118.14927726052701473236083984375">
        <ele>22.799999237060546875</ele>
        <time>2026-08-31T11:45:06.000Z</time>
        <extensions>
          <ns3:TrackPointExtension>
            <ns3:atemp>28.0</ns3:atemp>
            <ns3:hr>112</ns3:hr>
          </ns3:TrackPointExtension>
        </extensions>
      </trkpt>
      <trkpt lat="24.53046348877251148223876953125" lon="118.1492195092141628265380859375">
        <ele>22.799999237060546875</ele>
        <time>2026-08-31T11:45:08.000Z</time>
        <extensions>
          <ns3:TrackPointExtension>
            <ns3:atemp>28.0</ns3:atemp>
            <ns3:hr>112</ns3:hr>
          </ns3:TrackPointExtension>
        </extensions>
      </trkpt>
      <trkpt lat="24.53075367026031017303466796875" lon="118.14910291694104671478271484375">
        <ele>22</ele>
        <time>2026-08-31T11:45:12.000Z</time>
        <extensions>
          <ns3:TrackPointExtension>
            <ns3:atemp>28.0</ns3:atemp>
            <ns3:hr>114</ns3:hr>
          </ns3:TrackPointExtension>
        </extensions>
      </trkpt>
      <trkpt lat="24.53095684759318828582763671875" lon="118.14900778234004974365234375">
        <ele>21.200000762939453125</ele>
        <time>2026-08-31T11:45:15.000Z</time>
        <extensions>
          <ns3:TrackPointExtension>
            <ns3:atemp>29.0</ns3:atemp>
            <ns3:hr>115</ns3:hr>
          </ns3:TrackPointExtension>
        </extensions>
      </trkpt>
      <trkpt lat="24.53109271824359893798828125" lon="118.1489566527307033538818359375">
        <ele>20.799999237060546875</ele>
        <time>2026-08-31T11:45:17.000Z</time>
        <extensions>
          <ns3:TrackPointExtension>
            <ns3:atemp>28.0</ns3:atemp>
            <ns3:hr>115</ns3:hr>
          </ns3:TrackPointExtension>
        </extensions>
      </trkpt>
      <trkpt lat="24.5313617773354053497314453125" lon="118.1488490290939807891845703125">
        <ele>19.799999237060546875</ele>
        <time>2026-08-31T11:45:21.000Z</time>
        <extensions>
          <ns3:TrackPointExtension>
            <ns3:atemp>28.0</ns3:atemp>
            <ns3:hr>116</ns3:hr>
          </ns3:TrackPointExtension>
        </extensions>
      </trkpt>
      <trkpt lat="24.531491696834564208984375" lon="118.148798234760761260986328125">
        <ele>19.6000003814697265625</ele>
        <time>2026-08-31T11:45:23.000Z</time>
        <extensions>
          <ns3:TrackPointExtension>
            <ns3:atemp>28.0</ns3:atemp>
            <ns3:hr>117</ns3:hr>
          </ns3:TrackPointExtension>
        </extensions>
      </trkpt>
      <trkpt lat="24.53187382780015468597412109375" lon="118.14863453619182109832763671875">
        <ele>18.799999237060546875</ele>
        <time>2026-08-31T11:45:29.000Z</time>
        <extensions>
          <ns3:TrackPointExtension>
            <ns3:atemp>28.0</ns3:atemp>
            <ns3:hr>117</ns3:hr>
          </ns3:TrackPointExtension>
        </extensions>
      </trkpt>
      <trkpt lat="24.53193702735006809234619140625" lon="118.14860955812036991119384765625">
        <ele>18.799999237060546875</ele>
        <time>2026-08-31T11:45:30.000Z</time>
        <extensions>
          <ns3:TrackPointExtension>
            <ns3:atemp>28.0</ns3:atemp>
            <ns3:hr>117</ns3:hr>
          </ns3:TrackPointExtension>
        </extensions>
      </trkpt>
      <trkpt lat="24.53220491297543048858642578125" lon="118.14851869828999042510986328125">
        <ele>18</ele>
        <time>2026-08-31T11:45:34.000Z</time>
        <extensions>
          <ns3:TrackPointExtension>
            <ns3:atemp>28.0</ns3:atemp>
            <ns3:hr>118</ns3:hr>
          </ns3:TrackPointExtension>
        </extensions>
      </trkpt>
      <trkpt lat="24.53240021131932735443115234375" lon="118.14843571744859218597412109375">
        <ele>17.799999237060546875</ele>
        <time>2026-08-31T11:45:37.000Z</time>
        <extensions>
          <ns3:TrackPointExtension>
            <ns3:atemp>28.0</ns3:atemp>
            <ns3:hr>119</ns3:hr>
          </ns3:TrackPointExtension>
        </extensions>
      </trkpt>
      <trkpt lat="24.5325243473052978515625" lon="118.1483756192028522491455078125">
        <ele>17.799999237060546875</ele>
        <time>2026-08-31T11:45:39.000Z</time>
        <extensions>
          <ns3:TrackPointExtension>
            <ns3:atemp>28.0</ns3:atemp>
            <ns3:hr>122</ns3:hr>
          </ns3:TrackPointExtension>
        </extensions>
      </trkpt>
      <trkpt lat="24.53258461318910121917724609375" lon="118.14834753982722759246826171875">
        <ele>17.799999237060546875</ele>
        <time>2026-08-31T11:45:40.000Z</time>
        <extensions>
          <ns3:TrackPointExtension>
            <ns3:atemp>28.0</ns3:atemp>
            <ns3:hr>122</ns3:hr>
          </ns3:TrackPointExtension>
        </extensions>
      </trkpt>
      <trkpt lat="24.53300421126186847686767578125" lon="118.14818811602890491485595703125">
        <ele>17.6000003814697265625</ele>
        <time>2026-08-31T11:45:47.000Z</time>
        <extensions>
          <ns3:TrackPointExtension>
            <ns3:atemp>28.0</ns3:atemp>
            <ns3:hr>120</ns3:hr>
          </ns3:TrackPointExtension>
        </extensions>
      </trkpt>
      <trkpt lat="24.53312289901077747344970703125" lon="118.14813732169568538665771484375">
        <ele>17.3999996185302734375</ele>
        <time>2026-08-31T11:45:49.000Z</time>
        <extensions>
          <ns3:TrackPointExtension>
            <ns3:atemp>28.0</ns3:atemp>
            <ns3:hr>122</ns3:hr>
          </ns3:TrackPointExtension>
        </extensions>
      </trkpt>
      <trkpt lat="24.53340805135667324066162109375" lon="118.14801092259585857391357421875">
        <ele>17.200000762939453125</ele>
        <time>2026-08-31T11:45:54.000Z</time>
        <extensions>
          <ns3:TrackPointExtension>
            <ns3:atemp>28.0</ns3:atemp>
            <ns3:hr>122</ns3:hr>
          </ns3:TrackPointExtension>
        </extensions>
      </trkpt>
      <trkpt lat="24.53351852484047412872314453125" lon="118.1479702703654766082763671875">
        <ele>17.200000762939453125</ele>
        <time>2026-08-31T11:45:56.000Z</time>
        <extensions>
          <ns3:TrackPointExtension>
            <ns3:atemp>28.0</ns3:atemp>
            <ns3:hr>121</ns3:hr>
          </ns3:TrackPointExtension>
        </extensions>
      </trkpt>
      <trkpt lat="24.5336892642080783843994140625" lon="118.1479518301784992218017578125">
        <ele>17.3999996185302734375</ele>
        <time>2026-08-31T11:45:59.000Z</time>
        <extensions>
          <ns3:TrackPointExtension>
            <ns3:atemp>28.0</ns3:atemp>
            <ns3:hr>122</ns3:hr>
          </ns3:TrackPointExtension>
        </extensions>
      </trkpt>
      <trkpt lat="24.5337355323135852813720703125" lon="118.14796616323292255401611328125">
        <ele>17.3999996185302734375</ele>
        <time>2026-08-31T11:46:00.000Z</time>
        <extensions>
          <ns3:TrackPointExtension>
            <ns3:atemp>28.0</ns3:atemp>
            <ns3:hr>122</ns3:hr>
          </ns3:TrackPointExtension>
        </extensions>
      </trkpt>
      <trkpt lat="24.53383133746683597564697265625" lon="118.1480430252850055694580078125">
        <ele>17.3999996185302734375</ele>
        <time>2026-08-31T11:46:02.000Z</time>
        <extensions>
          <ns3:TrackPointExtension>
            <ns3:atemp>28.0</ns3:atemp>
            <ns3:hr>122</ns3:hr>
          </ns3:TrackPointExtension>
        </extensions>
      </trkpt>
      <trkpt lat="24.5339323394000530242919921875" lon="118.14810982905328273773193359375">
        <ele>17.3999996185302734375</ele>
        <time>2026-08-31T11:46:04.000Z</time>
        <extensions>
          <ns3:TrackPointExtension>
            <ns3:atemp>28.0</ns3:atemp>
            <ns3:hr>123</ns3:hr>
          </ns3:TrackPointExtension>
        </extensions>
      </trkpt>
      <trkpt lat="24.5340389572083950042724609375" lon="118.14813732169568538665771484375">
        <ele>17.3999996185302734375</ele>
        <time>2026-08-31T11:46:06.000Z</time>
        <extensions>
          <ns3:TrackPointExtension>
            <ns3:atemp>28.0</ns3:atemp>
            <ns3:hr>124</ns3:hr>
          </ns3:TrackPointExtension>
        </extensions>
      </trkpt>
      <trkpt lat="24.53414415009319782257080078125" lon="118.14812173135578632354736328125">
        <ele>17.6000003814697265625</ele>
        <time>2026-08-31T11:46:08.000Z</time>
        <extensions>
          <ns3:TrackPointExtension>
            <ns3:atemp>28.0</ns3:atemp>
            <ns3:hr>125</ns3:hr>
          </ns3:TrackPointExtension>
        </extensions>
      </trkpt>
      <trkpt lat="24.5341965369880199432373046875" lon="118.14809826202690601348876953125">
        <ele>17.6000003814697265625</ele>
        <time>2026-08-31T11:46:09.000Z</time>
        <extensions>
          <ns3:TrackPointExtension>
            <ns3:atemp>28.0</ns3:atemp>
            <ns3:hr>128</ns3:hr>
          </ns3:TrackPointExtension>
        </extensions>
      </trkpt>
      <trkpt lat="24.534251689910888671875" lon="118.14808418042957782745361328125">
        <ele>17.799999237060546875</ele>
        <time>2026-08-31T11:46:10.000Z</time>
        <extensions>
          <ns3:TrackPointExtension>
            <ns3:atemp>28.0</ns3:atemp>
            <ns3:hr>128</ns3:hr>
          </ns3:TrackPointExtension>
        </extensions>
      </trkpt>
      <trkpt lat="24.5344466529786586761474609375" lon="118.1480349786579608917236328125">
        <ele>18.200000762939453125</ele>
        <time>2026-08-31T11:46:15.000Z</time>
        <extensions>
          <ns3:TrackPointExtension>
            <ns3:atemp>28.0</ns3:atemp>
            <ns3:hr>129</ns3:hr>
          </ns3:TrackPointExtension>
        </extensions>
      </trkpt>
      <trkpt lat="24.53457824885845184326171875" lon="118.1479930691421031951904296875">
        <ele>18.200000762939453125</ele>
        <time>2026-08-31T11:46:19.000Z</time>
        <extensions>
          <ns3:TrackPointExtension>
            <ns3:atemp>28.0</ns3:atemp>
            <ns3:hr>124</ns3:hr>
          </ns3:TrackPointExtension>
        </extensions>
      </trkpt>
      <trkpt lat="24.53464522026479244232177734375" lon="118.147971443831920623779296875">
        <ele>18.200000762939453125</ele>
        <time>2026-08-31T11:46:21.000Z</time>
        <extensions>
          <ns3:TrackPointExtension>
            <ns3:atemp>28.0</ns3:atemp>
            <ns3:hr>122</ns3:hr>
          </ns3:TrackPointExtension>
        </extensions>
      </trkpt>
      <trkpt lat="24.53467656858265399932861328125" lon="118.14798980019986629486083984375">
        <ele>18.200000762939453125</ele>
        <time>2026-08-31T11:46:22.000Z</time>
        <extensions>
          <ns3:TrackPointExtension>
            <ns3:atemp>28.0</ns3:atemp>
            <ns3:hr>120</ns3:hr>
          </ns3:TrackPointExtension>
        </extensions>
      </trkpt>
      <trkpt lat="24.534719400107860565185546875" lon="118.1480527482926845550537109375">
        <ele>18.200000762939453125</ele>
        <time>2026-08-31T11:46:24.000Z</time>
        <extensions>
          <ns3:TrackPointExtension>
            <ns3:atemp>28.0</ns3:atemp>
            <ns3:hr>118</ns3:hr>
          </ns3:TrackPointExtension>
        </extensions>
      </trkpt>
      <trkpt lat="24.5348617248237133026123046875" lon="118.14810010604560375213623046875">
        <ele>17.6000003814697265625</ele>
        <time>2026-08-31T11:46:28.000Z</time>
        <extensions>
          <ns3:TrackPointExtension>
            <ns3:atemp>28.0</ns3:atemp>
            <ns3:hr>117</ns3:hr>
          </ns3:TrackPointExtension>
        </extensions>
      </trkpt>
      <trkpt lat="24.53497831709682941436767578125" lon="118.1480361521244049072265625">
        <ele>16.6000003814697265625</ele>
        <time>2026-08-31T11:46:31.000Z</time>
        <extensions>
          <ns3:TrackPointExtension>
            <ns3:atemp>28.0</ns3:atemp>
            <ns3:hr>116</ns3:hr>
          </ns3:TrackPointExtension>
        </extensions>
      </trkpt>
      <trkpt lat="24.53500111587345600128173828125" lon="118.1480155326426029205322265625">
        <ele>16.3999996185302734375</ele>
        <time>2026-08-31T11:46:32.000Z</time>
        <extensions>
          <ns3:TrackPointExtension>
            <ns3:atemp>28.0</ns3:atemp>
            <ns3:hr>116</ns3:hr>
          </ns3:TrackPointExtension>
        </extensions>
      </trkpt>
      <trkpt lat="24.5350789837539196014404296875" lon="118.1479092501103878021240234375">
        <ele>15.6000003814697265625</ele>
        <time>2026-08-31T11:46:35.000Z</time>
        <extensions>
          <ns3:TrackPointExtension>
            <ns3:atemp>28.0</ns3:atemp>
            <ns3:hr>117</ns3:hr>
          </ns3:TrackPointExtension>
        </extensions>
      </trkpt>
      <trkpt lat="24.53514595516026020050048828125" lon="118.147831298410892486572265625">
        <ele>15</ele>
        <time>2026-08-31T11:46:37.000Z</time>
        <extensions>
          <ns3:TrackPointExtension>
            <ns3:atemp>28.0</ns3:atemp>
            <ns3:hr>117</ns3:hr>
          </ns3:TrackPointExtension>
        </extensions>
      </trkpt>
      <trkpt lat="24.53518979251384735107421875" lon="118.14780321903526782989501953125">
        <ele>14.3999996185302734375</ele>
        <time>2026-08-31T11:46:38.000Z</time>
        <extensions>
          <ns3:TrackPointExtension>
            <ns3:atemp>28.0</ns3:atemp>
            <ns3:hr>117</ns3:hr>
          </ns3:TrackPointExtension>
        </extensions>
      </trkpt>
      <trkpt lat="24.53523941338062286376953125" lon="118.1477851979434490203857421875">
        <ele>14</ele>
        <time>2026-08-31T11:46:39.000Z</time>
        <extensions>
          <ns3:TrackPointExtension>
            <ns3:atemp>28.0</ns3:atemp>
            <ns3:hr>116</ns3:hr>
          </ns3:TrackPointExtension>
        </extensions>
      </trkpt>
      <trkpt lat="24.535292722284793853759765625" lon="118.147780336439609527587890625">
        <ele>13.6000003814697265625</ele>
        <time>2026-08-31T11:46:40.000Z</time>
        <extensions>
          <ns3:TrackPointExtension>
            <ns3:atemp>28.0</ns3:atemp>
            <ns3:hr>116</ns3:hr>
          </ns3:TrackPointExtension>
        </extensions>
      </trkpt>
      <trkpt lat="24.53534376807510852813720703125" lon="118.14778679050505161285400390625">
        <ele>13.19999980926513671875</ele>
        <time>2026-08-31T11:46:41.000Z</time>
        <extensions>
          <ns3:TrackPointExtension>
            <ns3:atemp>28.0</ns3:atemp>
            <ns3:hr>116</ns3:hr>
          </ns3:TrackPointExtension>
        </extensions>
      </trkpt>
      <trkpt lat="24.53543043695390224456787109375" lon="118.1478130258619785308837890625">
        <ele>12.80000019073486328125</ele>
        <time>2026-08-31T11:46:43.000Z</time>
        <extensions>
          <ns3:TrackPointExtension>
            <ns3:atemp>28.0</ns3:atemp>
            <ns3:hr>115</ns3:hr>
          </ns3:TrackPointExtension>
        </extensions>
      </trkpt>
      <trkpt lat="24.53552833758294582366943359375" lon="118.14781042747199535369873046875">
        <ele>11.80000019073486328125</ele>
        <time>2026-08-31T11:46:46.000Z</time>
        <extensions>
          <ns3:TrackPointExtension>
            <ns3:atemp>28.0</ns3:atemp>
            <ns3:hr>115</ns3:hr>
          </ns3:TrackPointExtension>
        </extensions>
      </trkpt>
      <trkpt lat="24.53556236810982227325439453125" lon="118.14779416657984256744384765625">
        <ele>11.6000003814697265625</ele>
        <time>2026-08-31T11:46:47.000Z</time>
        <extensions>
          <ns3:TrackPointExtension>
            <ns3:atemp>28.0</ns3:atemp>
            <ns3:hr>115</ns3:hr>
          </ns3:TrackPointExtension>
        </extensions>
      </trkpt>
      <trkpt lat="24.5356048643589019775390625" lon="118.147730715572834014892578125">
        <ele>11.3999996185302734375</ele>
        <time>2026-08-31T11:46:49.000Z</time>
        <extensions>
          <ns3:TrackPointExtension>
            <ns3:atemp>28.0</ns3:atemp>
            <ns3:hr>115</ns3:hr>
          </ns3:TrackPointExtension>
        </extensions>
      </trkpt>
      <trkpt lat="24.5356268249452114105224609375" lon="118.1476686894893646240234375">
        <ele>11.19999980926513671875</ele>
        <time>2026-08-31T11:46:51.000Z</time>
        <extensions>
          <ns3:TrackPointExtension>
            <ns3:atemp>28.0</ns3:atemp>
            <ns3:hr>116</ns3:hr>
          </ns3:TrackPointExtension>
        </extensions>
      </trkpt>
      <trkpt lat="24.53562171198427677154541015625" lon="118.1476303003728389739990234375">
        <ele>11.19999980926513671875</ele>
        <time>2026-08-31T11:46:52.000Z</time>
        <extensions>
          <ns3:TrackPointExtension>
            <ns3:atemp>28.0</ns3:atemp>
            <ns3:hr>117</ns3:hr>
          </ns3:TrackPointExtension>
        </extensions>
      </trkpt>
      <trkpt lat="24.5356424152851104736328125" lon="118.14756433479487895965576171875">
        <ele>11</ele>
        <time>2026-08-31T11:46:54.000Z</time>
        <extensions>
          <ns3:TrackPointExtension>
            <ns3:atemp>28.0</ns3:atemp>
            <ns3:hr>117</ns3:hr>
          </ns3:TrackPointExtension>
        </extensions>
      </trkpt>
      <trkpt lat="24.5356828160583972930908203125" lon="118.14752309583127498626708984375">
        <ele>10.80000019073486328125</ele>
        <time>2026-08-31T11:46:56.000Z</time>
        <extensions>
          <ns3:TrackPointExtension>
            <ns3:atemp>28.0</ns3:atemp>
            <ns3:hr>117</ns3:hr>
          </ns3:TrackPointExtension>
        </extensions>
      </trkpt>
      <trkpt lat="24.53571441583335399627685546875" lon="118.14750398509204387664794921875">
        <ele>10.80000019073486328125</ele>
        <time>2026-08-31T11:46:57.000Z</time>
        <extensions>
          <ns3:TrackPointExtension>
            <ns3:atemp>28.0</ns3:atemp>
            <ns3:hr>115</ns3:hr>
          </ns3:TrackPointExtension>
        </extensions>
      </trkpt>
      <trkpt lat="24.53574676997959613800048828125" lon="118.14748353324830532073974609375">
        <ele>10.80000019073486328125</ele>
        <time>2026-08-31T11:46:58.000Z</time>
        <extensions>
          <ns3:TrackPointExtension>
            <ns3:atemp>28.0</ns3:atemp>
            <ns3:hr>117</ns3:hr>
          </ns3:TrackPointExtension>
        </extensions>
      </trkpt>
      <trkpt lat="24.5358806289732456207275390625" lon="118.1473382748663425445556640625">
        <ele>10.3999996185302734375</ele>
        <time>2026-08-31T11:47:03.000Z</time>
        <extensions>
          <ns3:TrackPointExtension>
            <ns3:atemp>28.0</ns3:atemp>
            <ns3:hr>117</ns3:hr>
          </ns3:TrackPointExtension>
        </extensions>
      </trkpt>
      <trkpt lat="24.53587585128843784332275390625" lon="118.1472956947982311248779296875">
        <ele>10.3999996185302734375</ele>
        <time>2026-08-31T11:47:04.000Z</time>
        <extensions>
          <ns3:TrackPointExtension>
            <ns3:atemp>28.0</ns3:atemp>
            <ns3:hr>117</ns3:hr>
          </ns3:TrackPointExtension>
        </extensions>
      </trkpt>
      <trkpt lat="24.5358222909271717071533203125" lon="118.1471421383321285247802734375">
        <ele>10.19999980926513671875</ele>
        <time>2026-08-31T11:47:08.000Z</time>
        <extensions>
          <ns3:TrackPointExtension>
            <ns3:atemp>28.0</ns3:atemp>
            <ns3:hr>114</ns3:hr>
          </ns3:TrackPointExtension>
        </extensions>
      </trkpt>
      <trkpt lat="24.5358087122440338134765625" lon="118.1471012346446514129638671875">
        <ele>10.19999980926513671875</ele>
        <time>2026-08-31T11:47:09.000Z</time>
        <extensions>
          <ns3:TrackPointExtension>
            <ns3:atemp>28.0</ns3:atemp>
            <ns3:hr>113</ns3:hr>
          </ns3:TrackPointExtension>
        </extensions>
      </trkpt>
      <trkpt lat="24.53568122349679470062255859375" lon="118.1468434073030948638916015625">
        <ele>10.19999980926513671875</ele>
        <time>2026-08-31T11:47:15.000Z</time>
        <extensions>
          <ns3:TrackPointExtension>
            <ns3:atemp>28.0</ns3:atemp>
            <ns3:hr>110</ns3:hr>
          </ns3:TrackPointExtension>
        </extensions>
      </trkpt>
      <trkpt lat="24.53566077165305614471435546875" lon="118.14679755829274654388427734375">
        <ele>10.19999980926513671875</ele>
        <time>2026-08-31T11:47:16.000Z</time>
        <extensions>
          <ns3:TrackPointExtension>
            <ns3:atemp>28.0</ns3:atemp>
            <ns3:hr>110</ns3:hr>
          </ns3:TrackPointExtension>
        </extensions>
      </trkpt>
      <trkpt lat="24.5354957319796085357666015625" lon="118.146360777318477630615234375">
        <ele>10.6000003814697265625</ele>
        <time>2026-08-31T11:47:24.000Z</time>
        <extensions>
          <ns3:TrackPointExtension>
            <ns3:atemp>28.0</ns3:atemp>
            <ns3:hr>111</ns3:hr>
          </ns3:TrackPointExtension>
        </extensions>
      </trkpt>
      <trkpt lat="24.53531962819397449493408203125" lon="118.1458473019301891326904296875">
        <ele>10.3999996185302734375</ele>
        <time>2026-08-31T11:47:33.000Z</time>
        <extensions>
          <ns3:TrackPointExtension>
            <ns3:atemp>28.0</ns3:atemp>
            <ns3:hr>110</ns3:hr>
          </ns3:TrackPointExtension>
        </extensions>
      </trkpt>
      <trkpt lat="24.53517981804907321929931640625" lon="118.1453970260918140411376953125">
        <ele>10</ele>
        <time>2026-08-31T11:47:40.000Z</time>
        <extensions>
          <ns3:TrackPointExtension>
            <ns3:atemp>28.0</ns3:atemp>
            <ns3:hr>112</ns3:hr>
          </ns3:TrackPointExtension>
        </extensions>
      </trkpt>
      <trkpt lat="24.53511963598430156707763671875" lon="118.14520575106143951416015625">
        <ele>9.80000019073486328125</ele>
        <time>2026-08-31T11:47:43.000Z</time>
        <extensions>
          <ns3:TrackPointExtension>
            <ns3:atemp>28.0</ns3:atemp>
            <ns3:hr>110</ns3:hr>
          </ns3:TrackPointExtension>
        </extensions>
      </trkpt>
      <trkpt lat="24.53501989133656024932861328125" lon="118.14489218406379222869873046875">
        <ele>9.3999996185302734375</ele>
        <time>2026-08-31T11:47:48.000Z</time>
        <extensions>
          <ns3:TrackPointExtension>
            <ns3:atemp>29.0</ns3:atemp>
            <ns3:hr>110</ns3:hr>
          </ns3:TrackPointExtension>
        </extensions>
      </trkpt>
      <trkpt lat="24.53496892936527729034423828125" lon="118.144716918468475341796875">
        <ele>9.3999996185302734375</ele>
        <time>2026-08-31T11:47:51.000Z</time>
        <extensions>
          <ns3:TrackPointExtension>
            <ns3:atemp>28.0</ns3:atemp>
            <ns3:hr>111</ns3:hr>
          </ns3:TrackPointExtension>
        </extensions>
      </trkpt>
      <trkpt lat="24.53491226769983768463134765625" lon="118.14453729428350925445556640625">
        <ele>9.3999996185302734375</ele>
        <time>2026-08-31T11:47:54.000Z</time>
        <extensions>
          <ns3:TrackPointExtension>
            <ns3:atemp>29.0</ns3:atemp>
            <ns3:hr>111</ns3:hr>
          </ns3:TrackPointExtension>
        </extensions>
      </trkpt>
      <trkpt lat="24.5348841883242130279541015625" lon="118.1444689817726612091064453125">
        <ele>9.6000003814697265625</ele>
        <time>2026-08-31T11:47:55.000Z</time>
        <extensions>
          <ns3:TrackPointExtension>
            <ns3:atemp>29.0</ns3:atemp>
            <ns3:hr>112</ns3:hr>
          </ns3:TrackPointExtension>
        </extensions>
      </trkpt>
      <trkpt lat="24.53481067903339862823486328125" lon="118.14423504285514354705810546875">
        <ele>9.6000003814697265625</ele>
        <time>2026-08-31T11:47:59.000Z</time>
        <extensions>
          <ns3:TrackPointExtension>
            <ns3:atemp>29.0</ns3:atemp>
            <ns3:hr>113</ns3:hr>
          </ns3:TrackPointExtension>
        </extensions>
      </trkpt>
      <trkpt lat="24.53473842702805995941162109375" lon="118.14401124604046344757080078125">
        <ele>9.80000019073486328125</ele>
        <time>2026-08-31T11:48:03.000Z</time>
        <extensions>
          <ns3:TrackPointExtension>
            <ns3:atemp>29.0</ns3:atemp>
            <ns3:hr>116</ns3:hr>
          </ns3:TrackPointExtension>
        </extensions>
      </trkpt>
      <trkpt lat="24.534677155315876007080078125" lon="118.1438275985419750213623046875">
        <ele>10.19999980926513671875</ele>
        <time>2026-08-31T11:48:06.000Z</time>
        <extensions>
          <ns3:TrackPointExtension>
            <ns3:atemp>28.0</ns3:atemp>
            <ns3:hr>117</ns3:hr>
          </ns3:TrackPointExtension>
        </extensions>
      </trkpt>
      <trkpt lat="24.534539021551609039306640625" lon="118.1434095092117786407470703125">
        <ele>10.3999996185302734375</ele>
        <time>2026-08-31T11:48:13.000Z</time>
        <extensions>
          <ns3:TrackPointExtension>
            <ns3:atemp>29.0</ns3:atemp>
            <ns3:hr>120</ns3:hr>
          </ns3:TrackPointExtension>
        </extensions>
      </trkpt>
      <trkpt lat="24.5344801805913448333740234375" lon="118.14322954975068569183349609375">
        <ele>10.3999996185302734375</ele>
        <time>2026-08-31T11:48:16.000Z</time>
        <extensions>
          <ns3:TrackPointExtension>
            <ns3:atemp>28.0</ns3:atemp>
            <ns3:hr>120</ns3:hr>
          </ns3:TrackPointExtension>
        </extensions>
      </trkpt>
      <trkpt lat="24.5344246923923492431640625" lon="118.143038190901279449462890625">
        <ele>10.80000019073486328125</ele>
        <time>2026-08-31T11:48:19.000Z</time>
        <extensions>
          <ns3:TrackPointExtension>
            <ns3:atemp>28.0</ns3:atemp>
            <ns3:hr>121</ns3:hr>
          </ns3:TrackPointExtension>
        </extensions>
      </trkpt>
      <trkpt lat="24.53432519920170307159423828125" lon="118.14272026531398296356201171875">
        <ele>11</ele>
        <time>2026-08-31T11:48:25.000Z</time>
        <extensions>
          <ns3:TrackPointExtension>
            <ns3:atemp>28.0</ns3:atemp>
            <ns3:hr>121</ns3:hr>
          </ns3:TrackPointExtension>
        </extensions>
      </trkpt>
      <trkpt lat="24.5341921783983707427978515625" lon="118.14230133779346942901611328125">
        <ele>11.19999980926513671875</ele>
        <time>2026-08-31T11:48:32.000Z</time>
        <extensions>
          <ns3:TrackPointExtension>
            <ns3:atemp>29.0</ns3:atemp>
            <ns3:hr>121</ns3:hr>
          </ns3:TrackPointExtension>
        </extensions>
      </trkpt>
      <trkpt lat="24.5341428928077220916748046875" lon="118.14213051460683345794677734375">
        <ele>11.80000019073486328125</ele>
        <time>2026-08-31T11:48:35.000Z</time>
        <extensions>
          <ns3:TrackPointExtension>
            <ns3:atemp>29.0</ns3:atemp>
            <ns3:hr>124</ns3:hr>
          </ns3:TrackPointExtension>
        </extensions>
      </trkpt>
      <trkpt lat="24.534124620258808135986328125" lon="118.142078630626201629638671875">
        <ele>12</ele>
        <time>2026-08-31T11:48:36.000Z</time>
        <extensions>
          <ns3:TrackPointExtension>
            <ns3:atemp>28.0</ns3:atemp>
            <ns3:hr>124</ns3:hr>
          </ns3:TrackPointExtension>
        </extensions>
      </trkpt>
      <trkpt lat="24.5340704731643199920654296875" lon="118.14191794954240322113037109375">
        <ele>12.3999996185302734375</ele>
        <time>2026-08-31T11:48:39.000Z</time>
        <extensions>
          <ns3:TrackPointExtension>
            <ns3:atemp>28.0</ns3:atemp>
            <ns3:hr>124</ns3:hr>
          </ns3:TrackPointExtension>
        </extensions>
      </trkpt>
      <trkpt lat="24.533961676061153411865234375" lon="118.14152131788432598114013671875">
        <ele>12.6000003814697265625</ele>
        <time>2026-08-31T11:48:47.000Z</time>
        <extensions>
          <ns3:TrackPointExtension>
            <ns3:atemp>29.0</ns3:atemp>
            <ns3:hr>124</ns3:hr>
          </ns3:TrackPointExtension>
        </extensions>
      </trkpt>
      <trkpt lat="24.53385137021541595458984375" lon="118.1411400251090526580810546875">
        <ele>12.80000019073486328125</ele>
        <time>2026-08-31T11:48:54.000Z</time>
        <extensions>
          <ns3:TrackPointExtension>
            <ns3:atemp>29.0</ns3:atemp>
            <ns3:hr>125</ns3:hr>
          </ns3:TrackPointExtension>
        </extensions>
      </trkpt>
      <trkpt lat="24.533826224505901336669921875" lon="118.141043297946453094482421875">
        <ele>13</ele>
        <time>2026-08-31T11:48:56.000Z</time>
        <extensions>
          <ns3:TrackPointExtension>
            <ns3:atemp>29.0</ns3:atemp>
            <ns3:hr>126</ns3:hr>
          </ns3:TrackPointExtension>
        </extensions>
      </trkpt>
      <trkpt lat="24.53380954451858997344970703125" lon="118.1409921683371067047119140625">
        <ele>13.19999980926513671875</ele>
        <time>2026-08-31T11:48:57.000Z</time>
        <extensions>
          <ns3:TrackPointExtension>
            <ns3:atemp>29.0</ns3:atemp>
            <ns3:hr>127</ns3:hr>
          </ns3:TrackPointExtension>
        </extensions>
      </trkpt>
      <trkpt lat="24.533771574497222900390625" lon="118.1408409588038921356201171875">
        <ele>14.6000003814697265625</ele>
        <time>2026-08-31T11:49:00.000Z</time>
        <extensions>
          <ns3:TrackPointExtension>
            <ns3:atemp>29.0</ns3:atemp>
            <ns3:hr>128</ns3:hr>
          </ns3:TrackPointExtension>
        </extensions>
      </trkpt>
      <trkpt lat="24.53375506214797496795654296875" lon="118.1407941877841949462890625">
        <ele>14.80000019073486328125</ele>
        <time>2026-08-31T11:49:01.000Z</time>
        <extensions>
          <ns3:TrackPointExtension>
            <ns3:atemp>29.0</ns3:atemp>
            <ns3:hr>128</ns3:hr>
          </ns3:TrackPointExtension>
        </extensions>
      </trkpt>
      <trkpt lat="24.53372136689722537994384765625" lon="118.14065563492476940155029296875">
        <ele>15.6000003814697265625</ele>
        <time>2026-08-31T11:49:04.000Z</time>
        <extensions>
          <ns3:TrackPointExtension>
            <ns3:atemp>29.0</ns3:atemp>
            <ns3:hr>128</ns3:hr>
          </ns3:TrackPointExtension>
        </extensions>
      </trkpt>
      <trkpt lat="24.53370477072894573211669921875" lon="118.14061774872243404388427734375">
        <ele>15.80000019073486328125</ele>
        <time>2026-08-31T11:49:05.000Z</time>
        <extensions>
          <ns3:TrackPointExtension>
            <ns3:atemp>29.0</ns3:atemp>
            <ns3:hr>127</ns3:hr>
          </ns3:TrackPointExtension>
        </extensions>
      </trkpt>
      <trkpt lat="24.533658921718597412109375" lon="118.1405217759311199188232421875">
        <ele>16.799999237060546875</ele>
        <time>2026-08-31T11:49:07.000Z</time>
        <extensions>
          <ns3:TrackPointExtension>
            <ns3:atemp>29.0</ns3:atemp>
            <ns3:hr>127</ns3:hr>
          </ns3:TrackPointExtension>
        </extensions>
      </trkpt>
      <trkpt lat="24.5335625298321247100830078125" lon="118.140330500900745391845703125">
        <ele>17.799999237060546875</ele>
        <time>2026-08-31T11:49:12.000Z</time>
        <extensions>
          <ns3:TrackPointExtension>
            <ns3:atemp>29.0</ns3:atemp>
            <ns3:hr>129</ns3:hr>
          </ns3:TrackPointExtension>
        </extensions>
      </trkpt>
      <trkpt lat="24.533545933663845062255859375" lon="118.140292279422283172607421875">
        <ele>18</ele>
        <time>2026-08-31T11:49:13.000Z</time>
        <extensions>
          <ns3:TrackPointExtension>
            <ns3:atemp>29.0</ns3:atemp>
            <ns3:hr>129</ns3:hr>
          </ns3:TrackPointExtension>
        </extensions>
      </trkpt>
      <trkpt lat="24.5334054529666900634765625" lon="118.1399953924119472503662109375">
        <ele>18.6000003814697265625</ele>
        <time>2026-08-31T11:49:20.000Z</time>
        <extensions>
          <ns3:TrackPointExtension>
            <ns3:atemp>29.0</ns3:atemp>
            <ns3:hr>131</ns3:hr>
          </ns3:TrackPointExtension>
        </extensions>
      </trkpt>
      <trkpt lat="24.5332795567810535430908203125" lon="118.13960856758058071136474609375">
        <ele>17</ele>
        <time>2026-08-31T11:49:27.000Z</time>
        <extensions>
          <ns3:TrackPointExtension>
            <ns3:atemp>29.0</ns3:atemp>
            <ns3:hr>129</ns3:hr>
          </ns3:TrackPointExtension>
        </extensions>
      </trkpt>
      <trkpt lat="24.533258937299251556396484375" lon="118.1395442783832550048828125">
        <ele>16.799999237060546875</ele>
        <time>2026-08-31T11:49:28.000Z</time>
        <extensions>
          <ns3:TrackPointExtension>
            <ns3:atemp>29.0</ns3:atemp>
            <ns3:hr>129</ns3:hr>
          </ns3:TrackPointExtension>
        </extensions>
      </trkpt>
      <trkpt lat="24.53311971388757228851318359375" lon="118.139121830463409423828125">
        <ele>16.200000762939453125</ele>
        <time>2026-08-31T11:49:35.000Z</time>
        <extensions>
          <ns3:TrackPointExtension>
            <ns3:atemp>29.0</ns3:atemp>
            <ns3:hr>129</ns3:hr>
          </ns3:TrackPointExtension>
        </extensions>
      </trkpt>
      <trkpt lat="24.5329602062702178955078125" lon="118.1386465765535831451416015625">
        <ele>16.6000003814697265625</ele>
        <time>2026-08-31T11:49:44.000Z</time>
        <extensions>
          <ns3:TrackPointExtension>
            <ns3:atemp>29.0</ns3:atemp>
            <ns3:hr>128</ns3:hr>
          </ns3:TrackPointExtension>
        </extensions>
      </trkpt>
      <trkpt lat="24.53287370502948760986328125" lon="118.13842110335826873779296875">
        <ele>15.3999996185302734375</ele>
        <time>2026-08-31T11:49:48.000Z</time>
        <extensions>
          <ns3:TrackPointExtension>
            <ns3:atemp>29.0</ns3:atemp>
            <ns3:hr>127</ns3:hr>
          </ns3:TrackPointExtension>
        </extensions>
      </trkpt>
      <trkpt lat="24.5328148640692234039306640625" lon="118.1382693909108638763427734375">
        <ele>14.3999996185302734375</ele>
        <time>2026-08-31T11:49:51.000Z</time>
        <extensions>
          <ns3:TrackPointExtension>
            <ns3:atemp>29.0</ns3:atemp>
            <ns3:hr>126</ns3:hr>
          </ns3:TrackPointExtension>
        </extensions>
      </trkpt>
      <trkpt lat="24.53278980217874050140380859375" lon="118.13821566291153430938720703125">
        <ele>14.19999980926513671875</ele>
        <time>2026-08-31T11:49:52.000Z</time>
        <extensions>
          <ns3:TrackPointExtension>
            <ns3:atemp>29.0</ns3:atemp>
            <ns3:hr>127</ns3:hr>
          </ns3:TrackPointExtension>
        </extensions>
      </trkpt>
      <trkpt lat="24.53277043998241424560546875" lon="118.1381574086844921112060546875">
        <ele>13.80000019073486328125</ele>
        <time>2026-08-31T11:49:53.000Z</time>
        <extensions>
          <ns3:TrackPointExtension>
            <ns3:atemp>28.0</ns3:atemp>
            <ns3:hr>128</ns3:hr>
          </ns3:TrackPointExtension>
        </extensions>
      </trkpt>
      <trkpt lat="24.53274973668158054351806640625" lon="118.13809731043875217437744140625">
        <ele>13.19999980926513671875</ele>
        <time>2026-08-31T11:49:54.000Z</time>
        <extensions>
          <ns3:TrackPointExtension>
            <ns3:atemp>28.0</ns3:atemp>
            <ns3:hr>127</ns3:hr>
          </ns3:TrackPointExtension>
        </extensions>
      </trkpt>
      <trkpt lat="24.5326408557593822479248046875" lon="118.13776957802474498748779296875">
        <ele>12.6000003814697265625</ele>
        <time>2026-08-31T11:50:00.000Z</time>
        <extensions>
          <ns3:TrackPointExtension>
            <ns3:atemp>29.0</ns3:atemp>
            <ns3:hr>126</ns3:hr>
          </ns3:TrackPointExtension>
        </extensions>
      </trkpt>
      <trkpt lat="24.532634317874908447265625" lon="118.13773051835596561431884765625">
        <ele>12.6000003814697265625</ele>
        <time>2026-08-31T11:50:01.000Z</time>
        <extensions>
          <ns3:TrackPointExtension>
            <ns3:atemp>29.0</ns3:atemp>
            <ns3:hr>125</ns3:hr>
          </ns3:TrackPointExtension>
        </extensions>
      </trkpt>
      <trkpt lat="24.532636664807796478271484375" lon="118.13765943981707096099853515625">
        <ele>13</ele>
        <time>2026-08-31T11:50:04.000Z</time>
        <extensions>
          <ns3:TrackPointExtension>
            <ns3:atemp>29.0</ns3:atemp>
            <ns3:hr>122</ns3:hr>
          </ns3:TrackPointExtension>
        </extensions>
      </trkpt>
      <trkpt lat="24.5326398499310016632080078125" lon="118.1376457773149013519287109375">
        <ele>13.19999980926513671875</ele>
        <time>2026-08-31T11:50:05.000Z</time>
        <extensions>
          <ns3:TrackPointExtension>
            <ns3:atemp>29.0</ns3:atemp>
            <ns3:hr>120</ns3:hr>
          </ns3:TrackPointExtension>
        </extensions>
      </trkpt>
      <trkpt lat="24.5326442085206508636474609375" lon="118.13763211481273174285888671875">
        <ele>13.3999996185302734375</ele>
        <time>2026-08-31T11:50:10.000Z</time>
        <extensions>
          <ns3:TrackPointExtension>
            <ns3:atemp>29.0</ns3:atemp>
            <ns3:hr>117</ns3:hr>
          </ns3:TrackPointExtension>
        </extensions>
      </trkpt>
      <trkpt lat="24.5326458849012851715087890625" lon="118.13759707845747470855712890625">
        <ele>13.6000003814697265625</ele>
        <time>2026-08-31T11:50:18.000Z</time>
        <extensions>
          <ns3:TrackPointExtension>
            <ns3:atemp>29.0</ns3:atemp>
            <ns3:hr>114</ns3:hr>
          </ns3:TrackPointExtension>
        </extensions>
      </trkpt>
      <trkpt lat="24.53262417577207088470458984375" lon="118.1375378184020519256591796875">
        <ele>13.19999980926513671875</ele>
        <time>2026-08-31T11:50:20.000Z</time>
        <extensions>
          <ns3:TrackPointExtension>
            <ns3:atemp>29.0</ns3:atemp>
            <ns3:hr>113</ns3:hr>
          </ns3:TrackPointExtension>
        </extensions>
      </trkpt>
      <trkpt lat="24.532510936260223388671875" lon="118.13738250173628330230712890625">
        <ele>13</ele>
        <time>2026-08-31T11:50:25.000Z</time>
        <extensions>
          <ns3:TrackPointExtension>
            <ns3:atemp>29.0</ns3:atemp>
            <ns3:hr>111</ns3:hr>
          </ns3:TrackPointExtension>
        </extensions>
      </trkpt>
      <trkpt lat="24.53248335979878902435302734375" lon="118.13734344206750392913818359375">
        <ele>13</ele>
        <time>2026-08-31T11:50:26.000Z</time>
        <extensions>
          <ns3:TrackPointExtension>
            <ns3:atemp>29.0</ns3:atemp>
            <ns3:hr>111</ns3:hr>
          </ns3:TrackPointExtension>
        </extensions>
      </trkpt>
      <trkpt lat="24.5324209146201610565185546875" lon="118.137205056846141815185546875">
        <ele>13.19999980926513671875</ele>
        <time>2026-08-31T11:50:29.000Z</time>
        <extensions>
          <ns3:TrackPointExtension>
            <ns3:atemp>29.0</ns3:atemp>
            <ns3:hr>111</ns3:hr>
          </ns3:TrackPointExtension>
        </extensions>
      </trkpt>
      <trkpt lat="24.53239920549094676971435546875" lon="118.1371557712554931640625">
        <ele>13.3999996185302734375</ele>
        <time>2026-08-31T11:50:30.000Z</time>
        <extensions>
          <ns3:TrackPointExtension>
            <ns3:atemp>29.0</ns3:atemp>
            <ns3:hr>110</ns3:hr>
          </ns3:TrackPointExtension>
        </extensions>
      </trkpt>
      <trkpt lat="24.5323109440505504608154296875" lon="118.13688143156468868255615234375">
        <ele>13.6000003814697265625</ele>
        <time>2026-08-31T11:50:35.000Z</time>
        <extensions>
          <ns3:TrackPointExtension>
            <ns3:atemp>29.0</ns3:atemp>
            <ns3:hr>112</ns3:hr>
          </ns3:TrackPointExtension>
        </extensions>
      </trkpt>
      <trkpt lat="24.53223290853202342987060546875" lon="118.1366533599793910980224609375">
        <ele>13.6000003814697265625</ele>
        <time>2026-08-31T11:50:39.000Z</time>
        <extensions>
          <ns3:TrackPointExtension>
            <ns3:atemp>29.0</ns3:atemp>
            <ns3:hr>115</ns3:hr>
          </ns3:TrackPointExtension>
        </extensions>
      </trkpt>
      <trkpt lat="24.5321473293006420135498046875" lon="118.13641925342381000518798828125">
        <ele>13.19999980926513671875</ele>
        <time>2026-08-31T11:50:43.000Z</time>
        <extensions>
          <ns3:TrackPointExtension>
            <ns3:atemp>29.0</ns3:atemp>
            <ns3:hr>116</ns3:hr>
          </ns3:TrackPointExtension>
        </extensions>
      </trkpt>
      <trkpt lat="24.5319729857146739959716796875" lon="118.1359462626278400421142578125">
        <ele>13.3999996185302734375</ele>
        <time>2026-08-31T11:50:51.000Z</time>
        <extensions>
          <ns3:TrackPointExtension>
            <ns3:atemp>29.0</ns3:atemp>
            <ns3:hr>117</ns3:hr>
          </ns3:TrackPointExtension>
        </extensions>
      </trkpt>
      <trkpt lat="24.53189696185290813446044921875" lon="118.13577233813703060150146484375">
        <ele>13.3999996185302734375</ele>
        <time>2026-08-31T11:50:54.000Z</time>
        <extensions>
          <ns3:TrackPointExtension>
            <ns3:atemp>29.0</ns3:atemp>
            <ns3:hr>119</ns3:hr>
          </ns3:TrackPointExtension>
        </extensions>
      </trkpt>
      <trkpt lat="24.5317835547029972076416015625" lon="118.1355553306639194488525390625">
        <ele>13.6000003814697265625</ele>
        <time>2026-08-31T11:50:58.000Z</time>
        <extensions>
          <ns3:TrackPointExtension>
            <ns3:atemp>29.0</ns3:atemp>
            <ns3:hr>119</ns3:hr>
          </ns3:TrackPointExtension>
        </extensions>
      </trkpt>
      <trkpt lat="24.53160510398447513580322265625" lon="118.1350755505263805389404296875">
        <ele>13.6000003814697265625</ele>
        <time>2026-08-31T11:51:06.000Z</time>
        <extensions>
          <ns3:TrackPointExtension>
            <ns3:atemp>29.0</ns3:atemp>
            <ns3:hr>120</ns3:hr>
          </ns3:TrackPointExtension>
        </extensions>
      </trkpt>
      <trkpt lat="24.5313986577093601226806640625" lon="118.13449678011238574981689453125">
        <ele>13.3999996185302734375</ele>
        <time>2026-08-31T11:51:15.000Z</time>
        <extensions>
          <ns3:TrackPointExtension>
            <ns3:atemp>29.0</ns3:atemp>
            <ns3:hr>122</ns3:hr>
          </ns3:TrackPointExtension>
        </extensions>
      </trkpt>
      <trkpt lat="24.531379379332065582275390625" lon="118.134430311620235443115234375">
        <ele>13.3999996185302734375</ele>
        <time>2026-08-31T11:51:16.000Z</time>
        <extensions>
          <ns3:TrackPointExtension>
            <ns3:atemp>29.0</ns3:atemp>
            <ns3:hr>121</ns3:hr>
          </ns3:TrackPointExtension>
        </extensions>
      </trkpt>
      <trkpt lat="24.53130184672772884368896484375" lon="118.13417374156415462493896484375">
        <ele>13.19999980926513671875</ele>
        <time>2026-08-31T11:51:20.000Z</time>
        <extensions>
          <ns3:TrackPointExtension>
            <ns3:atemp>29.0</ns3:atemp>
            <ns3:hr>121</ns3:hr>
          </ns3:TrackPointExtension>
        </extensions>
      </trkpt>
      <trkpt lat="24.53127183951437473297119140625" lon="118.13403745181858539581298828125">
        <ele>13.3999996185302734375</ele>
        <time>2026-08-31T11:51:22.000Z</time>
        <extensions>
          <ns3:TrackPointExtension>
            <ns3:atemp>29.0</ns3:atemp>
            <ns3:hr>123</ns3:hr>
          </ns3:TrackPointExtension>
        </extensions>
      </trkpt>
      <trkpt lat="24.5312484540045261383056640625" lon="118.13393242657184600830078125">
        <ele>13.80000019073486328125</ele>
        <time>2026-08-31T11:51:24.000Z</time>
        <extensions>
          <ns3:TrackPointExtension>
            <ns3:atemp>29.0</ns3:atemp>
            <ns3:hr>123</ns3:hr>
          </ns3:TrackPointExtension>
        </extensions>
      </trkpt>
      <trkpt lat="24.53122909180819988250732421875" lon="118.1338833086192607879638671875">
        <ele>14.19999980926513671875</ele>
        <time>2026-08-31T11:51:25.000Z</time>
        <extensions>
          <ns3:TrackPointExtension>
            <ns3:atemp>29.0</ns3:atemp>
            <ns3:hr>123</ns3:hr>
          </ns3:TrackPointExtension>
        </extensions>
      </trkpt>
      <trkpt lat="24.53118282370269298553466796875" lon="118.13373670913279056549072265625">
        <ele>14.19999980926513671875</ele>
        <time>2026-08-31T11:51:28.000Z</time>
        <extensions>
          <ns3:TrackPointExtension>
            <ns3:atemp>29.0</ns3:atemp>
            <ns3:hr>123</ns3:hr>
          </ns3:TrackPointExtension>
        </extensions>
      </trkpt>
      <trkpt lat="24.53116404823958873748779296875" lon="118.13368742354214191436767578125">
        <ele>14.19999980926513671875</ele>
        <time>2026-08-31T11:51:29.000Z</time>
        <extensions>
          <ns3:TrackPointExtension>
            <ns3:atemp>29.0</ns3:atemp>
            <ns3:hr>123</ns3:hr>
          </ns3:TrackPointExtension>
        </extensions>
      </trkpt>
      <trkpt lat="24.53114443458616733551025390625" lon="118.133647106587886810302734375">
        <ele>14.3999996185302734375</ele>
        <time>2026-08-31T11:51:30.000Z</time>
        <extensions>
          <ns3:TrackPointExtension>
            <ns3:atemp>29.0</ns3:atemp>
            <ns3:hr>124</ns3:hr>
          </ns3:TrackPointExtension>
        </extensions>
      </trkpt>
      <trkpt lat="24.5310848392546176910400390625" lon="118.133518360555171966552734375">
        <ele>15</ele>
        <time>2026-08-31T11:51:34.000Z</time>
        <extensions>
          <ns3:TrackPointExtension>
            <ns3:atemp>29.0</ns3:atemp>
            <ns3:hr>127</ns3:hr>
          </ns3:TrackPointExtension>
        </extensions>
      </trkpt>
      <trkpt lat="24.5310171134769916534423828125" lon="118.1333103217184543609619140625">
        <ele>15.3999996185302734375</ele>
        <time>2026-08-31T11:51:39.000Z</time>
        <extensions>
          <ns3:TrackPointExtension>
            <ns3:atemp>29.0</ns3:atemp>
            <ns3:hr>126</ns3:hr>
          </ns3:TrackPointExtension>
        </extensions>
      </trkpt>
      <trkpt lat="24.531002528965473175048828125" lon="118.13327251933515071868896484375">
        <ele>15.3999996185302734375</ele>
        <time>2026-08-31T11:51:40.000Z</time>
        <extensions>
          <ns3:TrackPointExtension>
            <ns3:atemp>29.0</ns3:atemp>
            <ns3:hr>126</ns3:hr>
          </ns3:TrackPointExtension>
        </extensions>
      </trkpt>
      <trkpt lat="24.53086783178150653839111328125" lon="118.133006393909454345703125">
        <ele>15.80000019073486328125</ele>
        <time>2026-08-31T11:51:46.000Z</time>
        <extensions>
          <ns3:TrackPointExtension>
            <ns3:atemp>29.0</ns3:atemp>
            <ns3:hr>124</ns3:hr>
          </ns3:TrackPointExtension>
        </extensions>
      </trkpt>
      <trkpt lat="24.53076138161122798919677734375" lon="118.13270271755754947662353515625">
        <ele>16.200000762939453125</ele>
        <time>2026-08-31T11:51:52.000Z</time>
        <extensions>
          <ns3:TrackPointExtension>
            <ns3:atemp>29.0</ns3:atemp>
            <ns3:hr>123</ns3:hr>
          </ns3:TrackPointExtension>
        </extensions>
      </trkpt>
      <trkpt lat="24.530740343034267425537109375" lon="118.132627196609973907470703125">
        <ele>16.3999996185302734375</ele>
        <time>2026-08-31T11:51:54.000Z</time>
        <extensions>
          <ns3:TrackPointExtension>
            <ns3:atemp>29.0</ns3:atemp>
            <ns3:hr>122</ns3:hr>
          </ns3:TrackPointExtension>
        </extensions>
      </trkpt>
      <trkpt lat="24.53075568191707134246826171875" lon="118.132595010101795196533203125">
        <ele>16.6000003814697265625</ele>
        <time>2026-08-31T11:51:55.000Z</time>
        <extensions>
          <ns3:TrackPointExtension>
            <ns3:atemp>29.0</ns3:atemp>
            <ns3:hr>122</ns3:hr>
          </ns3:TrackPointExtension>
        </extensions>
      </trkpt>
      <trkpt lat="24.530777223408222198486328125" lon="118.13256852328777313232421875">
        <ele>16.799999237060546875</ele>
        <time>2026-08-31T11:51:56.000Z</time>
        <extensions>
          <ns3:TrackPointExtension>
            <ns3:atemp>29.0</ns3:atemp>
            <ns3:hr>122</ns3:hr>
          </ns3:TrackPointExtension>
        </extensions>
      </trkpt>
      <trkpt lat="24.530924074351787567138671875" lon="118.1324536912143230438232421875">
        <ele>16.799999237060546875</ele>
        <time>2026-08-31T11:52:01.000Z</time>
        <extensions>
          <ns3:TrackPointExtension>
            <ns3:atemp>29.0</ns3:atemp>
            <ns3:hr>120</ns3:hr>
          </ns3:TrackPointExtension>
        </extensions>
      </trkpt>
      <trkpt lat="24.53100630082190036773681640625" lon="118.13236576505005359649658203125">
        <ele>16.799999237060546875</ele>
        <time>2026-08-31T11:52:05.000Z</time>
        <extensions>
          <ns3:TrackPointExtension>
            <ns3:atemp>29.0</ns3:atemp>
            <ns3:hr>119</ns3:hr>
          </ns3:TrackPointExtension>
        </extensions>
      </trkpt>
      <trkpt lat="24.53099926002323627471923828125" lon="118.13235419802367687225341796875">
        <ele>16.799999237060546875</ele>
        <time>2026-08-31T11:52:06.000Z</time>
        <extensions>
          <ns3:TrackPointExtension>
            <ns3:atemp>29.0</ns3:atemp>
            <ns3:hr>119</ns3:hr>
          </ns3:TrackPointExtension>
        </extensions>
      </trkpt>
      <trkpt lat="24.53100143931806087493896484375" lon="118.132360987365245819091796875">
        <ele>17</ele>
        <time>2026-08-31T11:52:10.000Z</time>
        <extensions>
          <ns3:TrackPointExtension>
            <ns3:atemp>29.0</ns3:atemp>
            <ns3:hr>119</ns3:hr>
          </ns3:TrackPointExtension>
        </extensions>
      </trkpt>
      <trkpt lat="24.53100143931806087493896484375" lon="118.132360987365245819091796875">
        <ele>17</ele>
        <time>2026-08-31T11:52:20.000Z</time>
        <extensions>
          <ns3:TrackPointExtension>
            <ns3:atemp>29.0</ns3:atemp>
            <ns3:hr>116</ns3:hr>
          </ns3:TrackPointExtension>
        </extensions>
      </trkpt>
      <trkpt lat="24.53100143931806087493896484375" lon="118.132360987365245819091796875">
        <ele>17.200000762939453125</ele>
        <time>2026-08-31T11:52:23.000Z</time>
        <extensions>
          <ns3:TrackPointExtension>
            <ns3:atemp>29.0</ns3:atemp>
            <ns3:hr>113</ns3:hr>
          </ns3:TrackPointExtension>
        </extensions>
      </trkpt>
      <trkpt lat="24.53100143931806087493896484375" lon="118.132360987365245819091796875">
        <ele>17.200000762939453125</ele>
        <time>2026-08-31T11:52:25.000Z</time>
        <extensions>
          <ns3:TrackPointExtension>
            <ns3:atemp>29.0</ns3:atemp>
            <ns3:hr>110</ns3:hr>
          </ns3:TrackPointExtension>
        </extensions>
      </trkpt>
      <trkpt lat="24.53100143931806087493896484375" lon="118.132360987365245819091796875">
        <ele>17.200000762939453125</ele>
        <time>2026-08-31T11:52:27.000Z</time>
        <extensions>
          <ns3:TrackPointExtension>
            <ns3:atemp>29.0</ns3:atemp>
            <ns3:hr>107</ns3:hr>
          </ns3:TrackPointExtension>
        </extensions>
      </trkpt>
      <trkpt lat="24.53100143931806087493896484375" lon="118.132360987365245819091796875">
        <ele>17.200000762939453125</ele>
        <time>2026-08-31T11:52:34.000Z</time>
        <extensions>
          <ns3:TrackPointExtension>
            <ns3:atemp>29.0</ns3:atemp>
            <ns3:hr>107</ns3:hr>
          </ns3:TrackPointExtension>
        </extensions>
      </trkpt>
      <trkpt lat="24.53100143931806087493896484375" lon="118.132360987365245819091796875">
        <ele>17.200000762939453125</ele>
        <time>2026-08-31T11:52:55.000Z</time>
        <extensions>
          <ns3:TrackPointExtension>
            <ns3:atemp>29.0</ns3:atemp>
            <ns3:hr>103</ns3:hr>
          </ns3:TrackPointExtension>
        </extensions>
      </trkpt>
      <trkpt lat="24.53100143931806087493896484375" lon="118.132360987365245819091796875">
        <ele>17.200000762939453125</ele>
        <time>2026-08-31T11:53:05.000Z</time>
        <extensions>
          <ns3:TrackPointExtension>
            <ns3:atemp>29.0</ns3:atemp>
            <ns3:hr>100</ns3:hr>
          </ns3:TrackPointExtension>
        </extensions>
      </trkpt>
      <trkpt lat="24.53094544820487499237060546875" lon="118.13227624632418155670166015625">
        <ele>17.200000762939453125</ele>
        <time>2026-08-31T11:54:06.000Z</time>
        <extensions>
          <ns3:TrackPointExtension>
            <ns3:atemp>29.0</ns3:atemp>
            <ns3:hr>102</ns3:hr>
          </ns3:TrackPointExtension>
        </extensions>
      </trkpt>
      <trkpt lat="24.53084855340421199798583984375" lon="118.1321120448410511016845703125">
        <ele>17.200000762939453125</ele>
        <time>2026-08-31T11:54:12.000Z</time>
        <extensions>
          <ns3:TrackPointExtension>
            <ns3:atemp>29.0</ns3:atemp>
            <ns3:hr>103</ns3:hr>
          </ns3:TrackPointExtension>
        </extensions>
      </trkpt>
      <trkpt lat="24.53085794113576412200927734375" lon="118.1320825405418872833251953125">
        <ele>17.200000762939453125</ele>
        <time>2026-08-31T11:54:13.000Z</time>
        <extensions>
          <ns3:TrackPointExtension>
            <ns3:atemp>29.0</ns3:atemp>
            <ns3:hr>103</ns3:hr>
          </ns3:TrackPointExtension>
        </extensions>
      </trkpt>
      <trkpt lat="24.5309004373848438262939453125" lon="118.13203752972185611724853515625">
        <ele>17.200000762939453125</ele>
        <time>2026-08-31T11:54:15.000Z</time>
        <extensions>
          <ns3:TrackPointExtension>
            <ns3:atemp>29.0</ns3:atemp>
            <ns3:hr>106</ns3:hr>
          </ns3:TrackPointExtension>
        </extensions>
      </trkpt>
      <trkpt lat="24.53109615482389926910400390625" lon="118.13188078813254833221435546875">
        <ele>17</ele>
        <time>2026-08-31T11:54:21.000Z</time>
        <extensions>
          <ns3:TrackPointExtension>
            <ns3:atemp>29.0</ns3:atemp>
            <ns3:hr>108</ns3:hr>
          </ns3:TrackPointExtension>
        </extensions>
      </trkpt>
      <trkpt lat="24.531188271939754486083984375" lon="118.13176260329782962799072265625">
        <ele>17</ele>
        <time>2026-08-31T11:54:26.000Z</time>
        <extensions>
          <ns3:TrackPointExtension>
            <ns3:atemp>29.0</ns3:atemp>
            <ns3:hr>107</ns3:hr>
          </ns3:TrackPointExtension>
        </extensions>
      </trkpt>
      <trkpt lat="24.53118366189301013946533203125" lon="118.13172438181936740875244140625">
        <ele>17</ele>
        <time>2026-08-31T11:54:28.000Z</time>
        <extensions>
          <ns3:TrackPointExtension>
            <ns3:atemp>29.0</ns3:atemp>
            <ns3:hr>106</ns3:hr>
          </ns3:TrackPointExtension>
        </extensions>
      </trkpt>
      <trkpt lat="24.531178884208202362060546875" lon="118.13165833242237567901611328125">
        <ele>17.200000762939453125</ele>
        <time>2026-08-31T11:54:31.000Z</time>
        <extensions>
          <ns3:TrackPointExtension>
            <ns3:atemp>29.0</ns3:atemp>
            <ns3:hr>108</ns3:hr>
          </ns3:TrackPointExtension>
        </extensions>
      </trkpt>
      <trkpt lat="24.53117796219885349273681640625" lon="118.131661601364612579345703125">
        <ele>17.3999996185302734375</ele>
        <time>2026-08-31T11:54:32.000Z</time>
        <extensions>
          <ns3:TrackPointExtension>
            <ns3:atemp>29.0</ns3:atemp>
            <ns3:hr>109</ns3:hr>
          </ns3:TrackPointExtension>
        </extensions>
      </trkpt>
      <trkpt lat="24.5311783812940120697021484375" lon="118.13166000880300998687744140625">
        <ele>17.799999237060546875</ele>
        <time>2026-08-31T11:54:33.000Z</time>
        <extensions>
          <ns3:TrackPointExtension>
            <ns3:atemp>29.0</ns3:atemp>
            <ns3:hr>113</ns3:hr>
          </ns3:TrackPointExtension>
        </extensions>
      </trkpt>
      <trkpt lat="24.5311783812940120697021484375" lon="118.1316600926220417022705078125">
        <ele>17.799999237060546875</ele>
        <time>2026-08-31T11:54:34.000Z</time>
        <extensions>
          <ns3:TrackPointExtension>
            <ns3:atemp>29.0</ns3:atemp>
            <ns3:hr>113</ns3:hr>
          </ns3:TrackPointExtension>
        </extensions>
      </trkpt>
      <trkpt lat="24.53118869103491306304931640625" lon="118.13169253058731555938720703125">
        <ele>17.3999996185302734375</ele>
        <time>2026-08-31T11:54:38.000Z</time>
        <extensions>
          <ns3:TrackPointExtension>
            <ns3:atemp>29.0</ns3:atemp>
            <ns3:hr>114</ns3:hr>
          </ns3:TrackPointExtension>
        </extensions>
      </trkpt>
      <trkpt lat="24.53120981343090534210205078125" lon="118.13173259608447551727294921875">
        <ele>17.200000762939453125</ele>
        <time>2026-08-31T11:54:40.000Z</time>
        <extensions>
          <ns3:TrackPointExtension>
            <ns3:atemp>29.0</ns3:atemp>
            <ns3:hr>115</ns3:hr>
          </ns3:TrackPointExtension>
        </extensions>
      </trkpt>
      <trkpt lat="24.5312212966382503509521484375" lon="118.1317408941686153411865234375">
        <ele>17.200000762939453125</ele>
        <time>2026-08-31T11:54:41.000Z</time>
        <extensions>
          <ns3:TrackPointExtension>
            <ns3:atemp>29.0</ns3:atemp>
            <ns3:hr>115</ns3:hr>
          </ns3:TrackPointExtension>
        </extensions>
      </trkpt>
      <trkpt lat="24.53128256835043430328369140625" lon="118.131686411798000335693359375">
        <ele>16.799999237060546875</ele>
        <time>2026-08-31T11:54:44.000Z</time>
        <extensions>
          <ns3:TrackPointExtension>
            <ns3:atemp>29.0</ns3:atemp>
            <ns3:hr>114</ns3:hr>
          </ns3:TrackPointExtension>
        </extensions>
      </trkpt>
      <trkpt lat="24.531308971345424652099609375" lon="118.13166202045977115631103515625">
        <ele>16.799999237060546875</ele>
        <time>2026-08-31T11:54:45.000Z</time>
        <extensions>
          <ns3:TrackPointExtension>
            <ns3:atemp>29.0</ns3:atemp>
            <ns3:hr>117</ns3:hr>
          </ns3:TrackPointExtension>
        </extensions>
      </trkpt>
      <trkpt lat="24.531437046825885772705078125" lon="118.13155624084174633026123046875">
        <ele>16.6000003814697265625</ele>
        <time>2026-08-31T11:54:49.000Z</time>
        <extensions>
          <ns3:TrackPointExtension>
            <ns3:atemp>29.0</ns3:atemp>
            <ns3:hr>117</ns3:hr>
          </ns3:TrackPointExtension>
        </extensions>
      </trkpt>
      <trkpt lat="24.5316095463931560516357421875" lon="118.1314052827656269073486328125">
        <ele>16.3999996185302734375</ele>
        <time>2026-08-31T11:54:54.000Z</time>
        <extensions>
          <ns3:TrackPointExtension>
            <ns3:atemp>29.0</ns3:atemp>
            <ns3:hr>119</ns3:hr>
          </ns3:TrackPointExtension>
        </extensions>
      </trkpt>
      <trkpt lat="24.53164902515709400177001953125" lon="118.13137267716228961944580078125">
        <ele>16.3999996185302734375</ele>
        <time>2026-08-31T11:54:55.000Z</time>
        <extensions>
          <ns3:TrackPointExtension>
            <ns3:atemp>29.0</ns3:atemp>
            <ns3:hr>120</ns3:hr>
          </ns3:TrackPointExtension>
        </extensions>
      </trkpt>
      <trkpt lat="24.531936608254909515380859375" lon="118.1311236508190631866455078125">
        <ele>15.3999996185302734375</ele>
        <time>2026-08-31T11:55:02.000Z</time>
        <extensions>
          <ns3:TrackPointExtension>
            <ns3:atemp>29.0</ns3:atemp>
            <ns3:hr>122</ns3:hr>
          </ns3:TrackPointExtension>
        </extensions>
      </trkpt>
      <trkpt lat="24.5323082618415355682373046875" lon="118.13080153428018093109130859375">
        <ele>14.6000003814697265625</ele>
        <time>2026-08-31T11:55:11.000Z</time>
        <extensions>
          <ns3:TrackPointExtension>
            <ns3:atemp>29.0</ns3:atemp>
            <ns3:hr>120</ns3:hr>
          </ns3:TrackPointExtension>
        </extensions>
      </trkpt>
      <trkpt lat="24.53236852772533893585205078125" lon="118.13072861172258853912353515625">
        <ele>14.3999996185302734375</ele>
        <time>2026-08-31T11:55:13.000Z</time>
        <extensions>
          <ns3:TrackPointExtension>
            <ns3:atemp>29.0</ns3:atemp>
            <ns3:hr>116</ns3:hr>
          </ns3:TrackPointExtension>
        </extensions>
      </trkpt>
      <trkpt lat="24.53241731040179729461669921875" lon="118.13065066002309322357177734375">
        <ele>14.3999996185302734375</ele>
        <time>2026-08-31T11:55:15.000Z</time>
        <extensions>
          <ns3:TrackPointExtension>
            <ns3:atemp>29.0</ns3:atemp>
            <ns3:hr>116</ns3:hr>
          </ns3:TrackPointExtension>
        </extensions>
      </trkpt>
      <trkpt lat="24.53243658877909183502197265625" lon="118.13059869222342967987060546875">
        <ele>14.3999996185302734375</ele>
        <time>2026-08-31T11:55:16.000Z</time>
        <extensions>
          <ns3:TrackPointExtension>
            <ns3:atemp>29.0</ns3:atemp>
            <ns3:hr>116</ns3:hr>
          </ns3:TrackPointExtension>
        </extensions>
      </trkpt>
      <trkpt lat="24.5324799232184886932373046875" lon="118.13044781796634197235107421875">
        <ele>14.3999996185302734375</ele>
        <time>2026-08-31T11:55:19.000Z</time>
        <extensions>
          <ns3:TrackPointExtension>
            <ns3:atemp>29.0</ns3:atemp>
            <ns3:hr>116</ns3:hr>
          </ns3:TrackPointExtension>
        </extensions>
      </trkpt>
      <trkpt lat="24.5324802584946155548095703125" lon="118.13034254126250743865966796875">
        <ele>14.6000003814697265625</ele>
        <time>2026-08-31T11:55:21.000Z</time>
        <extensions>
          <ns3:TrackPointExtension>
            <ns3:atemp>29.0</ns3:atemp>
            <ns3:hr>117</ns3:hr>
          </ns3:TrackPointExtension>
        </extensions>
      </trkpt>
      <trkpt lat="24.532473385334014892578125" lon="118.13012058846652507781982421875">
        <ele>15.19999980926513671875</ele>
        <time>2026-08-31T11:55:25.000Z</time>
        <extensions>
          <ns3:TrackPointExtension>
            <ns3:atemp>29.0</ns3:atemp>
            <ns3:hr>120</ns3:hr>
          </ns3:TrackPointExtension>
        </extensions>
      </trkpt>
      <trkpt lat="24.53243709169328212738037109375" lon="118.13001782633364200592041015625">
        <ele>15.19999980926513671875</ele>
        <time>2026-08-31T11:55:27.000Z</time>
        <extensions>
          <ns3:TrackPointExtension>
            <ns3:atemp>29.0</ns3:atemp>
            <ns3:hr>119</ns3:hr>
          </ns3:TrackPointExtension>
        </extensions>
      </trkpt>
      <trkpt lat="24.53240456990897655487060546875" lon="118.12996988184750080108642578125">
        <ele>15.19999980926513671875</ele>
        <time>2026-08-31T11:55:28.000Z</time>
        <extensions>
          <ns3:TrackPointExtension>
            <ns3:atemp>29.0</ns3:atemp>
            <ns3:hr>121</ns3:hr>
          </ns3:TrackPointExtension>
        </extensions>
      </trkpt>
      <trkpt lat="24.5323312282562255859375" lon="118.1298861466348171234130859375">
        <ele>15</ele>
        <time>2026-08-31T11:55:30.000Z</time>
        <extensions>
          <ns3:TrackPointExtension>
            <ns3:atemp>29.0</ns3:atemp>
            <ns3:hr>122</ns3:hr>
          </ns3:TrackPointExtension>
        </extensions>
      </trkpt>
      <trkpt lat="24.53227565623819828033447265625" lon="118.12980576418340206146240234375">
        <ele>14.80000019073486328125</ele>
        <time>2026-08-31T11:55:32.000Z</time>
        <extensions>
          <ns3:TrackPointExtension>
            <ns3:atemp>29.0</ns3:atemp>
            <ns3:hr>123</ns3:hr>
          </ns3:TrackPointExtension>
        </extensions>
      </trkpt>
      <trkpt lat="24.532249756157398223876953125" lon="118.129764609038829803466796875">
        <ele>14.80000019073486328125</ele>
        <time>2026-08-31T11:55:33.000Z</time>
        <extensions>
          <ns3:TrackPointExtension>
            <ns3:atemp>29.0</ns3:atemp>
            <ns3:hr>122</ns3:hr>
          </ns3:TrackPointExtension>
        </extensions>
      </trkpt>
      <trkpt lat="24.5322199165821075439453125" lon="118.1297262199223041534423828125">
        <ele>14.80000019073486328125</ele>
        <time>2026-08-31T11:55:34.000Z</time>
        <extensions>
          <ns3:TrackPointExtension>
            <ns3:atemp>29.0</ns3:atemp>
            <ns3:hr>122</ns3:hr>
          </ns3:TrackPointExtension>
        </extensions>
      </trkpt>
      <trkpt lat="24.5320293121039867401123046875" lon="118.12948725186288356781005859375">
        <ele>15.3999996185302734375</ele>
        <time>2026-08-31T11:55:40.000Z</time>
        <extensions>
          <ns3:TrackPointExtension>
            <ns3:atemp>29.0</ns3:atemp>
            <ns3:hr>121</ns3:hr>
          </ns3:TrackPointExtension>
        </extensions>
      </trkpt>
      <trkpt lat="24.5318200998008251190185546875" lon="118.12919053249061107635498046875">
        <ele>15.19999980926513671875</ele>
        <time>2026-08-31T11:55:47.000Z</time>
        <extensions>
          <ns3:TrackPointExtension>
            <ns3:atemp>29.0</ns3:atemp>
            <ns3:hr>122</ns3:hr>
          </ns3:TrackPointExtension>
        </extensions>
      </trkpt>
      <trkpt lat="24.53176234848797321319580078125" lon="118.12910621054470539093017578125">
        <ele>15.19999980926513671875</ele>
        <time>2026-08-31T11:55:49.000Z</time>
        <extensions>
          <ns3:TrackPointExtension>
            <ns3:atemp>29.0</ns3:atemp>
            <ns3:hr>122</ns3:hr>
          </ns3:TrackPointExtension>
        </extensions>
      </trkpt>
      <trkpt lat="24.53170015476644039154052734375" lon="118.12903395853936672210693359375">
        <ele>15.19999980926513671875</ele>
        <time>2026-08-31T11:55:51.000Z</time>
        <extensions>
          <ns3:TrackPointExtension>
            <ns3:atemp>29.0</ns3:atemp>
            <ns3:hr>122</ns3:hr>
          </ns3:TrackPointExtension>
        </extensions>
      </trkpt>
      <trkpt lat="24.53167232684791088104248046875" lon="118.12899355776607990264892578125">
        <ele>15.19999980926513671875</ele>
        <time>2026-08-31T11:55:52.000Z</time>
        <extensions>
          <ns3:TrackPointExtension>
            <ns3:atemp>29.0</ns3:atemp>
            <ns3:hr>122</ns3:hr>
          </ns3:TrackPointExtension>
        </extensions>
      </trkpt>
      <trkpt lat="24.5314402319490909576416015625" lon="118.12870572321116924285888671875">
        <ele>15</ele>
        <time>2026-08-31T11:55:59.000Z</time>
        <extensions>
          <ns3:TrackPointExtension>
            <ns3:atemp>29.0</ns3:atemp>
            <ns3:hr>123</ns3:hr>
          </ns3:TrackPointExtension>
        </extensions>
      </trkpt>
      <trkpt lat="24.53135297633707523345947265625" lon="118.12859608791768550872802734375">
        <ele>14.3999996185302734375</ele>
        <time>2026-08-31T11:56:02.000Z</time>
        <extensions>
          <ns3:TrackPointExtension>
            <ns3:atemp>29.0</ns3:atemp>
            <ns3:hr>124</ns3:hr>
          </ns3:TrackPointExtension>
        </extensions>
      </trkpt>
      <trkpt lat="24.53127116896212100982666015625" lon="118.1284696049988269805908203125">
        <ele>13.80000019073486328125</ele>
        <time>2026-08-31T11:56:05.000Z</time>
        <extensions>
          <ns3:TrackPointExtension>
            <ns3:atemp>29.0</ns3:atemp>
            <ns3:hr>125</ns3:hr>
          </ns3:TrackPointExtension>
        </extensions>
      </trkpt>
      <trkpt lat="24.53102893196046352386474609375" lon="118.1281529366970062255859375">
        <ele>14</ele>
        <time>2026-08-31T11:56:13.000Z</time>
        <extensions>
          <ns3:TrackPointExtension>
            <ns3:atemp>29.0</ns3:atemp>
            <ns3:hr>125</ns3:hr>
          </ns3:TrackPointExtension>
        </extensions>
      </trkpt>
      <trkpt lat="24.5309168659150600433349609375" lon="118.12801471911370754241943359375">
        <ele>14.19999980926513671875</ele>
        <time>2026-08-31T11:56:18.000Z</time>
        <extensions>
          <ns3:TrackPointExtension>
            <ns3:atemp>29.0</ns3:atemp>
            <ns3:hr>123</ns3:hr>
          </ns3:TrackPointExtension>
        </extensions>
      </trkpt>
      <trkpt lat="24.5308159478008747100830078125" lon="118.12792704440653324127197265625">
        <ele>14.19999980926513671875</ele>
        <time>2026-08-31T11:56:22.000Z</time>
        <extensions>
          <ns3:TrackPointExtension>
            <ns3:atemp>29.0</ns3:atemp>
            <ns3:hr>123</ns3:hr>
          </ns3:TrackPointExtension>
        </extensions>
      </trkpt>
      <trkpt lat="24.53081108629703521728515625" lon="118.12792218290269374847412109375">
        <ele>14.3999996185302734375</ele>
        <time>2026-08-31T11:56:25.000Z</time>
        <extensions>
          <ns3:TrackPointExtension>
            <ns3:atemp>29.0</ns3:atemp>
            <ns3:hr>120</ns3:hr>
          </ns3:TrackPointExtension>
        </extensions>
      </trkpt>
      <trkpt lat="24.53080865554511547088623046875" lon="118.127930648624897003173828125">
        <ele>14.19999980926513671875</ele>
        <time>2026-08-31T11:56:26.000Z</time>
        <extensions>
          <ns3:TrackPointExtension>
            <ns3:atemp>29.0</ns3:atemp>
            <ns3:hr>119</ns3:hr>
          </ns3:TrackPointExtension>
        </extensions>
      </trkpt>
      <trkpt lat="24.53079507686197757720947265625" lon="118.12794649042189121246337890625">
        <ele>14.19999980926513671875</ele>
        <time>2026-08-31T11:56:27.000Z</time>
        <extensions>
          <ns3:TrackPointExtension>
            <ns3:atemp>29.0</ns3:atemp>
            <ns3:hr>118</ns3:hr>
          </ns3:TrackPointExtension>
        </extensions>
      </trkpt>
      <trkpt lat="24.53074042685329914093017578125" lon="118.1279640085995197296142578125">
        <ele>14.19999980926513671875</ele>
        <time>2026-08-31T11:56:31.000Z</time>
        <extensions>
          <ns3:TrackPointExtension>
            <ns3:atemp>29.0</ns3:atemp>
            <ns3:hr>116</ns3:hr>
          </ns3:TrackPointExtension>
        </extensions>
      </trkpt>
      <trkpt lat="24.53067940659821033477783203125" lon="118.12789536081254482269287109375">
        <ele>14</ele>
        <time>2026-08-31T11:56:35.000Z</time>
        <extensions>
          <ns3:TrackPointExtension>
            <ns3:atemp>29.0</ns3:atemp>
            <ns3:hr>117</ns3:hr>
          </ns3:TrackPointExtension>
        </extensions>
      </trkpt>
      <trkpt lat="24.53064076602458953857421875" lon="118.127880357205867767333984375">
        <ele>14</ele>
        <time>2026-08-31T11:56:37.000Z</time>
        <extensions>
          <ns3:TrackPointExtension>
            <ns3:atemp>29.0</ns3:atemp>
            <ns3:hr>117</ns3:hr>
          </ns3:TrackPointExtension>
        </extensions>
      </trkpt>
      <trkpt lat="24.530596174299716949462890625" lon="118.12791044823825359344482421875">
        <ele>14</ele>
        <time>2026-08-31T11:56:39.000Z</time>
        <extensions>
          <ns3:TrackPointExtension>
            <ns3:atemp>29.0</ns3:atemp>
            <ns3:hr>117</ns3:hr>
          </ns3:TrackPointExtension>
        </extensions>
      </trkpt>
      <trkpt lat="24.5305011235177516937255859375" lon="118.12799870967864990234375">
        <ele>13.80000019073486328125</ele>
        <time>2026-08-31T11:56:43.000Z</time>
        <extensions>
          <ns3:TrackPointExtension>
            <ns3:atemp>29.0</ns3:atemp>
            <ns3:hr>117</ns3:hr>
          </ns3:TrackPointExtension>
        </extensions>
      </trkpt>
      <trkpt lat="24.5303774066269397735595703125" lon="118.12813826836645603179931640625">
        <ele>14.19999980926513671875</ele>
        <time>2026-08-31T11:56:49.000Z</time>
        <extensions>
          <ns3:TrackPointExtension>
            <ns3:atemp>29.0</ns3:atemp>
            <ns3:hr>118</ns3:hr>
          </ns3:TrackPointExtension>
        </extensions>
      </trkpt>
      <trkpt lat="24.53037950210273265838623046875" lon="118.12818621285259723663330078125">
        <ele>14.19999980926513671875</ele>
        <time>2026-08-31T11:56:51.000Z</time>
        <extensions>
          <ns3:TrackPointExtension>
            <ns3:atemp>28.0</ns3:atemp>
            <ns3:hr>118</ns3:hr>
          </ns3:TrackPointExtension>
        </extensions>
      </trkpt>
      <trkpt lat="24.530410431325435638427734375" lon="118.1282409466803073883056640625">
        <ele>14.19999980926513671875</ele>
        <time>2026-08-31T11:56:53.000Z</time>
        <extensions>
          <ns3:TrackPointExtension>
            <ns3:atemp>29.0</ns3:atemp>
            <ns3:hr>118</ns3:hr>
          </ns3:TrackPointExtension>
        </extensions>
      </trkpt>
      <trkpt lat="24.53052098862826824188232421875" lon="118.12836290337145328521728515625">
        <ele>14.19999980926513671875</ele>
        <time>2026-08-31T11:56:57.000Z</time>
        <extensions>
          <ns3:TrackPointExtension>
            <ns3:atemp>29.0</ns3:atemp>
            <ns3:hr>115</ns3:hr>
          </ns3:TrackPointExtension>
        </extensions>
      </trkpt>
      <trkpt lat="24.53054009936749935150146484375" lon="118.12840263359248638153076171875">
        <ele>14</ele>
        <time>2026-08-31T11:56:58.000Z</time>
        <extensions>
          <ns3:TrackPointExtension>
            <ns3:atemp>29.0</ns3:atemp>
            <ns3:hr>115</ns3:hr>
          </ns3:TrackPointExtension>
        </extensions>
      </trkpt>
      <trkpt lat="24.530681669712066650390625" lon="118.12863397412002086639404296875">
        <ele>14.80000019073486328125</ele>
        <time>2026-08-31T11:57:05.000Z</time>
        <extensions>
          <ns3:TrackPointExtension>
            <ns3:atemp>29.0</ns3:atemp>
            <ns3:hr>115</ns3:hr>
          </ns3:TrackPointExtension>
        </extensions>
      </trkpt>
      <trkpt lat="24.53071980737149715423583984375" lon="118.128714524209499359130859375">
        <ele>15.19999980926513671875</ele>
        <time>2026-08-31T11:57:08.000Z</time>
        <extensions>
          <ns3:TrackPointExtension>
            <ns3:atemp>29.0</ns3:atemp>
            <ns3:hr>116</ns3:hr>
          </ns3:TrackPointExtension>
        </extensions>
      </trkpt>
      <trkpt lat="24.5307049714028835296630859375" lon="118.12872952781617641448974609375">
        <ele>15.19999980926513671875</ele>
        <time>2026-08-31T11:57:09.000Z</time>
        <extensions>
          <ns3:TrackPointExtension>
            <ns3:atemp>29.0</ns3:atemp>
            <ns3:hr>116</ns3:hr>
          </ns3:TrackPointExtension>
        </extensions>
      </trkpt>
      <trkpt lat="24.5306741259992122650146484375" lon="118.12874712981283664703369140625">
        <ele>15.3999996185302734375</ele>
        <time>2026-08-31T11:57:11.000Z</time>
        <extensions>
          <ns3:TrackPointExtension>
            <ns3:atemp>29.0</ns3:atemp>
            <ns3:hr>117</ns3:hr>
          </ns3:TrackPointExtension>
        </extensions>
      </trkpt>
      <trkpt lat="24.530631043016910552978515625" lon="118.1287747062742710113525390625">
        <ele>15.80000019073486328125</ele>
        <time>2026-08-31T11:57:13.000Z</time>
        <extensions>
          <ns3:TrackPointExtension>
            <ns3:atemp>29.0</ns3:atemp>
            <ns3:hr>117</ns3:hr>
          </ns3:TrackPointExtension>
        </extensions>
      </trkpt>
      <trkpt lat="24.53043758869171142578125" lon="118.12888375483453273773193359375">
        <ele>16.200000762939453125</ele>
        <time>2026-08-31T11:57:20.000Z</time>
        <extensions>
          <ns3:TrackPointExtension>
            <ns3:atemp>29.0</ns3:atemp>
            <ns3:hr>117</ns3:hr>
          </ns3:TrackPointExtension>
        </extensions>
      </trkpt>
      <trkpt lat="24.5303740538656711578369140625" lon="118.12895231880247592926025390625">
        <ele>16.6000003814697265625</ele>
        <time>2026-08-31T11:57:23.000Z</time>
        <extensions>
          <ns3:TrackPointExtension>
            <ns3:atemp>28.0</ns3:atemp>
            <ns3:hr>117</ns3:hr>
          </ns3:TrackPointExtension>
        </extensions>
      </trkpt>
      <trkpt lat="24.53034748323261737823486328125" lon="118.128970004618167877197265625">
        <ele>17</ele>
        <time>2026-08-31T11:57:25.000Z</time>
        <extensions>
          <ns3:TrackPointExtension>
            <ns3:atemp>29.0</ns3:atemp>
            <ns3:hr>117</ns3:hr>
          </ns3:TrackPointExtension>
        </extensions>
      </trkpt>
      <trkpt lat="24.53028914518654346466064453125" lon="118.12902658246457576751708984375">
        <ele>17</ele>
        <time>2026-08-31T11:57:28.000Z</time>
        <extensions>
          <ns3:TrackPointExtension>
            <ns3:atemp>28.0</ns3:atemp>
            <ns3:hr>114</ns3:hr>
          </ns3:TrackPointExtension>
        </extensions>
      </trkpt>
      <trkpt lat="24.5302536897361278533935546875" lon="118.1290788017213344573974609375">
        <ele>17</ele>
        <time>2026-08-31T11:57:30.000Z</time>
        <extensions>
          <ns3:TrackPointExtension>
            <ns3:atemp>29.0</ns3:atemp>
            <ns3:hr>114</ns3:hr>
          </ns3:TrackPointExtension>
        </extensions>
      </trkpt>
      <trkpt lat="24.53018152154982089996337890625" lon="118.1291518919169902801513671875">
        <ele>17.3999996185302734375</ele>
        <time>2026-08-31T11:57:34.000Z</time>
        <extensions>
          <ns3:TrackPointExtension>
            <ns3:atemp>29.0</ns3:atemp>
            <ns3:hr>115</ns3:hr>
          </ns3:TrackPointExtension>
        </extensions>
      </trkpt>
      <trkpt lat="24.53016459010541439056396484375" lon="118.129143677651882171630859375">
        <ele>17.6000003814697265625</ele>
        <time>2026-08-31T11:57:35.000Z</time>
        <extensions>
          <ns3:TrackPointExtension>
            <ns3:atemp>29.0</ns3:atemp>
            <ns3:hr>115</ns3:hr>
          </ns3:TrackPointExtension>
        </extensions>
      </trkpt>
      <trkpt lat="24.53014816157519817352294921875" lon="118.129127919673919677734375">
        <ele>17.799999237060546875</ele>
        <time>2026-08-31T11:57:36.000Z</time>
        <extensions>
          <ns3:TrackPointExtension>
            <ns3:atemp>29.0</ns3:atemp>
            <ns3:hr>115</ns3:hr>
          </ns3:TrackPointExtension>
        </extensions>
      </trkpt>
      <trkpt lat="24.53009066171944141387939453125" lon="118.12909564934670925140380859375">
        <ele>17.799999237060546875</ele>
        <time>2026-08-31T11:57:40.000Z</time>
        <extensions>
          <ns3:TrackPointExtension>
            <ns3:atemp>29.0</ns3:atemp>
            <ns3:hr>116</ns3:hr>
          </ns3:TrackPointExtension>
        </extensions>
      </trkpt>
      <trkpt lat="24.530042968690395355224609375" lon="118.1290782988071441650390625">
        <ele>17.799999237060546875</ele>
        <time>2026-08-31T11:57:44.000Z</time>
        <extensions>
          <ns3:TrackPointExtension>
            <ns3:atemp>29.0</ns3:atemp>
            <ns3:hr>117</ns3:hr>
          </ns3:TrackPointExtension>
        </extensions>
      </trkpt>
      <trkpt lat="24.5300387777388095855712890625" lon="118.1290997564792633056640625">
        <ele>17.799999237060546875</ele>
        <time>2026-08-31T11:57:45.000Z</time>
        <extensions>
          <ns3:TrackPointExtension>
            <ns3:atemp>29.0</ns3:atemp>
            <ns3:hr>117</ns3:hr>
          </ns3:TrackPointExtension>
        </extensions>
      </trkpt>
      <trkpt lat="24.530000053346157073974609375" lon="118.12924132682383060455322265625">
        <ele>18</ele>
        <time>2026-08-31T11:57:51.000Z</time>
        <extensions>
          <ns3:TrackPointExtension>
            <ns3:atemp>29.0</ns3:atemp>
            <ns3:hr>119</ns3:hr>
          </ns3:TrackPointExtension>
        </extensions>
      </trkpt>
      <trkpt lat="24.5300126262009143829345703125" lon="118.12923378311097621917724609375">
        <ele>18</ele>
        <time>2026-08-31T11:57:55.000Z</time>
        <extensions>
          <ns3:TrackPointExtension>
            <ns3:atemp>29.0</ns3:atemp>
            <ns3:hr>120</ns3:hr>
          </ns3:TrackPointExtension>
        </extensions>
      </trkpt>
      <trkpt lat="24.53001153655350208282470703125" lon="118.12923328019678592681884765625">
        <ele>18.200000762939453125</ele>
        <time>2026-08-31T11:58:02.000Z</time>
        <extensions>
          <ns3:TrackPointExtension>
            <ns3:atemp>29.0</ns3:atemp>
            <ns3:hr>120</ns3:hr>
          </ns3:TrackPointExtension>
        </extensions>
      </trkpt>
      <trkpt lat="24.53001153655350208282470703125" lon="118.12923328019678592681884765625">
        <ele>18</ele>
        <time>2026-08-31T11:58:06.000Z</time>
        <extensions>
          <ns3:TrackPointExtension>
            <ns3:atemp>29.0</ns3:atemp>
            <ns3:hr>117</ns3:hr>
          </ns3:TrackPointExtension>
        </extensions>
      </trkpt>
      <trkpt lat="24.5300129614770412445068359375" lon="118.129238225519657135009765625">
        <ele>18</ele>
        <time>2026-08-31T11:58:08.000Z</time>
        <extensions>
          <ns3:TrackPointExtension>
            <ns3:atemp>29.0</ns3:atemp>
            <ns3:hr>117</ns3:hr>
          </ns3:TrackPointExtension>
        </extensions>
      </trkpt>
      <trkpt lat="24.5299972034990787506103515625" lon="118.12922171317040920257568359375">
        <ele>18.200000762939453125</ele>
        <time>2026-08-31T11:58:12.000Z</time>
        <extensions>
          <ns3:TrackPointExtension>
            <ns3:atemp>29.0</ns3:atemp>
            <ns3:hr>114</ns3:hr>
          </ns3:TrackPointExtension>
        </extensions>
      </trkpt>
      <trkpt lat="24.529999382793903350830078125" lon="118.12921081669628620147705078125">
        <ele>18.200000762939453125</ele>
        <time>2026-08-31T11:58:13.000Z</time>
        <extensions>
          <ns3:TrackPointExtension>
            <ns3:atemp>29.0</ns3:atemp>
            <ns3:hr>114</ns3:hr>
          </ns3:TrackPointExtension>
        </extensions>
      </trkpt>
      <trkpt lat="24.52998136170208454132080078125" lon="118.1292065419256687164306640625">
        <ele>18.200000762939453125</ele>
        <time>2026-08-31T11:58:16.000Z</time>
        <extensions>
          <ns3:TrackPointExtension>
            <ns3:atemp>29.0</ns3:atemp>
            <ns3:hr>119</ns3:hr>
          </ns3:TrackPointExtension>
        </extensions>
      </trkpt>
      <trkpt lat="24.529974572360515594482421875" lon="118.12920209951698780059814453125">
        <ele>18.3999996185302734375</ele>
        <time>2026-08-31T11:58:18.000Z</time>
        <extensions>
          <ns3:TrackPointExtension>
            <ns3:atemp>29.0</ns3:atemp>
            <ns3:hr>117</ns3:hr>
          </ns3:TrackPointExtension>
        </extensions>
      </trkpt>
    </trkseg>
  </trk>
</gpx>
