<?xml version="1.0" encoding="UTF-8"?>
<gpx creator="Garmin Connect" version="1.1"
  xsi:schemaLocation="http://www.topografix.com/GPX/1/1 http://www.topografix.com/GPX/11.xsd"
  xmlns:ns3="http://www.garmin.com/xmlschemas/TrackPointExtension/v1"
  xmlns="http://www.topografix.com/GPX/1/1"
  xmlns:xsi="http://www.w3.org/2001/XMLSchema-instance" xmlns:ns2="http://www.garmin.com/xmlschemas/GpxExtensions/v3">
  <metadata>
    <link href="connect.garmin.com">
      <text>Garmin Connect</text>
    </link>
    <time>2026-09-05T04:44:10.000Z</time>
  </metadata>
  <trk>
    <name>广州市 登山</name>
    <desc>越秀公园+镇海楼</desc>
    <type>mountaineering</type>
    <trkseg>
      <trkpt lat="23.13678366132080554962158203125" lon="113.25840658508241176605224609375">
        <ele>22.6000003814697265625</ele>
        <time>2026-09-05T04:44:24.000Z</time>
        <extensions>
          <ns3:TrackPointExtension>
            <ns3:atemp>34.0</ns3:atemp>
            <ns3:hr>84</ns3:hr>
          </ns3:TrackPointExtension>
        </extensions>
      </trkpt>
      <trkpt lat="23.1369849108159542083740234375" lon="113.25883674435317516326904296875">
        <ele>22.6000003814697265625</ele>
        <time>2026-09-05T04:44:29.000Z</time>
        <extensions>
          <ns3:TrackPointExtension>
            <ns3:atemp>34.0</ns3:atemp>
            <ns3:hr>84</ns3:hr>
          </ns3:TrackPointExtension>
        </extensions>
      </trkpt>
      <trkpt lat="23.137052468955516815185546875" lon="113.2588483951985836029052734375">
        <ele>23.3999996185302734375</ele>
        <time>2026-09-05T04:44:36.000Z</time>
        <extensions>
          <ns3:TrackPointExtension>
            <ns3:atemp>34.0</ns3:atemp>
            <ns3:hr>87</ns3:hr>
          </ns3:TrackPointExtension>
        </extensions>
      </trkpt>
      <trkpt lat="23.13706059940159320831298828125" lon="113.2588480599224567413330078125">
        <ele>23.799999237060546875</ele>
        <time>2026-09-05T04:44:38.000Z</time>
        <extensions>
          <ns3:TrackPointExtension>
            <ns3:atemp>34.0</ns3:atemp>
            <ns3:hr>89</ns3:hr>
          </ns3:TrackPointExtension>
        </extensions>
      </trkpt>
      <trkpt lat="23.13706822693347930908203125" lon="113.25885392725467681884765625">
        <ele>24</ele>
        <time>2026-09-05T04:44:39.000Z</time>
        <extensions>
          <ns3:TrackPointExtension>
            <ns3:atemp>34.0</ns3:atemp>
            <ns3:hr>90</ns3:hr>
          </ns3:TrackPointExtension>
        </extensions>
      </trkpt>
      <trkpt lat="23.137085996568202972412109375" lon="113.25885250233113765716552734375">
        <ele>25</ele>
        <time>2026-09-05T04:44:44.000Z</time>
        <extensions>
          <ns3:TrackPointExtension>
            <ns3:atemp>34.0</ns3:atemp>
            <ns3:hr>91</ns3:hr>
          </ns3:TrackPointExtension>
        </extensions>
      </trkpt>
      <trkpt lat="23.13709949143230915069580078125" lon="113.25885568745434284210205078125">
        <ele>25.799999237060546875</ele>
        <time>2026-09-05T04:44:49.000Z</time>
        <extensions>
          <ns3:TrackPointExtension>
            <ns3:atemp>34.0</ns3:atemp>
            <ns3:hr>91</ns3:hr>
          </ns3:TrackPointExtension>
        </extensions>
      </trkpt>
      <trkpt lat="23.13710619695484638214111328125" lon="113.25885954312980175018310546875">
        <ele>26.200000762939453125</ele>
        <time>2026-09-05T04:44:51.000Z</time>
        <extensions>
          <ns3:TrackPointExtension>
            <ns3:atemp>34.0</ns3:atemp>
            <ns3:hr>91</ns3:hr>
          </ns3:TrackPointExtension>
        </extensions>
      </trkpt>
      <trkpt lat="23.13713402487337589263916015625" lon="113.25888787396252155303955078125">
        <ele>27</ele>
        <time>2026-09-05T04:44:56.000Z</time>
        <extensions>
          <ns3:TrackPointExtension>
            <ns3:atemp>34.0</ns3:atemp>
            <ns3:hr>89</ns3:hr>
          </ns3:TrackPointExtension>
        </extensions>
      </trkpt>
      <trkpt lat="23.1371512077748775482177734375" lon="113.258903883397579193115234375">
        <ele>27.200000762939453125</ele>
        <time>2026-09-05T04:45:00.000Z</time>
        <extensions>
          <ns3:TrackPointExtension>
            <ns3:atemp>33.0</ns3:atemp>
            <ns3:hr>90</ns3:hr>
          </ns3:TrackPointExtension>
        </extensions>
      </trkpt>
      <trkpt lat="23.13716302625834941864013671875" lon="113.25891754589974880218505859375">
        <ele>28.200000762939453125</ele>
        <time>2026-09-05T04:45:05.000Z</time>
        <extensions>
          <ns3:TrackPointExtension>
            <ns3:atemp>33.0</ns3:atemp>
            <ns3:hr>89</ns3:hr>
          </ns3:TrackPointExtension>
        </extensions>
      </trkpt>
      <trkpt lat="23.1371662952005863189697265625" lon="113.25892366468906402587890625">
        <ele>28.3999996185302734375</ele>
        <time>2026-09-05T04:45:06.000Z</time>
        <extensions>
          <ns3:TrackPointExtension>
            <ns3:atemp>34.0</ns3:atemp>
            <ns3:hr>89</ns3:hr>
          </ns3:TrackPointExtension>
        </extensions>
      </trkpt>
      <trkpt lat="23.13717341981828212738037109375" lon="113.2589228264987468719482421875">
        <ele>29.3999996185302734375</ele>
        <time>2026-09-05T04:45:11.000Z</time>
        <extensions>
          <ns3:TrackPointExtension>
            <ns3:atemp>33.0</ns3:atemp>
            <ns3:hr>89</ns3:hr>
          </ns3:TrackPointExtension>
        </extensions>
      </trkpt>
      <trkpt lat="23.13717962242662906646728515625" lon="113.2589315436780452728271484375">
        <ele>29.799999237060546875</ele>
        <time>2026-09-05T04:45:13.000Z</time>
        <extensions>
          <ns3:TrackPointExtension>
            <ns3:atemp>33.0</ns3:atemp>
            <ns3:hr>90</ns3:hr>
          </ns3:TrackPointExtension>
        </extensions>
      </trkpt>
      <trkpt lat="23.13716084696352481842041015625" lon="113.25897219590842723846435546875">
        <ele>30.3999996185302734375</ele>
        <time>2026-09-05T04:45:19.000Z</time>
        <extensions>
          <ns3:TrackPointExtension>
            <ns3:atemp>33.0</ns3:atemp>
            <ns3:hr>93</ns3:hr>
          </ns3:TrackPointExtension>
        </extensions>
      </trkpt>
      <trkpt lat="23.13716084696352481842041015625" lon="113.25897219590842723846435546875">
        <ele>30.3999996185302734375</ele>
        <time>2026-09-05T04:45:21.000Z</time>
        <extensions>
          <ns3:TrackPointExtension>
            <ns3:atemp>33.0</ns3:atemp>
            <ns3:hr>96</ns3:hr>
          </ns3:TrackPointExtension>
        </extensions>
      </trkpt>
      <trkpt lat="23.13716721720993518829345703125" lon="113.25897219590842723846435546875">
        <ele>31.3999996185302734375</ele>
        <time>2026-09-05T04:45:30.000Z</time>
        <extensions>
          <ns3:TrackPointExtension>
            <ns3:atemp>33.0</ns3:atemp>
            <ns3:hr>94</ns3:hr>
          </ns3:TrackPointExtension>
        </extensions>
      </trkpt>
      <trkpt lat="23.1371766887605190277099609375" lon="113.25902282260358333587646484375">
        <ele>31.200000762939453125</ele>
        <time>2026-09-05T04:45:47.000Z</time>
        <extensions>
          <ns3:TrackPointExtension>
            <ns3:atemp>33.0</ns3:atemp>
            <ns3:hr>93</ns3:hr>
          </ns3:TrackPointExtension>
        </extensions>
      </trkpt>
      <trkpt lat="23.1372162513434886932373046875" lon="113.25905065052211284637451171875">
        <ele>31.3999996185302734375</ele>
        <time>2026-09-05T04:45:53.000Z</time>
        <extensions>
          <ns3:TrackPointExtension>
            <ns3:atemp>33.0</ns3:atemp>
            <ns3:hr>92</ns3:hr>
          </ns3:TrackPointExtension>
        </extensions>
      </trkpt>
      <trkpt lat="23.1372159160673618316650390625" lon="113.25905517674982547760009765625">
        <ele>31.3999996185302734375</ele>
        <time>2026-09-05T04:45:57.000Z</time>
        <extensions>
          <ns3:TrackPointExtension>
            <ns3:atemp>33.0</ns3:atemp>
            <ns3:hr>93</ns3:hr>
          </ns3:TrackPointExtension>
        </extensions>
      </trkpt>
      <trkpt lat="23.137241899967193603515625" lon="113.259066827595233917236328125">
        <ele>31.200000762939453125</ele>
        <time>2026-09-05T04:46:00.000Z</time>
        <extensions>
          <ns3:TrackPointExtension>
            <ns3:atemp>33.0</ns3:atemp>
            <ns3:hr>95</ns3:hr>
          </ns3:TrackPointExtension>
        </extensions>
      </trkpt>
      <trkpt lat="23.13726142980158329010009765625" lon="113.25908468104898929595947265625">
        <ele>31.3999996185302734375</ele>
        <time>2026-09-05T04:46:03.000Z</time>
        <extensions>
          <ns3:TrackPointExtension>
            <ns3:atemp>33.0</ns3:atemp>
            <ns3:hr>98</ns3:hr>
          </ns3:TrackPointExtension>
        </extensions>
      </trkpt>
      <trkpt lat="23.137256987392902374267578125" lon="113.25910412706434726715087890625">
        <ele>31.3999996185302734375</ele>
        <time>2026-09-05T04:46:06.000Z</time>
        <extensions>
          <ns3:TrackPointExtension>
            <ns3:atemp>33.0</ns3:atemp>
            <ns3:hr>99</ns3:hr>
          </ns3:TrackPointExtension>
        </extensions>
      </trkpt>
      <trkpt lat="23.13724399544298648834228515625" lon="113.2591203041374683380126953125">
        <ele>31.3999996185302734375</ele>
        <time>2026-09-05T04:46:13.000Z</time>
        <extensions>
          <ns3:TrackPointExtension>
            <ns3:atemp>33.0</ns3:atemp>
            <ns3:hr>96</ns3:hr>
          </ns3:TrackPointExtension>
        </extensions>
      </trkpt>
      <trkpt lat="23.1372417323291301727294921875" lon="113.25912374071776866912841796875">
        <ele>31.3999996185302734375</ele>
        <time>2026-09-05T04:46:14.000Z</time>
        <extensions>
          <ns3:TrackPointExtension>
            <ns3:atemp>33.0</ns3:atemp>
            <ns3:hr>95</ns3:hr>
          </ns3:TrackPointExtension>
        </extensions>
      </trkpt>
      <trkpt lat="23.13727073371410369873046875" lon="113.25916179455816745758056640625">
        <ele>31.3999996185302734375</ele>
        <time>2026-09-05T04:46:18.000Z</time>
        <extensions>
          <ns3:TrackPointExtension>
            <ns3:atemp>33.0</ns3:atemp>
            <ns3:hr>92</ns3:hr>
          </ns3:TrackPointExtension>
        </extensions>
      </trkpt>
      <trkpt lat="23.137266375124454498291015625" lon="113.25916372239589691162109375">
        <ele>31.3999996185302734375</ele>
        <time>2026-09-05T04:46:19.000Z</time>
        <extensions>
          <ns3:TrackPointExtension>
            <ns3:atemp>33.0</ns3:atemp>
            <ns3:hr>90</ns3:hr>
          </ns3:TrackPointExtension>
        </extensions>
      </trkpt>
      <trkpt lat="23.137254975736141204833984375" lon="113.2591528259217739105224609375">
        <ele>31.3999996185302734375</ele>
        <time>2026-09-05T04:46:21.000Z</time>
        <extensions>
          <ns3:TrackPointExtension>
            <ns3:atemp>33.0</ns3:atemp>
            <ns3:hr>86</ns3:hr>
          </ns3:TrackPointExtension>
        </extensions>
      </trkpt>
      <trkpt lat="23.1372491084039211273193359375" lon="113.2591494731605052947998046875">
        <ele>31.3999996185302734375</ele>
        <time>2026-09-05T04:46:22.000Z</time>
        <extensions>
          <ns3:TrackPointExtension>
            <ns3:atemp>33.0</ns3:atemp>
            <ns3:hr>83</ns3:hr>
          </ns3:TrackPointExtension>
        </extensions>
      </trkpt>
      <trkpt lat="23.1372303329408168792724609375" lon="113.25915810652077198028564453125">
        <ele>31.3999996185302734375</ele>
        <time>2026-09-05T04:46:24.000Z</time>
        <extensions>
          <ns3:TrackPointExtension>
            <ns3:atemp>33.0</ns3:atemp>
            <ns3:hr>81</ns3:hr>
          </ns3:TrackPointExtension>
        </extensions>
      </trkpt>
      <trkpt lat="23.137210048735141754150390625" lon="113.25916162692010402679443359375">
        <ele>31.799999237060546875</ele>
        <time>2026-09-05T04:46:27.000Z</time>
        <extensions>
          <ns3:TrackPointExtension>
            <ns3:atemp>33.0</ns3:atemp>
            <ns3:hr>80</ns3:hr>
          </ns3:TrackPointExtension>
        </extensions>
      </trkpt>
      <trkpt lat="23.13720543868839740753173828125" lon="113.25916263274848461151123046875">
        <ele>32</ele>
        <time>2026-09-05T04:46:29.000Z</time>
        <extensions>
          <ns3:TrackPointExtension>
            <ns3:atemp>33.0</ns3:atemp>
            <ns3:hr>78</ns3:hr>
          </ns3:TrackPointExtension>
        </extensions>
      </trkpt>
      <trkpt lat="23.1372030079364776611328125" lon="113.259150981903076171875">
        <ele>32.59999847412109375</ele>
        <time>2026-09-05T04:46:32.000Z</time>
        <extensions>
          <ns3:TrackPointExtension>
            <ns3:atemp>33.0</ns3:atemp>
            <ns3:hr>81</ns3:hr>
          </ns3:TrackPointExtension>
        </extensions>
      </trkpt>
      <trkpt lat="23.13724122941493988037109375" lon="113.25909088365733623504638671875">
        <ele>33</ele>
        <time>2026-09-05T04:46:35.000Z</time>
        <extensions>
          <ns3:TrackPointExtension>
            <ns3:atemp>33.0</ns3:atemp>
            <ns3:hr>81</ns3:hr>
          </ns3:TrackPointExtension>
        </extensions>
      </trkpt>
      <trkpt lat="23.13723980449140071868896484375" lon="113.25906422920525074005126953125">
        <ele>33.40000152587890625</ele>
        <time>2026-09-05T04:46:37.000Z</time>
        <extensions>
          <ns3:TrackPointExtension>
            <ns3:atemp>33.0</ns3:atemp>
            <ns3:hr>83</ns3:hr>
          </ns3:TrackPointExtension>
        </extensions>
      </trkpt>
      <trkpt lat="23.13722220249474048614501953125" lon="113.25904344208538532257080078125">
        <ele>33.799999237060546875</ele>
        <time>2026-09-05T04:46:39.000Z</time>
        <extensions>
          <ns3:TrackPointExtension>
            <ns3:atemp>33.0</ns3:atemp>
            <ns3:hr>84</ns3:hr>
          </ns3:TrackPointExtension>
        </extensions>
      </trkpt>
      <trkpt lat="23.137212060391902923583984375" lon="113.25906171463429927825927734375">
        <ele>34.40000152587890625</ele>
        <time>2026-09-05T04:46:42.000Z</time>
        <extensions>
          <ns3:TrackPointExtension>
            <ns3:atemp>33.0</ns3:atemp>
            <ns3:hr>84</ns3:hr>
          </ns3:TrackPointExtension>
        </extensions>
      </trkpt>
      <trkpt lat="23.13721750862896442413330078125" lon="113.25906825251877307891845703125">
        <ele>34.40000152587890625</ele>
        <time>2026-09-05T04:46:43.000Z</time>
        <extensions>
          <ns3:TrackPointExtension>
            <ns3:atemp>33.0</ns3:atemp>
            <ns3:hr>83</ns3:hr>
          </ns3:TrackPointExtension>
        </extensions>
      </trkpt>
      <trkpt lat="23.1372108869254589080810546875" lon="113.259108066558837890625">
        <ele>34.59999847412109375</ele>
        <time>2026-09-05T04:46:44.000Z</time>
        <extensions>
          <ns3:TrackPointExtension>
            <ns3:atemp>33.0</ns3:atemp>
            <ns3:hr>84</ns3:hr>
          </ns3:TrackPointExtension>
        </extensions>
      </trkpt>
      <trkpt lat="23.137208037078380584716796875" lon="113.259118460118770599365234375">
        <ele>34.799999237060546875</ele>
        <time>2026-09-05T04:46:45.000Z</time>
        <extensions>
          <ns3:TrackPointExtension>
            <ns3:atemp>33.0</ns3:atemp>
            <ns3:hr>84</ns3:hr>
          </ns3:TrackPointExtension>
        </extensions>
      </trkpt>
      <trkpt lat="23.1372035108506679534912109375" lon="113.25913530774414539337158203125">
        <ele>35</ele>
        <time>2026-09-05T04:46:46.000Z</time>
        <extensions>
          <ns3:TrackPointExtension>
            <ns3:atemp>33.0</ns3:atemp>
            <ns3:hr>84</ns3:hr>
          </ns3:TrackPointExtension>
        </extensions>
      </trkpt>
      <trkpt lat="23.13721935264766216278076171875" lon="113.25919590890407562255859375">
        <ele>35.59999847412109375</ele>
        <time>2026-09-05T04:46:53.000Z</time>
        <extensions>
          <ns3:TrackPointExtension>
            <ns3:atemp>33.0</ns3:atemp>
            <ns3:hr>82</ns3:hr>
          </ns3:TrackPointExtension>
        </extensions>
      </trkpt>
      <trkpt lat="23.1372417323291301727294921875" lon="113.25925491750240325927734375">
        <ele>35.799999237060546875</ele>
        <time>2026-09-05T04:46:56.000Z</time>
        <extensions>
          <ns3:TrackPointExtension>
            <ns3:atemp>33.0</ns3:atemp>
            <ns3:hr>86</ns3:hr>
          </ns3:TrackPointExtension>
        </extensions>
      </trkpt>
      <trkpt lat="23.137254305183887481689453125" lon="113.2592971622943878173828125">
        <ele>36.200000762939453125</ele>
        <time>2026-09-05T04:46:58.000Z</time>
        <extensions>
          <ns3:TrackPointExtension>
            <ns3:atemp>33.0</ns3:atemp>
            <ns3:hr>89</ns3:hr>
          </ns3:TrackPointExtension>
        </extensions>
      </trkpt>
      <trkpt lat="23.1372534669935703277587890625" lon="113.25931526720523834228515625">
        <ele>36.59999847412109375</ele>
        <time>2026-09-05T04:47:00.000Z</time>
        <extensions>
          <ns3:TrackPointExtension>
            <ns3:atemp>33.0</ns3:atemp>
            <ns3:hr>87</ns3:hr>
          </ns3:TrackPointExtension>
        </extensions>
      </trkpt>
      <trkpt lat="23.1372729130089282989501953125" lon="113.259320966899394989013671875">
        <ele>37</ele>
        <time>2026-09-05T04:47:02.000Z</time>
        <extensions>
          <ns3:TrackPointExtension>
            <ns3:atemp>33.0</ns3:atemp>
            <ns3:hr>87</ns3:hr>
          </ns3:TrackPointExtension>
        </extensions>
      </trkpt>
      <trkpt lat="23.13730317167937755584716796875" lon="113.2593492977321147918701171875">
        <ele>38</ele>
        <time>2026-09-05T04:47:09.000Z</time>
        <extensions>
          <ns3:TrackPointExtension>
            <ns3:atemp>33.0</ns3:atemp>
            <ns3:hr>87</ns3:hr>
          </ns3:TrackPointExtension>
        </extensions>
      </trkpt>
      <trkpt lat="23.1373024173080921173095703125" lon="113.25935407541692256927490234375">
        <ele>38.40000152587890625</ele>
        <time>2026-09-05T04:47:13.000Z</time>
        <extensions>
          <ns3:TrackPointExtension>
            <ns3:atemp>33.0</ns3:atemp>
            <ns3:hr>90</ns3:hr>
          </ns3:TrackPointExtension>
        </extensions>
      </trkpt>
      <trkpt lat="23.13730400986969470977783203125" lon="113.25935910455882549285888671875">
        <ele>38.59999847412109375</ele>
        <time>2026-09-05T04:47:14.000Z</time>
        <extensions>
          <ns3:TrackPointExtension>
            <ns3:atemp>33.0</ns3:atemp>
            <ns3:hr>90</ns3:hr>
          </ns3:TrackPointExtension>
        </extensions>
      </trkpt>
      <trkpt lat="23.13731239177286624908447265625" lon="113.25937771238386631011962890625">
        <ele>39</ele>
        <time>2026-09-05T04:47:17.000Z</time>
        <extensions>
          <ns3:TrackPointExtension>
            <ns3:atemp>33.0</ns3:atemp>
            <ns3:hr>88</ns3:hr>
          </ns3:TrackPointExtension>
        </extensions>
      </trkpt>
      <trkpt lat="23.13730484806001186370849609375" lon="113.2594767026603221893310546875">
        <ele>39.59999847412109375</ele>
        <time>2026-09-05T04:47:27.000Z</time>
        <extensions>
          <ns3:TrackPointExtension>
            <ns3:atemp>33.0</ns3:atemp>
            <ns3:hr>87</ns3:hr>
          </ns3:TrackPointExtension>
        </extensions>
      </trkpt>
      <trkpt lat="23.1372888386249542236328125" lon="113.259367905557155609130859375">
        <ele>39.59999847412109375</ele>
        <time>2026-09-05T04:47:44.000Z</time>
        <extensions>
          <ns3:TrackPointExtension>
            <ns3:atemp>33.0</ns3:atemp>
            <ns3:hr>93</ns3:hr>
          </ns3:TrackPointExtension>
        </extensions>
      </trkpt>
      <trkpt lat="23.13730535097420215606689453125" lon="113.259373940527439117431640625">
        <ele>39.799999237060546875</ele>
        <time>2026-09-05T04:47:45.000Z</time>
        <extensions>
          <ns3:TrackPointExtension>
            <ns3:atemp>33.0</ns3:atemp>
            <ns3:hr>93</ns3:hr>
          </ns3:TrackPointExtension>
        </extensions>
      </trkpt>
      <trkpt lat="23.13732647337019443511962890625" lon="113.259378969669342041015625">
        <ele>39.799999237060546875</ele>
        <time>2026-09-05T04:47:50.000Z</time>
        <extensions>
          <ns3:TrackPointExtension>
            <ns3:atemp>33.0</ns3:atemp>
            <ns3:hr>96</ns3:hr>
          </ns3:TrackPointExtension>
        </extensions>
      </trkpt>
      <trkpt lat="23.1373359449207782745361328125" lon="113.2593794725835323333740234375">
        <ele>39.799999237060546875</ele>
        <time>2026-09-05T04:47:53.000Z</time>
        <extensions>
          <ns3:TrackPointExtension>
            <ns3:atemp>33.0</ns3:atemp>
            <ns3:hr>95</ns3:hr>
          </ns3:TrackPointExtension>
        </extensions>
      </trkpt>
      <trkpt lat="23.13734591938555240631103515625" lon="113.25935340486466884613037109375">
        <ele>40</ele>
        <time>2026-09-05T04:47:58.000Z</time>
        <extensions>
          <ns3:TrackPointExtension>
            <ns3:atemp>33.0</ns3:atemp>
            <ns3:hr>94</ns3:hr>
          </ns3:TrackPointExtension>
        </extensions>
      </trkpt>
      <trkpt lat="23.13736595213413238525390625" lon="113.2593776285648345947265625">
        <ele>41</ele>
        <time>2026-09-05T04:48:04.000Z</time>
        <extensions>
          <ns3:TrackPointExtension>
            <ns3:atemp>33.0</ns3:atemp>
            <ns3:hr>95</ns3:hr>
          </ns3:TrackPointExtension>
        </extensions>
      </trkpt>
      <trkpt lat="23.13737140037119388580322265625" lon="113.25939095579087734222412109375">
        <ele>41.200000762939453125</ele>
        <time>2026-09-05T04:48:05.000Z</time>
        <extensions>
          <ns3:TrackPointExtension>
            <ns3:atemp>33.0</ns3:atemp>
            <ns3:hr>95</ns3:hr>
          </ns3:TrackPointExtension>
        </extensions>
      </trkpt>
      <trkpt lat="23.13749880529940128326416015625" lon="113.25938508845865726470947265625">
        <ele>42.59999847412109375</ele>
        <time>2026-09-05T04:48:13.000Z</time>
        <extensions>
          <ns3:TrackPointExtension>
            <ns3:atemp>33.0</ns3:atemp>
            <ns3:hr>91</ns3:hr>
          </ns3:TrackPointExtension>
        </extensions>
      </trkpt>
      <trkpt lat="23.13756284303963184356689453125" lon="113.2593539915978908538818359375">
        <ele>43.40000152587890625</ele>
        <time>2026-09-05T04:48:18.000Z</time>
        <extensions>
          <ns3:TrackPointExtension>
            <ns3:atemp>33.0</ns3:atemp>
            <ns3:hr>91</ns3:hr>
          </ns3:TrackPointExtension>
        </extensions>
      </trkpt>
      <trkpt lat="23.13757139258086681365966796875" lon="113.2593441009521484375">
        <ele>43.59999847412109375</ele>
        <time>2026-09-05T04:48:19.000Z</time>
        <extensions>
          <ns3:TrackPointExtension>
            <ns3:atemp>33.0</ns3:atemp>
            <ns3:hr>91</ns3:hr>
          </ns3:TrackPointExtension>
        </extensions>
      </trkpt>
      <trkpt lat="23.13757474534213542938232421875" lon="113.25935357250273227691650390625">
        <ele>44</ele>
        <time>2026-09-05T04:48:21.000Z</time>
        <extensions>
          <ns3:TrackPointExtension>
            <ns3:atemp>33.0</ns3:atemp>
            <ns3:hr>91</ns3:hr>
          </ns3:TrackPointExtension>
        </extensions>
      </trkpt>
      <trkpt lat="23.13759754411876201629638671875" lon="113.25934284366667270660400390625">
        <ele>44.40000152587890625</ele>
        <time>2026-09-05T04:48:24.000Z</time>
        <extensions>
          <ns3:TrackPointExtension>
            <ns3:atemp>33.0</ns3:atemp>
            <ns3:hr>91</ns3:hr>
          </ns3:TrackPointExtension>
        </extensions>
      </trkpt>
      <trkpt lat="23.13758530654013156890869140625" lon="113.25933538377285003662109375">
        <ele>44.59999847412109375</ele>
        <time>2026-09-05T04:48:26.000Z</time>
        <extensions>
          <ns3:TrackPointExtension>
            <ns3:atemp>33.0</ns3:atemp>
            <ns3:hr>92</ns3:hr>
          </ns3:TrackPointExtension>
        </extensions>
      </trkpt>
      <trkpt lat="23.1375766731798648834228515625" lon="113.259349800646305084228515625">
        <ele>44.799999237060546875</ele>
        <time>2026-09-05T04:48:28.000Z</time>
        <extensions>
          <ns3:TrackPointExtension>
            <ns3:atemp>33.0</ns3:atemp>
            <ns3:hr>93</ns3:hr>
          </ns3:TrackPointExtension>
        </extensions>
      </trkpt>
      <trkpt lat="23.13757424242794513702392578125" lon="113.25935793109238147735595703125">
        <ele>44.799999237060546875</ele>
        <time>2026-09-05T04:48:29.000Z</time>
        <extensions>
          <ns3:TrackPointExtension>
            <ns3:atemp>33.0</ns3:atemp>
            <ns3:hr>91</ns3:hr>
          </ns3:TrackPointExtension>
        </extensions>
      </trkpt>
      <trkpt lat="23.137560747563838958740234375" lon="113.2593668997287750244140625">
        <ele>45</ele>
        <time>2026-09-05T04:48:30.000Z</time>
        <extensions>
          <ns3:TrackPointExtension>
            <ns3:atemp>33.0</ns3:atemp>
            <ns3:hr>94</ns3:hr>
          </ns3:TrackPointExtension>
        </extensions>
      </trkpt>
      <trkpt lat="23.13752956688404083251953125" lon="113.25938156805932521820068359375">
        <ele>45</ele>
        <time>2026-09-05T04:48:31.000Z</time>
        <extensions>
          <ns3:TrackPointExtension>
            <ns3:atemp>33.0</ns3:atemp>
            <ns3:hr>92</ns3:hr>
          </ns3:TrackPointExtension>
        </extensions>
      </trkpt>
      <trkpt lat="23.13750140368938446044921875" lon="113.259396739304065704345703125">
        <ele>45.200000762939453125</ele>
        <time>2026-09-05T04:48:34.000Z</time>
        <extensions>
          <ns3:TrackPointExtension>
            <ns3:atemp>33.0</ns3:atemp>
            <ns3:hr>94</ns3:hr>
          </ns3:TrackPointExtension>
        </extensions>
      </trkpt>
      <trkpt lat="23.13750676810741424560546875" lon="113.25939782895147800445556640625">
        <ele>45.200000762939453125</ele>
        <time>2026-09-05T04:48:35.000Z</time>
        <extensions>
          <ns3:TrackPointExtension>
            <ns3:atemp>33.0</ns3:atemp>
            <ns3:hr>90</ns3:hr>
          </ns3:TrackPointExtension>
        </extensions>
      </trkpt>
      <trkpt lat="23.1375032477080821990966796875" lon="113.25938324443995952606201171875">
        <ele>45.59999847412109375</ele>
        <time>2026-09-05T04:48:38.000Z</time>
        <extensions>
          <ns3:TrackPointExtension>
            <ns3:atemp>33.0</ns3:atemp>
            <ns3:hr>92</ns3:hr>
          </ns3:TrackPointExtension>
        </extensions>
      </trkpt>
      <trkpt lat="23.1376162357628345489501953125" lon="113.25917587615549564361572265625">
        <ele>51.200000762939453125</ele>
        <time>2026-09-05T04:49:30.000Z</time>
        <extensions>
          <ns3:TrackPointExtension>
            <ns3:atemp>33.0</ns3:atemp>
            <ns3:hr>100</ns3:hr>
          </ns3:TrackPointExtension>
        </extensions>
      </trkpt>
      <trkpt lat="23.13758195377886295318603515625" lon="113.2592195458710193634033203125">
        <ele>51.59999847412109375</ele>
        <time>2026-09-05T04:49:39.000Z</time>
        <extensions>
          <ns3:TrackPointExtension>
            <ns3:atemp>33.0</ns3:atemp>
            <ns3:hr>103</ns3:hr>
          </ns3:TrackPointExtension>
        </extensions>
      </trkpt>
      <trkpt lat="23.137576840817928314208984375" lon="113.2592446915805339813232421875">
        <ele>51.59999847412109375</ele>
        <time>2026-09-05T04:49:41.000Z</time>
        <extensions>
          <ns3:TrackPointExtension>
            <ns3:atemp>33.0</ns3:atemp>
            <ns3:hr>100</ns3:hr>
          </ns3:TrackPointExtension>
        </extensions>
      </trkpt>
      <trkpt lat="23.13757256604731082916259765625" lon="113.25924242846667766571044921875">
        <ele>51.59999847412109375</ele>
        <time>2026-09-05T04:49:44.000Z</time>
        <extensions>
          <ns3:TrackPointExtension>
            <ns3:atemp>33.0</ns3:atemp>
            <ns3:hr>97</ns3:hr>
          </ns3:TrackPointExtension>
        </extensions>
      </trkpt>
      <trkpt lat="23.1375874020159244537353515625" lon="113.2592354714870452880859375">
        <ele>51.799999237060546875</ele>
        <time>2026-09-05T04:49:47.000Z</time>
        <extensions>
          <ns3:TrackPointExtension>
            <ns3:atemp>33.0</ns3:atemp>
            <ns3:hr>95</ns3:hr>
          </ns3:TrackPointExtension>
        </extensions>
      </trkpt>
      <trkpt lat="23.1376135535538196563720703125" lon="113.2592393271625041961669921875">
        <ele>52.59999847412109375</ele>
        <time>2026-09-05T04:49:51.000Z</time>
        <extensions>
          <ns3:TrackPointExtension>
            <ns3:atemp>33.0</ns3:atemp>
            <ns3:hr>96</ns3:hr>
          </ns3:TrackPointExtension>
        </extensions>
      </trkpt>
      <trkpt lat="23.1376216001808643341064453125" lon="113.25923144817352294921875">
        <ele>53</ele>
        <time>2026-09-05T04:49:53.000Z</time>
        <extensions>
          <ns3:TrackPointExtension>
            <ns3:atemp>33.0</ns3:atemp>
            <ns3:hr>95</ns3:hr>
          </ns3:TrackPointExtension>
        </extensions>
      </trkpt>
      <trkpt lat="23.1376232765614986419677734375" lon="113.25921560637652873992919921875">
        <ele>53.59999847412109375</ele>
        <time>2026-09-05T04:49:57.000Z</time>
        <extensions>
          <ns3:TrackPointExtension>
            <ns3:atemp>33.0</ns3:atemp>
            <ns3:hr>96</ns3:hr>
          </ns3:TrackPointExtension>
        </extensions>
      </trkpt>
      <trkpt lat="23.13766409642994403839111328125" lon="113.25918878428637981414794921875">
        <ele>53.799999237060546875</ele>
        <time>2026-09-05T04:50:05.000Z</time>
        <extensions>
          <ns3:TrackPointExtension>
            <ns3:atemp>33.0</ns3:atemp>
            <ns3:hr>96</ns3:hr>
          </ns3:TrackPointExtension>
        </extensions>
      </trkpt>
      <trkpt lat="23.137668035924434661865234375" lon="113.25918341986835002899169921875">
        <ele>54.200000762939453125</ele>
        <time>2026-09-05T04:50:07.000Z</time>
        <extensions>
          <ns3:TrackPointExtension>
            <ns3:atemp>33.0</ns3:atemp>
            <ns3:hr>96</ns3:hr>
          </ns3:TrackPointExtension>
        </extensions>
      </trkpt>
      <trkpt lat="23.1376933492720127105712890625" lon="113.2591833360493183135986328125">
        <ele>55</ele>
        <time>2026-09-05T04:50:12.000Z</time>
        <extensions>
          <ns3:TrackPointExtension>
            <ns3:atemp>33.0</ns3:atemp>
            <ns3:hr>97</ns3:hr>
          </ns3:TrackPointExtension>
        </extensions>
      </trkpt>
      <trkpt lat="23.13771153800189495086669921875" lon="113.25918459333479404449462890625">
        <ele>55.200000762939453125</ele>
        <time>2026-09-05T04:50:14.000Z</time>
        <extensions>
          <ns3:TrackPointExtension>
            <ns3:atemp>33.0</ns3:atemp>
            <ns3:hr>97</ns3:hr>
          </ns3:TrackPointExtension>
        </extensions>
      </trkpt>
      <trkpt lat="23.13773215748369693756103515625" lon="113.25915978290140628814697265625">
        <ele>56.40000152587890625</ele>
        <time>2026-09-05T04:50:21.000Z</time>
        <extensions>
          <ns3:TrackPointExtension>
            <ns3:atemp>33.0</ns3:atemp>
            <ns3:hr>96</ns3:hr>
          </ns3:TrackPointExtension>
        </extensions>
      </trkpt>
      <trkpt lat="23.137734420597553253173828125" lon="113.25915978290140628814697265625">
        <ele>56.40000152587890625</ele>
        <time>2026-09-05T04:50:22.000Z</time>
        <extensions>
          <ns3:TrackPointExtension>
            <ns3:atemp>33.0</ns3:atemp>
            <ns3:hr>96</ns3:hr>
          </ns3:TrackPointExtension>
        </extensions>
      </trkpt>
      <trkpt lat="23.13773685134947299957275390625" lon="113.2591685838997364044189453125">
        <ele>57</ele>
        <time>2026-09-05T04:50:33.000Z</time>
        <extensions>
          <ns3:TrackPointExtension>
            <ns3:atemp>33.0</ns3:atemp>
            <ns3:hr>94</ns3:hr>
          </ns3:TrackPointExtension>
        </extensions>
      </trkpt>
      <trkpt lat="23.13773701898753643035888671875" lon="113.2591685838997364044189453125">
        <ele>57.200000762939453125</ele>
        <time>2026-09-05T04:50:39.000Z</time>
        <extensions>
          <ns3:TrackPointExtension>
            <ns3:atemp>33.0</ns3:atemp>
            <ns3:hr>91</ns3:hr>
          </ns3:TrackPointExtension>
        </extensions>
      </trkpt>
      <trkpt lat="23.13773852773010730743408203125" lon="113.25916816480457782745361328125">
        <ele>57.59999847412109375</ele>
        <time>2026-09-05T04:50:43.000Z</time>
        <extensions>
          <ns3:TrackPointExtension>
            <ns3:atemp>33.0</ns3:atemp>
            <ns3:hr>90</ns3:hr>
          </ns3:TrackPointExtension>
        </extensions>
      </trkpt>
      <trkpt lat="23.13774908892810344696044921875" lon="113.2591576874256134033203125">
        <ele>58.59999847412109375</ele>
        <time>2026-09-05T04:50:49.000Z</time>
        <extensions>
          <ns3:TrackPointExtension>
            <ns3:atemp>33.0</ns3:atemp>
            <ns3:hr>88</ns3:hr>
          </ns3:TrackPointExtension>
        </extensions>
      </trkpt>
      <trkpt lat="23.13777758739888668060302734375" lon="113.25914754532277584075927734375">
        <ele>59.59999847412109375</ele>
        <time>2026-09-05T04:50:55.000Z</time>
        <extensions>
          <ns3:TrackPointExtension>
            <ns3:atemp>33.0</ns3:atemp>
            <ns3:hr>88</ns3:hr>
          </ns3:TrackPointExtension>
        </extensions>
      </trkpt>
      <trkpt lat="23.137799799442291259765625" lon="113.2591199688613414764404296875">
        <ele>60.59999847412109375</ele>
        <time>2026-09-05T04:51:02.000Z</time>
        <extensions>
          <ns3:TrackPointExtension>
            <ns3:atemp>33.0</ns3:atemp>
            <ns3:hr>91</ns3:hr>
          </ns3:TrackPointExtension>
        </extensions>
      </trkpt>
      <trkpt lat="23.137830980122089385986328125" lon="113.259109072387218475341796875">
        <ele>61.59999847412109375</ele>
        <time>2026-09-05T04:51:10.000Z</time>
        <extensions>
          <ns3:TrackPointExtension>
            <ns3:atemp>33.0</ns3:atemp>
            <ns3:hr>93</ns3:hr>
          </ns3:TrackPointExtension>
        </extensions>
      </trkpt>
      <trkpt lat="23.13785553909838199615478515625" lon="113.25910605490207672119140625">
        <ele>62.200000762939453125</ele>
        <time>2026-09-05T04:51:20.000Z</time>
        <extensions>
          <ns3:TrackPointExtension>
            <ns3:atemp>33.0</ns3:atemp>
            <ns3:hr>96</ns3:hr>
          </ns3:TrackPointExtension>
        </extensions>
      </trkpt>
      <trkpt lat="23.13786459155380725860595703125" lon="113.2591055519878864288330078125">
        <ele>62.799999237060546875</ele>
        <time>2026-09-05T04:51:23.000Z</time>
        <extensions>
          <ns3:TrackPointExtension>
            <ns3:atemp>33.0</ns3:atemp>
            <ns3:hr>96</ns3:hr>
          </ns3:TrackPointExtension>
        </extensions>
      </trkpt>
      <trkpt lat="23.13787917606532573699951171875" lon="113.259105384349822998046875">
        <ele>63.40000152587890625</ele>
        <time>2026-09-05T04:51:26.000Z</time>
        <extensions>
          <ns3:TrackPointExtension>
            <ns3:atemp>33.0</ns3:atemp>
            <ns3:hr>96</ns3:hr>
          </ns3:TrackPointExtension>
        </extensions>
      </trkpt>
      <trkpt lat="23.13790298067033290863037109375" lon="113.25909406878054141998291015625">
        <ele>63.799999237060546875</ele>
        <time>2026-09-05T04:51:29.000Z</time>
        <extensions>
          <ns3:TrackPointExtension>
            <ns3:atemp>33.0</ns3:atemp>
            <ns3:hr>96</ns3:hr>
          </ns3:TrackPointExtension>
        </extensions>
      </trkpt>
      <trkpt lat="23.1379491649568080902099609375" lon="113.25904327444732189178466796875">
        <ele>64.8000030517578125</ele>
        <time>2026-09-05T04:51:35.000Z</time>
        <extensions>
          <ns3:TrackPointExtension>
            <ns3:atemp>33.0</ns3:atemp>
            <ns3:hr>95</ns3:hr>
          </ns3:TrackPointExtension>
        </extensions>
      </trkpt>
      <trkpt lat="23.13797540031373500823974609375" lon="113.25900086201727390289306640625">
        <ele>65.59999847412109375</ele>
        <time>2026-09-05T04:51:40.000Z</time>
        <extensions>
          <ns3:TrackPointExtension>
            <ns3:atemp>33.0</ns3:atemp>
            <ns3:hr>96</ns3:hr>
          </ns3:TrackPointExtension>
        </extensions>
      </trkpt>
      <trkpt lat="23.13798126764595508575439453125" lon="113.25898460112512111663818359375">
        <ele>65.8000030517578125</ele>
        <time>2026-09-05T04:51:42.000Z</time>
        <extensions>
          <ns3:TrackPointExtension>
            <ns3:atemp>33.0</ns3:atemp>
            <ns3:hr>95</ns3:hr>
          </ns3:TrackPointExtension>
        </extensions>
      </trkpt>
      <trkpt lat="23.1379887275397777557373046875" lon="113.25897035188972949981689453125">
        <ele>66</ele>
        <time>2026-09-05T04:51:46.000Z</time>
        <extensions>
          <ns3:TrackPointExtension>
            <ns3:atemp>33.0</ns3:atemp>
            <ns3:hr>98</ns3:hr>
          </ns3:TrackPointExtension>
        </extensions>
      </trkpt>
      <trkpt lat="23.13801513053476810455322265625" lon="113.25898694805800914764404296875">
        <ele>66</ele>
        <time>2026-09-05T04:51:47.000Z</time>
        <extensions>
          <ns3:TrackPointExtension>
            <ns3:atemp>33.0</ns3:atemp>
            <ns3:hr>101</ns3:hr>
          </ns3:TrackPointExtension>
        </extensions>
      </trkpt>
      <trkpt lat="23.13802351243793964385986328125" lon="113.2589825056493282318115234375">
        <ele>66</ele>
        <time>2026-09-05T04:51:48.000Z</time>
        <extensions>
          <ns3:TrackPointExtension>
            <ns3:atemp>33.0</ns3:atemp>
            <ns3:hr>97</ns3:hr>
          </ns3:TrackPointExtension>
        </extensions>
      </trkpt>
      <trkpt lat="23.13803382217884063720703125" lon="113.25898057781159877777099609375">
        <ele>66</ele>
        <time>2026-09-05T04:51:50.000Z</time>
        <extensions>
          <ns3:TrackPointExtension>
            <ns3:atemp>33.0</ns3:atemp>
            <ns3:hr>101</ns3:hr>
          </ns3:TrackPointExtension>
        </extensions>
      </trkpt>
      <trkpt lat="23.138038180768489837646484375" lon="113.25897973962128162384033203125">
        <ele>66</ele>
        <time>2026-09-05T04:51:51.000Z</time>
        <extensions>
          <ns3:TrackPointExtension>
            <ns3:atemp>33.0</ns3:atemp>
            <ns3:hr>104</ns3:hr>
          </ns3:TrackPointExtension>
        </extensions>
      </trkpt>
      <trkpt lat="23.13805452547967433929443359375" lon="113.25899432413280010223388671875">
        <ele>66</ele>
        <time>2026-09-05T04:51:53.000Z</time>
        <extensions>
          <ns3:TrackPointExtension>
            <ns3:atemp>33.0</ns3:atemp>
            <ns3:hr>107</ns3:hr>
          </ns3:TrackPointExtension>
        </extensions>
      </trkpt>
      <trkpt lat="23.13810397870838642120361328125" lon="113.25901209376752376556396484375">
        <ele>66.1999969482421875</ele>
        <time>2026-09-05T04:51:57.000Z</time>
        <extensions>
          <ns3:TrackPointExtension>
            <ns3:atemp>33.0</ns3:atemp>
            <ns3:hr>109</ns3:hr>
          </ns3:TrackPointExtension>
        </extensions>
      </trkpt>
      <trkpt lat="23.13811219297349452972412109375" lon="113.25901351869106292724609375">
        <ele>66.8000030517578125</ele>
        <time>2026-09-05T04:51:59.000Z</time>
        <extensions>
          <ns3:TrackPointExtension>
            <ns3:atemp>33.0</ns3:atemp>
            <ns3:hr>110</ns3:hr>
          </ns3:TrackPointExtension>
        </extensions>
      </trkpt>
      <trkpt lat="23.1381241790950298309326171875" lon="113.25901083648204803466796875">
        <ele>67.40000152587890625</ele>
        <time>2026-09-05T04:52:02.000Z</time>
        <extensions>
          <ns3:TrackPointExtension>
            <ns3:atemp>33.0</ns3:atemp>
            <ns3:hr>110</ns3:hr>
          </ns3:TrackPointExtension>
        </extensions>
      </trkpt>
      <trkpt lat="23.1381275318562984466552734375" lon="113.25901041738688945770263671875">
        <ele>68</ele>
        <time>2026-09-05T04:52:06.000Z</time>
        <extensions>
          <ns3:TrackPointExtension>
            <ns3:atemp>33.0</ns3:atemp>
            <ns3:hr>110</ns3:hr>
          </ns3:TrackPointExtension>
        </extensions>
      </trkpt>
      <trkpt lat="23.13813616521656513214111328125" lon="113.2590059749782085418701171875">
        <ele>68.1999969482421875</ele>
        <time>2026-09-05T04:52:08.000Z</time>
        <extensions>
          <ns3:TrackPointExtension>
            <ns3:atemp>33.0</ns3:atemp>
            <ns3:hr>109</ns3:hr>
          </ns3:TrackPointExtension>
        </extensions>
      </trkpt>
      <trkpt lat="23.13816634006798267364501953125" lon="113.25901997275650501251220703125">
        <ele>69</ele>
        <time>2026-09-05T04:52:12.000Z</time>
        <extensions>
          <ns3:TrackPointExtension>
            <ns3:atemp>33.0</ns3:atemp>
            <ns3:hr>108</ns3:hr>
          </ns3:TrackPointExtension>
        </extensions>
      </trkpt>
      <trkpt lat="23.13818058930337429046630859375" lon="113.2590237446129322052001953125">
        <ele>69.40000152587890625</ele>
        <time>2026-09-05T04:52:14.000Z</time>
        <extensions>
          <ns3:TrackPointExtension>
            <ns3:atemp>33.0</ns3:atemp>
            <ns3:hr>105</ns3:hr>
          </ns3:TrackPointExtension>
        </extensions>
      </trkpt>
      <trkpt lat="23.13819768838584423065185546875" lon="113.25903656892478466033935546875">
        <ele>69.59999847412109375</ele>
        <time>2026-09-05T04:52:16.000Z</time>
        <extensions>
          <ns3:TrackPointExtension>
            <ns3:atemp>33.0</ns3:atemp>
            <ns3:hr>108</ns3:hr>
          </ns3:TrackPointExtension>
        </extensions>
      </trkpt>
      <trkpt lat="23.138200454413890838623046875" lon="113.2590411789715290069580078125">
        <ele>69.59999847412109375</ele>
        <time>2026-09-05T04:52:17.000Z</time>
        <extensions>
          <ns3:TrackPointExtension>
            <ns3:atemp>33.0</ns3:atemp>
            <ns3:hr>107</ns3:hr>
          </ns3:TrackPointExtension>
        </extensions>
      </trkpt>
      <trkpt lat="23.1382324732840061187744140625" lon="113.25908233411610126495361328125">
        <ele>69.1999969482421875</ele>
        <time>2026-09-05T04:52:26.000Z</time>
        <extensions>
          <ns3:TrackPointExtension>
            <ns3:atemp>33.0</ns3:atemp>
            <ns3:hr>107</ns3:hr>
          </ns3:TrackPointExtension>
        </extensions>
      </trkpt>
      <trkpt lat="23.1383058987557888031005859375" lon="113.2591461203992366790771484375">
        <ele>69</ele>
        <time>2026-09-05T04:52:34.000Z</time>
        <extensions>
          <ns3:TrackPointExtension>
            <ns3:atemp>32.0</ns3:atemp>
            <ns3:hr>106</ns3:hr>
          </ns3:TrackPointExtension>
        </extensions>
      </trkpt>
      <trkpt lat="23.1383441202342510223388671875" lon="113.2591682486236095428466796875">
        <ele>70</ele>
        <time>2026-09-05T04:52:39.000Z</time>
        <extensions>
          <ns3:TrackPointExtension>
            <ns3:atemp>33.0</ns3:atemp>
            <ns3:hr>105</ns3:hr>
          </ns3:TrackPointExtension>
        </extensions>
      </trkpt>
      <trkpt lat="23.13834764063358306884765625" lon="113.2591672427952289581298828125">
        <ele>70.59999847412109375</ele>
        <time>2026-09-05T04:52:40.000Z</time>
        <extensions>
          <ns3:TrackPointExtension>
            <ns3:atemp>32.0</ns3:atemp>
            <ns3:hr>104</ns3:hr>
          </ns3:TrackPointExtension>
        </extensions>
      </trkpt>
      <trkpt lat="23.13836365006864070892333984375" lon="113.25918459333479404449462890625">
        <ele>71.1999969482421875</ele>
        <time>2026-09-05T04:52:42.000Z</time>
        <extensions>
          <ns3:TrackPointExtension>
            <ns3:atemp>32.0</ns3:atemp>
            <ns3:hr>104</ns3:hr>
          </ns3:TrackPointExtension>
        </extensions>
      </trkpt>
      <trkpt lat="23.1383778154850006103515625" lon="113.2591980881989002227783203125">
        <ele>72.40000152587890625</ele>
        <time>2026-09-05T04:52:46.000Z</time>
        <extensions>
          <ns3:TrackPointExtension>
            <ns3:atemp>32.0</ns3:atemp>
            <ns3:hr>105</ns3:hr>
          </ns3:TrackPointExtension>
        </extensions>
      </trkpt>
      <trkpt lat="23.13837957568466663360595703125" lon="113.25919666327536106109619140625">
        <ele>72.8000030517578125</ele>
        <time>2026-09-05T04:52:47.000Z</time>
        <extensions>
          <ns3:TrackPointExtension>
            <ns3:atemp>32.0</ns3:atemp>
            <ns3:hr>106</ns3:hr>
          </ns3:TrackPointExtension>
        </extensions>
      </trkpt>
      <trkpt lat="23.1383826769888401031494140625" lon="113.2591967470943927764892578125">
        <ele>73.1999969482421875</ele>
        <time>2026-09-05T04:52:48.000Z</time>
        <extensions>
          <ns3:TrackPointExtension>
            <ns3:atemp>33.0</ns3:atemp>
            <ns3:hr>102</ns3:hr>
          </ns3:TrackPointExtension>
        </extensions>
      </trkpt>
      <trkpt lat="23.1383858621120452880859375" lon="113.25919431634247303009033203125">
        <ele>73.40000152587890625</ele>
        <time>2026-09-05T04:52:49.000Z</time>
        <extensions>
          <ns3:TrackPointExtension>
            <ns3:atemp>32.0</ns3:atemp>
            <ns3:hr>102</ns3:hr>
          </ns3:TrackPointExtension>
        </extensions>
      </trkpt>
      <trkpt lat="23.138389550149440765380859375" lon="113.2592011056840419769287109375">
        <ele>73.8000030517578125</ele>
        <time>2026-09-05T04:52:55.000Z</time>
        <extensions>
          <ns3:TrackPointExtension>
            <ns3:atemp>32.0</ns3:atemp>
            <ns3:hr>102</ns3:hr>
          </ns3:TrackPointExtension>
        </extensions>
      </trkpt>
      <trkpt lat="23.1383923999965190887451171875" lon="113.2592031173408031463623046875">
        <ele>74.1999969482421875</ele>
        <time>2026-09-05T04:53:09.000Z</time>
        <extensions>
          <ns3:TrackPointExtension>
            <ns3:atemp>32.0</ns3:atemp>
            <ns3:hr>102</ns3:hr>
          </ns3:TrackPointExtension>
        </extensions>
      </trkpt>
      <trkpt lat="23.1383858621120452880859375" lon="113.25918241403996944427490234375">
        <ele>74.59999847412109375</ele>
        <time>2026-09-05T04:53:23.000Z</time>
        <extensions>
          <ns3:TrackPointExtension>
            <ns3:atemp>32.0</ns3:atemp>
            <ns3:hr>104</ns3:hr>
          </ns3:TrackPointExtension>
        </extensions>
      </trkpt>
      <trkpt lat="23.1383858621120452880859375" lon="113.25917922891676425933837890625">
        <ele>75</ele>
        <time>2026-09-05T04:53:24.000Z</time>
        <extensions>
          <ns3:TrackPointExtension>
            <ns3:atemp>32.0</ns3:atemp>
            <ns3:hr>108</ns3:hr>
          </ns3:TrackPointExtension>
        </extensions>
      </trkpt>
      <trkpt lat="23.1383870355784893035888671875" lon="113.25916363857686519622802734375">
        <ele>75.59999847412109375</ele>
        <time>2026-09-05T04:53:27.000Z</time>
        <extensions>
          <ns3:TrackPointExtension>
            <ns3:atemp>32.0</ns3:atemp>
            <ns3:hr>111</ns3:hr>
          </ns3:TrackPointExtension>
        </extensions>
      </trkpt>
      <trkpt lat="23.13841871917247772216796875" lon="113.2591451145708560943603515625">
        <ele>76.59999847412109375</ele>
        <time>2026-09-05T04:53:32.000Z</time>
        <extensions>
          <ns3:TrackPointExtension>
            <ns3:atemp>32.0</ns3:atemp>
            <ns3:hr>111</ns3:hr>
          </ns3:TrackPointExtension>
        </extensions>
      </trkpt>
      <trkpt lat="23.138422071933746337890625" lon="113.2591437734663486480712890625">
        <ele>76.8000030517578125</ele>
        <time>2026-09-05T04:53:33.000Z</time>
        <extensions>
          <ns3:TrackPointExtension>
            <ns3:atemp>32.0</ns3:atemp>
            <ns3:hr>112</ns3:hr>
          </ns3:TrackPointExtension>
        </extensions>
      </trkpt>
      <trkpt lat="23.13846976496279239654541015625" lon="113.2591296918690204620361328125">
        <ele>78</ele>
        <time>2026-09-05T04:53:38.000Z</time>
        <extensions>
          <ns3:TrackPointExtension>
            <ns3:atemp>32.0</ns3:atemp>
            <ns3:hr>114</ns3:hr>
          </ns3:TrackPointExtension>
        </extensions>
      </trkpt>
      <trkpt lat="23.1384765543043613433837890625" lon="113.2591182924807071685791015625">
        <ele>78.1999969482421875</ele>
        <time>2026-09-05T04:53:41.000Z</time>
        <extensions>
          <ns3:TrackPointExtension>
            <ns3:atemp>32.0</ns3:atemp>
            <ns3:hr>113</ns3:hr>
          </ns3:TrackPointExtension>
        </extensions>
      </trkpt>
      <trkpt lat="23.13850580714643001556396484375" lon="113.2590887881815433502197265625">
        <ele>78.8000030517578125</ele>
        <time>2026-09-05T04:53:47.000Z</time>
        <extensions>
          <ns3:TrackPointExtension>
            <ns3:atemp>32.0</ns3:atemp>
            <ns3:hr>116</ns3:hr>
          </ns3:TrackPointExtension>
        </extensions>
      </trkpt>
      <trkpt lat="23.13851703889667987823486328125" lon="113.2590881176292896270751953125">
        <ele>78.8000030517578125</ele>
        <time>2026-09-05T04:53:48.000Z</time>
        <extensions>
          <ns3:TrackPointExtension>
            <ns3:atemp>32.0</ns3:atemp>
            <ns3:hr>116</ns3:hr>
          </ns3:TrackPointExtension>
        </extensions>
      </trkpt>
      <trkpt lat="23.1385167874395847320556640625" lon="113.2590934820473194122314453125">
        <ele>78.59999847412109375</ele>
        <time>2026-09-05T04:53:54.000Z</time>
        <extensions>
          <ns3:TrackPointExtension>
            <ns3:atemp>32.0</ns3:atemp>
            <ns3:hr>117</ns3:hr>
          </ns3:TrackPointExtension>
        </extensions>
      </trkpt>
      <trkpt lat="23.13849725760519504547119140625" lon="113.2590924762189388275146484375">
        <ele>78.8000030517578125</ele>
        <time>2026-09-05T04:53:58.000Z</time>
        <extensions>
          <ns3:TrackPointExtension>
            <ns3:atemp>32.0</ns3:atemp>
            <ns3:hr>116</ns3:hr>
          </ns3:TrackPointExtension>
        </extensions>
      </trkpt>
      <trkpt lat="23.13849792815744876861572265625" lon="113.25909406878054141998291015625">
        <ele>79</ele>
        <time>2026-09-05T04:53:59.000Z</time>
        <extensions>
          <ns3:TrackPointExtension>
            <ns3:atemp>32.0</ns3:atemp>
            <ns3:hr>117</ns3:hr>
          </ns3:TrackPointExtension>
        </extensions>
      </trkpt>
      <trkpt lat="23.138497509062290191650390625" lon="113.2591082341969013214111328125">
        <ele>79</ele>
        <time>2026-09-05T04:54:02.000Z</time>
        <extensions>
          <ns3:TrackPointExtension>
            <ns3:atemp>32.0</ns3:atemp>
            <ns3:hr>117</ns3:hr>
          </ns3:TrackPointExtension>
        </extensions>
      </trkpt>
      <trkpt lat="23.138506226241588592529296875" lon="113.25910848565399646759033203125">
        <ele>78.8000030517578125</ele>
        <time>2026-09-05T04:54:07.000Z</time>
        <extensions>
          <ns3:TrackPointExtension>
            <ns3:atemp>32.0</ns3:atemp>
            <ns3:hr>120</ns3:hr>
          </ns3:TrackPointExtension>
        </extensions>
      </trkpt>
      <trkpt lat="23.138506226241588592529296875" lon="113.25910848565399646759033203125">
        <ele>79</ele>
        <time>2026-09-05T04:54:12.000Z</time>
        <extensions>
          <ns3:TrackPointExtension>
            <ns3:atemp>32.0</ns3:atemp>
            <ns3:hr>120</ns3:hr>
          </ns3:TrackPointExtension>
        </extensions>
      </trkpt>
      <trkpt lat="23.13851351849734783172607421875" lon="113.25909591279923915863037109375">
        <ele>79.59999847412109375</ele>
        <time>2026-09-05T04:54:18.000Z</time>
        <extensions>
          <ns3:TrackPointExtension>
            <ns3:atemp>32.0</ns3:atemp>
            <ns3:hr>120</ns3:hr>
          </ns3:TrackPointExtension>
        </extensions>
      </trkpt>
      <trkpt lat="23.138532377779483795166015625" lon="113.25908987782895565032958984375">
        <ele>80.1999969482421875</ele>
        <time>2026-09-05T04:54:20.000Z</time>
        <extensions>
          <ns3:TrackPointExtension>
            <ns3:atemp>32.0</ns3:atemp>
            <ns3:hr>120</ns3:hr>
          </ns3:TrackPointExtension>
        </extensions>
      </trkpt>
      <trkpt lat="23.1385360658168792724609375" lon="113.25908325612545013427734375">
        <ele>80.59999847412109375</ele>
        <time>2026-09-05T04:54:21.000Z</time>
        <extensions>
          <ns3:TrackPointExtension>
            <ns3:atemp>32.0</ns3:atemp>
            <ns3:hr>120</ns3:hr>
          </ns3:TrackPointExtension>
        </extensions>
      </trkpt>
      <trkpt lat="23.13857336528599262237548828125" lon="113.25905299745500087738037109375">
        <ele>81.1999969482421875</ele>
        <time>2026-09-05T04:54:25.000Z</time>
        <extensions>
          <ns3:TrackPointExtension>
            <ns3:atemp>32.0</ns3:atemp>
            <ns3:hr>120</ns3:hr>
          </ns3:TrackPointExtension>
        </extensions>
      </trkpt>
      <trkpt lat="23.1385996006429195404052734375" lon="113.2590369880199432373046875">
        <ele>81.8000030517578125</ele>
        <time>2026-09-05T04:54:30.000Z</time>
        <extensions>
          <ns3:TrackPointExtension>
            <ns3:atemp>32.0</ns3:atemp>
            <ns3:hr>119</ns3:hr>
          </ns3:TrackPointExtension>
        </extensions>
      </trkpt>
      <trkpt lat="23.138606809079647064208984375" lon="113.25904059223830699920654296875">
        <ele>82.40000152587890625</ele>
        <time>2026-09-05T04:54:32.000Z</time>
        <extensions>
          <ns3:TrackPointExtension>
            <ns3:atemp>32.0</ns3:atemp>
            <ns3:hr>117</ns3:hr>
          </ns3:TrackPointExtension>
        </extensions>
      </trkpt>
      <trkpt lat="23.1386177055537700653076171875" lon="113.25901578180491924285888671875">
        <ele>83.1999969482421875</ele>
        <time>2026-09-05T04:54:37.000Z</time>
        <extensions>
          <ns3:TrackPointExtension>
            <ns3:atemp>32.0</ns3:atemp>
            <ns3:hr>112</ns3:hr>
          </ns3:TrackPointExtension>
        </extensions>
      </trkpt>
      <trkpt lat="23.138620555400848388671875" lon="113.259015865623950958251953125">
        <ele>83.40000152587890625</ele>
        <time>2026-09-05T04:54:38.000Z</time>
        <extensions>
          <ns3:TrackPointExtension>
            <ns3:atemp>32.0</ns3:atemp>
            <ns3:hr>116</ns3:hr>
          </ns3:TrackPointExtension>
        </extensions>
      </trkpt>
      <trkpt lat="23.13862122595310211181640625" lon="113.2590163685381412506103515625">
        <ele>83.40000152587890625</ele>
        <time>2026-09-05T04:54:39.000Z</time>
        <extensions>
          <ns3:TrackPointExtension>
            <ns3:atemp>32.0</ns3:atemp>
            <ns3:hr>114</ns3:hr>
          </ns3:TrackPointExtension>
        </extensions>
      </trkpt>
      <trkpt lat="23.1386371515691280364990234375" lon="113.25902558863162994384765625">
        <ele>84.1999969482421875</ele>
        <time>2026-09-05T04:54:45.000Z</time>
        <extensions>
          <ns3:TrackPointExtension>
            <ns3:atemp>32.0</ns3:atemp>
            <ns3:hr>112</ns3:hr>
          </ns3:TrackPointExtension>
        </extensions>
      </trkpt>
      <trkpt lat="23.13864712603390216827392578125" lon="113.259030617773532867431640625">
        <ele>84.40000152587890625</ele>
        <time>2026-09-05T04:54:47.000Z</time>
        <extensions>
          <ns3:TrackPointExtension>
            <ns3:atemp>32.0</ns3:atemp>
            <ns3:hr>112</ns3:hr>
          </ns3:TrackPointExtension>
        </extensions>
      </trkpt>
      <trkpt lat="23.1386753730475902557373046875" lon="113.2590599544346332550048828125">
        <ele>84.59999847412109375</ele>
        <time>2026-09-05T04:54:52.000Z</time>
        <extensions>
          <ns3:TrackPointExtension>
            <ns3:atemp>32.0</ns3:atemp>
            <ns3:hr>110</ns3:hr>
          </ns3:TrackPointExtension>
        </extensions>
      </trkpt>
      <trkpt lat="23.1387350521981716156005859375" lon="113.25908149592578411102294921875">
        <ele>84.40000152587890625</ele>
        <time>2026-09-05T04:55:00.000Z</time>
        <extensions>
          <ns3:TrackPointExtension>
            <ns3:atemp>32.0</ns3:atemp>
            <ns3:hr>110</ns3:hr>
          </ns3:TrackPointExtension>
        </extensions>
      </trkpt>
      <trkpt lat="23.13879598863422870635986328125" lon="113.259092308580875396728515625">
        <ele>84.59999847412109375</ele>
        <time>2026-09-05T04:55:06.000Z</time>
        <extensions>
          <ns3:TrackPointExtension>
            <ns3:atemp>32.0</ns3:atemp>
            <ns3:hr>109</ns3:hr>
          </ns3:TrackPointExtension>
        </extensions>
      </trkpt>
      <trkpt lat="23.1388534046709537506103515625" lon="113.25911820866167545318603515625">
        <ele>84.59999847412109375</ele>
        <time>2026-09-05T04:55:16.000Z</time>
        <extensions>
          <ns3:TrackPointExtension>
            <ns3:atemp>32.0</ns3:atemp>
            <ns3:hr>108</ns3:hr>
          </ns3:TrackPointExtension>
        </extensions>
      </trkpt>
      <trkpt lat="23.13886153511703014373779296875" lon="113.25909993611276149749755859375">
        <ele>84.59999847412109375</ele>
        <time>2026-09-05T04:55:19.000Z</time>
        <extensions>
          <ns3:TrackPointExtension>
            <ns3:atemp>32.0</ns3:atemp>
            <ns3:hr>108</ns3:hr>
          </ns3:TrackPointExtension>
        </extensions>
      </trkpt>
      <trkpt lat="23.1389088928699493408203125" lon="113.25906188227236270904541015625">
        <ele>84.59999847412109375</ele>
        <time>2026-09-05T04:55:23.000Z</time>
        <extensions>
          <ns3:TrackPointExtension>
            <ns3:atemp>32.0</ns3:atemp>
            <ns3:hr>107</ns3:hr>
          </ns3:TrackPointExtension>
        </extensions>
      </trkpt>
      <trkpt lat="23.138914592564105987548828125" lon="113.25902734883129596710205078125">
        <ele>84.59999847412109375</ele>
        <time>2026-09-05T04:55:30.000Z</time>
        <extensions>
          <ns3:TrackPointExtension>
            <ns3:atemp>32.0</ns3:atemp>
            <ns3:hr>107</ns3:hr>
          </ns3:TrackPointExtension>
        </extensions>
      </trkpt>
      <trkpt lat="23.138895146548748016357421875" lon="113.2590187154710292816162109375">
        <ele>84.59999847412109375</ele>
        <time>2026-09-05T04:55:31.000Z</time>
        <extensions>
          <ns3:TrackPointExtension>
            <ns3:atemp>32.0</ns3:atemp>
            <ns3:hr>108</ns3:hr>
          </ns3:TrackPointExtension>
        </extensions>
      </trkpt>
      <trkpt lat="23.13888148404657840728759765625" lon="113.2590012811124324798583984375">
        <ele>84.59999847412109375</ele>
        <time>2026-09-05T04:55:32.000Z</time>
        <extensions>
          <ns3:TrackPointExtension>
            <ns3:atemp>32.0</ns3:atemp>
            <ns3:hr>105</ns3:hr>
          </ns3:TrackPointExtension>
        </extensions>
      </trkpt>
      <trkpt lat="23.13884460367262363433837890625" lon="113.25901427306234836578369140625">
        <ele>84.59999847412109375</ele>
        <time>2026-09-05T04:55:35.000Z</time>
        <extensions>
          <ns3:TrackPointExtension>
            <ns3:atemp>32.0</ns3:atemp>
            <ns3:hr>107</ns3:hr>
          </ns3:TrackPointExtension>
        </extensions>
      </trkpt>
      <trkpt lat="23.1388614512979984283447265625" lon="113.259029276669025421142578125">
        <ele>84.59999847412109375</ele>
        <time>2026-09-05T04:55:37.000Z</time>
        <extensions>
          <ns3:TrackPointExtension>
            <ns3:atemp>32.0</ns3:atemp>
            <ns3:hr>107</ns3:hr>
          </ns3:TrackPointExtension>
        </extensions>
      </trkpt>
      <trkpt lat="23.13886572606861591339111328125" lon="113.25902584008872509002685546875">
        <ele>84.59999847412109375</ele>
        <time>2026-09-05T04:55:38.000Z</time>
        <extensions>
          <ns3:TrackPointExtension>
            <ns3:atemp>32.0</ns3:atemp>
            <ns3:hr>107</ns3:hr>
          </ns3:TrackPointExtension>
        </extensions>
      </trkpt>
      <trkpt lat="23.13884527422487735748291015625" lon="113.2590116746723651885986328125">
        <ele>84.59999847412109375</ele>
        <time>2026-09-05T04:55:41.000Z</time>
        <extensions>
          <ns3:TrackPointExtension>
            <ns3:atemp>32.0</ns3:atemp>
            <ns3:hr>107</ns3:hr>
          </ns3:TrackPointExtension>
        </extensions>
      </trkpt>
      <trkpt lat="23.13884745351970195770263671875" lon="113.25900706462562084197998046875">
        <ele>84.59999847412109375</ele>
        <time>2026-09-05T04:55:42.000Z</time>
        <extensions>
          <ns3:TrackPointExtension>
            <ns3:atemp>32.0</ns3:atemp>
            <ns3:hr>106</ns3:hr>
          </ns3:TrackPointExtension>
        </extensions>
      </trkpt>
      <trkpt lat="23.13877067528665065765380859375" lon="113.2589637301862239837646484375">
        <ele>84.8000030517578125</ele>
        <time>2026-09-05T04:55:49.000Z</time>
        <extensions>
          <ns3:TrackPointExtension>
            <ns3:atemp>32.0</ns3:atemp>
            <ns3:hr>104</ns3:hr>
          </ns3:TrackPointExtension>
        </extensions>
      </trkpt>
      <trkpt lat="23.138758353888988494873046875" lon="113.25896658003330230712890625">
        <ele>84.8000030517578125</ele>
        <time>2026-09-05T04:55:50.000Z</time>
        <extensions>
          <ns3:TrackPointExtension>
            <ns3:atemp>32.0</ns3:atemp>
            <ns3:hr>107</ns3:hr>
          </ns3:TrackPointExtension>
        </extensions>
      </trkpt>
      <trkpt lat="23.1387001834809780120849609375" lon="113.25894839130342006683349609375">
        <ele>84.8000030517578125</ele>
        <time>2026-09-05T04:55:55.000Z</time>
        <extensions>
          <ns3:TrackPointExtension>
            <ns3:atemp>32.0</ns3:atemp>
            <ns3:hr>106</ns3:hr>
          </ns3:TrackPointExtension>
        </extensions>
      </trkpt>
      <trkpt lat="23.13869054429233074188232421875" lon="113.25897403992712497711181640625">
        <ele>84.8000030517578125</ele>
        <time>2026-09-05T04:56:02.000Z</time>
        <extensions>
          <ns3:TrackPointExtension>
            <ns3:atemp>32.0</ns3:atemp>
            <ns3:hr>104</ns3:hr>
          </ns3:TrackPointExtension>
        </extensions>
      </trkpt>
      <trkpt lat="23.1386894546449184417724609375" lon="113.25897538103163242340087890625">
        <ele>85.1999969482421875</ele>
        <time>2026-09-05T04:56:12.000Z</time>
        <extensions>
          <ns3:TrackPointExtension>
            <ns3:atemp>32.0</ns3:atemp>
            <ns3:hr>107</ns3:hr>
          </ns3:TrackPointExtension>
        </extensions>
      </trkpt>
      <trkpt lat="23.13868962228298187255859375" lon="113.25897454284131526947021484375">
        <ele>85.1999969482421875</ele>
        <time>2026-09-05T04:56:17.000Z</time>
        <extensions>
          <ns3:TrackPointExtension>
            <ns3:atemp>32.0</ns3:atemp>
            <ns3:hr>102</ns3:hr>
          </ns3:TrackPointExtension>
        </extensions>
      </trkpt>
      <trkpt lat="23.13868970610201358795166015625" lon="113.25897454284131526947021484375">
        <ele>85.1999969482421875</ele>
        <time>2026-09-05T04:56:20.000Z</time>
        <extensions>
          <ns3:TrackPointExtension>
            <ns3:atemp>32.0</ns3:atemp>
            <ns3:hr>99</ns3:hr>
          </ns3:TrackPointExtension>
        </extensions>
      </trkpt>
      <trkpt lat="23.1386897899210453033447265625" lon="113.25897454284131526947021484375">
        <ele>85.1999969482421875</ele>
        <time>2026-09-05T04:56:24.000Z</time>
        <extensions>
          <ns3:TrackPointExtension>
            <ns3:atemp>32.0</ns3:atemp>
            <ns3:hr>96</ns3:hr>
          </ns3:TrackPointExtension>
        </extensions>
      </trkpt>
      <trkpt lat="23.1386897899210453033447265625" lon="113.25897454284131526947021484375">
        <ele>85.1999969482421875</ele>
        <time>2026-09-05T04:56:28.000Z</time>
        <extensions>
          <ns3:TrackPointExtension>
            <ns3:atemp>32.0</ns3:atemp>
            <ns3:hr>92</ns3:hr>
          </ns3:TrackPointExtension>
        </extensions>
      </trkpt>
      <trkpt lat="23.13868970610201358795166015625" lon="113.2589747942984104156494140625">
        <ele>85.1999969482421875</ele>
        <time>2026-09-05T04:56:31.000Z</time>
        <extensions>
          <ns3:TrackPointExtension>
            <ns3:atemp>32.0</ns3:atemp>
            <ns3:hr>89</ns3:hr>
          </ns3:TrackPointExtension>
        </extensions>
      </trkpt>
      <trkpt lat="23.1386663205921649932861328125" lon="113.25902064330875873565673828125">
        <ele>84.59999847412109375</ele>
        <time>2026-09-05T04:56:36.000Z</time>
        <extensions>
          <ns3:TrackPointExtension>
            <ns3:atemp>32.0</ns3:atemp>
            <ns3:hr>88</ns3:hr>
          </ns3:TrackPointExtension>
        </extensions>
      </trkpt>
      <trkpt lat="23.1386649794876575469970703125" lon="113.2590396702289581298828125">
        <ele>84.59999847412109375</ele>
        <time>2026-09-05T04:56:37.000Z</time>
        <extensions>
          <ns3:TrackPointExtension>
            <ns3:atemp>32.0</ns3:atemp>
            <ns3:hr>88</ns3:hr>
          </ns3:TrackPointExtension>
        </extensions>
      </trkpt>
      <trkpt lat="23.13864276744425296783447265625" lon="113.25909943319857120513916015625">
        <ele>84</ele>
        <time>2026-09-05T04:56:43.000Z</time>
        <extensions>
          <ns3:TrackPointExtension>
            <ns3:atemp>32.0</ns3:atemp>
            <ns3:hr>91</ns3:hr>
          </ns3:TrackPointExtension>
        </extensions>
      </trkpt>
      <trkpt lat="23.13864176161587238311767578125" lon="113.259099684655666351318359375">
        <ele>83.8000030517578125</ele>
        <time>2026-09-05T04:56:44.000Z</time>
        <extensions>
          <ns3:TrackPointExtension>
            <ns3:atemp>32.0</ns3:atemp>
            <ns3:hr>92</ns3:hr>
          </ns3:TrackPointExtension>
        </extensions>
      </trkpt>
      <trkpt lat="23.13863555900752544403076171875" lon="113.2590991817414760589599609375">
        <ele>83.40000152587890625</ele>
        <time>2026-09-05T04:56:47.000Z</time>
        <extensions>
          <ns3:TrackPointExtension>
            <ns3:atemp>32.0</ns3:atemp>
            <ns3:hr>93</ns3:hr>
          </ns3:TrackPointExtension>
        </extensions>
      </trkpt>
      <trkpt lat="23.13862256705760955810546875" lon="113.25910496525466442108154296875">
        <ele>82.59999847412109375</ele>
        <time>2026-09-05T04:56:53.000Z</time>
        <extensions>
          <ns3:TrackPointExtension>
            <ns3:atemp>32.0</ns3:atemp>
            <ns3:hr>94</ns3:hr>
          </ns3:TrackPointExtension>
        </extensions>
      </trkpt>
      <trkpt lat="23.1386106647551059722900390625" lon="113.25910915620625019073486328125">
        <ele>82.40000152587890625</ele>
        <time>2026-09-05T04:56:56.000Z</time>
        <extensions>
          <ns3:TrackPointExtension>
            <ns3:atemp>32.0</ns3:atemp>
            <ns3:hr>94</ns3:hr>
          </ns3:TrackPointExtension>
        </extensions>
      </trkpt>
      <trkpt lat="23.13858627341687679290771484375" lon="113.2591135986149311065673828125">
        <ele>81.1999969482421875</ele>
        <time>2026-09-05T04:57:03.000Z</time>
        <extensions>
          <ns3:TrackPointExtension>
            <ns3:atemp>32.0</ns3:atemp>
            <ns3:hr>95</ns3:hr>
          </ns3:TrackPointExtension>
        </extensions>
      </trkpt>
      <trkpt lat="23.13857353292405605316162109375" lon="113.2591152749955654144287109375">
        <ele>81</ele>
        <time>2026-09-05T04:57:06.000Z</time>
        <extensions>
          <ns3:TrackPointExtension>
            <ns3:atemp>32.0</ns3:atemp>
            <ns3:hr>95</ns3:hr>
          </ns3:TrackPointExtension>
        </extensions>
      </trkpt>
      <trkpt lat="23.13856355845928192138671875" lon="113.25911385007202625274658203125">
        <ele>80.40000152587890625</ele>
        <time>2026-09-05T04:57:09.000Z</time>
        <extensions>
          <ns3:TrackPointExtension>
            <ns3:atemp>32.0</ns3:atemp>
            <ns3:hr>94</ns3:hr>
          </ns3:TrackPointExtension>
        </extensions>
      </trkpt>
      <trkpt lat="23.13855492509901523590087890625" lon="113.2591281831264495849609375">
        <ele>80</ele>
        <time>2026-09-05T04:57:14.000Z</time>
        <extensions>
          <ns3:TrackPointExtension>
            <ns3:atemp>32.0</ns3:atemp>
            <ns3:hr>95</ns3:hr>
          </ns3:TrackPointExtension>
        </extensions>
      </trkpt>
      <trkpt lat="23.13853464089334011077880859375" lon="113.2591293565928936004638671875">
        <ele>79.8000030517578125</ele>
        <time>2026-09-05T04:57:19.000Z</time>
        <extensions>
          <ns3:TrackPointExtension>
            <ns3:atemp>32.0</ns3:atemp>
            <ns3:hr>96</ns3:hr>
          </ns3:TrackPointExtension>
        </extensions>
      </trkpt>
      <trkpt lat="23.13853447325527667999267578125" lon="113.25912876985967159271240234375">
        <ele>79</ele>
        <time>2026-09-05T04:57:28.000Z</time>
        <extensions>
          <ns3:TrackPointExtension>
            <ns3:atemp>32.0</ns3:atemp>
            <ns3:hr>98</ns3:hr>
          </ns3:TrackPointExtension>
        </extensions>
      </trkpt>
      <trkpt lat="23.13853447325527667999267578125" lon="113.25912876985967159271240234375">
        <ele>78.40000152587890625</ele>
        <time>2026-09-05T04:57:32.000Z</time>
        <extensions>
          <ns3:TrackPointExtension>
            <ns3:atemp>32.0</ns3:atemp>
            <ns3:hr>97</ns3:hr>
          </ns3:TrackPointExtension>
        </extensions>
      </trkpt>
      <trkpt lat="23.13853447325527667999267578125" lon="113.25912776403129100799560546875">
        <ele>77.8000030517578125</ele>
        <time>2026-09-05T04:57:36.000Z</time>
        <extensions>
          <ns3:TrackPointExtension>
            <ns3:atemp>32.0</ns3:atemp>
            <ns3:hr>100</ns3:hr>
          </ns3:TrackPointExtension>
        </extensions>
      </trkpt>
      <trkpt lat="23.138468004763126373291015625" lon="113.259118460118770599365234375">
        <ele>76.8000030517578125</ele>
        <time>2026-09-05T04:57:41.000Z</time>
        <extensions>
          <ns3:TrackPointExtension>
            <ns3:atemp>32.0</ns3:atemp>
            <ns3:hr>101</ns3:hr>
          </ns3:TrackPointExtension>
        </extensions>
      </trkpt>
      <trkpt lat="23.1384601257741451263427734375" lon="113.2591156102716922760009765625">
        <ele>76.59999847412109375</ele>
        <time>2026-09-05T04:57:42.000Z</time>
        <extensions>
          <ns3:TrackPointExtension>
            <ns3:atemp>32.0</ns3:atemp>
            <ns3:hr>102</ns3:hr>
          </ns3:TrackPointExtension>
        </extensions>
      </trkpt>
      <trkpt lat="23.13843338750302791595458984375" lon="113.25911678373813629150390625">
        <ele>76.1999969482421875</ele>
        <time>2026-09-05T04:57:44.000Z</time>
        <extensions>
          <ns3:TrackPointExtension>
            <ns3:atemp>32.0</ns3:atemp>
            <ns3:hr>98</ns3:hr>
          </ns3:TrackPointExtension>
        </extensions>
      </trkpt>
      <trkpt lat="23.138408996164798736572265625" lon="113.25911552645266056060791015625">
        <ele>75.40000152587890625</ele>
        <time>2026-09-05T04:57:47.000Z</time>
        <extensions>
          <ns3:TrackPointExtension>
            <ns3:atemp>32.0</ns3:atemp>
            <ns3:hr>97</ns3:hr>
          </ns3:TrackPointExtension>
        </extensions>
      </trkpt>
      <trkpt lat="23.13840740360319614410400390625" lon="113.259111084043979644775390625">
        <ele>75.1999969482421875</ele>
        <time>2026-09-05T04:57:48.000Z</time>
        <extensions>
          <ns3:TrackPointExtension>
            <ns3:atemp>32.0</ns3:atemp>
            <ns3:hr>98</ns3:hr>
          </ns3:TrackPointExtension>
        </extensions>
      </trkpt>
      <trkpt lat="23.13840505667030811309814453125" lon="113.25911267660558223724365234375">
        <ele>75</ele>
        <time>2026-09-05T04:57:49.000Z</time>
        <extensions>
          <ns3:TrackPointExtension>
            <ns3:atemp>32.0</ns3:atemp>
            <ns3:hr>101</ns3:hr>
          </ns3:TrackPointExtension>
        </extensions>
      </trkpt>
      <trkpt lat="23.13840530812740325927734375" lon="113.2591169513761997222900390625">
        <ele>74.59999847412109375</ele>
        <time>2026-09-05T04:57:50.000Z</time>
        <extensions>
          <ns3:TrackPointExtension>
            <ns3:atemp>32.0</ns3:atemp>
            <ns3:hr>98</ns3:hr>
          </ns3:TrackPointExtension>
        </extensions>
      </trkpt>
      <trkpt lat="23.138400949537754058837890625" lon="113.2591209746897220611572265625">
        <ele>74.40000152587890625</ele>
        <time>2026-09-05T04:57:51.000Z</time>
        <extensions>
          <ns3:TrackPointExtension>
            <ns3:atemp>32.0</ns3:atemp>
            <ns3:hr>99</ns3:hr>
          </ns3:TrackPointExtension>
        </extensions>
      </trkpt>
      <trkpt lat="23.138389550149440765380859375" lon="113.2591199688613414764404296875">
        <ele>73.8000030517578125</ele>
        <time>2026-09-05T04:57:54.000Z</time>
        <extensions>
          <ns3:TrackPointExtension>
            <ns3:atemp>32.0</ns3:atemp>
            <ns3:hr>98</ns3:hr>
          </ns3:TrackPointExtension>
        </extensions>
      </trkpt>
      <trkpt lat="23.138376139104366302490234375" lon="113.2591266743838787078857421875">
        <ele>73.40000152587890625</ele>
        <time>2026-09-05T04:57:56.000Z</time>
        <extensions>
          <ns3:TrackPointExtension>
            <ns3:atemp>32.0</ns3:atemp>
            <ns3:hr>98</ns3:hr>
          </ns3:TrackPointExtension>
        </extensions>
      </trkpt>
      <trkpt lat="23.13837119378149509429931640625" lon="113.25912675820291042327880859375">
        <ele>73</ele>
        <time>2026-09-05T04:57:57.000Z</time>
        <extensions>
          <ns3:TrackPointExtension>
            <ns3:atemp>32.0</ns3:atemp>
            <ns3:hr>101</ns3:hr>
          </ns3:TrackPointExtension>
        </extensions>
      </trkpt>
      <trkpt lat="23.13835158012807369232177734375" lon="113.2591296918690204620361328125">
        <ele>72.1999969482421875</ele>
        <time>2026-09-05T04:58:00.000Z</time>
        <extensions>
          <ns3:TrackPointExtension>
            <ns3:atemp>32.0</ns3:atemp>
            <ns3:hr>101</ns3:hr>
          </ns3:TrackPointExtension>
        </extensions>
      </trkpt>
      <trkpt lat="23.1383387558162212371826171875" lon="113.25914469547569751739501953125">
        <ele>71.8000030517578125</ele>
        <time>2026-09-05T04:58:02.000Z</time>
        <extensions>
          <ns3:TrackPointExtension>
            <ns3:atemp>32.0</ns3:atemp>
            <ns3:hr>101</ns3:hr>
          </ns3:TrackPointExtension>
        </extensions>
      </trkpt>
      <trkpt lat="23.1382877938449382781982421875" lon="113.25914385728538036346435546875">
        <ele>71.1999969482421875</ele>
        <time>2026-09-05T04:58:06.000Z</time>
        <extensions>
          <ns3:TrackPointExtension>
            <ns3:atemp>32.0</ns3:atemp>
            <ns3:hr>99</ns3:hr>
          </ns3:TrackPointExtension>
        </extensions>
      </trkpt>
      <trkpt lat="23.1382827647030353546142578125" lon="113.25914503075182437896728515625">
        <ele>71</ele>
        <time>2026-09-05T04:58:09.000Z</time>
        <extensions>
          <ns3:TrackPointExtension>
            <ns3:atemp>32.0</ns3:atemp>
            <ns3:hr>99</ns3:hr>
          </ns3:TrackPointExtension>
        </extensions>
      </trkpt>
      <trkpt lat="23.13825870864093303680419921875" lon="113.25915559194982051849365234375">
        <ele>70.1999969482421875</ele>
        <time>2026-09-05T04:58:16.000Z</time>
        <extensions>
          <ns3:TrackPointExtension>
            <ns3:atemp>32.0</ns3:atemp>
            <ns3:hr>99</ns3:hr>
          </ns3:TrackPointExtension>
        </extensions>
      </trkpt>
      <trkpt lat="23.13825518824160099029541015625" lon="113.2591551728546619415283203125">
        <ele>70</ele>
        <time>2026-09-05T04:58:17.000Z</time>
        <extensions>
          <ns3:TrackPointExtension>
            <ns3:atemp>32.0</ns3:atemp>
            <ns3:hr>100</ns3:hr>
          </ns3:TrackPointExtension>
        </extensions>
      </trkpt>
      <trkpt lat="23.13822819851338863372802734375" lon="113.25915290974080562591552734375">
        <ele>69</ele>
        <time>2026-09-05T04:58:22.000Z</time>
        <extensions>
          <ns3:TrackPointExtension>
            <ns3:atemp>32.0</ns3:atemp>
            <ns3:hr>100</ns3:hr>
          </ns3:TrackPointExtension>
        </extensions>
      </trkpt>
      <trkpt lat="23.138213865458965301513671875" lon="113.25915542431175708770751953125">
        <ele>68.40000152587890625</ele>
        <time>2026-09-05T04:58:25.000Z</time>
        <extensions>
          <ns3:TrackPointExtension>
            <ns3:atemp>32.0</ns3:atemp>
            <ns3:hr>98</ns3:hr>
          </ns3:TrackPointExtension>
        </extensions>
      </trkpt>
      <trkpt lat="23.13820959068834781646728515625" lon="113.25916774570941925048828125">
        <ele>68</ele>
        <time>2026-09-05T04:58:27.000Z</time>
        <extensions>
          <ns3:TrackPointExtension>
            <ns3:atemp>32.0</ns3:atemp>
            <ns3:hr>98</ns3:hr>
          </ns3:TrackPointExtension>
        </extensions>
      </trkpt>
      <trkpt lat="23.138218559324741363525390625" lon="113.2591819949448108673095703125">
        <ele>67.59999847412109375</ele>
        <time>2026-09-05T04:58:32.000Z</time>
        <extensions>
          <ns3:TrackPointExtension>
            <ns3:atemp>32.0</ns3:atemp>
            <ns3:hr>96</ns3:hr>
          </ns3:TrackPointExtension>
        </extensions>
      </trkpt>
      <trkpt lat="23.138207830488681793212890625" lon="113.25918291695415973663330078125">
        <ele>67.40000152587890625</ele>
        <time>2026-09-05T04:58:38.000Z</time>
        <extensions>
          <ns3:TrackPointExtension>
            <ns3:atemp>32.0</ns3:atemp>
            <ns3:hr>99</ns3:hr>
          </ns3:TrackPointExtension>
        </extensions>
      </trkpt>
      <trkpt lat="23.1382002867758274078369140625" lon="113.25918392278254032135009765625">
        <ele>67.40000152587890625</ele>
        <time>2026-09-05T04:58:39.000Z</time>
        <extensions>
          <ns3:TrackPointExtension>
            <ns3:atemp>32.0</ns3:atemp>
            <ns3:hr>98</ns3:hr>
          </ns3:TrackPointExtension>
        </extensions>
      </trkpt>
      <trkpt lat="23.13820858485996723175048828125" lon="113.25917671434581279754638671875">
        <ele>67.40000152587890625</ele>
        <time>2026-09-05T04:58:45.000Z</time>
        <extensions>
          <ns3:TrackPointExtension>
            <ns3:atemp>32.0</ns3:atemp>
            <ns3:hr>101</ns3:hr>
          </ns3:TrackPointExtension>
        </extensions>
      </trkpt>
      <trkpt lat="23.13820975832641124725341796875" lon="113.25917981564998626708984375">
        <ele>67.40000152587890625</ele>
        <time>2026-09-05T04:58:46.000Z</time>
        <extensions>
          <ns3:TrackPointExtension>
            <ns3:atemp>32.0</ns3:atemp>
            <ns3:hr>97</ns3:hr>
          </ns3:TrackPointExtension>
        </extensions>
      </trkpt>
      <trkpt lat="23.1382183916866779327392578125" lon="113.25920990668237209320068359375">
        <ele>67.40000152587890625</ele>
        <time>2026-09-05T04:58:50.000Z</time>
        <extensions>
          <ns3:TrackPointExtension>
            <ns3:atemp>32.0</ns3:atemp>
            <ns3:hr>100</ns3:hr>
          </ns3:TrackPointExtension>
        </extensions>
      </trkpt>
      <trkpt lat="23.13823322765529155731201171875" lon="113.25924016535282135009765625">
        <ele>67</ele>
        <time>2026-09-05T04:58:55.000Z</time>
        <extensions>
          <ns3:TrackPointExtension>
            <ns3:atemp>32.0</ns3:atemp>
            <ns3:hr>100</ns3:hr>
          </ns3:TrackPointExtension>
        </extensions>
      </trkpt>
      <trkpt lat="23.13824169337749481201171875" lon="113.259238488972187042236328125">
        <ele>67</ele>
        <time>2026-09-05T04:58:59.000Z</time>
        <extensions>
          <ns3:TrackPointExtension>
            <ns3:atemp>32.0</ns3:atemp>
            <ns3:hr>101</ns3:hr>
          </ns3:TrackPointExtension>
        </extensions>
      </trkpt>
      <trkpt lat="23.1382502429187297821044921875" lon="113.259251229465007781982421875">
        <ele>66.8000030517578125</ele>
        <time>2026-09-05T04:59:03.000Z</time>
        <extensions>
          <ns3:TrackPointExtension>
            <ns3:atemp>32.0</ns3:atemp>
            <ns3:hr>102</ns3:hr>
          </ns3:TrackPointExtension>
        </extensions>
      </trkpt>
      <trkpt lat="23.1382824294269084930419921875" lon="113.2592678256332874298095703125">
        <ele>66.59999847412109375</ele>
        <time>2026-09-05T04:59:07.000Z</time>
        <extensions>
          <ns3:TrackPointExtension>
            <ns3:atemp>32.0</ns3:atemp>
            <ns3:hr>103</ns3:hr>
          </ns3:TrackPointExtension>
        </extensions>
      </trkpt>
      <trkpt lat="23.13830204308032989501953125" lon="113.25927511788904666900634765625">
        <ele>66.59999847412109375</ele>
        <time>2026-09-05T04:59:10.000Z</time>
        <extensions>
          <ns3:TrackPointExtension>
            <ns3:atemp>32.0</ns3:atemp>
            <ns3:hr>104</ns3:hr>
          </ns3:TrackPointExtension>
        </extensions>
      </trkpt>
      <trkpt lat="23.1383441202342510223388671875" lon="113.25932197272777557373046875">
        <ele>66.40000152587890625</ele>
        <time>2026-09-05T04:59:19.000Z</time>
        <extensions>
          <ns3:TrackPointExtension>
            <ns3:atemp>32.0</ns3:atemp>
            <ns3:hr>102</ns3:hr>
          </ns3:TrackPointExtension>
        </extensions>
      </trkpt>
      <trkpt lat="23.13834755681455135345458984375" lon="113.25932775624096393585205078125">
        <ele>66.40000152587890625</ele>
        <time>2026-09-05T04:59:20.000Z</time>
        <extensions>
          <ns3:TrackPointExtension>
            <ns3:atemp>32.0</ns3:atemp>
            <ns3:hr>105</ns3:hr>
          </ns3:TrackPointExtension>
        </extensions>
      </trkpt>
      <trkpt lat="23.13835845328867435455322265625" lon="113.2593264989554882049560546875">
        <ele>66.40000152587890625</ele>
        <time>2026-09-05T04:59:21.000Z</time>
        <extensions>
          <ns3:TrackPointExtension>
            <ns3:atemp>32.0</ns3:atemp>
            <ns3:hr>105</ns3:hr>
          </ns3:TrackPointExtension>
        </extensions>
      </trkpt>
      <trkpt lat="23.13840799033641815185546875" lon="113.2593620382249355316162109375">
        <ele>66.1999969482421875</ele>
        <time>2026-09-05T04:59:27.000Z</time>
        <extensions>
          <ns3:TrackPointExtension>
            <ns3:atemp>32.0</ns3:atemp>
            <ns3:hr>104</ns3:hr>
          </ns3:TrackPointExtension>
        </extensions>
      </trkpt>
      <trkpt lat="23.13846004195511341094970703125" lon="113.259432949125766754150390625">
        <ele>66.1999969482421875</ele>
        <time>2026-09-05T04:59:36.000Z</time>
        <extensions>
          <ns3:TrackPointExtension>
            <ns3:atemp>32.0</ns3:atemp>
            <ns3:hr>104</ns3:hr>
          </ns3:TrackPointExtension>
        </extensions>
      </trkpt>
      <trkpt lat="23.1385065615177154541015625" lon="113.25944845564663410186767578125">
        <ele>66.40000152587890625</ele>
        <time>2026-09-05T04:59:43.000Z</time>
        <extensions>
          <ns3:TrackPointExtension>
            <ns3:atemp>32.0</ns3:atemp>
            <ns3:hr>104</ns3:hr>
          </ns3:TrackPointExtension>
        </extensions>
      </trkpt>
      <trkpt lat="23.1385268457233905792236328125" lon="113.2594445161521434783935546875">
        <ele>66.40000152587890625</ele>
        <time>2026-09-05T04:59:46.000Z</time>
        <extensions>
          <ns3:TrackPointExtension>
            <ns3:atemp>32.0</ns3:atemp>
            <ns3:hr>101</ns3:hr>
          </ns3:TrackPointExtension>
        </extensions>
      </trkpt>
      <trkpt lat="23.13856380991637706756591796875" lon="113.25945013202726840972900390625">
        <ele>66.40000152587890625</ele>
        <time>2026-09-05T04:59:50.000Z</time>
        <extensions>
          <ns3:TrackPointExtension>
            <ns3:atemp>32.0</ns3:atemp>
            <ns3:hr>104</ns3:hr>
          </ns3:TrackPointExtension>
        </extensions>
      </trkpt>
      <trkpt lat="23.13860001973807811737060546875" lon="113.25942456722259521484375">
        <ele>66.40000152587890625</ele>
        <time>2026-09-05T04:59:56.000Z</time>
        <extensions>
          <ns3:TrackPointExtension>
            <ns3:atemp>32.0</ns3:atemp>
            <ns3:hr>103</ns3:hr>
          </ns3:TrackPointExtension>
        </extensions>
      </trkpt>
      <trkpt lat="23.13859767280519008636474609375" lon="113.259421549737453460693359375">
        <ele>66.40000152587890625</ele>
        <time>2026-09-05T04:59:57.000Z</time>
        <extensions>
          <ns3:TrackPointExtension>
            <ns3:atemp>32.0</ns3:atemp>
            <ns3:hr>105</ns3:hr>
          </ns3:TrackPointExtension>
        </extensions>
      </trkpt>
      <trkpt lat="23.13861007802188396453857421875" lon="113.25945029966533184051513671875">
        <ele>66.59999847412109375</ele>
        <time>2026-09-05T05:00:01.000Z</time>
        <extensions>
          <ns3:TrackPointExtension>
            <ns3:atemp>32.0</ns3:atemp>
            <ns3:hr>103</ns3:hr>
          </ns3:TrackPointExtension>
        </extensions>
      </trkpt>
      <trkpt lat="23.13861762173473834991455078125" lon="113.25948131270706653594970703125">
        <ele>66.59999847412109375</ele>
        <time>2026-09-05T05:00:05.000Z</time>
        <extensions>
          <ns3:TrackPointExtension>
            <ns3:atemp>32.0</ns3:atemp>
            <ns3:hr>106</ns3:hr>
          </ns3:TrackPointExtension>
        </extensions>
      </trkpt>
      <trkpt lat="23.13864544965326786041259765625" lon="113.2595088891685009002685546875">
        <ele>66.59999847412109375</ele>
        <time>2026-09-05T05:00:07.000Z</time>
        <extensions>
          <ns3:TrackPointExtension>
            <ns3:atemp>32.0</ns3:atemp>
            <ns3:hr>105</ns3:hr>
          </ns3:TrackPointExtension>
        </extensions>
      </trkpt>
      <trkpt lat="23.13865416683256626129150390625" lon="113.2595155946910381317138671875">
        <ele>66.59999847412109375</ele>
        <time>2026-09-05T05:00:08.000Z</time>
        <extensions>
          <ns3:TrackPointExtension>
            <ns3:atemp>32.0</ns3:atemp>
            <ns3:hr>108</ns3:hr>
          </ns3:TrackPointExtension>
        </extensions>
      </trkpt>
      <trkpt lat="23.1386649794876575469970703125" lon="113.2595062069594860076904296875">
        <ele>66.59999847412109375</ele>
        <time>2026-09-05T05:00:09.000Z</time>
        <extensions>
          <ns3:TrackPointExtension>
            <ns3:atemp>32.0</ns3:atemp>
            <ns3:hr>107</ns3:hr>
          </ns3:TrackPointExtension>
        </extensions>
      </trkpt>
      <trkpt lat="23.13869808800518512725830078125" lon="113.25950838625431060791015625">
        <ele>67</ele>
        <time>2026-09-05T05:00:12.000Z</time>
        <extensions>
          <ns3:TrackPointExtension>
            <ns3:atemp>32.0</ns3:atemp>
            <ns3:hr>111</ns3:hr>
          </ns3:TrackPointExtension>
        </extensions>
      </trkpt>
      <trkpt lat="23.1387474574148654937744140625" lon="113.2595347054302692413330078125">
        <ele>67.1999969482421875</ele>
        <time>2026-09-05T05:00:18.000Z</time>
        <extensions>
          <ns3:TrackPointExtension>
            <ns3:atemp>32.0</ns3:atemp>
            <ns3:hr>110</ns3:hr>
          </ns3:TrackPointExtension>
        </extensions>
      </trkpt>
      <trkpt lat="23.13877872191369533538818359375" lon="113.2595296762883663177490234375">
        <ele>67.1999969482421875</ele>
        <time>2026-09-05T05:00:22.000Z</time>
        <extensions>
          <ns3:TrackPointExtension>
            <ns3:atemp>32.0</ns3:atemp>
            <ns3:hr>107</ns3:hr>
          </ns3:TrackPointExtension>
        </extensions>
      </trkpt>
      <trkpt lat="23.1387989223003387451171875" lon="113.25952707789838314056396484375">
        <ele>67.1999969482421875</ele>
        <time>2026-09-05T05:00:25.000Z</time>
        <extensions>
          <ns3:TrackPointExtension>
            <ns3:atemp>31.0</ns3:atemp>
            <ns3:hr>106</ns3:hr>
          </ns3:TrackPointExtension>
        </extensions>
      </trkpt>
      <trkpt lat="23.1388487108051776885986328125" lon="113.25950696133077144622802734375">
        <ele>67.1999969482421875</ele>
        <time>2026-09-05T05:00:32.000Z</time>
        <extensions>
          <ns3:TrackPointExtension>
            <ns3:atemp>32.0</ns3:atemp>
            <ns3:hr>105</ns3:hr>
          </ns3:TrackPointExtension>
        </extensions>
      </trkpt>
      <trkpt lat="23.1389104016125202178955078125" lon="113.259486593306064605712890625">
        <ele>67.1999969482421875</ele>
        <time>2026-09-05T05:00:40.000Z</time>
        <extensions>
          <ns3:TrackPointExtension>
            <ns3:atemp>32.0</ns3:atemp>
            <ns3:hr>106</ns3:hr>
          </ns3:TrackPointExtension>
        </extensions>
      </trkpt>
      <trkpt lat="23.13888198696076869964599609375" lon="113.2595058716833591461181640625">
        <ele>67.40000152587890625</ele>
        <time>2026-09-05T05:00:46.000Z</time>
        <extensions>
          <ns3:TrackPointExtension>
            <ns3:atemp>32.0</ns3:atemp>
            <ns3:hr>104</ns3:hr>
          </ns3:TrackPointExtension>
        </extensions>
      </trkpt>
      <trkpt lat="23.1388550810515880584716796875" lon="113.25951819308102130889892578125">
        <ele>67.40000152587890625</ele>
        <time>2026-09-05T05:00:49.000Z</time>
        <extensions>
          <ns3:TrackPointExtension>
            <ns3:atemp>32.0</ns3:atemp>
            <ns3:hr>101</ns3:hr>
          </ns3:TrackPointExtension>
        </extensions>
      </trkpt>
      <trkpt lat="23.13882951624691486358642578125" lon="113.25952054001390933990478515625">
        <ele>67.40000152587890625</ele>
        <time>2026-09-05T05:00:54.000Z</time>
        <extensions>
          <ns3:TrackPointExtension>
            <ns3:atemp>31.0</ns3:atemp>
            <ns3:hr>102</ns3:hr>
          </ns3:TrackPointExtension>
        </extensions>
      </trkpt>
      <trkpt lat="23.13886807300150394439697265625" lon="113.2595092244446277618408203125">
        <ele>67.1999969482421875</ele>
        <time>2026-09-05T05:00:59.000Z</time>
        <extensions>
          <ns3:TrackPointExtension>
            <ns3:atemp>32.0</ns3:atemp>
            <ns3:hr>102</ns3:hr>
          </ns3:TrackPointExtension>
        </extensions>
      </trkpt>
      <trkpt lat="23.13892657868564128875732421875" lon="113.2594850845634937286376953125">
        <ele>67.40000152587890625</ele>
        <time>2026-09-05T05:01:05.000Z</time>
        <extensions>
          <ns3:TrackPointExtension>
            <ns3:atemp>32.0</ns3:atemp>
            <ns3:hr>105</ns3:hr>
          </ns3:TrackPointExtension>
        </extensions>
      </trkpt>
      <trkpt lat="23.1389372237026691436767578125" lon="113.2594822347164154052734375">
        <ele>67.1999969482421875</ele>
        <time>2026-09-05T05:01:06.000Z</time>
        <extensions>
          <ns3:TrackPointExtension>
            <ns3:atemp>32.0</ns3:atemp>
            <ns3:hr>103</ns3:hr>
          </ns3:TrackPointExtension>
        </extensions>
      </trkpt>
      <trkpt lat="23.13901056535542011260986328125" lon="113.2594642974436283111572265625">
        <ele>67</ele>
        <time>2026-09-05T05:01:14.000Z</time>
        <extensions>
          <ns3:TrackPointExtension>
            <ns3:atemp>32.0</ns3:atemp>
            <ns3:hr>104</ns3:hr>
          </ns3:TrackPointExtension>
        </extensions>
      </trkpt>
      <trkpt lat="23.1390134990215301513671875" lon="113.25946421362459659576416015625">
        <ele>67.1999969482421875</ele>
        <time>2026-09-05T05:01:20.000Z</time>
        <extensions>
          <ns3:TrackPointExtension>
            <ns3:atemp>32.0</ns3:atemp>
            <ns3:hr>104</ns3:hr>
          </ns3:TrackPointExtension>
        </extensions>
      </trkpt>
      <trkpt lat="23.13900838606059551239013671875" lon="113.25946547091007232666015625">
        <ele>67.59999847412109375</ele>
        <time>2026-09-05T05:01:38.000Z</time>
        <extensions>
          <ns3:TrackPointExtension>
            <ns3:atemp>31.0</ns3:atemp>
            <ns3:hr>105</ns3:hr>
          </ns3:TrackPointExtension>
        </extensions>
      </trkpt>
      <trkpt lat="23.1390083022415637969970703125" lon="113.2594673149287700653076171875">
        <ele>67</ele>
        <time>2026-09-05T05:01:47.000Z</time>
        <extensions>
          <ns3:TrackPointExtension>
            <ns3:atemp>32.0</ns3:atemp>
            <ns3:hr>106</ns3:hr>
          </ns3:TrackPointExtension>
        </extensions>
      </trkpt>
      <trkpt lat="23.1390076316893100738525390625" lon="113.259466476738452911376953125">
        <ele>66.8000030517578125</ele>
        <time>2026-09-05T05:01:57.000Z</time>
        <extensions>
          <ns3:TrackPointExtension>
            <ns3:atemp>32.0</ns3:atemp>
            <ns3:hr>103</ns3:hr>
          </ns3:TrackPointExtension>
        </extensions>
      </trkpt>
      <trkpt lat="23.13900754787027835845947265625" lon="113.259465806186199188232421875">
        <ele>66.59999847412109375</ele>
        <time>2026-09-05T05:02:00.000Z</time>
        <extensions>
          <ns3:TrackPointExtension>
            <ns3:atemp>32.0</ns3:atemp>
            <ns3:hr>99</ns3:hr>
          </ns3:TrackPointExtension>
        </extensions>
      </trkpt>
      <trkpt lat="23.13900746405124664306640625" lon="113.259465806186199188232421875">
        <ele>66.59999847412109375</ele>
        <time>2026-09-05T05:02:01.000Z</time>
        <extensions>
          <ns3:TrackPointExtension>
            <ns3:atemp>32.0</ns3:atemp>
            <ns3:hr>96</ns3:hr>
          </ns3:TrackPointExtension>
        </extensions>
      </trkpt>
      <trkpt lat="23.13900805078446865081787109375" lon="113.25946387834846973419189453125">
        <ele>66</ele>
        <time>2026-09-05T05:02:11.000Z</time>
        <extensions>
          <ns3:TrackPointExtension>
            <ns3:atemp>32.0</ns3:atemp>
            <ns3:hr>92</ns3:hr>
          </ns3:TrackPointExtension>
        </extensions>
      </trkpt>
      <trkpt lat="23.1390081346035003662109375" lon="113.259463794529438018798828125">
        <ele>66</ele>
        <time>2026-09-05T05:02:12.000Z</time>
        <extensions>
          <ns3:TrackPointExtension>
            <ns3:atemp>32.0</ns3:atemp>
            <ns3:hr>91</ns3:hr>
          </ns3:TrackPointExtension>
        </extensions>
      </trkpt>
      <trkpt lat="23.13903219066560268402099609375" lon="113.259457089006900787353515625">
        <ele>65.40000152587890625</ele>
        <time>2026-09-05T05:02:21.000Z</time>
        <extensions>
          <ns3:TrackPointExtension>
            <ns3:atemp>32.0</ns3:atemp>
            <ns3:hr>88</ns3:hr>
          </ns3:TrackPointExtension>
        </extensions>
      </trkpt>
      <trkpt lat="23.1390778720378875732421875" lon="113.259447701275348663330078125">
        <ele>65</ele>
        <time>2026-09-05T05:02:30.000Z</time>
        <extensions>
          <ns3:TrackPointExtension>
            <ns3:atemp>32.0</ns3:atemp>
            <ns3:hr>88</ns3:hr>
          </ns3:TrackPointExtension>
        </extensions>
      </trkpt>
      <trkpt lat="23.13908047042787075042724609375" lon="113.25944275595247745513916015625">
        <ele>63.799999237060546875</ele>
        <time>2026-09-05T05:02:43.000Z</time>
        <extensions>
          <ns3:TrackPointExtension>
            <ns3:atemp>32.0</ns3:atemp>
            <ns3:hr>90</ns3:hr>
          </ns3:TrackPointExtension>
        </extensions>
      </trkpt>
      <trkpt lat="23.1390904448926448822021484375" lon="113.25940906070172786712646484375">
        <ele>63</ele>
        <time>2026-09-05T05:02:52.000Z</time>
        <extensions>
          <ns3:TrackPointExtension>
            <ns3:atemp>32.0</ns3:atemp>
            <ns3:hr>92</ns3:hr>
          </ns3:TrackPointExtension>
        </extensions>
      </trkpt>
      <trkpt lat="23.13912170939147472381591796875" lon="113.25938626192510128021240234375">
        <ele>62.799999237060546875</ele>
        <time>2026-09-05T05:02:58.000Z</time>
        <extensions>
          <ns3:TrackPointExtension>
            <ns3:atemp>32.0</ns3:atemp>
            <ns3:hr>91</ns3:hr>
          </ns3:TrackPointExtension>
        </extensions>
      </trkpt>
      <trkpt lat="23.1391410715878009796142578125" lon="113.2593829929828643798828125">
        <ele>62.799999237060546875</ele>
        <time>2026-09-05T05:02:59.000Z</time>
        <extensions>
          <ns3:TrackPointExtension>
            <ns3:atemp>31.0</ns3:atemp>
            <ns3:hr>91</ns3:hr>
          </ns3:TrackPointExtension>
        </extensions>
      </trkpt>
      <trkpt lat="23.139149956405162811279296875" lon="113.25938257388770580291748046875">
        <ele>62.59999847412109375</ele>
        <time>2026-09-05T05:03:02.000Z</time>
        <extensions>
          <ns3:TrackPointExtension>
            <ns3:atemp>32.0</ns3:atemp>
            <ns3:hr>94</ns3:hr>
          </ns3:TrackPointExtension>
        </extensions>
      </trkpt>
      <trkpt lat="23.139162696897983551025390625" lon="113.25938777066767215728759765625">
        <ele>62.59999847412109375</ele>
        <time>2026-09-05T05:03:04.000Z</time>
        <extensions>
          <ns3:TrackPointExtension>
            <ns3:atemp>32.0</ns3:atemp>
            <ns3:hr>93</ns3:hr>
          </ns3:TrackPointExtension>
        </extensions>
      </trkpt>
      <trkpt lat="23.13916504383087158203125" lon="113.25938911177217960357666015625">
        <ele>62.59999847412109375</ele>
        <time>2026-09-05T05:03:06.000Z</time>
        <extensions>
          <ns3:TrackPointExtension>
            <ns3:atemp>32.0</ns3:atemp>
            <ns3:hr>90</ns3:hr>
          </ns3:TrackPointExtension>
        </extensions>
      </trkpt>
      <trkpt lat="23.13916194252669811248779296875" lon="113.2593885250389575958251953125">
        <ele>62.59999847412109375</ele>
        <time>2026-09-05T05:03:13.000Z</time>
        <extensions>
          <ns3:TrackPointExtension>
            <ns3:atemp>32.0</ns3:atemp>
            <ns3:hr>88</ns3:hr>
          </ns3:TrackPointExtension>
        </extensions>
      </trkpt>
      <trkpt lat="23.1391601823270320892333984375" lon="113.25938425026834011077880859375">
        <ele>62.40000152587890625</ele>
        <time>2026-09-05T05:03:17.000Z</time>
        <extensions>
          <ns3:TrackPointExtension>
            <ns3:atemp>32.0</ns3:atemp>
            <ns3:hr>85</ns3:hr>
          </ns3:TrackPointExtension>
        </extensions>
      </trkpt>
      <trkpt lat="23.1391601823270320892333984375" lon="113.25938425026834011077880859375">
        <ele>62.200000762939453125</ele>
        <time>2026-09-05T05:03:19.000Z</time>
        <extensions>
          <ns3:TrackPointExtension>
            <ns3:atemp>32.0</ns3:atemp>
            <ns3:hr>82</ns3:hr>
          </ns3:TrackPointExtension>
        </extensions>
      </trkpt>
      <trkpt lat="23.13916177488863468170166015625" lon="113.2593885250389575958251953125">
        <ele>61.799999237060546875</ele>
        <time>2026-09-05T05:03:30.000Z</time>
        <extensions>
          <ns3:TrackPointExtension>
            <ns3:atemp>32.0</ns3:atemp>
            <ns3:hr>84</ns3:hr>
          </ns3:TrackPointExtension>
        </extensions>
      </trkpt>
      <trkpt lat="23.1391635350883007049560546875" lon="113.2593895308673381805419921875">
        <ele>61.59999847412109375</ele>
        <time>2026-09-05T05:03:35.000Z</time>
        <extensions>
          <ns3:TrackPointExtension>
            <ns3:atemp>32.0</ns3:atemp>
            <ns3:hr>87</ns3:hr>
          </ns3:TrackPointExtension>
        </extensions>
      </trkpt>
      <trkpt lat="23.1391839869320392608642578125" lon="113.2594073005020618438720703125">
        <ele>61</ele>
        <time>2026-09-05T05:04:03.000Z</time>
        <extensions>
          <ns3:TrackPointExtension>
            <ns3:atemp>32.0</ns3:atemp>
            <ns3:hr>90</ns3:hr>
          </ns3:TrackPointExtension>
        </extensions>
      </trkpt>
      <trkpt lat="23.1391819752752780914306640625" lon="113.25940788723528385162353515625">
        <ele>61</ele>
        <time>2026-09-05T05:04:06.000Z</time>
        <extensions>
          <ns3:TrackPointExtension>
            <ns3:atemp>32.0</ns3:atemp>
            <ns3:hr>93</ns3:hr>
          </ns3:TrackPointExtension>
        </extensions>
      </trkpt>
      <trkpt lat="23.13916713930666446685791015625" lon="113.25941140763461589813232421875">
        <ele>60.799999237060546875</ele>
        <time>2026-09-05T05:04:17.000Z</time>
        <extensions>
          <ns3:TrackPointExtension>
            <ns3:atemp>32.0</ns3:atemp>
            <ns3:hr>96</ns3:hr>
          </ns3:TrackPointExtension>
        </extensions>
      </trkpt>
      <trkpt lat="23.13916697166860103607177734375" lon="113.259411491453647613525390625">
        <ele>60.799999237060546875</ele>
        <time>2026-09-05T05:04:20.000Z</time>
        <extensions>
          <ns3:TrackPointExtension>
            <ns3:atemp>32.0</ns3:atemp>
            <ns3:hr>96</ns3:hr>
          </ns3:TrackPointExtension>
        </extensions>
      </trkpt>
      <trkpt lat="23.139198236167430877685546875" lon="113.259411156177520751953125">
        <ele>61</ele>
        <time>2026-09-05T05:04:42.000Z</time>
        <extensions>
          <ns3:TrackPointExtension>
            <ns3:atemp>32.0</ns3:atemp>
            <ns3:hr>93</ns3:hr>
          </ns3:TrackPointExtension>
        </extensions>
      </trkpt>
      <trkpt lat="23.13919882290065288543701171875" lon="113.259411156177520751953125">
        <ele>60.799999237060546875</ele>
        <time>2026-09-05T05:04:44.000Z</time>
        <extensions>
          <ns3:TrackPointExtension>
            <ns3:atemp>32.0</ns3:atemp>
            <ns3:hr>90</ns3:hr>
          </ns3:TrackPointExtension>
        </extensions>
      </trkpt>
      <trkpt lat="23.13919915817677974700927734375" lon="113.259411156177520751953125">
        <ele>60.799999237060546875</ele>
        <time>2026-09-05T05:04:46.000Z</time>
        <extensions>
          <ns3:TrackPointExtension>
            <ns3:atemp>32.0</ns3:atemp>
            <ns3:hr>87</ns3:hr>
          </ns3:TrackPointExtension>
        </extensions>
      </trkpt>
      <trkpt lat="23.13919932581484317779541015625" lon="113.25941316783428192138671875">
        <ele>60.59999847412109375</ele>
        <time>2026-09-05T05:04:48.000Z</time>
        <extensions>
          <ns3:TrackPointExtension>
            <ns3:atemp>32.0</ns3:atemp>
            <ns3:hr>84</ns3:hr>
          </ns3:TrackPointExtension>
        </extensions>
      </trkpt>
      <trkpt lat="23.13921122811734676361083984375" lon="113.25941945426166057586669921875">
        <ele>60.40000152587890625</ele>
        <time>2026-09-05T05:05:05.000Z</time>
        <extensions>
          <ns3:TrackPointExtension>
            <ns3:atemp>32.0</ns3:atemp>
            <ns3:hr>88</ns3:hr>
          </ns3:TrackPointExtension>
        </extensions>
      </trkpt>
      <trkpt lat="23.13922740519046783447265625" lon="113.25941945426166057586669921875">
        <ele>60</ele>
        <time>2026-09-05T05:05:09.000Z</time>
        <extensions>
          <ns3:TrackPointExtension>
            <ns3:atemp>32.0</ns3:atemp>
            <ns3:hr>85</ns3:hr>
          </ns3:TrackPointExtension>
        </extensions>
      </trkpt>
      <trkpt lat="23.1392319314181804656982421875" lon="113.25941945426166057586669921875">
        <ele>60</ele>
        <time>2026-09-05T05:05:12.000Z</time>
        <extensions>
          <ns3:TrackPointExtension>
            <ns3:atemp>32.0</ns3:atemp>
            <ns3:hr>91</ns3:hr>
          </ns3:TrackPointExtension>
        </extensions>
      </trkpt>
      <trkpt lat="23.13923402689397335052490234375" lon="113.25941928662359714508056640625">
        <ele>60</ele>
        <time>2026-09-05T05:05:13.000Z</time>
        <extensions>
          <ns3:TrackPointExtension>
            <ns3:atemp>32.0</ns3:atemp>
            <ns3:hr>87</ns3:hr>
          </ns3:TrackPointExtension>
        </extensions>
      </trkpt>
      <trkpt lat="23.1392419897019863128662109375" lon="113.259387351572513580322265625">
        <ele>60</ele>
        <time>2026-09-05T05:05:17.000Z</time>
        <extensions>
          <ns3:TrackPointExtension>
            <ns3:atemp>32.0</ns3:atemp>
            <ns3:hr>90</ns3:hr>
          </ns3:TrackPointExtension>
        </extensions>
      </trkpt>
      <trkpt lat="23.1392423249781131744384765625" lon="113.25937293469905853271484375">
        <ele>60</ele>
        <time>2026-09-05T05:05:18.000Z</time>
        <extensions>
          <ns3:TrackPointExtension>
            <ns3:atemp>32.0</ns3:atemp>
            <ns3:hr>90</ns3:hr>
          </ns3:TrackPointExtension>
        </extensions>
      </trkpt>
      <trkpt lat="23.13926051370799541473388671875" lon="113.2592882774770259857177734375">
        <ele>60.200000762939453125</ele>
        <time>2026-09-05T05:05:25.000Z</time>
        <extensions>
          <ns3:TrackPointExtension>
            <ns3:atemp>32.0</ns3:atemp>
            <ns3:hr>92</ns3:hr>
          </ns3:TrackPointExtension>
        </extensions>
      </trkpt>
      <trkpt lat="23.13923419453203678131103515625" lon="113.2592473737895488739013671875">
        <ele>60.200000762939453125</ele>
        <time>2026-09-05T05:05:34.000Z</time>
        <extensions>
          <ns3:TrackPointExtension>
            <ns3:atemp>32.0</ns3:atemp>
            <ns3:hr>93</ns3:hr>
          </ns3:TrackPointExtension>
        </extensions>
      </trkpt>
      <trkpt lat="23.13923737965524196624755859375" lon="113.2592473737895488739013671875">
        <ele>59.799999237060546875</ele>
        <time>2026-09-05T05:05:38.000Z</time>
        <extensions>
          <ns3:TrackPointExtension>
            <ns3:atemp>32.0</ns3:atemp>
            <ns3:hr>94</ns3:hr>
          </ns3:TrackPointExtension>
        </extensions>
      </trkpt>
      <trkpt lat="23.1392369605600833892822265625" lon="113.25924712233245372772216796875">
        <ele>59.59999847412109375</ele>
        <time>2026-09-05T05:05:39.000Z</time>
        <extensions>
          <ns3:TrackPointExtension>
            <ns3:atemp>32.0</ns3:atemp>
            <ns3:hr>95</ns3:hr>
          </ns3:TrackPointExtension>
        </extensions>
      </trkpt>
      <trkpt lat="23.13923587091267108917236328125" lon="113.25924527831375598907470703125">
        <ele>59.59999847412109375</ele>
        <time>2026-09-05T05:05:50.000Z</time>
        <extensions>
          <ns3:TrackPointExtension>
            <ns3:atemp>32.0</ns3:atemp>
            <ns3:hr>92</ns3:hr>
          </ns3:TrackPointExtension>
        </extensions>
      </trkpt>
      <trkpt lat="23.13923587091267108917236328125" lon="113.25924527831375598907470703125">
        <ele>59.40000152587890625</ele>
        <time>2026-09-05T05:05:53.000Z</time>
        <extensions>
          <ns3:TrackPointExtension>
            <ns3:atemp>32.0</ns3:atemp>
            <ns3:hr>92</ns3:hr>
          </ns3:TrackPointExtension>
        </extensions>
      </trkpt>
      <trkpt lat="23.139231763780117034912109375" lon="113.25924477539956569671630859375">
        <ele>59.200000762939453125</ele>
        <time>2026-09-05T05:06:05.000Z</time>
        <extensions>
          <ns3:TrackPointExtension>
            <ns3:atemp>32.0</ns3:atemp>
            <ns3:hr>89</ns3:hr>
          </ns3:TrackPointExtension>
        </extensions>
      </trkpt>
      <trkpt lat="23.139227069914340972900390625" lon="113.25924477539956569671630859375">
        <ele>59.200000762939453125</ele>
        <time>2026-09-05T05:06:12.000Z</time>
        <extensions>
          <ns3:TrackPointExtension>
            <ns3:atemp>32.0</ns3:atemp>
            <ns3:hr>86</ns3:hr>
          </ns3:TrackPointExtension>
        </extensions>
      </trkpt>
      <trkpt lat="23.13922514207661151885986328125" lon="113.25924611650407314300537109375">
        <ele>59.200000762939453125</ele>
        <time>2026-09-05T05:06:19.000Z</time>
        <extensions>
          <ns3:TrackPointExtension>
            <ns3:atemp>32.0</ns3:atemp>
            <ns3:hr>83</ns3:hr>
          </ns3:TrackPointExtension>
        </extensions>
      </trkpt>
      <trkpt lat="23.13922472298145294189453125" lon="113.259246535599231719970703125">
        <ele>59.200000762939453125</ele>
        <time>2026-09-05T05:06:24.000Z</time>
        <extensions>
          <ns3:TrackPointExtension>
            <ns3:atemp>32.0</ns3:atemp>
            <ns3:hr>80</ns3:hr>
          </ns3:TrackPointExtension>
        </extensions>
      </trkpt>
      <trkpt lat="23.13922338187694549560546875" lon="113.25924695469439029693603515625">
        <ele>59.200000762939453125</ele>
        <time>2026-09-05T05:06:27.000Z</time>
        <extensions>
          <ns3:TrackPointExtension>
            <ns3:atemp>32.0</ns3:atemp>
            <ns3:hr>75</ns3:hr>
          </ns3:TrackPointExtension>
        </extensions>
      </trkpt>
      <trkpt lat="23.13922095112502574920654296875" lon="113.25925081036984920501708984375">
        <ele>59</ele>
        <time>2026-09-05T05:06:40.000Z</time>
        <extensions>
          <ns3:TrackPointExtension>
            <ns3:atemp>32.0</ns3:atemp>
            <ns3:hr>78</ns3:hr>
          </ns3:TrackPointExtension>
        </extensions>
      </trkpt>
      <trkpt lat="23.13922095112502574920654296875" lon="113.25925248675048351287841796875">
        <ele>58.799999237060546875</ele>
        <time>2026-09-05T05:06:48.000Z</time>
        <extensions>
          <ns3:TrackPointExtension>
            <ns3:atemp>32.0</ns3:atemp>
            <ns3:hr>80</ns3:hr>
          </ns3:TrackPointExtension>
        </extensions>
      </trkpt>
      <trkpt lat="23.13922111876308917999267578125" lon="113.259252570569515228271484375">
        <ele>58.59999847412109375</ele>
        <time>2026-09-05T05:06:50.000Z</time>
        <extensions>
          <ns3:TrackPointExtension>
            <ns3:atemp>32.0</ns3:atemp>
            <ns3:hr>83</ns3:hr>
          </ns3:TrackPointExtension>
        </extensions>
      </trkpt>
      <trkpt lat="23.13922530971467494964599609375" lon="113.25925315730273723602294921875">
        <ele>58.40000152587890625</ele>
        <time>2026-09-05T05:07:07.000Z</time>
        <extensions>
          <ns3:TrackPointExtension>
            <ns3:atemp>32.0</ns3:atemp>
            <ns3:hr>86</ns3:hr>
          </ns3:TrackPointExtension>
        </extensions>
      </trkpt>
      <trkpt lat="23.139218352735042572021484375" lon="113.25925265438854694366455078125">
        <ele>58.200000762939453125</ele>
        <time>2026-09-05T05:07:32.000Z</time>
        <extensions>
          <ns3:TrackPointExtension>
            <ns3:atemp>32.0</ns3:atemp>
            <ns3:hr>83</ns3:hr>
          </ns3:TrackPointExtension>
        </extensions>
      </trkpt>
      <trkpt lat="23.13920670188963413238525390625" lon="113.25925567187368869781494140625">
        <ele>58</ele>
        <time>2026-09-05T05:07:55.000Z</time>
        <extensions>
          <ns3:TrackPointExtension>
            <ns3:atemp>32.0</ns3:atemp>
            <ns3:hr>80</ns3:hr>
          </ns3:TrackPointExtension>
        </extensions>
      </trkpt>
      <trkpt lat="23.13920133747160434722900390625" lon="113.25925500132143497467041015625">
        <ele>58</ele>
        <time>2026-09-05T05:08:06.000Z</time>
        <extensions>
          <ns3:TrackPointExtension>
            <ns3:atemp>32.0</ns3:atemp>
            <ns3:hr>77</ns3:hr>
          </ns3:TrackPointExtension>
        </extensions>
      </trkpt>
      <trkpt lat="23.13920083455741405487060546875" lon="113.25925491750240325927734375">
        <ele>58</ele>
        <time>2026-09-05T05:08:11.000Z</time>
        <extensions>
          <ns3:TrackPointExtension>
            <ns3:atemp>32.0</ns3:atemp>
            <ns3:hr>74</ns3:hr>
          </ns3:TrackPointExtension>
        </extensions>
      </trkpt>
      <trkpt lat="23.13920083455741405487060546875" lon="113.2592550851404666900634765625">
        <ele>58</ele>
        <time>2026-09-05T05:08:20.000Z</time>
        <extensions>
          <ns3:TrackPointExtension>
            <ns3:atemp>32.0</ns3:atemp>
            <ns3:hr>77</ns3:hr>
          </ns3:TrackPointExtension>
        </extensions>
      </trkpt>
      <trkpt lat="23.13920116983354091644287109375" lon="113.2592550851404666900634765625">
        <ele>58</ele>
        <time>2026-09-05T05:08:24.000Z</time>
        <extensions>
          <ns3:TrackPointExtension>
            <ns3:atemp>32.0</ns3:atemp>
            <ns3:hr>74</ns3:hr>
          </ns3:TrackPointExtension>
        </extensions>
      </trkpt>
      <trkpt lat="23.13920804299414157867431640625" lon="113.25925952754914760589599609375">
        <ele>58.200000762939453125</ele>
        <time>2026-09-05T05:08:54.000Z</time>
        <extensions>
          <ns3:TrackPointExtension>
            <ns3:atemp>32.0</ns3:atemp>
            <ns3:hr>71</ns3:hr>
          </ns3:TrackPointExtension>
        </extensions>
      </trkpt>
      <trkpt lat="23.1392084620893001556396484375" lon="113.25925986282527446746826171875">
        <ele>58.200000762939453125</ele>
        <time>2026-09-05T05:09:03.000Z</time>
        <extensions>
          <ns3:TrackPointExtension>
            <ns3:atemp>32.0</ns3:atemp>
            <ns3:hr>74</ns3:hr>
          </ns3:TrackPointExtension>
        </extensions>
      </trkpt>
      <trkpt lat="23.13920971937477588653564453125" lon="113.2592594437301158905029296875">
        <ele>58.40000152587890625</ele>
        <time>2026-09-05T05:09:10.000Z</time>
        <extensions>
          <ns3:TrackPointExtension>
            <ns3:atemp>32.0</ns3:atemp>
            <ns3:hr>77</ns3:hr>
          </ns3:TrackPointExtension>
        </extensions>
      </trkpt>
      <trkpt lat="23.1392141617834568023681640625" lon="113.2592596113681793212890625">
        <ele>58.59999847412109375</ele>
        <time>2026-09-05T05:09:34.000Z</time>
        <extensions>
          <ns3:TrackPointExtension>
            <ns3:atemp>32.0</ns3:atemp>
            <ns3:hr>80</ns3:hr>
          </ns3:TrackPointExtension>
        </extensions>
      </trkpt>
      <trkpt lat="23.1392201967537403106689453125" lon="113.25925818644464015960693359375">
        <ele>59.200000762939453125</ele>
        <time>2026-09-05T05:10:19.000Z</time>
        <extensions>
          <ns3:TrackPointExtension>
            <ns3:atemp>32.0</ns3:atemp>
            <ns3:hr>83</ns3:hr>
          </ns3:TrackPointExtension>
        </extensions>
      </trkpt>
      <trkpt lat="23.1392200291156768798828125" lon="113.25925835408270359039306640625">
        <ele>59.200000762939453125</ele>
        <time>2026-09-05T05:10:27.000Z</time>
        <extensions>
          <ns3:TrackPointExtension>
            <ns3:atemp>32.0</ns3:atemp>
            <ns3:hr>80</ns3:hr>
          </ns3:TrackPointExtension>
        </extensions>
      </trkpt>
      <trkpt lat="23.139219693839550018310546875" lon="113.25925818644464015960693359375">
        <ele>59.200000762939453125</ele>
        <time>2026-09-05T05:10:34.000Z</time>
        <extensions>
          <ns3:TrackPointExtension>
            <ns3:atemp>32.0</ns3:atemp>
            <ns3:hr>77</ns3:hr>
          </ns3:TrackPointExtension>
        </extensions>
      </trkpt>
      <trkpt lat="23.139223046600818634033203125" lon="113.25925625860691070556640625">
        <ele>59.200000762939453125</ele>
        <time>2026-09-05T05:10:57.000Z</time>
        <extensions>
          <ns3:TrackPointExtension>
            <ns3:atemp>32.0</ns3:atemp>
            <ns3:hr>80</ns3:hr>
          </ns3:TrackPointExtension>
        </extensions>
      </trkpt>
      <trkpt lat="23.13922329805791378021240234375" lon="113.25925617478787899017333984375">
        <ele>59.200000762939453125</ele>
        <time>2026-09-05T05:10:59.000Z</time>
        <extensions>
          <ns3:TrackPointExtension>
            <ns3:atemp>32.0</ns3:atemp>
            <ns3:hr>83</ns3:hr>
          </ns3:TrackPointExtension>
        </extensions>
      </trkpt>
      <trkpt lat="23.139224387705326080322265625" lon="113.2592564262449741363525390625">
        <ele>59.40000152587890625</ele>
        <time>2026-09-05T05:11:05.000Z</time>
        <extensions>
          <ns3:TrackPointExtension>
            <ns3:atemp>32.0</ns3:atemp>
            <ns3:hr>86</ns3:hr>
          </ns3:TrackPointExtension>
        </extensions>
      </trkpt>
      <trkpt lat="23.1392248906195163726806640625" lon="113.2592564262449741363525390625">
        <ele>59.40000152587890625</ele>
        <time>2026-09-05T05:11:10.000Z</time>
        <extensions>
          <ns3:TrackPointExtension>
            <ns3:atemp>32.0</ns3:atemp>
            <ns3:hr>89</ns3:hr>
          </ns3:TrackPointExtension>
        </extensions>
      </trkpt>
      <trkpt lat="23.139225728809833526611328125" lon="113.25925617478787899017333984375">
        <ele>59.40000152587890625</ele>
        <time>2026-09-05T05:11:20.000Z</time>
        <extensions>
          <ns3:TrackPointExtension>
            <ns3:atemp>32.0</ns3:atemp>
            <ns3:hr>86</ns3:hr>
          </ns3:TrackPointExtension>
        </extensions>
      </trkpt>
      <trkpt lat="23.1392258964478969573974609375" lon="113.259255923330783843994140625">
        <ele>59.40000152587890625</ele>
        <time>2026-09-05T05:11:24.000Z</time>
        <extensions>
          <ns3:TrackPointExtension>
            <ns3:atemp>32.0</ns3:atemp>
            <ns3:hr>82</ns3:hr>
          </ns3:TrackPointExtension>
        </extensions>
      </trkpt>
      <trkpt lat="23.13922698609530925750732421875" lon="113.25925533659756183624267578125">
        <ele>59.59999847412109375</ele>
        <time>2026-09-05T05:11:37.000Z</time>
        <extensions>
          <ns3:TrackPointExtension>
            <ns3:atemp>32.0</ns3:atemp>
            <ns3:hr>79</ns3:hr>
          </ns3:TrackPointExtension>
        </extensions>
      </trkpt>
      <trkpt lat="23.13922983594238758087158203125" lon="113.259251229465007781982421875">
        <ele>59.799999237060546875</ele>
        <time>2026-09-05T05:12:11.000Z</time>
        <extensions>
          <ns3:TrackPointExtension>
            <ns3:atemp>32.0</ns3:atemp>
            <ns3:hr>76</ns3:hr>
          </ns3:TrackPointExtension>
        </extensions>
      </trkpt>
      <trkpt lat="23.13923008739948272705078125" lon="113.2592510618269443511962890625">
        <ele>59.799999237060546875</ele>
        <time>2026-09-05T05:12:13.000Z</time>
        <extensions>
          <ns3:TrackPointExtension>
            <ns3:atemp>32.0</ns3:atemp>
            <ns3:hr>72</ns3:hr>
          </ns3:TrackPointExtension>
        </extensions>
      </trkpt>
      <trkpt lat="23.1392305903136730194091796875" lon="113.25925081036984920501708984375">
        <ele>59.799999237060546875</ele>
        <time>2026-09-05T05:12:24.000Z</time>
        <extensions>
          <ns3:TrackPointExtension>
            <ns3:atemp>32.0</ns3:atemp>
            <ns3:hr>71</ns3:hr>
          </ns3:TrackPointExtension>
        </extensions>
      </trkpt>
      <trkpt lat="23.13923100940883159637451171875" lon="113.25925030745565891265869140625">
        <ele>60</ele>
        <time>2026-09-05T05:12:30.000Z</time>
        <extensions>
          <ns3:TrackPointExtension>
            <ns3:atemp>32.0</ns3:atemp>
            <ns3:hr>74</ns3:hr>
          </ns3:TrackPointExtension>
        </extensions>
      </trkpt>
      <trkpt lat="23.1392312608659267425537109375" lon="113.25925013981759548187255859375">
        <ele>60</ele>
        <time>2026-09-05T05:12:32.000Z</time>
        <extensions>
          <ns3:TrackPointExtension>
            <ns3:atemp>32.0</ns3:atemp>
            <ns3:hr>78</ns3:hr>
          </ns3:TrackPointExtension>
        </extensions>
      </trkpt>
      <trkpt lat="23.13923142850399017333984375" lon="113.25924997217953205108642578125">
        <ele>60</ele>
        <time>2026-09-05T05:12:34.000Z</time>
        <extensions>
          <ns3:TrackPointExtension>
            <ns3:atemp>32.0</ns3:atemp>
            <ns3:hr>81</ns3:hr>
          </ns3:TrackPointExtension>
        </extensions>
      </trkpt>
      <trkpt lat="23.13923167996108531951904296875" lon="113.25924963690340518951416015625">
        <ele>60</ele>
        <time>2026-09-05T05:12:37.000Z</time>
        <extensions>
          <ns3:TrackPointExtension>
            <ns3:atemp>32.0</ns3:atemp>
            <ns3:hr>78</ns3:hr>
          </ns3:TrackPointExtension>
        </extensions>
      </trkpt>
      <trkpt lat="23.13923184759914875030517578125" lon="113.2592493854463100433349609375">
        <ele>60</ele>
        <time>2026-09-05T05:12:39.000Z</time>
        <extensions>
          <ns3:TrackPointExtension>
            <ns3:atemp>32.0</ns3:atemp>
            <ns3:hr>75</ns3:hr>
          </ns3:TrackPointExtension>
        </extensions>
      </trkpt>
      <trkpt lat="23.1392326019704341888427734375" lon="113.2592490501701831817626953125">
        <ele>60</ele>
        <time>2026-09-05T05:12:49.000Z</time>
        <extensions>
          <ns3:TrackPointExtension>
            <ns3:atemp>32.0</ns3:atemp>
            <ns3:hr>72</ns3:hr>
          </ns3:TrackPointExtension>
        </extensions>
      </trkpt>
      <trkpt lat="23.13923704437911510467529296875" lon="113.25924879871308803558349609375">
        <ele>60.200000762939453125</ele>
        <time>2026-09-05T05:13:46.000Z</time>
        <extensions>
          <ns3:TrackPointExtension>
            <ns3:atemp>32.0</ns3:atemp>
            <ns3:hr>69</ns3:hr>
          </ns3:TrackPointExtension>
        </extensions>
      </trkpt>
      <trkpt lat="23.1392389722168445587158203125" lon="113.25924762524664402008056640625">
        <ele>60.200000762939453125</ele>
        <time>2026-09-05T05:13:56.000Z</time>
        <extensions>
          <ns3:TrackPointExtension>
            <ns3:atemp>32.0</ns3:atemp>
            <ns3:hr>72</ns3:hr>
          </ns3:TrackPointExtension>
        </extensions>
      </trkpt>
      <trkpt lat="23.13924073241651058197021484375" lon="113.25924552977085113525390625">
        <ele>60.200000762939453125</ele>
        <time>2026-09-05T05:14:22.000Z</time>
        <extensions>
          <ns3:TrackPointExtension>
            <ns3:atemp>33.0</ns3:atemp>
            <ns3:hr>73</ns3:hr>
          </ns3:TrackPointExtension>
        </extensions>
      </trkpt>
      <trkpt lat="23.1392419897019863128662109375" lon="113.25924552977085113525390625">
        <ele>60</ele>
        <time>2026-09-05T05:14:35.000Z</time>
        <extensions>
          <ns3:TrackPointExtension>
            <ns3:atemp>32.0</ns3:atemp>
            <ns3:hr>76</ns3:hr>
          </ns3:TrackPointExtension>
        </extensions>
      </trkpt>
      <trkpt lat="23.139242827892303466796875" lon="113.2592453621327877044677734375">
        <ele>60</ele>
        <time>2026-09-05T05:14:43.000Z</time>
        <extensions>
          <ns3:TrackPointExtension>
            <ns3:atemp>32.0</ns3:atemp>
            <ns3:hr>73</ns3:hr>
          </ns3:TrackPointExtension>
        </extensions>
      </trkpt>
      <trkpt lat="23.13924358226358890533447265625" lon="113.25924552977085113525390625">
        <ele>60</ele>
        <time>2026-09-05T05:14:51.000Z</time>
        <extensions>
          <ns3:TrackPointExtension>
            <ns3:atemp>33.0</ns3:atemp>
            <ns3:hr>76</ns3:hr>
          </ns3:TrackPointExtension>
        </extensions>
      </trkpt>
      <trkpt lat="23.13924626447260379791259765625" lon="113.25924561358988285064697265625">
        <ele>60</ele>
        <time>2026-09-05T05:15:59.000Z</time>
        <extensions>
          <ns3:TrackPointExtension>
            <ns3:atemp>33.0</ns3:atemp>
            <ns3:hr>73</ns3:hr>
          </ns3:TrackPointExtension>
        </extensions>
      </trkpt>
      <trkpt lat="23.13924609683454036712646484375" lon="113.25924552977085113525390625">
        <ele>60</ele>
        <time>2026-09-05T05:16:06.000Z</time>
        <extensions>
          <ns3:TrackPointExtension>
            <ns3:atemp>33.0</ns3:atemp>
            <ns3:hr>70</ns3:hr>
          </ns3:TrackPointExtension>
        </extensions>
      </trkpt>
      <trkpt lat="23.13924525864422321319580078125" lon="113.25924578122794628143310546875">
        <ele>60</ele>
        <time>2026-09-05T05:16:28.000Z</time>
        <extensions>
          <ns3:TrackPointExtension>
            <ns3:atemp>33.0</ns3:atemp>
            <ns3:hr>67</ns3:hr>
          </ns3:TrackPointExtension>
        </extensions>
      </trkpt>
      <trkpt lat="23.1392456777393817901611328125" lon="113.2592460326850414276123046875">
        <ele>60</ele>
        <time>2026-09-05T05:16:43.000Z</time>
        <extensions>
          <ns3:TrackPointExtension>
            <ns3:atemp>33.0</ns3:atemp>
            <ns3:hr>70</ns3:hr>
          </ns3:TrackPointExtension>
        </extensions>
      </trkpt>
      <trkpt lat="23.1392446719110012054443359375" lon="113.25924552977085113525390625">
        <ele>60</ele>
        <time>2026-09-05T05:17:23.000Z</time>
        <extensions>
          <ns3:TrackPointExtension>
            <ns3:atemp>33.0</ns3:atemp>
            <ns3:hr>73</ns3:hr>
          </ns3:TrackPointExtension>
        </extensions>
      </trkpt>
      <trkpt lat="23.13924458809196949005126953125" lon="113.25924578122794628143310546875">
        <ele>60</ele>
        <time>2026-09-05T05:17:27.000Z</time>
        <extensions>
          <ns3:TrackPointExtension>
            <ns3:atemp>33.0</ns3:atemp>
            <ns3:hr>76</ns3:hr>
          </ns3:TrackPointExtension>
        </extensions>
      </trkpt>
      <trkpt lat="23.1392450071871280670166015625" lon="113.25924527831375598907470703125">
        <ele>59.799999237060546875</ele>
        <time>2026-09-05T05:17:46.000Z</time>
        <extensions>
          <ns3:TrackPointExtension>
            <ns3:atemp>33.0</ns3:atemp>
            <ns3:hr>73</ns3:hr>
          </ns3:TrackPointExtension>
        </extensions>
      </trkpt>
      <trkpt lat="23.1392450071871280670166015625" lon="113.25924527831375598907470703125">
        <ele>59.799999237060546875</ele>
        <time>2026-09-05T05:17:57.000Z</time>
        <extensions>
          <ns3:TrackPointExtension>
            <ns3:atemp>33.0</ns3:atemp>
            <ns3:hr>70</ns3:hr>
          </ns3:TrackPointExtension>
        </extensions>
      </trkpt>
      <trkpt lat="23.13924525864422321319580078125" lon="113.25924444012343883514404296875">
        <ele>60</ele>
        <time>2026-09-05T05:18:25.000Z</time>
        <extensions>
          <ns3:TrackPointExtension>
            <ns3:atemp>33.0</ns3:atemp>
            <ns3:hr>73</ns3:hr>
          </ns3:TrackPointExtension>
        </extensions>
      </trkpt>
      <trkpt lat="23.13924525864422321319580078125" lon="113.2592443563044071197509765625">
        <ele>59.799999237060546875</ele>
        <time>2026-09-05T05:18:27.000Z</time>
        <extensions>
          <ns3:TrackPointExtension>
            <ns3:atemp>33.0</ns3:atemp>
            <ns3:hr>76</ns3:hr>
          </ns3:TrackPointExtension>
        </extensions>
      </trkpt>
      <trkpt lat="23.139245510101318359375" lon="113.2592443563044071197509765625">
        <ele>59.799999237060546875</ele>
        <time>2026-09-05T05:18:31.000Z</time>
        <extensions>
          <ns3:TrackPointExtension>
            <ns3:atemp>33.0</ns3:atemp>
            <ns3:hr>79</ns3:hr>
          </ns3:TrackPointExtension>
        </extensions>
      </trkpt>
      <trkpt lat="23.1392456777393817901611328125" lon="113.25924418866634368896484375">
        <ele>59.799999237060546875</ele>
        <time>2026-09-05T05:18:58.000Z</time>
        <extensions>
          <ns3:TrackPointExtension>
            <ns3:atemp>33.0</ns3:atemp>
            <ns3:hr>76</ns3:hr>
          </ns3:TrackPointExtension>
        </extensions>
      </trkpt>
      <trkpt lat="23.139245845377445220947265625" lon="113.25924410484731197357177734375">
        <ele>59.59999847412109375</ele>
        <time>2026-09-05T05:19:05.000Z</time>
        <extensions>
          <ns3:TrackPointExtension>
            <ns3:atemp>33.0</ns3:atemp>
            <ns3:hr>79</ns3:hr>
          </ns3:TrackPointExtension>
        </extensions>
      </trkpt>
      <trkpt lat="23.13924592919647693634033203125" lon="113.25924418866634368896484375">
        <ele>59.59999847412109375</ele>
        <time>2026-09-05T05:19:09.000Z</time>
        <extensions>
          <ns3:TrackPointExtension>
            <ns3:atemp>33.0</ns3:atemp>
            <ns3:hr>82</ns3:hr>
          </ns3:TrackPointExtension>
        </extensions>
      </trkpt>
      <trkpt lat="23.13924609683454036712646484375" lon="113.25924418866634368896484375">
        <ele>59.59999847412109375</ele>
        <time>2026-09-05T05:19:15.000Z</time>
        <extensions>
          <ns3:TrackPointExtension>
            <ns3:atemp>33.0</ns3:atemp>
            <ns3:hr>79</ns3:hr>
          </ns3:TrackPointExtension>
        </extensions>
      </trkpt>
      <trkpt lat="23.13924609683454036712646484375" lon="113.25924418866634368896484375">
        <ele>59.59999847412109375</ele>
        <time>2026-09-05T05:19:19.000Z</time>
        <extensions>
          <ns3:TrackPointExtension>
            <ns3:atemp>33.0</ns3:atemp>
            <ns3:hr>76</ns3:hr>
          </ns3:TrackPointExtension>
        </extensions>
      </trkpt>
      <trkpt lat="23.13924618065357208251953125" lon="113.2592443563044071197509765625">
        <ele>59.59999847412109375</ele>
        <time>2026-09-05T05:19:24.000Z</time>
        <extensions>
          <ns3:TrackPointExtension>
            <ns3:atemp>33.0</ns3:atemp>
            <ns3:hr>73</ns3:hr>
          </ns3:TrackPointExtension>
        </extensions>
      </trkpt>
      <trkpt lat="23.13924618065357208251953125" lon="113.25924444012343883514404296875">
        <ele>59.59999847412109375</ele>
        <time>2026-09-05T05:19:31.000Z</time>
        <extensions>
          <ns3:TrackPointExtension>
            <ns3:atemp>33.0</ns3:atemp>
            <ns3:hr>73</ns3:hr>
          </ns3:TrackPointExtension>
        </extensions>
      </trkpt>
      <trkpt lat="23.1392463482916355133056640625" lon="113.25924444012343883514404296875">
        <ele>59.59999847412109375</ele>
        <time>2026-09-05T05:19:39.000Z</time>
        <extensions>
          <ns3:TrackPointExtension>
            <ns3:atemp>33.0</ns3:atemp>
            <ns3:hr>69</ns3:hr>
          </ns3:TrackPointExtension>
        </extensions>
      </trkpt>
      <trkpt lat="23.1392466835677623748779296875" lon="113.2592443563044071197509765625">
        <ele>59.59999847412109375</ele>
        <time>2026-09-05T05:19:44.000Z</time>
        <extensions>
          <ns3:TrackPointExtension>
            <ns3:atemp>33.0</ns3:atemp>
            <ns3:hr>66</ns3:hr>
          </ns3:TrackPointExtension>
        </extensions>
      </trkpt>
      <trkpt lat="23.13924777321517467498779296875" lon="113.25924418866634368896484375">
        <ele>59.59999847412109375</ele>
        <time>2026-09-05T05:20:04.000Z</time>
        <extensions>
          <ns3:TrackPointExtension>
            <ns3:atemp>33.0</ns3:atemp>
            <ns3:hr>69</ns3:hr>
          </ns3:TrackPointExtension>
        </extensions>
      </trkpt>
      <trkpt lat="23.139247857034206390380859375" lon="113.25924410484731197357177734375">
        <ele>59.59999847412109375</ele>
        <time>2026-09-05T05:20:08.000Z</time>
        <extensions>
          <ns3:TrackPointExtension>
            <ns3:atemp>33.0</ns3:atemp>
            <ns3:hr>72</ns3:hr>
          </ns3:TrackPointExtension>
        </extensions>
      </trkpt>
      <trkpt lat="23.1392490305006504058837890625" lon="113.25924309901893138885498046875">
        <ele>59.40000152587890625</ele>
        <time>2026-09-05T05:20:43.000Z</time>
        <extensions>
          <ns3:TrackPointExtension>
            <ns3:atemp>33.0</ns3:atemp>
            <ns3:hr>75</ns3:hr>
          </ns3:TrackPointExtension>
        </extensions>
      </trkpt>
      <trkpt lat="23.13924978487193584442138671875" lon="113.25924259610474109649658203125">
        <ele>59.40000152587890625</ele>
        <time>2026-09-05T05:21:13.000Z</time>
        <extensions>
          <ns3:TrackPointExtension>
            <ns3:atemp>33.0</ns3:atemp>
            <ns3:hr>72</ns3:hr>
          </ns3:TrackPointExtension>
        </extensions>
      </trkpt>
      <trkpt lat="23.139249868690967559814453125" lon="113.25924242846667766571044921875">
        <ele>59.40000152587890625</ele>
        <time>2026-09-05T05:21:16.000Z</time>
        <extensions>
          <ns3:TrackPointExtension>
            <ns3:atemp>33.0</ns3:atemp>
            <ns3:hr>75</ns3:hr>
          </ns3:TrackPointExtension>
        </extensions>
      </trkpt>
      <trkpt lat="23.1392497010529041290283203125" lon="113.2592423446476459503173828125">
        <ele>60</ele>
        <time>2026-09-05T05:21:24.000Z</time>
        <extensions>
          <ns3:TrackPointExtension>
            <ns3:atemp>33.0</ns3:atemp>
            <ns3:hr>71</ns3:hr>
          </ns3:TrackPointExtension>
        </extensions>
      </trkpt>
      <trkpt lat="23.1392497010529041290283203125" lon="113.2592423446476459503173828125">
        <ele>60</ele>
        <time>2026-09-05T05:21:25.000Z</time>
        <extensions>
          <ns3:TrackPointExtension>
            <ns3:atemp>33.0</ns3:atemp>
            <ns3:hr>74</ns3:hr>
          </ns3:TrackPointExtension>
        </extensions>
      </trkpt>
      <trkpt lat="23.13925012014806270599365234375" lon="113.2592423446476459503173828125">
        <ele>59.799999237060546875</ele>
        <time>2026-09-05T05:21:33.000Z</time>
        <extensions>
          <ns3:TrackPointExtension>
            <ns3:atemp>33.0</ns3:atemp>
            <ns3:hr>77</ns3:hr>
          </ns3:TrackPointExtension>
        </extensions>
      </trkpt>
      <trkpt lat="23.13927702605724334716796875" lon="113.259272016584873199462890625">
        <ele>59.59999847412109375</ele>
        <time>2026-09-05T05:21:48.000Z</time>
        <extensions>
          <ns3:TrackPointExtension>
            <ns3:atemp>33.0</ns3:atemp>
            <ns3:hr>81</ns3:hr>
          </ns3:TrackPointExtension>
        </extensions>
      </trkpt>
      <trkpt lat="23.13930594362318515777587890625" lon="113.2593006826937198638916015625">
        <ele>59.59999847412109375</ele>
        <time>2026-09-05T05:21:50.000Z</time>
        <extensions>
          <ns3:TrackPointExtension>
            <ns3:atemp>33.0</ns3:atemp>
            <ns3:hr>78</ns3:hr>
          </ns3:TrackPointExtension>
        </extensions>
      </trkpt>
      <trkpt lat="23.13935388810932636260986328125" lon="113.2593429274857044219970703125">
        <ele>59.59999847412109375</ele>
        <time>2026-09-05T05:21:53.000Z</time>
        <extensions>
          <ns3:TrackPointExtension>
            <ns3:atemp>33.0</ns3:atemp>
            <ns3:hr>81</ns3:hr>
          </ns3:TrackPointExtension>
        </extensions>
      </trkpt>
      <trkpt lat="23.13942748121917247772216796875" lon="113.25941375456750392913818359375">
        <ele>59.200000762939453125</ele>
        <time>2026-09-05T05:22:00.000Z</time>
        <extensions>
          <ns3:TrackPointExtension>
            <ns3:atemp>33.0</ns3:atemp>
            <ns3:hr>81</ns3:hr>
          </ns3:TrackPointExtension>
        </extensions>
      </trkpt>
      <trkpt lat="23.139475174248218536376953125" lon="113.2594324462115764617919921875">
        <ele>59</ele>
        <time>2026-09-05T05:22:07.000Z</time>
        <extensions>
          <ns3:TrackPointExtension>
            <ns3:atemp>33.0</ns3:atemp>
            <ns3:hr>86</ns3:hr>
          </ns3:TrackPointExtension>
        </extensions>
      </trkpt>
      <trkpt lat="23.1394830532371997833251953125" lon="113.25943605042994022369384765625">
        <ele>59</ele>
        <time>2026-09-05T05:22:08.000Z</time>
        <extensions>
          <ns3:TrackPointExtension>
            <ns3:atemp>33.0</ns3:atemp>
            <ns3:hr>84</ns3:hr>
          </ns3:TrackPointExtension>
        </extensions>
      </trkpt>
      <trkpt lat="23.139487244188785552978515625" lon="113.25943973846733570098876953125">
        <ele>59</ele>
        <time>2026-09-05T05:22:09.000Z</time>
        <extensions>
          <ns3:TrackPointExtension>
            <ns3:atemp>33.0</ns3:atemp>
            <ns3:hr>87</ns3:hr>
          </ns3:TrackPointExtension>
        </extensions>
      </trkpt>
      <trkpt lat="23.1395068578422069549560546875" lon="113.25945449061691761016845703125">
        <ele>59</ele>
        <time>2026-09-05T05:22:12.000Z</time>
        <extensions>
          <ns3:TrackPointExtension>
            <ns3:atemp>33.0</ns3:atemp>
            <ns3:hr>92</ns3:hr>
          </ns3:TrackPointExtension>
        </extensions>
      </trkpt>
      <trkpt lat="23.13953175209462642669677734375" lon="113.25947754085063934326171875">
        <ele>58.799999237060546875</ele>
        <time>2026-09-05T05:22:19.000Z</time>
        <extensions>
          <ns3:TrackPointExtension>
            <ns3:atemp>33.0</ns3:atemp>
            <ns3:hr>95</ns3:hr>
          </ns3:TrackPointExtension>
        </extensions>
      </trkpt>
      <trkpt lat="23.13954717479646205902099609375" lon="113.2594981603324413299560546875">
        <ele>58.799999237060546875</ele>
        <time>2026-09-05T05:22:24.000Z</time>
        <extensions>
          <ns3:TrackPointExtension>
            <ns3:atemp>33.0</ns3:atemp>
            <ns3:hr>97</ns3:hr>
          </ns3:TrackPointExtension>
        </extensions>
      </trkpt>
      <trkpt lat="23.139572404325008392333984375" lon="113.25949556194245815277099609375">
        <ele>58.59999847412109375</ele>
        <time>2026-09-05T05:22:27.000Z</time>
        <extensions>
          <ns3:TrackPointExtension>
            <ns3:atemp>33.0</ns3:atemp>
            <ns3:hr>98</ns3:hr>
          </ns3:TrackPointExtension>
        </extensions>
      </trkpt>
      <trkpt lat="23.13959813676774501800537109375" lon="113.25949841178953647613525390625">
        <ele>58.40000152587890625</ele>
        <time>2026-09-05T05:22:32.000Z</time>
        <extensions>
          <ns3:TrackPointExtension>
            <ns3:atemp>33.0</ns3:atemp>
            <ns3:hr>101</ns3:hr>
          </ns3:TrackPointExtension>
        </extensions>
      </trkpt>
      <trkpt lat="23.139611966907978057861328125" lon="113.25953185558319091796875">
        <ele>58.59999847412109375</ele>
        <time>2026-09-05T05:22:37.000Z</time>
        <extensions>
          <ns3:TrackPointExtension>
            <ns3:atemp>33.0</ns3:atemp>
            <ns3:hr>101</ns3:hr>
          </ns3:TrackPointExtension>
        </extensions>
      </trkpt>
      <trkpt lat="23.1397784315049648284912109375" lon="113.25968583114445209503173828125">
        <ele>58.59999847412109375</ele>
        <time>2026-09-05T05:23:14.000Z</time>
        <extensions>
          <ns3:TrackPointExtension>
            <ns3:atemp>33.0</ns3:atemp>
            <ns3:hr>84</ns3:hr>
          </ns3:TrackPointExtension>
        </extensions>
      </trkpt>
      <trkpt lat="23.13979896716773509979248046875" lon="113.25971114449203014373779296875">
        <ele>58.40000152587890625</ele>
        <time>2026-09-05T05:23:24.000Z</time>
        <extensions>
          <ns3:TrackPointExtension>
            <ns3:atemp>33.0</ns3:atemp>
            <ns3:hr>85</ns3:hr>
          </ns3:TrackPointExtension>
        </extensions>
      </trkpt>
      <trkpt lat="23.1398119591176509857177734375" lon="113.25972002930939197540283203125">
        <ele>58.40000152587890625</ele>
        <time>2026-09-05T05:23:27.000Z</time>
        <extensions>
          <ns3:TrackPointExtension>
            <ns3:atemp>33.0</ns3:atemp>
            <ns3:hr>88</ns3:hr>
          </ns3:TrackPointExtension>
        </extensions>
      </trkpt>
      <trkpt lat="23.13982243649661540985107421875" lon="113.25972832739353179931640625">
        <ele>58.40000152587890625</ele>
        <time>2026-09-05T05:23:29.000Z</time>
        <extensions>
          <ns3:TrackPointExtension>
            <ns3:atemp>33.0</ns3:atemp>
            <ns3:hr>85</ns3:hr>
          </ns3:TrackPointExtension>
        </extensions>
      </trkpt>
      <trkpt lat="23.13984163105487823486328125" lon="113.25975489802658557891845703125">
        <ele>58.40000152587890625</ele>
        <time>2026-09-05T05:23:33.000Z</time>
        <extensions>
          <ns3:TrackPointExtension>
            <ns3:atemp>33.0</ns3:atemp>
            <ns3:hr>82</ns3:hr>
          </ns3:TrackPointExtension>
        </extensions>
      </trkpt>
      <trkpt lat="23.1398927606642246246337890625" lon="113.2597895152866840362548828125">
        <ele>58.200000762939453125</ele>
        <time>2026-09-05T05:23:41.000Z</time>
        <extensions>
          <ns3:TrackPointExtension>
            <ns3:atemp>33.0</ns3:atemp>
            <ns3:hr>80</ns3:hr>
          </ns3:TrackPointExtension>
        </extensions>
      </trkpt>
      <trkpt lat="23.1399336643517017364501953125" lon="113.25984726659953594207763671875">
        <ele>58.200000762939453125</ele>
        <time>2026-09-05T05:23:49.000Z</time>
        <extensions>
          <ns3:TrackPointExtension>
            <ns3:atemp>33.0</ns3:atemp>
            <ns3:hr>83</ns3:hr>
          </ns3:TrackPointExtension>
        </extensions>
      </trkpt>
      <trkpt lat="23.13994489610195159912109375" lon="113.2598579116165637969970703125">
        <ele>58.200000762939453125</ele>
        <time>2026-09-05T05:23:51.000Z</time>
        <extensions>
          <ns3:TrackPointExtension>
            <ns3:atemp>33.0</ns3:atemp>
            <ns3:hr>84</ns3:hr>
          </ns3:TrackPointExtension>
        </extensions>
      </trkpt>
      <trkpt lat="23.13996777869760990142822265625" lon="113.259888924658298492431640625">
        <ele>58.200000762939453125</ele>
        <time>2026-09-05T05:23:56.000Z</time>
        <extensions>
          <ns3:TrackPointExtension>
            <ns3:atemp>33.0</ns3:atemp>
            <ns3:hr>87</ns3:hr>
          </ns3:TrackPointExtension>
        </extensions>
      </trkpt>
      <trkpt lat="23.13998152501881122589111328125" lon="113.259903006255626678466796875">
        <ele>58.200000762939453125</ele>
        <time>2026-09-05T05:23:58.000Z</time>
        <extensions>
          <ns3:TrackPointExtension>
            <ns3:atemp>33.0</ns3:atemp>
            <ns3:hr>90</ns3:hr>
          </ns3:TrackPointExtension>
        </extensions>
      </trkpt>
      <trkpt lat="23.14000147394835948944091796875" lon="113.25991381891071796417236328125">
        <ele>58</ele>
        <time>2026-09-05T05:24:00.000Z</time>
        <extensions>
          <ns3:TrackPointExtension>
            <ns3:atemp>33.0</ns3:atemp>
            <ns3:hr>93</ns3:hr>
          </ns3:TrackPointExtension>
        </extensions>
      </trkpt>
      <trkpt lat="23.14003684557974338531494140625" lon="113.259936533868312835693359375">
        <ele>57.799999237060546875</ele>
        <time>2026-09-05T05:24:04.000Z</time>
        <extensions>
          <ns3:TrackPointExtension>
            <ns3:atemp>33.0</ns3:atemp>
            <ns3:hr>97</ns3:hr>
          </ns3:TrackPointExtension>
        </extensions>
      </trkpt>
      <trkpt lat="23.14006081782281398773193359375" lon="113.25995421968400478363037109375">
        <ele>57.799999237060546875</ele>
        <time>2026-09-05T05:24:07.000Z</time>
        <extensions>
          <ns3:TrackPointExtension>
            <ns3:atemp>33.0</ns3:atemp>
            <ns3:hr>100</ns3:hr>
          </ns3:TrackPointExtension>
        </extensions>
      </trkpt>
      <trkpt lat="23.14008772373199462890625" lon="113.25996561907231807708740234375">
        <ele>57.799999237060546875</ele>
        <time>2026-09-05T05:24:10.000Z</time>
        <extensions>
          <ns3:TrackPointExtension>
            <ns3:atemp>33.0</ns3:atemp>
            <ns3:hr>102</ns3:hr>
          </ns3:TrackPointExtension>
        </extensions>
      </trkpt>
      <trkpt lat="23.14008277840912342071533203125" lon="113.25998372398316860198974609375">
        <ele>58.200000762939453125</ele>
        <time>2026-09-05T05:24:17.000Z</time>
        <extensions>
          <ns3:TrackPointExtension>
            <ns3:atemp>33.0</ns3:atemp>
            <ns3:hr>103</ns3:hr>
          </ns3:TrackPointExtension>
        </extensions>
      </trkpt>
      <trkpt lat="23.14006584696471691131591796875" lon="113.2599963806569576263427734375">
        <ele>58</ele>
        <time>2026-09-05T05:24:29.000Z</time>
        <extensions>
          <ns3:TrackPointExtension>
            <ns3:atemp>33.0</ns3:atemp>
            <ns3:hr>101</ns3:hr>
          </ns3:TrackPointExtension>
        </extensions>
      </trkpt>
      <trkpt lat="23.14006584696471691131591796875" lon="113.2599963806569576263427734375">
        <ele>58</ele>
        <time>2026-09-05T05:24:33.000Z</time>
        <extensions>
          <ns3:TrackPointExtension>
            <ns3:atemp>33.0</ns3:atemp>
            <ns3:hr>104</ns3:hr>
          </ns3:TrackPointExtension>
        </extensions>
      </trkpt>
      <trkpt lat="23.14006584696471691131591796875" lon="113.2599963806569576263427734375">
        <ele>58</ele>
        <time>2026-09-05T05:24:34.000Z</time>
        <extensions>
          <ns3:TrackPointExtension>
            <ns3:atemp>33.0</ns3:atemp>
            <ns3:hr>100</ns3:hr>
          </ns3:TrackPointExtension>
        </extensions>
      </trkpt>
      <trkpt lat="23.140036426484584808349609375" lon="113.260096795856952667236328125">
        <ele>57.799999237060546875</ele>
        <time>2026-09-05T05:25:02.000Z</time>
        <extensions>
          <ns3:TrackPointExtension>
            <ns3:atemp>33.0</ns3:atemp>
            <ns3:hr>101</ns3:hr>
          </ns3:TrackPointExtension>
        </extensions>
      </trkpt>
      <trkpt lat="23.1400493346154689788818359375" lon="113.260114900767803192138671875">
        <ele>57.799999237060546875</ele>
        <time>2026-09-05T05:25:09.000Z</time>
        <extensions>
          <ns3:TrackPointExtension>
            <ns3:atemp>33.0</ns3:atemp>
            <ns3:hr>96</ns3:hr>
          </ns3:TrackPointExtension>
        </extensions>
      </trkpt>
      <trkpt lat="23.1400577165186405181884765625" lon="113.260154463350772857666015625">
        <ele>57.799999237060546875</ele>
        <time>2026-09-05T05:25:14.000Z</time>
        <extensions>
          <ns3:TrackPointExtension>
            <ns3:atemp>33.0</ns3:atemp>
            <ns3:hr>98</ns3:hr>
          </ns3:TrackPointExtension>
        </extensions>
      </trkpt>
      <trkpt lat="23.1400701217353343963623046875" lon="113.2601650245487689971923828125">
        <ele>57.799999237060546875</ele>
        <time>2026-09-05T05:25:16.000Z</time>
        <extensions>
          <ns3:TrackPointExtension>
            <ns3:atemp>33.0</ns3:atemp>
            <ns3:hr>98</ns3:hr>
          </ns3:TrackPointExtension>
        </extensions>
      </trkpt>
      <trkpt lat="23.14007691107690334320068359375" lon="113.2601536251604557037353515625">
        <ele>57.799999237060546875</ele>
        <time>2026-09-05T05:25:20.000Z</time>
        <extensions>
          <ns3:TrackPointExtension>
            <ns3:atemp>33.0</ns3:atemp>
            <ns3:hr>100</ns3:hr>
          </ns3:TrackPointExtension>
        </extensions>
      </trkpt>
      <trkpt lat="23.14007825218141078948974609375" lon="113.26016477309167385101318359375">
        <ele>57.799999237060546875</ele>
        <time>2026-09-05T05:25:21.000Z</time>
        <extensions>
          <ns3:TrackPointExtension>
            <ns3:atemp>33.0</ns3:atemp>
            <ns3:hr>96</ns3:hr>
          </ns3:TrackPointExtension>
        </extensions>
      </trkpt>
      <trkpt lat="23.14009702764451503753662109375" lon="113.2601559720933437347412109375">
        <ele>57.799999237060546875</ele>
        <time>2026-09-05T05:25:25.000Z</time>
        <extensions>
          <ns3:TrackPointExtension>
            <ns3:atemp>33.0</ns3:atemp>
            <ns3:hr>96</ns3:hr>
          </ns3:TrackPointExtension>
        </extensions>
      </trkpt>
      <trkpt lat="23.1401173956692218780517578125" lon="113.26019503176212310791015625">
        <ele>57.59999847412109375</ele>
        <time>2026-09-05T05:25:30.000Z</time>
        <extensions>
          <ns3:TrackPointExtension>
            <ns3:atemp>33.0</ns3:atemp>
            <ns3:hr>95</ns3:hr>
          </ns3:TrackPointExtension>
        </extensions>
      </trkpt>
      <trkpt lat="23.14009048976004123687744140625" lon="113.26015974394977092742919921875">
        <ele>57.59999847412109375</ele>
        <time>2026-09-05T05:25:35.000Z</time>
        <extensions>
          <ns3:TrackPointExtension>
            <ns3:atemp>33.0</ns3:atemp>
            <ns3:hr>93</ns3:hr>
          </ns3:TrackPointExtension>
        </extensions>
      </trkpt>
      <trkpt lat="23.1400915794074535369873046875" lon="113.2601807825267314910888671875">
        <ele>57.59999847412109375</ele>
        <time>2026-09-05T05:25:39.000Z</time>
        <extensions>
          <ns3:TrackPointExtension>
            <ns3:atemp>33.0</ns3:atemp>
            <ns3:hr>94</ns3:hr>
          </ns3:TrackPointExtension>
        </extensions>
      </trkpt>
      <trkpt lat="23.1400932557880878448486328125" lon="113.26017986051738262176513671875">
        <ele>57.59999847412109375</ele>
        <time>2026-09-05T05:25:43.000Z</time>
        <extensions>
          <ns3:TrackPointExtension>
            <ns3:atemp>33.0</ns3:atemp>
            <ns3:hr>91</ns3:hr>
          </ns3:TrackPointExtension>
        </extensions>
      </trkpt>
      <trkpt lat="23.14011362381279468536376953125" lon="113.26018488965928554534912109375">
        <ele>57.59999847412109375</ele>
        <time>2026-09-05T05:25:46.000Z</time>
        <extensions>
          <ns3:TrackPointExtension>
            <ns3:atemp>33.0</ns3:atemp>
            <ns3:hr>91</ns3:hr>
          </ns3:TrackPointExtension>
        </extensions>
      </trkpt>
      <trkpt lat="23.1401207484304904937744140625" lon="113.26018698513507843017578125">
        <ele>57.59999847412109375</ele>
        <time>2026-09-05T05:25:48.000Z</time>
        <extensions>
          <ns3:TrackPointExtension>
            <ns3:atemp>33.0</ns3:atemp>
            <ns3:hr>87</ns3:hr>
          </ns3:TrackPointExtension>
        </extensions>
      </trkpt>
      <trkpt lat="23.14011177979409694671630859375" lon="113.26018354855477809906005859375">
        <ele>57.799999237060546875</ele>
        <time>2026-09-05T05:25:51.000Z</time>
        <extensions>
          <ns3:TrackPointExtension>
            <ns3:atemp>33.0</ns3:atemp>
            <ns3:hr>90</ns3:hr>
          </ns3:TrackPointExtension>
        </extensions>
      </trkpt>
      <trkpt lat="23.140124268829822540283203125" lon="113.26018958352506160736083984375">
        <ele>57.799999237060546875</ele>
        <time>2026-09-05T05:25:53.000Z</time>
        <extensions>
          <ns3:TrackPointExtension>
            <ns3:atemp>33.0</ns3:atemp>
            <ns3:hr>87</ns3:hr>
          </ns3:TrackPointExtension>
        </extensions>
      </trkpt>
      <trkpt lat="23.140136338770389556884765625" lon="113.26019997708499431610107421875">
        <ele>57.59999847412109375</ele>
        <time>2026-09-05T05:25:59.000Z</time>
        <extensions>
          <ns3:TrackPointExtension>
            <ns3:atemp>33.0</ns3:atemp>
            <ns3:hr>86</ns3:hr>
          </ns3:TrackPointExtension>
        </extensions>
      </trkpt>
      <trkpt lat="23.1401408649981021881103515625" lon="113.26019863598048686981201171875">
        <ele>57.59999847412109375</ele>
        <time>2026-09-05T05:26:10.000Z</time>
        <extensions>
          <ns3:TrackPointExtension>
            <ns3:atemp>33.0</ns3:atemp>
            <ns3:hr>83</ns3:hr>
          </ns3:TrackPointExtension>
        </extensions>
      </trkpt>
      <trkpt lat="23.1401408649981021881103515625" lon="113.26019863598048686981201171875">
        <ele>57.59999847412109375</ele>
        <time>2026-09-05T05:26:15.000Z</time>
        <extensions>
          <ns3:TrackPointExtension>
            <ns3:atemp>33.0</ns3:atemp>
            <ns3:hr>80</ns3:hr>
          </ns3:TrackPointExtension>
        </extensions>
      </trkpt>
      <trkpt lat="23.14018227159976959228515625" lon="113.26021171174943447113037109375">
        <ele>57.59999847412109375</ele>
        <time>2026-09-05T05:26:46.000Z</time>
        <extensions>
          <ns3:TrackPointExtension>
            <ns3:atemp>33.0</ns3:atemp>
            <ns3:hr>77</ns3:hr>
          </ns3:TrackPointExtension>
        </extensions>
      </trkpt>
      <trkpt lat="23.14022225327789783477783203125" lon="113.2602065987884998321533203125">
        <ele>57.200000762939453125</ele>
        <time>2026-09-05T05:27:23.000Z</time>
        <extensions>
          <ns3:TrackPointExtension>
            <ns3:atemp>34.0</ns3:atemp>
            <ns3:hr>77</ns3:hr>
          </ns3:TrackPointExtension>
        </extensions>
      </trkpt>
      <trkpt lat="23.14022476784884929656982421875" lon="113.26020567677915096282958984375">
        <ele>57.200000762939453125</ele>
        <time>2026-09-05T05:27:39.000Z</time>
        <extensions>
          <ns3:TrackPointExtension>
            <ns3:atemp>34.0</ns3:atemp>
            <ns3:hr>80</ns3:hr>
          </ns3:TrackPointExtension>
        </extensions>
      </trkpt>
      <trkpt lat="23.14021856524050235748291015625" lon="113.26027642004191875457763671875">
        <ele>57</ele>
        <time>2026-09-05T05:27:56.000Z</time>
        <extensions>
          <ns3:TrackPointExtension>
            <ns3:atemp>34.0</ns3:atemp>
            <ns3:hr>81</ns3:hr>
          </ns3:TrackPointExtension>
        </extensions>
      </trkpt>
      <trkpt lat="23.14021303318440914154052734375" lon="113.26036392711102962493896484375">
        <ele>57</ele>
        <time>2026-09-05T05:28:02.000Z</time>
        <extensions>
          <ns3:TrackPointExtension>
            <ns3:atemp>34.0</ns3:atemp>
            <ns3:hr>81</ns3:hr>
          </ns3:TrackPointExtension>
        </extensions>
      </trkpt>
      <trkpt lat="23.14022527076303958892822265625" lon="113.2603551261126995086669921875">
        <ele>57</ele>
        <time>2026-09-05T05:28:03.000Z</time>
        <extensions>
          <ns3:TrackPointExtension>
            <ns3:atemp>34.0</ns3:atemp>
            <ns3:hr>81</ns3:hr>
          </ns3:TrackPointExtension>
        </extensions>
      </trkpt>
      <trkpt lat="23.140229545533657073974609375" lon="113.26034917496144771575927734375">
        <ele>57.40000152587890625</ele>
        <time>2026-09-05T05:28:07.000Z</time>
        <extensions>
          <ns3:TrackPointExtension>
            <ns3:atemp>34.0</ns3:atemp>
            <ns3:hr>83</ns3:hr>
          </ns3:TrackPointExtension>
        </extensions>
      </trkpt>
      <trkpt lat="23.14024262130260467529296875" lon="113.26034615747630596160888671875">
        <ele>57.40000152587890625</ele>
        <time>2026-09-05T05:28:08.000Z</time>
        <extensions>
          <ns3:TrackPointExtension>
            <ns3:atemp>34.0</ns3:atemp>
            <ns3:hr>85</ns3:hr>
          </ns3:TrackPointExtension>
        </extensions>
      </trkpt>
      <trkpt lat="23.14024253748357295989990234375" lon="113.26034657657146453857421875">
        <ele>57.200000762939453125</ele>
        <time>2026-09-05T05:28:15.000Z</time>
        <extensions>
          <ns3:TrackPointExtension>
            <ns3:atemp>34.0</ns3:atemp>
            <ns3:hr>88</ns3:hr>
          </ns3:TrackPointExtension>
        </extensions>
      </trkpt>
      <trkpt lat="23.14024236984550952911376953125" lon="113.26030592434108257293701171875">
        <ele>57.40000152587890625</ele>
        <time>2026-09-05T05:28:21.000Z</time>
        <extensions>
          <ns3:TrackPointExtension>
            <ns3:atemp>34.0</ns3:atemp>
            <ns3:hr>90</ns3:hr>
          </ns3:TrackPointExtension>
        </extensions>
      </trkpt>
      <trkpt lat="23.14027857966721057891845703125" lon="113.26025462709367275238037109375">
        <ele>58.40000152587890625</ele>
        <time>2026-09-05T05:28:27.000Z</time>
        <extensions>
          <ns3:TrackPointExtension>
            <ns3:atemp>34.0</ns3:atemp>
            <ns3:hr>90</ns3:hr>
          </ns3:TrackPointExtension>
        </extensions>
      </trkpt>
      <trkpt lat="23.14028712920844554901123046875" lon="113.2602659426629543304443359375">
        <ele>58.40000152587890625</ele>
        <time>2026-09-05T05:28:32.000Z</time>
        <extensions>
          <ns3:TrackPointExtension>
            <ns3:atemp>34.0</ns3:atemp>
            <ns3:hr>90</ns3:hr>
          </ns3:TrackPointExtension>
        </extensions>
      </trkpt>
      <trkpt lat="23.14028595574200153350830078125" lon="113.260256387293338775634765625">
        <ele>58.59999847412109375</ele>
        <time>2026-09-05T05:28:40.000Z</time>
        <extensions>
          <ns3:TrackPointExtension>
            <ns3:atemp>34.0</ns3:atemp>
            <ns3:hr>90</ns3:hr>
          </ns3:TrackPointExtension>
        </extensions>
      </trkpt>
      <trkpt lat="23.14028595574200153350830078125" lon="113.260256387293338775634765625">
        <ele>59</ele>
        <time>2026-09-05T05:28:43.000Z</time>
        <extensions>
          <ns3:TrackPointExtension>
            <ns3:atemp>34.0</ns3:atemp>
            <ns3:hr>90</ns3:hr>
          </ns3:TrackPointExtension>
        </extensions>
      </trkpt>
      <trkpt lat="23.14028595574200153350830078125" lon="113.260256387293338775634765625">
        <ele>60.200000762939453125</ele>
        <time>2026-09-05T05:28:47.000Z</time>
        <extensions>
          <ns3:TrackPointExtension>
            <ns3:atemp>34.0</ns3:atemp>
            <ns3:hr>88</ns3:hr>
          </ns3:TrackPointExtension>
        </extensions>
      </trkpt>
      <trkpt lat="23.14028595574200153350830078125" lon="113.2602654397487640380859375">
        <ele>61</ele>
        <time>2026-09-05T05:28:58.000Z</time>
        <extensions>
          <ns3:TrackPointExtension>
            <ns3:atemp>34.0</ns3:atemp>
            <ns3:hr>91</ns3:hr>
          </ns3:TrackPointExtension>
        </extensions>
      </trkpt>
      <trkpt lat="23.14028679393231868743896484375" lon="113.2602827064692974090576171875">
        <ele>61.200000762939453125</ele>
        <time>2026-09-05T05:29:02.000Z</time>
        <extensions>
          <ns3:TrackPointExtension>
            <ns3:atemp>34.0</ns3:atemp>
            <ns3:hr>94</ns3:hr>
          </ns3:TrackPointExtension>
        </extensions>
      </trkpt>
      <trkpt lat="23.14034295268356800079345703125" lon="113.26030542142689228057861328125">
        <ele>61.799999237060546875</ele>
        <time>2026-09-05T05:29:17.000Z</time>
        <extensions>
          <ns3:TrackPointExtension>
            <ns3:atemp>34.0</ns3:atemp>
            <ns3:hr>94</ns3:hr>
          </ns3:TrackPointExtension>
        </extensions>
      </trkpt>
      <trkpt lat="23.1404520012438297271728515625" lon="113.26029703952372074127197265625">
        <ele>62</ele>
        <time>2026-09-05T05:29:25.000Z</time>
        <extensions>
          <ns3:TrackPointExtension>
            <ns3:atemp>34.0</ns3:atemp>
            <ns3:hr>93</ns3:hr>
          </ns3:TrackPointExtension>
        </extensions>
      </trkpt>
      <trkpt lat="23.14047421328723430633544921875" lon="113.26029553078114986419677734375">
        <ele>62</ele>
        <time>2026-09-05T05:29:27.000Z</time>
        <extensions>
          <ns3:TrackPointExtension>
            <ns3:atemp>34.0</ns3:atemp>
            <ns3:hr>93</ns3:hr>
          </ns3:TrackPointExtension>
        </extensions>
      </trkpt>
      <trkpt lat="23.1404945813119411468505859375" lon="113.26029754243791103363037109375">
        <ele>62</ele>
        <time>2026-09-05T05:29:30.000Z</time>
        <extensions>
          <ns3:TrackPointExtension>
            <ns3:atemp>34.0</ns3:atemp>
            <ns3:hr>97</ns3:hr>
          </ns3:TrackPointExtension>
        </extensions>
      </trkpt>
      <trkpt lat="23.1405126862227916717529296875" lon="113.26029955409467220306396484375">
        <ele>62.200000762939453125</ele>
        <time>2026-09-05T05:29:32.000Z</time>
        <extensions>
          <ns3:TrackPointExtension>
            <ns3:atemp>34.0</ns3:atemp>
            <ns3:hr>100</ns3:hr>
          </ns3:TrackPointExtension>
        </extensions>
      </trkpt>
      <trkpt lat="23.14052148722112178802490234375" lon="113.26029988937079906463623046875">
        <ele>62.200000762939453125</ele>
        <time>2026-09-05T05:29:33.000Z</time>
        <extensions>
          <ns3:TrackPointExtension>
            <ns3:atemp>34.0</ns3:atemp>
            <ns3:hr>101</ns3:hr>
          </ns3:TrackPointExtension>
        </extensions>
      </trkpt>
      <trkpt lat="23.14053238369524478912353515625" lon="113.26028597541153430938720703125">
        <ele>63</ele>
        <time>2026-09-05T05:29:41.000Z</time>
        <extensions>
          <ns3:TrackPointExtension>
            <ns3:atemp>34.0</ns3:atemp>
            <ns3:hr>104</ns3:hr>
          </ns3:TrackPointExtension>
        </extensions>
      </trkpt>
      <trkpt lat="23.14054747112095355987548828125" lon="113.26027340255677700042724609375">
        <ele>63.200000762939453125</ele>
        <time>2026-09-05T05:29:47.000Z</time>
        <extensions>
          <ns3:TrackPointExtension>
            <ns3:atemp>34.0</ns3:atemp>
            <ns3:hr>103</ns3:hr>
          </ns3:TrackPointExtension>
        </extensions>
      </trkpt>
      <trkpt lat="23.14054780639708042144775390625" lon="113.26027424074709415435791015625">
        <ele>63.200000762939453125</ele>
        <time>2026-09-05T05:29:48.000Z</time>
        <extensions>
          <ns3:TrackPointExtension>
            <ns3:atemp>34.0</ns3:atemp>
            <ns3:hr>104</ns3:hr>
          </ns3:TrackPointExtension>
        </extensions>
      </trkpt>
      <trkpt lat="23.14019090496003627777099609375" lon="113.260752260684967041015625">
        <ele>83.40000152587890625</ele>
        <time>2026-09-05T05:58:53.000Z</time>
        <extensions>
          <ns3:TrackPointExtension>
            <ns3:atemp>31.0</ns3:atemp>
            <ns3:hr>68</ns3:hr>
          </ns3:TrackPointExtension>
        </extensions>
      </trkpt>
      <trkpt lat="23.14047102816402912139892578125" lon="113.2602357678115367889404296875">
        <ele>83.1999969482421875</ele>
        <time>2026-09-05T05:59:02.000Z</time>
        <extensions>
          <ns3:TrackPointExtension>
            <ns3:atemp>31.0</ns3:atemp>
            <ns3:hr>67</ns3:hr>
          </ns3:TrackPointExtension>
        </extensions>
      </trkpt>
      <trkpt lat="23.14042425714433193206787109375" lon="113.2602860592305660247802734375">
        <ele>83</ele>
        <time>2026-09-05T05:59:11.000Z</time>
        <extensions>
          <ns3:TrackPointExtension>
            <ns3:atemp>31.0</ns3:atemp>
            <ns3:hr>66</ns3:hr>
          </ns3:TrackPointExtension>
        </extensions>
      </trkpt>
      <trkpt lat="23.1405083276331424713134765625" lon="113.26024456880986690521240234375">
        <ele>83</ele>
        <time>2026-09-05T05:59:23.000Z</time>
        <extensions>
          <ns3:TrackPointExtension>
            <ns3:atemp>31.0</ns3:atemp>
            <ns3:hr>63</ns3:hr>
          </ns3:TrackPointExtension>
        </extensions>
      </trkpt>
      <trkpt lat="23.14056004397571086883544921875" lon="113.2602397911250591278076171875">
        <ele>82.8000030517578125</ele>
        <time>2026-09-05T05:59:28.000Z</time>
        <extensions>
          <ns3:TrackPointExtension>
            <ns3:atemp>32.0</ns3:atemp>
            <ns3:hr>62</ns3:hr>
          </ns3:TrackPointExtension>
        </extensions>
      </trkpt>
      <trkpt lat="23.140573538839817047119140625" lon="113.26023953966796398162841796875">
        <ele>82.59999847412109375</ele>
        <time>2026-09-05T05:59:29.000Z</time>
        <extensions>
          <ns3:TrackPointExtension>
            <ns3:atemp>32.0</ns3:atemp>
            <ns3:hr>61</ns3:hr>
          </ns3:TrackPointExtension>
        </extensions>
      </trkpt>
      <trkpt lat="23.1410561688244342803955078125" lon="113.26022998429834842681884765625">
        <ele>82.59999847412109375</ele>
        <time>2026-09-05T05:59:52.000Z</time>
        <extensions>
          <ns3:TrackPointExtension>
            <ns3:atemp>32.0</ns3:atemp>
            <ns3:hr>70</ns3:hr>
          </ns3:TrackPointExtension>
        </extensions>
      </trkpt>
      <trkpt lat="23.14057747833430767059326171875" lon="113.26046316884458065032958984375">
        <ele>66</ele>
        <time>2026-09-05T06:03:39.000Z</time>
        <extensions>
          <ns3:TrackPointExtension>
            <ns3:atemp>32.0</ns3:atemp>
            <ns3:hr>79</ns3:hr>
          </ns3:TrackPointExtension>
        </extensions>
      </trkpt>
      <trkpt lat="23.14061201177537441253662109375" lon="113.2604453153908252716064453125">
        <ele>66</ele>
        <time>2026-09-05T06:03:40.000Z</time>
        <extensions>
          <ns3:TrackPointExtension>
            <ns3:atemp>32.0</ns3:atemp>
            <ns3:hr>79</ns3:hr>
          </ns3:TrackPointExtension>
        </extensions>
      </trkpt>
      <trkpt lat="23.14059608615934848785400390625" lon="113.26043953187763690948486328125">
        <ele>66</ele>
        <time>2026-09-05T06:03:45.000Z</time>
        <extensions>
          <ns3:TrackPointExtension>
            <ns3:atemp>32.0</ns3:atemp>
            <ns3:hr>80</ns3:hr>
          </ns3:TrackPointExtension>
        </extensions>
      </trkpt>
      <trkpt lat="23.14058996737003326416015625" lon="113.2604476623237133026123046875">
        <ele>66</ele>
        <time>2026-09-05T06:03:52.000Z</time>
        <extensions>
          <ns3:TrackPointExtension>
            <ns3:atemp>32.0</ns3:atemp>
            <ns3:hr>77</ns3:hr>
          </ns3:TrackPointExtension>
        </extensions>
      </trkpt>
      <trkpt lat="23.14060916192829608917236328125" lon="113.2604097761213779449462890625">
        <ele>65.8000030517578125</ele>
        <time>2026-09-05T06:03:57.000Z</time>
        <extensions>
          <ns3:TrackPointExtension>
            <ns3:atemp>32.0</ns3:atemp>
            <ns3:hr>75</ns3:hr>
          </ns3:TrackPointExtension>
        </extensions>
      </trkpt>
      <trkpt lat="23.14060580916702747344970703125" lon="113.260403573513031005859375">
        <ele>65.8000030517578125</ele>
        <time>2026-09-05T06:03:58.000Z</time>
        <extensions>
          <ns3:TrackPointExtension>
            <ns3:atemp>32.0</ns3:atemp>
            <ns3:hr>74</ns3:hr>
          </ns3:TrackPointExtension>
        </extensions>
      </trkpt>
      <trkpt lat="23.14059935510158538818359375" lon="113.260426707565784454345703125">
        <ele>65.59999847412109375</ele>
        <time>2026-09-05T06:04:02.000Z</time>
        <extensions>
          <ns3:TrackPointExtension>
            <ns3:atemp>32.0</ns3:atemp>
            <ns3:hr>74</ns3:hr>
          </ns3:TrackPointExtension>
        </extensions>
      </trkpt>
      <trkpt lat="23.14059197902679443359375" lon="113.260426707565784454345703125">
        <ele>65.1999969482421875</ele>
        <time>2026-09-05T06:04:20.000Z</time>
        <extensions>
          <ns3:TrackPointExtension>
            <ns3:atemp>32.0</ns3:atemp>
            <ns3:hr>71</ns3:hr>
          </ns3:TrackPointExtension>
        </extensions>
      </trkpt>
      <trkpt lat="23.140570856630802154541015625" lon="113.26043131761252880096435546875">
        <ele>64.8000030517578125</ele>
        <time>2026-09-05T06:04:29.000Z</time>
        <extensions>
          <ns3:TrackPointExtension>
            <ns3:atemp>32.0</ns3:atemp>
            <ns3:hr>72</ns3:hr>
          </ns3:TrackPointExtension>
        </extensions>
      </trkpt>
      <trkpt lat="23.14055434428155422210693359375" lon="113.26050004921853542327880859375">
        <ele>64.1999969482421875</ele>
        <time>2026-09-05T06:04:36.000Z</time>
        <extensions>
          <ns3:TrackPointExtension>
            <ns3:atemp>32.0</ns3:atemp>
            <ns3:hr>72</ns3:hr>
          </ns3:TrackPointExtension>
        </extensions>
      </trkpt>
      <trkpt lat="23.14051151275634765625" lon="113.2605336606502532958984375">
        <ele>64</ele>
        <time>2026-09-05T06:04:42.000Z</time>
        <extensions>
          <ns3:TrackPointExtension>
            <ns3:atemp>32.0</ns3:atemp>
            <ns3:hr>71</ns3:hr>
          </ns3:TrackPointExtension>
        </extensions>
      </trkpt>
      <trkpt lat="23.14050924964249134063720703125" lon="113.260553777217864990234375">
        <ele>63.799999237060546875</ele>
        <time>2026-09-05T06:04:44.000Z</time>
        <extensions>
          <ns3:TrackPointExtension>
            <ns3:atemp>32.0</ns3:atemp>
            <ns3:hr>70</ns3:hr>
          </ns3:TrackPointExtension>
        </extensions>
      </trkpt>
      <trkpt lat="23.1405183859169483184814453125" lon="113.26055671088397502899169921875">
        <ele>63.799999237060546875</ele>
        <time>2026-09-05T06:04:45.000Z</time>
        <extensions>
          <ns3:TrackPointExtension>
            <ns3:atemp>32.0</ns3:atemp>
            <ns3:hr>73</ns3:hr>
          </ns3:TrackPointExtension>
        </extensions>
      </trkpt>
      <trkpt lat="23.1405190564692020416259765625" lon="113.2605596445500850677490234375">
        <ele>63.799999237060546875</ele>
        <time>2026-09-05T06:04:46.000Z</time>
        <extensions>
          <ns3:TrackPointExtension>
            <ns3:atemp>32.0</ns3:atemp>
            <ns3:hr>70</ns3:hr>
          </ns3:TrackPointExtension>
        </extensions>
      </trkpt>
      <trkpt lat="23.1404972635209560394287109375" lon="113.26057431288063526153564453125">
        <ele>63.59999847412109375</ele>
        <time>2026-09-05T06:04:52.000Z</time>
        <extensions>
          <ns3:TrackPointExtension>
            <ns3:atemp>32.0</ns3:atemp>
            <ns3:hr>73</ns3:hr>
          </ns3:TrackPointExtension>
        </extensions>
      </trkpt>
      <trkpt lat="23.1404888816177845001220703125" lon="113.2605914957821369171142578125">
        <ele>63.59999847412109375</ele>
        <time>2026-09-05T06:04:54.000Z</time>
        <extensions>
          <ns3:TrackPointExtension>
            <ns3:atemp>32.0</ns3:atemp>
            <ns3:hr>74</ns3:hr>
          </ns3:TrackPointExtension>
        </extensions>
      </trkpt>
      <trkpt lat="23.14048745669424533843994140625" lon="113.2605282962322235107421875">
        <ele>63.40000152587890625</ele>
        <time>2026-09-05T06:04:57.000Z</time>
        <extensions>
          <ns3:TrackPointExtension>
            <ns3:atemp>32.0</ns3:atemp>
            <ns3:hr>72</ns3:hr>
          </ns3:TrackPointExtension>
        </extensions>
      </trkpt>
      <trkpt lat="23.1405589543282985687255859375" lon="113.26056827791035175323486328125">
        <ele>63.40000152587890625</ele>
        <time>2026-09-05T06:05:03.000Z</time>
        <extensions>
          <ns3:TrackPointExtension>
            <ns3:atemp>32.0</ns3:atemp>
            <ns3:hr>70</ns3:hr>
          </ns3:TrackPointExtension>
        </extensions>
      </trkpt>
      <trkpt lat="23.14055467955768108367919921875" lon="113.2606436312198638916015625">
        <ele>63.40000152587890625</ele>
        <time>2026-09-05T06:05:06.000Z</time>
        <extensions>
          <ns3:TrackPointExtension>
            <ns3:atemp>32.0</ns3:atemp>
            <ns3:hr>70</ns3:hr>
          </ns3:TrackPointExtension>
        </extensions>
      </trkpt>
      <trkpt lat="23.14059759490191936492919921875" lon="113.2606769911944866180419921875">
        <ele>63.40000152587890625</ele>
        <time>2026-09-05T06:05:14.000Z</time>
        <extensions>
          <ns3:TrackPointExtension>
            <ns3:atemp>32.0</ns3:atemp>
            <ns3:hr>73</ns3:hr>
          </ns3:TrackPointExtension>
        </extensions>
      </trkpt>
      <trkpt lat="23.14061201177537441253662109375" lon="113.26066902838647365570068359375">
        <ele>63.40000152587890625</ele>
        <time>2026-09-05T06:05:15.000Z</time>
        <extensions>
          <ns3:TrackPointExtension>
            <ns3:atemp>32.0</ns3:atemp>
            <ns3:hr>73</ns3:hr>
          </ns3:TrackPointExtension>
        </extensions>
      </trkpt>
      <trkpt lat="23.1405576132237911224365234375" lon="113.2605284638702869415283203125">
        <ele>63.200000762939453125</ele>
        <time>2026-09-05T06:05:19.000Z</time>
        <extensions>
          <ns3:TrackPointExtension>
            <ns3:atemp>32.0</ns3:atemp>
            <ns3:hr>76</ns3:hr>
          </ns3:TrackPointExtension>
        </extensions>
      </trkpt>
      <trkpt lat="23.14056557603180408477783203125" lon="113.2605341635644435882568359375">
        <ele>63.200000762939453125</ele>
        <time>2026-09-05T06:05:20.000Z</time>
        <extensions>
          <ns3:TrackPointExtension>
            <ns3:atemp>32.0</ns3:atemp>
            <ns3:hr>76</ns3:hr>
          </ns3:TrackPointExtension>
        </extensions>
      </trkpt>
      <trkpt lat="23.14056674949824810028076171875" lon="113.26056777499616146087646484375">
        <ele>63.200000762939453125</ele>
        <time>2026-09-05T06:05:58.000Z</time>
        <extensions>
          <ns3:TrackPointExtension>
            <ns3:atemp>32.0</ns3:atemp>
            <ns3:hr>73</ns3:hr>
          </ns3:TrackPointExtension>
        </extensions>
      </trkpt>
      <trkpt lat="23.14058217220008373260498046875" lon="113.26054883189499378204345703125">
        <ele>63.40000152587890625</ele>
        <time>2026-09-05T06:05:59.000Z</time>
        <extensions>
          <ns3:TrackPointExtension>
            <ns3:atemp>32.0</ns3:atemp>
            <ns3:hr>73</ns3:hr>
          </ns3:TrackPointExtension>
        </extensions>
      </trkpt>
      <trkpt lat="23.1405787356197834014892578125" lon="113.26056006364524364471435546875">
        <ele>63.40000152587890625</ele>
        <time>2026-09-05T06:06:01.000Z</time>
        <extensions>
          <ns3:TrackPointExtension>
            <ns3:atemp>32.0</ns3:atemp>
            <ns3:hr>76</ns3:hr>
          </ns3:TrackPointExtension>
        </extensions>
      </trkpt>
      <trkpt lat="23.1404994428157806396484375" lon="113.26052821241319179534912109375">
        <ele>63</ele>
        <time>2026-09-05T06:06:09.000Z</time>
        <extensions>
          <ns3:TrackPointExtension>
            <ns3:atemp>32.0</ns3:atemp>
            <ns3:hr>77</ns3:hr>
          </ns3:TrackPointExtension>
        </extensions>
      </trkpt>
      <trkpt lat="23.14047320745885372161865234375" lon="113.2605003006756305694580078125">
        <ele>62.799999237060546875</ele>
        <time>2026-09-05T06:06:14.000Z</time>
        <extensions>
          <ns3:TrackPointExtension>
            <ns3:atemp>32.0</ns3:atemp>
            <ns3:hr>80</ns3:hr>
          </ns3:TrackPointExtension>
        </extensions>
      </trkpt>
      <trkpt lat="23.14046851359307765960693359375" lon="113.26050139032304286956787109375">
        <ele>62.799999237060546875</ele>
        <time>2026-09-05T06:06:15.000Z</time>
        <extensions>
          <ns3:TrackPointExtension>
            <ns3:atemp>32.0</ns3:atemp>
            <ns3:hr>81</ns3:hr>
          </ns3:TrackPointExtension>
        </extensions>
      </trkpt>
      <trkpt lat="23.14044638536870479583740234375" lon="113.260484375059604644775390625">
        <ele>62.799999237060546875</ele>
        <time>2026-09-05T06:06:22.000Z</time>
        <extensions>
          <ns3:TrackPointExtension>
            <ns3:atemp>32.0</ns3:atemp>
            <ns3:hr>84</ns3:hr>
          </ns3:TrackPointExtension>
        </extensions>
      </trkpt>
      <trkpt lat="23.14046666957437992095947265625" lon="113.26044858433306217193603515625">
        <ele>62.799999237060546875</ele>
        <time>2026-09-05T06:06:30.000Z</time>
        <extensions>
          <ns3:TrackPointExtension>
            <ns3:atemp>32.0</ns3:atemp>
            <ns3:hr>86</ns3:hr>
          </ns3:TrackPointExtension>
        </extensions>
      </trkpt>
      <trkpt lat="23.1404637359082698822021484375" lon="113.26044774614274501800537109375">
        <ele>62.799999237060546875</ele>
        <time>2026-09-05T06:06:31.000Z</time>
        <extensions>
          <ns3:TrackPointExtension>
            <ns3:atemp>32.0</ns3:atemp>
            <ns3:hr>86</ns3:hr>
          </ns3:TrackPointExtension>
        </extensions>
      </trkpt>
      <trkpt lat="23.14037916250526905059814453125" lon="113.2604416273534297943115234375">
        <ele>62.799999237060546875</ele>
        <time>2026-09-05T06:06:41.000Z</time>
        <extensions>
          <ns3:TrackPointExtension>
            <ns3:atemp>32.0</ns3:atemp>
            <ns3:hr>86</ns3:hr>
          </ns3:TrackPointExtension>
        </extensions>
      </trkpt>
      <trkpt lat="23.1403403542935848236083984375" lon="113.26043953187763690948486328125">
        <ele>62.799999237060546875</ele>
        <time>2026-09-05T06:06:51.000Z</time>
        <extensions>
          <ns3:TrackPointExtension>
            <ns3:atemp>32.0</ns3:atemp>
            <ns3:hr>85</ns3:hr>
          </ns3:TrackPointExtension>
        </extensions>
      </trkpt>
      <trkpt lat="23.14032350666821002960205078125" lon="113.2604091055691242218017578125">
        <ele>62.799999237060546875</ele>
        <time>2026-09-05T06:06:58.000Z</time>
        <extensions>
          <ns3:TrackPointExtension>
            <ns3:atemp>33.0</ns3:atemp>
            <ns3:hr>85</ns3:hr>
          </ns3:TrackPointExtension>
        </extensions>
      </trkpt>
      <trkpt lat="23.140311352908611297607421875" lon="113.2603740692138671875">
        <ele>62.799999237060546875</ele>
        <time>2026-09-05T06:07:04.000Z</time>
        <extensions>
          <ns3:TrackPointExtension>
            <ns3:atemp>33.0</ns3:atemp>
            <ns3:hr>82</ns3:hr>
          </ns3:TrackPointExtension>
        </extensions>
      </trkpt>
      <trkpt lat="23.140315711498260498046875" lon="113.2603635080158710479736328125">
        <ele>62.799999237060546875</ele>
        <time>2026-09-05T06:07:06.000Z</time>
        <extensions>
          <ns3:TrackPointExtension>
            <ns3:atemp>33.0</ns3:atemp>
            <ns3:hr>82</ns3:hr>
          </ns3:TrackPointExtension>
        </extensions>
      </trkpt>
      <trkpt lat="23.14031906425952911376953125" lon="113.26035068370401859283447265625">
        <ele>62.799999237060546875</ele>
        <time>2026-09-05T06:07:08.000Z</time>
        <extensions>
          <ns3:TrackPointExtension>
            <ns3:atemp>33.0</ns3:atemp>
            <ns3:hr>82</ns3:hr>
          </ns3:TrackPointExtension>
        </extensions>
      </trkpt>
      <trkpt lat="23.14031395129859447479248046875" lon="113.2603142224252223968505859375">
        <ele>62.799999237060546875</ele>
        <time>2026-09-05T06:07:15.000Z</time>
        <extensions>
          <ns3:TrackPointExtension>
            <ns3:atemp>33.0</ns3:atemp>
            <ns3:hr>82</ns3:hr>
          </ns3:TrackPointExtension>
        </extensions>
      </trkpt>
      <trkpt lat="23.14031965099275112152099609375" lon="113.26031128875911235809326171875">
        <ele>62.59999847412109375</ele>
        <time>2026-09-05T06:07:33.000Z</time>
        <extensions>
          <ns3:TrackPointExtension>
            <ns3:atemp>33.0</ns3:atemp>
            <ns3:hr>79</ns3:hr>
          </ns3:TrackPointExtension>
        </extensions>
      </trkpt>
      <trkpt lat="23.14031965099275112152099609375" lon="113.26031128875911235809326171875">
        <ele>62.40000152587890625</ele>
        <time>2026-09-05T06:07:38.000Z</time>
        <extensions>
          <ns3:TrackPointExtension>
            <ns3:atemp>33.0</ns3:atemp>
            <ns3:hr>76</ns3:hr>
          </ns3:TrackPointExtension>
        </extensions>
      </trkpt>
      <trkpt lat="23.140328787267208099365234375" lon="113.26030776835978031158447265625">
        <ele>62.200000762939453125</ele>
        <time>2026-09-05T06:07:50.000Z</time>
        <extensions>
          <ns3:TrackPointExtension>
            <ns3:atemp>33.0</ns3:atemp>
            <ns3:hr>79</ns3:hr>
          </ns3:TrackPointExtension>
        </extensions>
      </trkpt>
      <trkpt lat="23.1403370015323162078857421875" lon="113.26030843891203403472900390625">
        <ele>62.200000762939453125</ele>
        <time>2026-09-05T06:07:56.000Z</time>
        <extensions>
          <ns3:TrackPointExtension>
            <ns3:atemp>33.0</ns3:atemp>
            <ns3:hr>82</ns3:hr>
          </ns3:TrackPointExtension>
        </extensions>
      </trkpt>
      <trkpt lat="23.14033742062747478485107421875" lon="113.26030843891203403472900390625">
        <ele>62.200000762939453125</ele>
        <time>2026-09-05T06:08:00.000Z</time>
        <extensions>
          <ns3:TrackPointExtension>
            <ns3:atemp>33.0</ns3:atemp>
            <ns3:hr>79</ns3:hr>
          </ns3:TrackPointExtension>
        </extensions>
      </trkpt>
      <trkpt lat="23.14033742062747478485107421875" lon="113.26030843891203403472900390625">
        <ele>62</ele>
        <time>2026-09-05T06:08:03.000Z</time>
        <extensions>
          <ns3:TrackPointExtension>
            <ns3:atemp>33.0</ns3:atemp>
            <ns3:hr>76</ns3:hr>
          </ns3:TrackPointExtension>
        </extensions>
      </trkpt>
      <trkpt lat="23.14033742062747478485107421875" lon="113.2603101991117000579833984375">
        <ele>62</ele>
        <time>2026-09-05T06:08:07.000Z</time>
        <extensions>
          <ns3:TrackPointExtension>
            <ns3:atemp>33.0</ns3:atemp>
            <ns3:hr>73</ns3:hr>
          </ns3:TrackPointExtension>
        </extensions>
      </trkpt>
      <trkpt lat="23.1403366662561893463134765625" lon="113.2603118754923343658447265625">
        <ele>61.799999237060546875</ele>
        <time>2026-09-05T06:08:14.000Z</time>
        <extensions>
          <ns3:TrackPointExtension>
            <ns3:atemp>33.0</ns3:atemp>
            <ns3:hr>73</ns3:hr>
          </ns3:TrackPointExtension>
        </extensions>
      </trkpt>
      <trkpt lat="23.14032132737338542938232421875" lon="113.26031631790101528167724609375">
        <ele>60.799999237060546875</ele>
        <time>2026-09-05T06:08:22.000Z</time>
        <extensions>
          <ns3:TrackPointExtension>
            <ns3:atemp>33.0</ns3:atemp>
            <ns3:hr>76</ns3:hr>
          </ns3:TrackPointExtension>
        </extensions>
      </trkpt>
      <trkpt lat="23.1403205730020999908447265625" lon="113.26031900011003017425537109375">
        <ele>60.59999847412109375</ele>
        <time>2026-09-05T06:08:23.000Z</time>
        <extensions>
          <ns3:TrackPointExtension>
            <ns3:atemp>33.0</ns3:atemp>
            <ns3:hr>77</ns3:hr>
          </ns3:TrackPointExtension>
        </extensions>
      </trkpt>
      <trkpt lat="23.140319399535655975341796875" lon="113.2603212632238864898681640625">
        <ele>60.200000762939453125</ele>
        <time>2026-09-05T06:08:25.000Z</time>
        <extensions>
          <ns3:TrackPointExtension>
            <ns3:atemp>33.0</ns3:atemp>
            <ns3:hr>77</ns3:hr>
          </ns3:TrackPointExtension>
        </extensions>
      </trkpt>
      <trkpt lat="23.14031546004116535186767578125" lon="113.260330148041248321533203125">
        <ele>59.59999847412109375</ele>
        <time>2026-09-05T06:08:28.000Z</time>
        <extensions>
          <ns3:TrackPointExtension>
            <ns3:atemp>33.0</ns3:atemp>
            <ns3:hr>81</ns3:hr>
          </ns3:TrackPointExtension>
        </extensions>
      </trkpt>
      <trkpt lat="23.140283860266208648681640625" lon="113.26036359183490276336669921875">
        <ele>58.799999237060546875</ele>
        <time>2026-09-05T06:08:38.000Z</time>
        <extensions>
          <ns3:TrackPointExtension>
            <ns3:atemp>33.0</ns3:atemp>
            <ns3:hr>82</ns3:hr>
          </ns3:TrackPointExtension>
        </extensions>
      </trkpt>
      <trkpt lat="23.14028360880911350250244140625" lon="113.2603685371577739715576171875">
        <ele>58.799999237060546875</ele>
        <time>2026-09-05T06:08:39.000Z</time>
        <extensions>
          <ns3:TrackPointExtension>
            <ns3:atemp>33.0</ns3:atemp>
            <ns3:hr>78</ns3:hr>
          </ns3:TrackPointExtension>
        </extensions>
      </trkpt>
      <trkpt lat="23.140283189713954925537109375" lon="113.26037314720451831817626953125">
        <ele>58.59999847412109375</ele>
        <time>2026-09-05T06:08:40.000Z</time>
        <extensions>
          <ns3:TrackPointExtension>
            <ns3:atemp>33.0</ns3:atemp>
            <ns3:hr>82</ns3:hr>
          </ns3:TrackPointExtension>
        </extensions>
      </trkpt>
      <trkpt lat="23.14028360880911350250244140625" lon="113.2603740692138671875">
        <ele>58.40000152587890625</ele>
        <time>2026-09-05T06:08:41.000Z</time>
        <extensions>
          <ns3:TrackPointExtension>
            <ns3:atemp>33.0</ns3:atemp>
            <ns3:hr>83</ns3:hr>
          </ns3:TrackPointExtension>
        </extensions>
      </trkpt>
      <trkpt lat="23.14027011394500732421875" lon="113.26039074920117855072021484375">
        <ele>57.59999847412109375</ele>
        <time>2026-09-05T06:08:45.000Z</time>
        <extensions>
          <ns3:TrackPointExtension>
            <ns3:atemp>33.0</ns3:atemp>
            <ns3:hr>86</ns3:hr>
          </ns3:TrackPointExtension>
        </extensions>
      </trkpt>
      <trkpt lat="23.140261732041835784912109375" lon="113.26038907282054424285888671875">
        <ele>57.40000152587890625</ele>
        <time>2026-09-05T06:08:47.000Z</time>
        <extensions>
          <ns3:TrackPointExtension>
            <ns3:atemp>33.0</ns3:atemp>
            <ns3:hr>84</ns3:hr>
          </ns3:TrackPointExtension>
        </extensions>
      </trkpt>
      <trkpt lat="23.14022828824818134307861328125" lon="113.26036803424358367919921875">
        <ele>56.59999847412109375</ele>
        <time>2026-09-05T06:08:51.000Z</time>
        <extensions>
          <ns3:TrackPointExtension>
            <ns3:atemp>33.0</ns3:atemp>
            <ns3:hr>86</ns3:hr>
          </ns3:TrackPointExtension>
        </extensions>
      </trkpt>
      <trkpt lat="23.1402414478361606597900390625" lon="113.26032637618482112884521484375">
        <ele>56.799999237060546875</ele>
        <time>2026-09-05T06:08:57.000Z</time>
        <extensions>
          <ns3:TrackPointExtension>
            <ns3:atemp>33.0</ns3:atemp>
            <ns3:hr>86</ns3:hr>
          </ns3:TrackPointExtension>
        </extensions>
      </trkpt>
      <trkpt lat="23.14021085388958454132080078125" lon="113.26035059988498687744140625">
        <ele>56.799999237060546875</ele>
        <time>2026-09-05T06:09:00.000Z</time>
        <extensions>
          <ns3:TrackPointExtension>
            <ns3:atemp>33.0</ns3:atemp>
            <ns3:hr>86</ns3:hr>
          </ns3:TrackPointExtension>
        </extensions>
      </trkpt>
      <trkpt lat="23.14022594131529331207275390625" lon="113.2603329978883266448974609375">
        <ele>56.799999237060546875</ele>
        <time>2026-09-05T06:09:01.000Z</time>
        <extensions>
          <ns3:TrackPointExtension>
            <ns3:atemp>33.0</ns3:atemp>
            <ns3:hr>87</ns3:hr>
          </ns3:TrackPointExtension>
        </extensions>
      </trkpt>
      <trkpt lat="23.14020733349025249481201171875" lon="113.26032721437513828277587890625">
        <ele>57</ele>
        <time>2026-09-05T06:09:03.000Z</time>
        <extensions>
          <ns3:TrackPointExtension>
            <ns3:atemp>33.0</ns3:atemp>
            <ns3:hr>87</ns3:hr>
          </ns3:TrackPointExtension>
        </extensions>
      </trkpt>
      <trkpt lat="23.14022242091596126556396484375" lon="113.260330148041248321533203125">
        <ele>57.200000762939453125</ele>
        <time>2026-09-05T06:09:11.000Z</time>
        <extensions>
          <ns3:TrackPointExtension>
            <ns3:atemp>33.0</ns3:atemp>
            <ns3:hr>87</ns3:hr>
          </ns3:TrackPointExtension>
        </extensions>
      </trkpt>
      <trkpt lat="23.14023415558040142059326171875" lon="113.2603397034108638763427734375">
        <ele>57.59999847412109375</ele>
        <time>2026-09-05T06:09:19.000Z</time>
        <extensions>
          <ns3:TrackPointExtension>
            <ns3:atemp>33.0</ns3:atemp>
            <ns3:hr>84</ns3:hr>
          </ns3:TrackPointExtension>
        </extensions>
      </trkpt>
      <trkpt lat="23.1402062438428401947021484375" lon="113.2602914236485958099365234375">
        <ele>57.799999237060546875</ele>
        <time>2026-09-05T06:09:26.000Z</time>
        <extensions>
          <ns3:TrackPointExtension>
            <ns3:atemp>33.0</ns3:atemp>
            <ns3:hr>84</ns3:hr>
          </ns3:TrackPointExtension>
        </extensions>
      </trkpt>
      <trkpt lat="23.14020364545285701751708984375" lon="113.2602760009467601776123046875">
        <ele>57.799999237060546875</ele>
        <time>2026-09-05T06:09:27.000Z</time>
        <extensions>
          <ns3:TrackPointExtension>
            <ns3:atemp>33.0</ns3:atemp>
            <ns3:hr>83</ns3:hr>
          </ns3:TrackPointExtension>
        </extensions>
      </trkpt>
      <trkpt lat="23.14019509591162204742431640625" lon="113.2602310739457607269287109375">
        <ele>58</ele>
        <time>2026-09-05T06:09:32.000Z</time>
        <extensions>
          <ns3:TrackPointExtension>
            <ns3:atemp>33.0</ns3:atemp>
            <ns3:hr>83</ns3:hr>
          </ns3:TrackPointExtension>
        </extensions>
      </trkpt>
      <trkpt lat="23.1401495821774005889892578125" lon="113.260199725627899169921875">
        <ele>58</ele>
        <time>2026-09-05T06:09:37.000Z</time>
        <extensions>
          <ns3:TrackPointExtension>
            <ns3:atemp>33.0</ns3:atemp>
            <ns3:hr>83</ns3:hr>
          </ns3:TrackPointExtension>
        </extensions>
      </trkpt>
      <trkpt lat="23.14012594521045684814453125" lon="113.260206766426563262939453125">
        <ele>58</ele>
        <time>2026-09-05T06:09:38.000Z</time>
        <extensions>
          <ns3:TrackPointExtension>
            <ns3:atemp>33.0</ns3:atemp>
            <ns3:hr>83</ns3:hr>
          </ns3:TrackPointExtension>
        </extensions>
      </trkpt>
      <trkpt lat="23.14004640094935894012451171875" lon="113.26019310392439365386962890625">
        <ele>58.200000762939453125</ele>
        <time>2026-09-05T06:09:42.000Z</time>
        <extensions>
          <ns3:TrackPointExtension>
            <ns3:atemp>33.0</ns3:atemp>
            <ns3:hr>85</ns3:hr>
          </ns3:TrackPointExtension>
        </extensions>
      </trkpt>
      <trkpt lat="23.1400667689740657806396484375" lon="113.260145746171474456787109375">
        <ele>58.200000762939453125</ele>
        <time>2026-09-05T06:09:46.000Z</time>
        <extensions>
          <ns3:TrackPointExtension>
            <ns3:atemp>33.0</ns3:atemp>
            <ns3:hr>83</ns3:hr>
          </ns3:TrackPointExtension>
        </extensions>
      </trkpt>
      <trkpt lat="23.1400577165186405181884765625" lon="113.260137028992176055908203125">
        <ele>58.40000152587890625</ele>
        <time>2026-09-05T06:09:50.000Z</time>
        <extensions>
          <ns3:TrackPointExtension>
            <ns3:atemp>33.0</ns3:atemp>
            <ns3:hr>83</ns3:hr>
          </ns3:TrackPointExtension>
        </extensions>
      </trkpt>
      <trkpt lat="23.14005327410995960235595703125" lon="113.2601251266896724700927734375">
        <ele>58.40000152587890625</ele>
        <time>2026-09-05T06:09:51.000Z</time>
        <extensions>
          <ns3:TrackPointExtension>
            <ns3:atemp>33.0</ns3:atemp>
            <ns3:hr>83</ns3:hr>
          </ns3:TrackPointExtension>
        </extensions>
      </trkpt>
      <trkpt lat="23.140068948268890380859375" lon="113.2600910961627960205078125">
        <ele>58.40000152587890625</ele>
        <time>2026-09-05T06:09:55.000Z</time>
        <extensions>
          <ns3:TrackPointExtension>
            <ns3:atemp>33.0</ns3:atemp>
            <ns3:hr>85</ns3:hr>
          </ns3:TrackPointExtension>
        </extensions>
      </trkpt>
      <trkpt lat="23.14009903930127620697021484375" lon="113.2600629329681396484375">
        <ele>58.40000152587890625</ele>
        <time>2026-09-05T06:10:02.000Z</time>
        <extensions>
          <ns3:TrackPointExtension>
            <ns3:atemp>33.0</ns3:atemp>
            <ns3:hr>83</ns3:hr>
          </ns3:TrackPointExtension>
        </extensions>
      </trkpt>
      <trkpt lat="23.14011747948825359344482421875" lon="113.2600454986095428466796875">
        <ele>58.40000152587890625</ele>
        <time>2026-09-05T06:10:09.000Z</time>
        <extensions>
          <ns3:TrackPointExtension>
            <ns3:atemp>33.0</ns3:atemp>
            <ns3:hr>85</ns3:hr>
          </ns3:TrackPointExtension>
        </extensions>
      </trkpt>
      <trkpt lat="23.1401158869266510009765625" lon="113.2600366137921810150146484375">
        <ele>58.59999847412109375</ele>
        <time>2026-09-05T06:10:17.000Z</time>
        <extensions>
          <ns3:TrackPointExtension>
            <ns3:atemp>33.0</ns3:atemp>
            <ns3:hr>85</ns3:hr>
          </ns3:TrackPointExtension>
        </extensions>
      </trkpt>
      <trkpt lat="23.1401158869266510009765625" lon="113.2600366137921810150146484375">
        <ele>58.40000152587890625</ele>
        <time>2026-09-05T06:10:21.000Z</time>
        <extensions>
          <ns3:TrackPointExtension>
            <ns3:atemp>33.0</ns3:atemp>
            <ns3:hr>82</ns3:hr>
          </ns3:TrackPointExtension>
        </extensions>
      </trkpt>
      <trkpt lat="23.1401158869266510009765625" lon="113.26003636233508586883544921875">
        <ele>58.40000152587890625</ele>
        <time>2026-09-05T06:10:29.000Z</time>
        <extensions>
          <ns3:TrackPointExtension>
            <ns3:atemp>33.0</ns3:atemp>
            <ns3:hr>79</ns3:hr>
          </ns3:TrackPointExtension>
        </extensions>
      </trkpt>
      <trkpt lat="23.14011781476438045501708984375" lon="113.26003954745829105377197265625">
        <ele>58.40000152587890625</ele>
        <time>2026-09-05T06:10:49.000Z</time>
        <extensions>
          <ns3:TrackPointExtension>
            <ns3:atemp>33.0</ns3:atemp>
            <ns3:hr>81</ns3:hr>
          </ns3:TrackPointExtension>
        </extensions>
      </trkpt>
      <trkpt lat="23.14011647365987300872802734375" lon="113.2600406371057033538818359375">
        <ele>58.40000152587890625</ele>
        <time>2026-09-05T06:10:50.000Z</time>
        <extensions>
          <ns3:TrackPointExtension>
            <ns3:atemp>33.0</ns3:atemp>
            <ns3:hr>84</ns3:hr>
          </ns3:TrackPointExtension>
        </extensions>
      </trkpt>
      <trkpt lat="23.14009333960711956024169921875" lon="113.26002865098416805267333984375">
        <ele>58.59999847412109375</ele>
        <time>2026-09-05T06:11:05.000Z</time>
        <extensions>
          <ns3:TrackPointExtension>
            <ns3:atemp>33.0</ns3:atemp>
            <ns3:hr>85</ns3:hr>
          </ns3:TrackPointExtension>
        </extensions>
      </trkpt>
      <trkpt lat="23.13996626995503902435302734375" lon="113.25992169789969921112060546875">
        <ele>58.59999847412109375</ele>
        <time>2026-09-05T06:11:15.000Z</time>
        <extensions>
          <ns3:TrackPointExtension>
            <ns3:atemp>33.0</ns3:atemp>
            <ns3:hr>85</ns3:hr>
          </ns3:TrackPointExtension>
        </extensions>
      </trkpt>
      <trkpt lat="23.13990307040512561798095703125" lon="113.25981306843459606170654296875">
        <ele>59</ele>
        <time>2026-09-05T06:11:26.000Z</time>
        <extensions>
          <ns3:TrackPointExtension>
            <ns3:atemp>33.0</ns3:atemp>
            <ns3:hr>86</ns3:hr>
          </ns3:TrackPointExtension>
        </extensions>
      </trkpt>
      <trkpt lat="23.13985177315771579742431640625" lon="113.25975380837917327880859375">
        <ele>58.799999237060546875</ele>
        <time>2026-09-05T06:11:33.000Z</time>
        <extensions>
          <ns3:TrackPointExtension>
            <ns3:atemp>33.0</ns3:atemp>
            <ns3:hr>86</ns3:hr>
          </ns3:TrackPointExtension>
        </extensions>
      </trkpt>
      <trkpt lat="23.13979796133935451507568359375" lon="113.25971801765263080596923828125">
        <ele>59.200000762939453125</ele>
        <time>2026-09-05T06:11:39.000Z</time>
        <extensions>
          <ns3:TrackPointExtension>
            <ns3:atemp>33.0</ns3:atemp>
            <ns3:hr>83</ns3:hr>
          </ns3:TrackPointExtension>
        </extensions>
      </trkpt>
      <trkpt lat="23.1397754140198230743408203125" lon="113.2597140781581401824951171875">
        <ele>59.200000762939453125</ele>
        <time>2026-09-05T06:11:41.000Z</time>
        <extensions>
          <ns3:TrackPointExtension>
            <ns3:atemp>33.0</ns3:atemp>
            <ns3:hr>85</ns3:hr>
          </ns3:TrackPointExtension>
        </extensions>
      </trkpt>
      <trkpt lat="23.139735348522663116455078125" lon="113.2596753537654876708984375">
        <ele>59.40000152587890625</ele>
        <time>2026-09-05T06:11:47.000Z</time>
        <extensions>
          <ns3:TrackPointExtension>
            <ns3:atemp>33.0</ns3:atemp>
            <ns3:hr>82</ns3:hr>
          </ns3:TrackPointExtension>
        </extensions>
      </trkpt>
      <trkpt lat="23.1397241167724132537841796875" lon="113.25966797769069671630859375">
        <ele>59.40000152587890625</ele>
        <time>2026-09-05T06:11:48.000Z</time>
        <extensions>
          <ns3:TrackPointExtension>
            <ns3:atemp>33.0</ns3:atemp>
            <ns3:hr>86</ns3:hr>
          </ns3:TrackPointExtension>
        </extensions>
      </trkpt>
      <trkpt lat="23.1397224403917789459228515625" lon="113.2596647925674915313720703125">
        <ele>59.40000152587890625</ele>
        <time>2026-09-05T06:11:49.000Z</time>
        <extensions>
          <ns3:TrackPointExtension>
            <ns3:atemp>33.0</ns3:atemp>
            <ns3:hr>85</ns3:hr>
          </ns3:TrackPointExtension>
        </extensions>
      </trkpt>
      <trkpt lat="23.13973224721848964691162109375" lon="113.25965900905430316925048828125">
        <ele>59.40000152587890625</ele>
        <time>2026-09-05T06:11:55.000Z</time>
        <extensions>
          <ns3:TrackPointExtension>
            <ns3:atemp>33.0</ns3:atemp>
            <ns3:hr>86</ns3:hr>
          </ns3:TrackPointExtension>
        </extensions>
      </trkpt>
      <trkpt lat="23.13965949229896068572998046875" lon="113.25960955582559108734130859375">
        <ele>59.40000152587890625</ele>
        <time>2026-09-05T06:12:04.000Z</time>
        <extensions>
          <ns3:TrackPointExtension>
            <ns3:atemp>33.0</ns3:atemp>
            <ns3:hr>86</ns3:hr>
          </ns3:TrackPointExtension>
        </extensions>
      </trkpt>
      <trkpt lat="23.13962663523852825164794921875" lon="113.25959631241858005523681640625">
        <ele>59.59999847412109375</ele>
        <time>2026-09-05T06:12:08.000Z</time>
        <extensions>
          <ns3:TrackPointExtension>
            <ns3:atemp>33.0</ns3:atemp>
            <ns3:hr>87</ns3:hr>
          </ns3:TrackPointExtension>
        </extensions>
      </trkpt>
      <trkpt lat="23.139575421810150146484375" lon="113.259557671844959259033203125">
        <ele>59.799999237060546875</ele>
        <time>2026-09-05T06:12:14.000Z</time>
        <extensions>
          <ns3:TrackPointExtension>
            <ns3:atemp>33.0</ns3:atemp>
            <ns3:hr>85</ns3:hr>
          </ns3:TrackPointExtension>
        </extensions>
      </trkpt>
      <trkpt lat="23.1394589133560657501220703125" lon="113.259493298828601837158203125">
        <ele>60</ele>
        <time>2026-09-05T06:12:28.000Z</time>
        <extensions>
          <ns3:TrackPointExtension>
            <ns3:atemp>33.0</ns3:atemp>
            <ns3:hr>86</ns3:hr>
          </ns3:TrackPointExtension>
        </extensions>
      </trkpt>
      <trkpt lat="23.13941457308828830718994140625" lon="113.25944426469504833221435546875">
        <ele>60</ele>
        <time>2026-09-05T06:12:34.000Z</time>
        <extensions>
          <ns3:TrackPointExtension>
            <ns3:atemp>33.0</ns3:atemp>
            <ns3:hr>85</ns3:hr>
          </ns3:TrackPointExtension>
        </extensions>
      </trkpt>
      <trkpt lat="23.1393958814442157745361328125" lon="113.259432613849639892578125">
        <ele>60.200000762939453125</ele>
        <time>2026-09-05T06:12:36.000Z</time>
        <extensions>
          <ns3:TrackPointExtension>
            <ns3:atemp>33.0</ns3:atemp>
            <ns3:hr>84</ns3:hr>
          </ns3:TrackPointExtension>
        </extensions>
      </trkpt>
      <trkpt lat="23.1393968872725963592529296875" lon="113.25942180119454860687255859375">
        <ele>60.200000762939453125</ele>
        <time>2026-09-05T06:12:37.000Z</time>
        <extensions>
          <ns3:TrackPointExtension>
            <ns3:atemp>33.0</ns3:atemp>
            <ns3:hr>81</ns3:hr>
          </ns3:TrackPointExtension>
        </extensions>
      </trkpt>
      <trkpt lat="23.13939101994037628173828125" lon="113.2594086416065692901611328125">
        <ele>60.200000762939453125</ele>
        <time>2026-09-05T06:12:38.000Z</time>
        <extensions>
          <ns3:TrackPointExtension>
            <ns3:atemp>33.0</ns3:atemp>
            <ns3:hr>84</ns3:hr>
          </ns3:TrackPointExtension>
        </extensions>
      </trkpt>
      <trkpt lat="23.1393791176378726959228515625" lon="113.25940000824630260467529296875">
        <ele>60.200000762939453125</ele>
        <time>2026-09-05T06:12:39.000Z</time>
        <extensions>
          <ns3:TrackPointExtension>
            <ns3:atemp>33.0</ns3:atemp>
            <ns3:hr>84</ns3:hr>
          </ns3:TrackPointExtension>
        </extensions>
      </trkpt>
      <trkpt lat="23.1393636949360370635986328125" lon="113.259362876415252685546875">
        <ele>60.200000762939453125</ele>
        <time>2026-09-05T06:12:42.000Z</time>
        <extensions>
          <ns3:TrackPointExtension>
            <ns3:atemp>33.0</ns3:atemp>
            <ns3:hr>86</ns3:hr>
          </ns3:TrackPointExtension>
        </extensions>
      </trkpt>
      <trkpt lat="23.1393299996852874755859375" lon="113.2593301869928836822509765625">
        <ele>60.59999847412109375</ele>
        <time>2026-09-05T06:12:46.000Z</time>
        <extensions>
          <ns3:TrackPointExtension>
            <ns3:atemp>33.0</ns3:atemp>
            <ns3:hr>86</ns3:hr>
          </ns3:TrackPointExtension>
        </extensions>
      </trkpt>
      <trkpt lat="23.139306195080280303955078125" lon="113.25931032188236713409423828125">
        <ele>60.59999847412109375</ele>
        <time>2026-09-05T06:12:49.000Z</time>
        <extensions>
          <ns3:TrackPointExtension>
            <ns3:atemp>33.0</ns3:atemp>
            <ns3:hr>84</ns3:hr>
          </ns3:TrackPointExtension>
        </extensions>
      </trkpt>
      <trkpt lat="23.1392956338822841644287109375" lon="113.25928634963929653167724609375">
        <ele>60.59999847412109375</ele>
        <time>2026-09-05T06:12:51.000Z</time>
        <extensions>
          <ns3:TrackPointExtension>
            <ns3:atemp>33.0</ns3:atemp>
            <ns3:hr>81</ns3:hr>
          </ns3:TrackPointExtension>
        </extensions>
      </trkpt>
      <trkpt lat="23.13929705880582332611083984375" lon="113.25927444733679294586181640625">
        <ele>60.59999847412109375</ele>
        <time>2026-09-05T06:12:52.000Z</time>
        <extensions>
          <ns3:TrackPointExtension>
            <ns3:atemp>33.0</ns3:atemp>
            <ns3:hr>84</ns3:hr>
          </ns3:TrackPointExtension>
        </extensions>
      </trkpt>
      <trkpt lat="23.1392748467624187469482421875" lon="113.25926019810140132904052734375">
        <ele>60.59999847412109375</ele>
        <time>2026-09-05T06:12:54.000Z</time>
        <extensions>
          <ns3:TrackPointExtension>
            <ns3:atemp>33.0</ns3:atemp>
            <ns3:hr>84</ns3:hr>
          </ns3:TrackPointExtension>
        </extensions>
      </trkpt>
      <trkpt lat="23.1392669677734375" lon="113.25924444012343883514404296875">
        <ele>60.59999847412109375</ele>
        <time>2026-09-05T06:12:56.000Z</time>
        <extensions>
          <ns3:TrackPointExtension>
            <ns3:atemp>33.0</ns3:atemp>
            <ns3:hr>84</ns3:hr>
          </ns3:TrackPointExtension>
        </extensions>
      </trkpt>
      <trkpt lat="23.13926671631634235382080078125" lon="113.25922834686934947967529296875">
        <ele>60.59999847412109375</ele>
        <time>2026-09-05T06:12:58.000Z</time>
        <extensions>
          <ns3:TrackPointExtension>
            <ns3:atemp>33.0</ns3:atemp>
            <ns3:hr>83</ns3:hr>
          </ns3:TrackPointExtension>
        </extensions>
      </trkpt>
      <trkpt lat="23.1392453424632549285888671875" lon="113.259195573627948760986328125">
        <ele>60.59999847412109375</ele>
        <time>2026-09-05T06:13:02.000Z</time>
        <extensions>
          <ns3:TrackPointExtension>
            <ns3:atemp>33.0</ns3:atemp>
            <ns3:hr>83</ns3:hr>
          </ns3:TrackPointExtension>
        </extensions>
      </trkpt>
      <trkpt lat="23.1392222084105014801025390625" lon="113.2591424323618412017822265625">
        <ele>60.40000152587890625</ele>
        <time>2026-09-05T06:13:09.000Z</time>
        <extensions>
          <ns3:TrackPointExtension>
            <ns3:atemp>33.0</ns3:atemp>
            <ns3:hr>80</ns3:hr>
          </ns3:TrackPointExtension>
        </extensions>
      </trkpt>
      <trkpt lat="23.1392158381640911102294921875" lon="113.25913396663963794708251953125">
        <ele>60.40000152587890625</ele>
        <time>2026-09-05T06:13:10.000Z</time>
        <extensions>
          <ns3:TrackPointExtension>
            <ns3:atemp>33.0</ns3:atemp>
            <ns3:hr>84</ns3:hr>
          </ns3:TrackPointExtension>
        </extensions>
      </trkpt>
      <trkpt lat="23.13920217566192150115966796875" lon="113.25910077430307865142822265625">
        <ele>60.200000762939453125</ele>
        <time>2026-09-05T06:13:13.000Z</time>
        <extensions>
          <ns3:TrackPointExtension>
            <ns3:atemp>33.0</ns3:atemp>
            <ns3:hr>87</ns3:hr>
          </ns3:TrackPointExtension>
        </extensions>
      </trkpt>
      <trkpt lat="23.1391699053347110748291015625" lon="113.25905350036919116973876953125">
        <ele>60.200000762939453125</ele>
        <time>2026-09-05T06:13:18.000Z</time>
        <extensions>
          <ns3:TrackPointExtension>
            <ns3:atemp>33.0</ns3:atemp>
            <ns3:hr>88</ns3:hr>
          </ns3:TrackPointExtension>
        </extensions>
      </trkpt>
      <trkpt lat="23.13916563056409358978271484375" lon="113.2590093277394771575927734375">
        <ele>60.200000762939453125</ele>
        <time>2026-09-05T06:13:23.000Z</time>
        <extensions>
          <ns3:TrackPointExtension>
            <ns3:atemp>33.0</ns3:atemp>
            <ns3:hr>90</ns3:hr>
          </ns3:TrackPointExtension>
        </extensions>
      </trkpt>
      <trkpt lat="23.1391561590135097503662109375" lon="113.25899801217019557952880859375">
        <ele>60</ele>
        <time>2026-09-05T06:13:25.000Z</time>
        <extensions>
          <ns3:TrackPointExtension>
            <ns3:atemp>33.0</ns3:atemp>
            <ns3:hr>87</ns3:hr>
          </ns3:TrackPointExtension>
        </extensions>
      </trkpt>
      <trkpt lat="23.13910561613738536834716796875" lon="113.25894512236118316650390625">
        <ele>59.799999237060546875</ele>
        <time>2026-09-05T06:13:30.000Z</time>
        <extensions>
          <ns3:TrackPointExtension>
            <ns3:atemp>33.0</ns3:atemp>
            <ns3:hr>87</ns3:hr>
          </ns3:TrackPointExtension>
        </extensions>
      </trkpt>
      <trkpt lat="23.139105029404163360595703125" lon="113.2588626444339752197265625">
        <ele>59.799999237060546875</ele>
        <time>2026-09-05T06:13:40.000Z</time>
        <extensions>
          <ns3:TrackPointExtension>
            <ns3:atemp>33.0</ns3:atemp>
            <ns3:hr>86</ns3:hr>
          </ns3:TrackPointExtension>
        </extensions>
      </trkpt>
      <trkpt lat="23.1390810571610927581787109375" lon="113.25882534496486186981201171875">
        <ele>59.59999847412109375</ele>
        <time>2026-09-05T06:13:45.000Z</time>
        <extensions>
          <ns3:TrackPointExtension>
            <ns3:atemp>33.0</ns3:atemp>
            <ns3:hr>88</ns3:hr>
          </ns3:TrackPointExtension>
        </extensions>
      </trkpt>
      <trkpt lat="23.13907979987561702728271484375" lon="113.2588121853768825531005859375">
        <ele>59.40000152587890625</ele>
        <time>2026-09-05T06:13:46.000Z</time>
        <extensions>
          <ns3:TrackPointExtension>
            <ns3:atemp>33.0</ns3:atemp>
            <ns3:hr>88</ns3:hr>
          </ns3:TrackPointExtension>
        </extensions>
      </trkpt>
      <trkpt lat="23.139066807925701141357421875" lon="113.258783854544162750244140625">
        <ele>59.200000762939453125</ele>
        <time>2026-09-05T06:13:52.000Z</time>
        <extensions>
          <ns3:TrackPointExtension>
            <ns3:atemp>33.0</ns3:atemp>
            <ns3:hr>88</ns3:hr>
          </ns3:TrackPointExtension>
        </extensions>
      </trkpt>
      <trkpt lat="23.139032609760761260986328125" lon="113.25870078988373279571533203125">
        <ele>58.59999847412109375</ele>
        <time>2026-09-05T06:14:01.000Z</time>
        <extensions>
          <ns3:TrackPointExtension>
            <ns3:atemp>33.0</ns3:atemp>
            <ns3:hr>88</ns3:hr>
          </ns3:TrackPointExtension>
        </extensions>
      </trkpt>
      <trkpt lat="23.1390134990215301513671875" lon="113.2587002031505107879638671875">
        <ele>58.40000152587890625</ele>
        <time>2026-09-05T06:14:03.000Z</time>
        <extensions>
          <ns3:TrackPointExtension>
            <ns3:atemp>33.0</ns3:atemp>
            <ns3:hr>88</ns3:hr>
          </ns3:TrackPointExtension>
        </extensions>
      </trkpt>
      <trkpt lat="23.139005787670612335205078125" lon="113.25870045460760593414306640625">
        <ele>58.200000762939453125</ele>
        <time>2026-09-05T06:14:04.000Z</time>
        <extensions>
          <ns3:TrackPointExtension>
            <ns3:atemp>33.0</ns3:atemp>
            <ns3:hr>87</ns3:hr>
          </ns3:TrackPointExtension>
        </extensions>
      </trkpt>
      <trkpt lat="23.13898743130266666412353515625" lon="113.25869458727538585662841796875">
        <ele>57.799999237060546875</ele>
        <time>2026-09-05T06:14:08.000Z</time>
        <extensions>
          <ns3:TrackPointExtension>
            <ns3:atemp>33.0</ns3:atemp>
            <ns3:hr>87</ns3:hr>
          </ns3:TrackPointExtension>
        </extensions>
      </trkpt>
      <trkpt lat="23.13896119594573974609375" lon="113.25869224034249782562255859375">
        <ele>57.59999847412109375</ele>
        <time>2026-09-05T06:14:10.000Z</time>
        <extensions>
          <ns3:TrackPointExtension>
            <ns3:atemp>33.0</ns3:atemp>
            <ns3:hr>83</ns3:hr>
          </ns3:TrackPointExtension>
        </extensions>
      </trkpt>
      <trkpt lat="23.13900788314640522003173828125" lon="113.25870648957788944244384765625">
        <ele>57.40000152587890625</ele>
        <time>2026-09-05T06:14:12.000Z</time>
        <extensions>
          <ns3:TrackPointExtension>
            <ns3:atemp>33.0</ns3:atemp>
            <ns3:hr>81</ns3:hr>
          </ns3:TrackPointExtension>
        </extensions>
      </trkpt>
      <trkpt lat="23.13899816013872623443603515625" lon="113.2586666755378246307373046875">
        <ele>57.40000152587890625</ele>
        <time>2026-09-05T06:14:14.000Z</time>
        <extensions>
          <ns3:TrackPointExtension>
            <ns3:atemp>33.0</ns3:atemp>
            <ns3:hr>84</ns3:hr>
          </ns3:TrackPointExtension>
        </extensions>
      </trkpt>
      <trkpt lat="23.13900888897478580474853515625" lon="113.2586495764553546905517578125">
        <ele>57.200000762939453125</ele>
        <time>2026-09-05T06:14:15.000Z</time>
        <extensions>
          <ns3:TrackPointExtension>
            <ns3:atemp>33.0</ns3:atemp>
            <ns3:hr>84</ns3:hr>
          </ns3:TrackPointExtension>
        </extensions>
      </trkpt>
      <trkpt lat="23.139048032462596893310546875" lon="113.25868067331612110137939453125">
        <ele>56.799999237060546875</ele>
        <time>2026-09-05T06:14:20.000Z</time>
        <extensions>
          <ns3:TrackPointExtension>
            <ns3:atemp>33.0</ns3:atemp>
            <ns3:hr>84</ns3:hr>
          </ns3:TrackPointExtension>
        </extensions>
      </trkpt>
      <trkpt lat="23.13903252594172954559326171875" lon="113.25865686871111392974853515625">
        <ele>56.799999237060546875</ele>
        <time>2026-09-05T06:14:21.000Z</time>
        <extensions>
          <ns3:TrackPointExtension>
            <ns3:atemp>33.0</ns3:atemp>
            <ns3:hr>81</ns3:hr>
          </ns3:TrackPointExtension>
        </extensions>
      </trkpt>
      <trkpt lat="23.1390215456485748291015625" lon="113.25864731334149837493896484375">
        <ele>56.59999847412109375</ele>
        <time>2026-09-05T06:14:22.000Z</time>
        <extensions>
          <ns3:TrackPointExtension>
            <ns3:atemp>33.0</ns3:atemp>
            <ns3:hr>84</ns3:hr>
          </ns3:TrackPointExtension>
        </extensions>
      </trkpt>
      <trkpt lat="23.13900285400450229644775390625" lon="113.258628956973552703857421875">
        <ele>56.40000152587890625</ele>
        <time>2026-09-05T06:14:25.000Z</time>
        <extensions>
          <ns3:TrackPointExtension>
            <ns3:atemp>33.0</ns3:atemp>
            <ns3:hr>84</ns3:hr>
          </ns3:TrackPointExtension>
        </extensions>
      </trkpt>
      <trkpt lat="23.13898357562720775604248046875" lon="113.2585727982223033905029296875">
        <ele>56.200000762939453125</ele>
        <time>2026-09-05T06:14:27.000Z</time>
        <extensions>
          <ns3:TrackPointExtension>
            <ns3:atemp>33.0</ns3:atemp>
            <ns3:hr>82</ns3:hr>
          </ns3:TrackPointExtension>
        </extensions>
      </trkpt>
      <trkpt lat="23.13897234387695789337158203125" lon="113.25853298418223857879638671875">
        <ele>56.200000762939453125</ele>
        <time>2026-09-05T06:14:28.000Z</time>
        <extensions>
          <ns3:TrackPointExtension>
            <ns3:atemp>33.0</ns3:atemp>
            <ns3:hr>80</ns3:hr>
          </ns3:TrackPointExtension>
        </extensions>
      </trkpt>
      <trkpt lat="23.1389684043824672698974609375" lon="113.25850331224501132965087890625">
        <ele>56.200000762939453125</ele>
        <time>2026-09-05T06:14:29.000Z</time>
        <extensions>
          <ns3:TrackPointExtension>
            <ns3:atemp>33.0</ns3:atemp>
            <ns3:hr>83</ns3:hr>
          </ns3:TrackPointExtension>
        </extensions>
      </trkpt>
      <trkpt lat="23.1388976611196994781494140625" lon="113.25839149765670299530029296875">
        <ele>55.799999237060546875</ele>
        <time>2026-09-05T06:14:34.000Z</time>
        <extensions>
          <ns3:TrackPointExtension>
            <ns3:atemp>33.0</ns3:atemp>
            <ns3:hr>83</ns3:hr>
          </ns3:TrackPointExtension>
        </extensions>
      </trkpt>
      <trkpt lat="23.13888634555041790008544921875" lon="113.2583220116794109344482421875">
        <ele>55.200000762939453125</ele>
        <time>2026-09-05T06:14:40.000Z</time>
        <extensions>
          <ns3:TrackPointExtension>
            <ns3:atemp>33.0</ns3:atemp>
            <ns3:hr>83</ns3:hr>
          </ns3:TrackPointExtension>
        </extensions>
      </trkpt>
      <trkpt lat="23.13888433389365673065185546875" lon="113.2583243586122989654541015625">
        <ele>55.200000762939453125</ele>
        <time>2026-09-05T06:14:41.000Z</time>
        <extensions>
          <ns3:TrackPointExtension>
            <ns3:atemp>33.0</ns3:atemp>
            <ns3:hr>84</ns3:hr>
          </ns3:TrackPointExtension>
        </extensions>
      </trkpt>
      <trkpt lat="23.13888751901686191558837890625" lon="113.25831404887139797210693359375">
        <ele>55.200000762939453125</ele>
        <time>2026-09-05T06:14:47.000Z</time>
        <extensions>
          <ns3:TrackPointExtension>
            <ns3:atemp>33.0</ns3:atemp>
            <ns3:hr>83</ns3:hr>
          </ns3:TrackPointExtension>
        </extensions>
      </trkpt>
      <trkpt lat="23.13889355398714542388916015625" lon="113.2583127915859222412109375">
        <ele>54.799999237060546875</ele>
        <time>2026-09-05T06:14:55.000Z</time>
        <extensions>
          <ns3:TrackPointExtension>
            <ns3:atemp>33.0</ns3:atemp>
            <ns3:hr>80</ns3:hr>
          </ns3:TrackPointExtension>
        </extensions>
      </trkpt>
      <trkpt lat="23.1388929672539234161376953125" lon="113.2583127915859222412109375">
        <ele>55.200000762939453125</ele>
        <time>2026-09-05T06:15:01.000Z</time>
        <extensions>
          <ns3:TrackPointExtension>
            <ns3:atemp>33.0</ns3:atemp>
            <ns3:hr>77</ns3:hr>
          </ns3:TrackPointExtension>
        </extensions>
      </trkpt>
      <trkpt lat="23.13891383819282054901123046875" lon="113.25822335667908191680908203125">
        <ele>54.40000152587890625</ele>
        <time>2026-09-05T06:15:15.000Z</time>
        <extensions>
          <ns3:TrackPointExtension>
            <ns3:atemp>33.0</ns3:atemp>
            <ns3:hr>77</ns3:hr>
          </ns3:TrackPointExtension>
        </extensions>
      </trkpt>
      <trkpt lat="23.13892708159983158111572265625" lon="113.258202485740184783935546875">
        <ele>54.40000152587890625</ele>
        <time>2026-09-05T06:15:17.000Z</time>
        <extensions>
          <ns3:TrackPointExtension>
            <ns3:atemp>33.0</ns3:atemp>
            <ns3:hr>74</ns3:hr>
          </ns3:TrackPointExtension>
        </extensions>
      </trkpt>
      <trkpt lat="23.13893948681652545928955078125" lon="113.25818362645804882049560546875">
        <ele>54.40000152587890625</ele>
        <time>2026-09-05T06:15:19.000Z</time>
        <extensions>
          <ns3:TrackPointExtension>
            <ns3:atemp>33.0</ns3:atemp>
            <ns3:hr>78</ns3:hr>
          </ns3:TrackPointExtension>
        </extensions>
      </trkpt>
      <trkpt lat="23.1389405764639377593994140625" lon="113.25816082768142223358154296875">
        <ele>54.200000762939453125</ele>
        <time>2026-09-05T06:15:22.000Z</time>
        <extensions>
          <ns3:TrackPointExtension>
            <ns3:atemp>33.0</ns3:atemp>
            <ns3:hr>77</ns3:hr>
          </ns3:TrackPointExtension>
        </extensions>
      </trkpt>
      <trkpt lat="23.138936720788478851318359375" lon="113.25814071111381053924560546875">
        <ele>54</ele>
        <time>2026-09-05T06:15:24.000Z</time>
        <extensions>
          <ns3:TrackPointExtension>
            <ns3:atemp>33.0</ns3:atemp>
            <ns3:hr>75</ns3:hr>
          </ns3:TrackPointExtension>
        </extensions>
      </trkpt>
      <trkpt lat="23.1389509700238704681396484375" lon="113.25812998227775096893310546875">
        <ele>54</ele>
        <time>2026-09-05T06:15:26.000Z</time>
        <extensions>
          <ns3:TrackPointExtension>
            <ns3:atemp>33.0</ns3:atemp>
            <ns3:hr>78</ns3:hr>
          </ns3:TrackPointExtension>
        </extensions>
      </trkpt>
      <trkpt lat="23.13894853927195072174072265625" lon="113.25808941386640071868896484375">
        <ele>53.40000152587890625</ele>
        <time>2026-09-05T06:15:30.000Z</time>
        <extensions>
          <ns3:TrackPointExtension>
            <ns3:atemp>33.0</ns3:atemp>
            <ns3:hr>80</ns3:hr>
          </ns3:TrackPointExtension>
        </extensions>
      </trkpt>
      <trkpt lat="23.138949461281299591064453125" lon="113.25805655680596828460693359375">
        <ele>53.200000762939453125</ele>
        <time>2026-09-05T06:15:34.000Z</time>
        <extensions>
          <ns3:TrackPointExtension>
            <ns3:atemp>33.0</ns3:atemp>
            <ns3:hr>81</ns3:hr>
          </ns3:TrackPointExtension>
        </extensions>
      </trkpt>
      <trkpt lat="23.13895055092871189117431640625" lon="113.25802353210747241973876953125">
        <ele>52.59999847412109375</ele>
        <time>2026-09-05T06:15:40.000Z</time>
        <extensions>
          <ns3:TrackPointExtension>
            <ns3:atemp>33.0</ns3:atemp>
            <ns3:hr>82</ns3:hr>
          </ns3:TrackPointExtension>
        </extensions>
      </trkpt>
      <trkpt lat="23.1389419175684452056884765625" lon="113.2579867355525493621826171875">
        <ele>52</ele>
        <time>2026-09-05T06:15:47.000Z</time>
        <extensions>
          <ns3:TrackPointExtension>
            <ns3:atemp>33.0</ns3:atemp>
            <ns3:hr>82</ns3:hr>
          </ns3:TrackPointExtension>
        </extensions>
      </trkpt>
      <trkpt lat="23.13893797807395458221435546875" lon="113.257984556257724761962890625">
        <ele>51.799999237060546875</ele>
        <time>2026-09-05T06:15:48.000Z</time>
        <extensions>
          <ns3:TrackPointExtension>
            <ns3:atemp>33.0</ns3:atemp>
            <ns3:hr>82</ns3:hr>
          </ns3:TrackPointExtension>
        </extensions>
      </trkpt>
      <trkpt lat="23.13892188481986522674560546875" lon="113.2579693011939525604248046875">
        <ele>51.40000152587890625</ele>
        <time>2026-09-05T06:15:53.000Z</time>
        <extensions>
          <ns3:TrackPointExtension>
            <ns3:atemp>33.0</ns3:atemp>
            <ns3:hr>83</ns3:hr>
          </ns3:TrackPointExtension>
        </extensions>
      </trkpt>
      <trkpt lat="23.1389201246201992034912109375" lon="113.25794273056089878082275390625">
        <ele>51.200000762939453125</ele>
        <time>2026-09-05T06:15:58.000Z</time>
        <extensions>
          <ns3:TrackPointExtension>
            <ns3:atemp>33.0</ns3:atemp>
            <ns3:hr>85</ns3:hr>
          </ns3:TrackPointExtension>
        </extensions>
      </trkpt>
      <trkpt lat="23.138932697474956512451171875" lon="113.25791590847074985504150390625">
        <ele>51</ele>
        <time>2026-09-05T06:16:02.000Z</time>
        <extensions>
          <ns3:TrackPointExtension>
            <ns3:atemp>33.0</ns3:atemp>
            <ns3:hr>84</ns3:hr>
          </ns3:TrackPointExtension>
        </extensions>
      </trkpt>
      <trkpt lat="23.13893244601786136627197265625" lon="113.257918842136859893798828125">
        <ele>50.799999237060546875</ele>
        <time>2026-09-05T06:16:04.000Z</time>
        <extensions>
          <ns3:TrackPointExtension>
            <ns3:atemp>33.0</ns3:atemp>
            <ns3:hr>87</ns3:hr>
          </ns3:TrackPointExtension>
        </extensions>
      </trkpt>
      <trkpt lat="23.13892859034240245819091796875" lon="113.25790266506373882293701171875">
        <ele>50.59999847412109375</ele>
        <time>2026-09-05T06:16:06.000Z</time>
        <extensions>
          <ns3:TrackPointExtension>
            <ns3:atemp>33.0</ns3:atemp>
            <ns3:hr>90</ns3:hr>
          </ns3:TrackPointExtension>
        </extensions>
      </trkpt>
      <trkpt lat="23.138934709131717681884765625" lon="113.25788564980030059814453125">
        <ele>50.40000152587890625</ele>
        <time>2026-09-05T06:16:08.000Z</time>
        <extensions>
          <ns3:TrackPointExtension>
            <ns3:atemp>33.0</ns3:atemp>
            <ns3:hr>89</ns3:hr>
          </ns3:TrackPointExtension>
        </extensions>
      </trkpt>
      <trkpt lat="23.13894032500684261322021484375" lon="113.25785815715789794921875">
        <ele>50.40000152587890625</ele>
        <time>2026-09-05T06:16:10.000Z</time>
        <extensions>
          <ns3:TrackPointExtension>
            <ns3:atemp>33.0</ns3:atemp>
            <ns3:hr>89</ns3:hr>
          </ns3:TrackPointExtension>
        </extensions>
      </trkpt>
      <trkpt lat="23.13892900943756103515625" lon="113.25783669948577880859375">
        <ele>50.200000762939453125</ele>
        <time>2026-09-05T06:16:12.000Z</time>
        <extensions>
          <ns3:TrackPointExtension>
            <ns3:atemp>32.0</ns3:atemp>
            <ns3:hr>87</ns3:hr>
          </ns3:TrackPointExtension>
        </extensions>
      </trkpt>
      <trkpt lat="23.13892699778079986572265625" lon="113.25782923959195613861083984375">
        <ele>50</ele>
        <time>2026-09-05T06:16:15.000Z</time>
        <extensions>
          <ns3:TrackPointExtension>
            <ns3:atemp>33.0</ns3:atemp>
            <ns3:hr>88</ns3:hr>
          </ns3:TrackPointExtension>
        </extensions>
      </trkpt>
      <trkpt lat="23.138912580907344818115234375" lon="113.2578258030116558074951171875">
        <ele>50</ele>
        <time>2026-09-05T06:16:16.000Z</time>
        <extensions>
          <ns3:TrackPointExtension>
            <ns3:atemp>33.0</ns3:atemp>
            <ns3:hr>88</ns3:hr>
          </ns3:TrackPointExtension>
        </extensions>
      </trkpt>
      <trkpt lat="23.13892724923789501190185546875" lon="113.25780945830047130584716796875">
        <ele>49.799999237060546875</ele>
        <time>2026-09-05T06:16:18.000Z</time>
        <extensions>
          <ns3:TrackPointExtension>
            <ns3:atemp>32.0</ns3:atemp>
            <ns3:hr>89</ns3:hr>
          </ns3:TrackPointExtension>
        </extensions>
      </trkpt>
      <trkpt lat="23.13893915154039859771728515625" lon="113.25779973529279232025146484375">
        <ele>49.799999237060546875</ele>
        <time>2026-09-05T06:16:19.000Z</time>
        <extensions>
          <ns3:TrackPointExtension>
            <ns3:atemp>33.0</ns3:atemp>
            <ns3:hr>90</ns3:hr>
          </ns3:TrackPointExtension>
        </extensions>
      </trkpt>
      <trkpt lat="23.13897770829498767852783203125" lon="113.257739804685115814208984375">
        <ele>49.40000152587890625</ele>
        <time>2026-09-05T06:16:25.000Z</time>
        <extensions>
          <ns3:TrackPointExtension>
            <ns3:atemp>33.0</ns3:atemp>
            <ns3:hr>90</ns3:hr>
          </ns3:TrackPointExtension>
        </extensions>
      </trkpt>
      <trkpt lat="23.13897066749632358551025390625" lon="113.2577077858150005340576171875">
        <ele>49.40000152587890625</ele>
        <time>2026-09-05T06:16:27.000Z</time>
        <extensions>
          <ns3:TrackPointExtension>
            <ns3:atemp>33.0</ns3:atemp>
            <ns3:hr>87</ns3:hr>
          </ns3:TrackPointExtension>
        </extensions>
      </trkpt>
      <trkpt lat="23.1389734335243701934814453125" lon="113.2576853223145008087158203125">
        <ele>49.200000762939453125</ele>
        <time>2026-09-05T06:16:28.000Z</time>
        <extensions>
          <ns3:TrackPointExtension>
            <ns3:atemp>32.0</ns3:atemp>
            <ns3:hr>87</ns3:hr>
          </ns3:TrackPointExtension>
        </extensions>
      </trkpt>
      <trkpt lat="23.13898357562720775604248046875" lon="113.25767015106976032257080078125">
        <ele>49.200000762939453125</ele>
        <time>2026-09-05T06:16:29.000Z</time>
        <extensions>
          <ns3:TrackPointExtension>
            <ns3:atemp>33.0</ns3:atemp>
            <ns3:hr>88</ns3:hr>
          </ns3:TrackPointExtension>
        </extensions>
      </trkpt>
      <trkpt lat="23.13897921703755855560302734375" lon="113.2576695643365383148193359375">
        <ele>49.200000762939453125</ele>
        <time>2026-09-05T06:16:30.000Z</time>
        <extensions>
          <ns3:TrackPointExtension>
            <ns3:atemp>33.0</ns3:atemp>
            <ns3:hr>91</ns3:hr>
          </ns3:TrackPointExtension>
        </extensions>
      </trkpt>
      <trkpt lat="23.1389623694121837615966796875" lon="113.2576186023652553558349609375">
        <ele>48.799999237060546875</ele>
        <time>2026-09-05T06:16:33.000Z</time>
        <extensions>
          <ns3:TrackPointExtension>
            <ns3:atemp>33.0</ns3:atemp>
            <ns3:hr>90</ns3:hr>
          </ns3:TrackPointExtension>
        </extensions>
      </trkpt>
      <trkpt lat="23.13895541243255138397216796875" lon="113.2576011680066585540771484375">
        <ele>48.799999237060546875</ele>
        <time>2026-09-05T06:16:34.000Z</time>
        <extensions>
          <ns3:TrackPointExtension>
            <ns3:atemp>33.0</ns3:atemp>
            <ns3:hr>90</ns3:hr>
          </ns3:TrackPointExtension>
        </extensions>
      </trkpt>
      <trkpt lat="23.138958849012851715087890625" lon="113.2575636170804500579833984375">
        <ele>48.59999847412109375</ele>
        <time>2026-09-05T06:16:36.000Z</time>
        <extensions>
          <ns3:TrackPointExtension>
            <ns3:atemp>33.0</ns3:atemp>
            <ns3:hr>86</ns3:hr>
          </ns3:TrackPointExtension>
        </extensions>
      </trkpt>
      <trkpt lat="23.13898877240717411041259765625" lon="113.257523216307163238525390625">
        <ele>48.59999847412109375</ele>
        <time>2026-09-05T06:16:38.000Z</time>
        <extensions>
          <ns3:TrackPointExtension>
            <ns3:atemp>33.0</ns3:atemp>
            <ns3:hr>85</ns3:hr>
          </ns3:TrackPointExtension>
        </extensions>
      </trkpt>
      <trkpt lat="23.139008469879627227783203125" lon="113.25748356990516185760498046875">
        <ele>48.40000152587890625</ele>
        <time>2026-09-05T06:16:40.000Z</time>
        <extensions>
          <ns3:TrackPointExtension>
            <ns3:atemp>33.0</ns3:atemp>
            <ns3:hr>85</ns3:hr>
          </ns3:TrackPointExtension>
        </extensions>
      </trkpt>
      <trkpt lat="23.1390026025474071502685546875" lon="113.25745113193988800048828125">
        <ele>48.40000152587890625</ele>
        <time>2026-09-05T06:16:42.000Z</time>
        <extensions>
          <ns3:TrackPointExtension>
            <ns3:atemp>32.0</ns3:atemp>
            <ns3:hr>88</ns3:hr>
          </ns3:TrackPointExtension>
        </extensions>
      </trkpt>
      <trkpt lat="23.13898759894073009490966796875" lon="113.25737871229648590087890625">
        <ele>48.200000762939453125</ele>
        <time>2026-09-05T06:16:46.000Z</time>
        <extensions>
          <ns3:TrackPointExtension>
            <ns3:atemp>33.0</ns3:atemp>
            <ns3:hr>89</ns3:hr>
          </ns3:TrackPointExtension>
        </extensions>
      </trkpt>
      <trkpt lat="23.138979636132717132568359375" lon="113.25732213445007801055908203125">
        <ele>47.799999237060546875</ele>
        <time>2026-09-05T06:16:51.000Z</time>
        <extensions>
          <ns3:TrackPointExtension>
            <ns3:atemp>33.0</ns3:atemp>
            <ns3:hr>88</ns3:hr>
          </ns3:TrackPointExtension>
        </extensions>
      </trkpt>
      <trkpt lat="23.1389794684946537017822265625" lon="113.25731425546109676361083984375">
        <ele>47.799999237060546875</ele>
        <time>2026-09-05T06:16:52.000Z</time>
        <extensions>
          <ns3:TrackPointExtension>
            <ns3:atemp>33.0</ns3:atemp>
            <ns3:hr>89</ns3:hr>
          </ns3:TrackPointExtension>
        </extensions>
      </trkpt>
      <trkpt lat="23.138976283371448516845703125" lon="113.25729397125542163848876953125">
        <ele>47.200000762939453125</ele>
        <time>2026-09-05T06:16:54.000Z</time>
        <extensions>
          <ns3:TrackPointExtension>
            <ns3:atemp>33.0</ns3:atemp>
            <ns3:hr>89</ns3:hr>
          </ns3:TrackPointExtension>
        </extensions>
      </trkpt>
      <trkpt lat="23.1389643810689449310302734375" lon="113.257280476391315460205078125">
        <ele>46.799999237060546875</ele>
        <time>2026-09-05T06:16:56.000Z</time>
        <extensions>
          <ns3:TrackPointExtension>
            <ns3:atemp>33.0</ns3:atemp>
            <ns3:hr>89</ns3:hr>
          </ns3:TrackPointExtension>
        </extensions>
      </trkpt>
      <trkpt lat="23.13896345905959606170654296875" lon="113.25727402232587337493896484375">
        <ele>46.59999847412109375</ele>
        <time>2026-09-05T06:16:57.000Z</time>
        <extensions>
          <ns3:TrackPointExtension>
            <ns3:atemp>33.0</ns3:atemp>
            <ns3:hr>90</ns3:hr>
          </ns3:TrackPointExtension>
        </extensions>
      </trkpt>
      <trkpt lat="23.1389616988599300384521484375" lon="113.25726631097495555877685546875">
        <ele>46.59999847412109375</ele>
        <time>2026-09-05T06:16:58.000Z</time>
        <extensions>
          <ns3:TrackPointExtension>
            <ns3:atemp>33.0</ns3:atemp>
            <ns3:hr>88</ns3:hr>
          </ns3:TrackPointExtension>
        </extensions>
      </trkpt>
      <trkpt lat="23.138963542878627777099609375" lon="113.25724770314991474151611328125">
        <ele>46.200000762939453125</ele>
        <time>2026-09-05T06:17:00.000Z</time>
        <extensions>
          <ns3:TrackPointExtension>
            <ns3:atemp>33.0</ns3:atemp>
            <ns3:hr>88</ns3:hr>
          </ns3:TrackPointExtension>
        </extensions>
      </trkpt>
      <trkpt lat="23.13895809464156627655029296875" lon="113.2572447694838047027587890625">
        <ele>46.200000762939453125</ele>
        <time>2026-09-05T06:17:02.000Z</time>
        <extensions>
          <ns3:TrackPointExtension>
            <ns3:atemp>32.0</ns3:atemp>
            <ns3:hr>85</ns3:hr>
          </ns3:TrackPointExtension>
        </extensions>
      </trkpt>
      <trkpt lat="23.13895423896610736846923828125" lon="113.25723479501903057098388671875">
        <ele>46</ele>
        <time>2026-09-05T06:17:06.000Z</time>
        <extensions>
          <ns3:TrackPointExtension>
            <ns3:atemp>33.0</ns3:atemp>
            <ns3:hr>84</ns3:hr>
          </ns3:TrackPointExtension>
        </extensions>
      </trkpt>
      <trkpt lat="23.1389357149600982666015625" lon="113.25723378919064998626708984375">
        <ele>45.40000152587890625</ele>
        <time>2026-09-05T06:17:08.000Z</time>
        <extensions>
          <ns3:TrackPointExtension>
            <ns3:atemp>33.0</ns3:atemp>
            <ns3:hr>82</ns3:hr>
          </ns3:TrackPointExtension>
        </extensions>
      </trkpt>
      <trkpt lat="23.13893194310367107391357421875" lon="113.2571907900273799896240234375">
        <ele>44.799999237060546875</ele>
        <time>2026-09-05T06:17:11.000Z</time>
        <extensions>
          <ns3:TrackPointExtension>
            <ns3:atemp>33.0</ns3:atemp>
            <ns3:hr>83</ns3:hr>
          </ns3:TrackPointExtension>
        </extensions>
      </trkpt>
      <trkpt lat="23.1389383971691131591796875" lon="113.25718333013355731964111328125">
        <ele>44.40000152587890625</ele>
        <time>2026-09-05T06:17:13.000Z</time>
        <extensions>
          <ns3:TrackPointExtension>
            <ns3:atemp>33.0</ns3:atemp>
            <ns3:hr>82</ns3:hr>
          </ns3:TrackPointExtension>
        </extensions>
      </trkpt>
      <trkpt lat="23.13892406411468982696533203125" lon="113.25717109255492687225341796875">
        <ele>43.59999847412109375</ele>
        <time>2026-09-05T06:17:16.000Z</time>
        <extensions>
          <ns3:TrackPointExtension>
            <ns3:atemp>33.0</ns3:atemp>
            <ns3:hr>83</ns3:hr>
          </ns3:TrackPointExtension>
        </extensions>
      </trkpt>
      <trkpt lat="23.13890310935676097869873046875" lon="113.2571686618030071258544921875">
        <ele>43.200000762939453125</ele>
        <time>2026-09-05T06:17:20.000Z</time>
        <extensions>
          <ns3:TrackPointExtension>
            <ns3:atemp>33.0</ns3:atemp>
            <ns3:hr>85</ns3:hr>
          </ns3:TrackPointExtension>
        </extensions>
      </trkpt>
      <trkpt lat="23.138887099921703338623046875" lon="113.2571720145642757415771484375">
        <ele>42.200000762939453125</ele>
        <time>2026-09-05T06:17:24.000Z</time>
        <extensions>
          <ns3:TrackPointExtension>
            <ns3:atemp>33.0</ns3:atemp>
            <ns3:hr>84</ns3:hr>
          </ns3:TrackPointExtension>
        </extensions>
      </trkpt>
      <trkpt lat="23.1388767063617706298828125" lon="113.2571807317435741424560546875">
        <ele>41.40000152587890625</ele>
        <time>2026-09-05T06:17:28.000Z</time>
        <extensions>
          <ns3:TrackPointExtension>
            <ns3:atemp>33.0</ns3:atemp>
            <ns3:hr>81</ns3:hr>
          </ns3:TrackPointExtension>
        </extensions>
      </trkpt>
      <trkpt lat="23.1389047019183635711669921875" lon="113.25718115083873271942138671875">
        <ele>41</ele>
        <time>2026-09-05T06:17:29.000Z</time>
        <extensions>
          <ns3:TrackPointExtension>
            <ns3:atemp>33.0</ns3:atemp>
            <ns3:hr>82</ns3:hr>
          </ns3:TrackPointExtension>
        </extensions>
      </trkpt>
      <trkpt lat="23.1389519758522510528564453125" lon="113.25716279447078704833984375">
        <ele>40.799999237060546875</ele>
        <time>2026-09-05T06:17:30.000Z</time>
        <extensions>
          <ns3:TrackPointExtension>
            <ns3:atemp>33.0</ns3:atemp>
            <ns3:hr>84</ns3:hr>
          </ns3:TrackPointExtension>
        </extensions>
      </trkpt>
      <trkpt lat="23.13897049985826015472412109375" lon="113.2571513950824737548828125">
        <ele>40.59999847412109375</ele>
        <time>2026-09-05T06:17:31.000Z</time>
        <extensions>
          <ns3:TrackPointExtension>
            <ns3:atemp>33.0</ns3:atemp>
            <ns3:hr>81</ns3:hr>
          </ns3:TrackPointExtension>
        </extensions>
      </trkpt>
      <trkpt lat="23.13896832056343555450439453125" lon="113.25714896433055400848388671875">
        <ele>40.59999847412109375</ele>
        <time>2026-09-05T06:17:32.000Z</time>
        <extensions>
          <ns3:TrackPointExtension>
            <ns3:atemp>33.0</ns3:atemp>
            <ns3:hr>82</ns3:hr>
          </ns3:TrackPointExtension>
        </extensions>
      </trkpt>
      <trkpt lat="23.138925321400165557861328125" lon="113.25709129683673381805419921875">
        <ele>40.200000762939453125</ele>
        <time>2026-09-05T06:17:35.000Z</time>
        <extensions>
          <ns3:TrackPointExtension>
            <ns3:atemp>33.0</ns3:atemp>
            <ns3:hr>85</ns3:hr>
          </ns3:TrackPointExtension>
        </extensions>
      </trkpt>
      <trkpt lat="23.1389221362769603729248046875" lon="113.257093727588653564453125">
        <ele>40</ele>
        <time>2026-09-05T06:17:36.000Z</time>
        <extensions>
          <ns3:TrackPointExtension>
            <ns3:atemp>33.0</ns3:atemp>
            <ns3:hr>82</ns3:hr>
          </ns3:TrackPointExtension>
        </extensions>
      </trkpt>
      <trkpt lat="23.13887536525726318359375" lon="113.25704611837863922119140625">
        <ele>40</ele>
        <time>2026-09-05T06:17:42.000Z</time>
        <extensions>
          <ns3:TrackPointExtension>
            <ns3:atemp>33.0</ns3:atemp>
            <ns3:hr>79</ns3:hr>
          </ns3:TrackPointExtension>
        </extensions>
      </trkpt>
      <trkpt lat="23.138881064951419830322265625" lon="113.25704452581703662872314453125">
        <ele>40</ele>
        <time>2026-09-05T06:17:43.000Z</time>
        <extensions>
          <ns3:TrackPointExtension>
            <ns3:atemp>33.0</ns3:atemp>
            <ns3:hr>82</ns3:hr>
          </ns3:TrackPointExtension>
        </extensions>
      </trkpt>
      <trkpt lat="23.13884845934808254241943359375" lon="113.25700395740568637847900390625">
        <ele>39.200000762939453125</ele>
        <time>2026-09-05T06:17:48.000Z</time>
        <extensions>
          <ns3:TrackPointExtension>
            <ns3:atemp>33.0</ns3:atemp>
            <ns3:hr>82</ns3:hr>
          </ns3:TrackPointExtension>
        </extensions>
      </trkpt>
      <trkpt lat="23.13883471302688121795654296875" lon="113.25697143562138080596923828125">
        <ele>39</ele>
        <time>2026-09-05T06:17:51.000Z</time>
        <extensions>
          <ns3:TrackPointExtension>
            <ns3:atemp>33.0</ns3:atemp>
            <ns3:hr>83</ns3:hr>
          </ns3:TrackPointExtension>
        </extensions>
      </trkpt>
      <trkpt lat="23.1388480402529239654541015625" lon="113.25696833431720733642578125">
        <ele>39</ele>
        <time>2026-09-05T06:17:54.000Z</time>
        <extensions>
          <ns3:TrackPointExtension>
            <ns3:atemp>33.0</ns3:atemp>
            <ns3:hr>84</ns3:hr>
          </ns3:TrackPointExtension>
        </extensions>
      </trkpt>
      <trkpt lat="23.1388648040592670440673828125" lon="113.25697612948715686798095703125">
        <ele>38.799999237060546875</ele>
        <time>2026-09-05T06:18:02.000Z</time>
        <extensions>
          <ns3:TrackPointExtension>
            <ns3:atemp>33.0</ns3:atemp>
            <ns3:hr>85</ns3:hr>
          </ns3:TrackPointExtension>
        </extensions>
      </trkpt>
      <trkpt lat="23.13888466916978359222412109375" lon="113.256961293518543243408203125">
        <ele>39.799999237060546875</ele>
        <time>2026-09-05T06:18:10.000Z</time>
        <extensions>
          <ns3:TrackPointExtension>
            <ns3:atemp>33.0</ns3:atemp>
            <ns3:hr>86</ns3:hr>
          </ns3:TrackPointExtension>
        </extensions>
      </trkpt>
      <trkpt lat="23.13887813128530979156494140625" lon="113.25695852749049663543701171875">
        <ele>39.799999237060546875</ele>
        <time>2026-09-05T06:18:20.000Z</time>
        <extensions>
          <ns3:TrackPointExtension>
            <ns3:atemp>33.0</ns3:atemp>
            <ns3:hr>86</ns3:hr>
          </ns3:TrackPointExtension>
        </extensions>
      </trkpt>
      <trkpt lat="23.13888047821819782257080078125" lon="113.25695852749049663543701171875">
        <ele>40</ele>
        <time>2026-09-05T06:18:30.000Z</time>
        <extensions>
          <ns3:TrackPointExtension>
            <ns3:atemp>33.0</ns3:atemp>
            <ns3:hr>83</ns3:hr>
          </ns3:TrackPointExtension>
        </extensions>
      </trkpt>
      <trkpt lat="23.1389248184859752655029296875" lon="113.25699121691286563873291015625">
        <ele>40.799999237060546875</ele>
        <time>2026-09-05T06:18:50.000Z</time>
        <extensions>
          <ns3:TrackPointExtension>
            <ns3:atemp>32.0</ns3:atemp>
            <ns3:hr>83</ns3:hr>
          </ns3:TrackPointExtension>
        </extensions>
      </trkpt>
      <trkpt lat="23.13895088620483875274658203125" lon="113.2570409215986728668212890625">
        <ele>41</ele>
        <time>2026-09-05T06:18:57.000Z</time>
        <extensions>
          <ns3:TrackPointExtension>
            <ns3:atemp>32.0</ns3:atemp>
            <ns3:hr>83</ns3:hr>
          </ns3:TrackPointExtension>
        </extensions>
      </trkpt>
      <trkpt lat="23.138970918953418731689453125" lon="113.25706380419433116912841796875">
        <ele>41</ele>
        <time>2026-09-05T06:19:01.000Z</time>
        <extensions>
          <ns3:TrackPointExtension>
            <ns3:atemp>32.0</ns3:atemp>
            <ns3:hr>83</ns3:hr>
          </ns3:TrackPointExtension>
        </extensions>
      </trkpt>
      <trkpt lat="23.13897192478179931640625" lon="113.25706497766077518463134765625">
        <ele>41.200000762939453125</ele>
        <time>2026-09-05T06:19:04.000Z</time>
        <extensions>
          <ns3:TrackPointExtension>
            <ns3:atemp>32.0</ns3:atemp>
            <ns3:hr>83</ns3:hr>
          </ns3:TrackPointExtension>
        </extensions>
      </trkpt>
      <trkpt lat="23.13897192478179931640625" lon="113.25706497766077518463134765625">
        <ele>41.799999237060546875</ele>
        <time>2026-09-05T06:19:12.000Z</time>
        <extensions>
          <ns3:TrackPointExtension>
            <ns3:atemp>32.0</ns3:atemp>
            <ns3:hr>80</ns3:hr>
          </ns3:TrackPointExtension>
        </extensions>
      </trkpt>
      <trkpt lat="23.13897192478179931640625" lon="113.25706497766077518463134765625">
        <ele>42</ele>
        <time>2026-09-05T06:19:15.000Z</time>
        <extensions>
          <ns3:TrackPointExtension>
            <ns3:atemp>32.0</ns3:atemp>
            <ns3:hr>81</ns3:hr>
          </ns3:TrackPointExtension>
        </extensions>
      </trkpt>
      <trkpt lat="23.1389831565320491790771484375" lon="113.257110156118869781494140625">
        <ele>42.59999847412109375</ele>
        <time>2026-09-05T06:19:19.000Z</time>
        <extensions>
          <ns3:TrackPointExtension>
            <ns3:atemp>32.0</ns3:atemp>
            <ns3:hr>85</ns3:hr>
          </ns3:TrackPointExtension>
        </extensions>
      </trkpt>
      <trkpt lat="23.1390029378235340118408203125" lon="113.25713865458965301513671875">
        <ele>42.59999847412109375</ele>
        <time>2026-09-05T06:19:22.000Z</time>
        <extensions>
          <ns3:TrackPointExtension>
            <ns3:atemp>32.0</ns3:atemp>
            <ns3:hr>89</ns3:hr>
          </ns3:TrackPointExtension>
        </extensions>
      </trkpt>
      <trkpt lat="23.139012157917022705078125" lon="113.2571368105709552764892578125">
        <ele>42.59999847412109375</ele>
        <time>2026-09-05T06:19:26.000Z</time>
        <extensions>
          <ns3:TrackPointExtension>
            <ns3:atemp>32.0</ns3:atemp>
            <ns3:hr>91</ns3:hr>
          </ns3:TrackPointExtension>
        </extensions>
      </trkpt>
      <trkpt lat="23.13901039771735668182373046875" lon="113.25712214224040508270263671875">
        <ele>42.200000762939453125</ele>
        <time>2026-09-05T06:19:30.000Z</time>
        <extensions>
          <ns3:TrackPointExtension>
            <ns3:atemp>32.0</ns3:atemp>
            <ns3:hr>94</ns3:hr>
          </ns3:TrackPointExtension>
        </extensions>
      </trkpt>
      <trkpt lat="23.1390049494802951812744140625" lon="113.25712256133556365966796875">
        <ele>42.200000762939453125</ele>
        <time>2026-09-05T06:19:33.000Z</time>
        <extensions>
          <ns3:TrackPointExtension>
            <ns3:atemp>32.0</ns3:atemp>
            <ns3:hr>93</ns3:hr>
          </ns3:TrackPointExtension>
        </extensions>
      </trkpt>
      <trkpt lat="23.13901140354573726654052734375" lon="113.2571254111826419830322265625">
        <ele>42</ele>
        <time>2026-09-05T06:19:42.000Z</time>
        <extensions>
          <ns3:TrackPointExtension>
            <ns3:atemp>32.0</ns3:atemp>
            <ns3:hr>93</ns3:hr>
          </ns3:TrackPointExtension>
        </extensions>
      </trkpt>
      <trkpt lat="23.13903420232236385345458984375" lon="113.25715315528213977813720703125">
        <ele>42.59999847412109375</ele>
        <time>2026-09-05T06:19:48.000Z</time>
        <extensions>
          <ns3:TrackPointExtension>
            <ns3:atemp>32.0</ns3:atemp>
            <ns3:hr>90</ns3:hr>
          </ns3:TrackPointExtension>
        </extensions>
      </trkpt>
      <trkpt lat="23.13904962502419948577880859375" lon="113.2571763731539249420166015625">
        <ele>42.799999237060546875</ele>
        <time>2026-09-05T06:19:50.000Z</time>
        <extensions>
          <ns3:TrackPointExtension>
            <ns3:atemp>32.0</ns3:atemp>
            <ns3:hr>90</ns3:hr>
          </ns3:TrackPointExtension>
        </extensions>
      </trkpt>
      <trkpt lat="23.1391082145273685455322265625" lon="113.25730017386376857757568359375">
        <ele>43</ele>
        <time>2026-09-05T06:19:58.000Z</time>
        <extensions>
          <ns3:TrackPointExtension>
            <ns3:atemp>32.0</ns3:atemp>
            <ns3:hr>90</ns3:hr>
          </ns3:TrackPointExtension>
        </extensions>
      </trkpt>
      <trkpt lat="23.13911299221217632293701171875" lon="113.2573088072240352630615234375">
        <ele>43</ele>
        <time>2026-09-05T06:19:59.000Z</time>
        <extensions>
          <ns3:TrackPointExtension>
            <ns3:atemp>32.0</ns3:atemp>
            <ns3:hr>87</ns3:hr>
          </ns3:TrackPointExtension>
        </extensions>
      </trkpt>
      <trkpt lat="23.1391139142215251922607421875" lon="113.25731609947979450225830078125">
        <ele>43</ele>
        <time>2026-09-05T06:20:00.000Z</time>
        <extensions>
          <ns3:TrackPointExtension>
            <ns3:atemp>32.0</ns3:atemp>
            <ns3:hr>89</ns3:hr>
          </ns3:TrackPointExtension>
        </extensions>
      </trkpt>
      <trkpt lat="23.13912824727594852447509765625" lon="113.2573471963405609130859375">
        <ele>43</ele>
        <time>2026-09-05T06:20:04.000Z</time>
        <extensions>
          <ns3:TrackPointExtension>
            <ns3:atemp>32.0</ns3:atemp>
            <ns3:hr>90</ns3:hr>
          </ns3:TrackPointExtension>
        </extensions>
      </trkpt>
      <trkpt lat="23.13912925310432910919189453125" lon="113.25733554549515247344970703125">
        <ele>43</ele>
        <time>2026-09-05T06:20:09.000Z</time>
        <extensions>
          <ns3:TrackPointExtension>
            <ns3:atemp>32.0</ns3:atemp>
            <ns3:hr>93</ns3:hr>
          </ns3:TrackPointExtension>
        </extensions>
      </trkpt>
      <trkpt lat="23.13912891782820224761962890625" lon="113.257334791123867034912109375">
        <ele>43</ele>
        <time>2026-09-05T06:20:10.000Z</time>
        <extensions>
          <ns3:TrackPointExtension>
            <ns3:atemp>32.0</ns3:atemp>
            <ns3:hr>93</ns3:hr>
          </ns3:TrackPointExtension>
        </extensions>
      </trkpt>
      <trkpt lat="23.1391234695911407470703125" lon="113.25733437202870845794677734375">
        <ele>43.200000762939453125</ele>
        <time>2026-09-05T06:20:18.000Z</time>
        <extensions>
          <ns3:TrackPointExtension>
            <ns3:atemp>32.0</ns3:atemp>
            <ns3:hr>90</ns3:hr>
          </ns3:TrackPointExtension>
        </extensions>
      </trkpt>
      <trkpt lat="23.1391234695911407470703125" lon="113.25733437202870845794677734375">
        <ele>43.200000762939453125</ele>
        <time>2026-09-05T06:20:25.000Z</time>
        <extensions>
          <ns3:TrackPointExtension>
            <ns3:atemp>32.0</ns3:atemp>
            <ns3:hr>88</ns3:hr>
          </ns3:TrackPointExtension>
        </extensions>
      </trkpt>
      <trkpt lat="23.1391234695911407470703125" lon="113.25733470730483531951904296875">
        <ele>43.200000762939453125</ele>
        <time>2026-09-05T06:20:28.000Z</time>
        <extensions>
          <ns3:TrackPointExtension>
            <ns3:atemp>32.0</ns3:atemp>
            <ns3:hr>88</ns3:hr>
          </ns3:TrackPointExtension>
        </extensions>
      </trkpt>
      <trkpt lat="23.13912556506693363189697265625" lon="113.257409892976284027099609375">
        <ele>43.200000762939453125</ele>
        <time>2026-09-05T06:20:33.000Z</time>
        <extensions>
          <ns3:TrackPointExtension>
            <ns3:atemp>32.0</ns3:atemp>
            <ns3:hr>86</ns3:hr>
          </ns3:TrackPointExtension>
        </extensions>
      </trkpt>
      <trkpt lat="23.1391303427517414093017578125" lon="113.25742565095424652099609375">
        <ele>43.200000762939453125</ele>
        <time>2026-09-05T06:20:34.000Z</time>
        <extensions>
          <ns3:TrackPointExtension>
            <ns3:atemp>32.0</ns3:atemp>
            <ns3:hr>87</ns3:hr>
          </ns3:TrackPointExtension>
        </extensions>
      </trkpt>
      <trkpt lat="23.13915506936609745025634765625" lon="113.2575274072587490081787109375">
        <ele>43.40000152587890625</ele>
        <time>2026-09-05T06:20:40.000Z</time>
        <extensions>
          <ns3:TrackPointExtension>
            <ns3:atemp>32.0</ns3:atemp>
            <ns3:hr>90</ns3:hr>
          </ns3:TrackPointExtension>
        </extensions>
      </trkpt>
      <trkpt lat="23.13915020786225795745849609375" lon="113.25754626654088497161865234375">
        <ele>43.40000152587890625</ele>
        <time>2026-09-05T06:20:41.000Z</time>
        <extensions>
          <ns3:TrackPointExtension>
            <ns3:atemp>32.0</ns3:atemp>
            <ns3:hr>88</ns3:hr>
          </ns3:TrackPointExtension>
        </extensions>
      </trkpt>
      <trkpt lat="23.1391397304832935333251953125" lon="113.25756286270916461944580078125">
        <ele>43.59999847412109375</ele>
        <time>2026-09-05T06:20:46.000Z</time>
        <extensions>
          <ns3:TrackPointExtension>
            <ns3:atemp>32.0</ns3:atemp>
            <ns3:hr>88</ns3:hr>
          </ns3:TrackPointExtension>
        </extensions>
      </trkpt>
      <trkpt lat="23.139133863151073455810546875" lon="113.25760376639664173126220703125">
        <ele>43.799999237060546875</ele>
        <time>2026-09-05T06:20:52.000Z</time>
        <extensions>
          <ns3:TrackPointExtension>
            <ns3:atemp>32.0</ns3:atemp>
            <ns3:hr>85</ns3:hr>
          </ns3:TrackPointExtension>
        </extensions>
      </trkpt>
      <trkpt lat="23.13913394697010517120361328125" lon="113.2576048560440540313720703125">
        <ele>44</ele>
        <time>2026-09-05T06:20:54.000Z</time>
        <extensions>
          <ns3:TrackPointExtension>
            <ns3:atemp>32.0</ns3:atemp>
            <ns3:hr>84</ns3:hr>
          </ns3:TrackPointExtension>
        </extensions>
      </trkpt>
      <trkpt lat="23.1391303427517414093017578125" lon="113.2576162554323673248291015625">
        <ele>44</ele>
        <time>2026-09-05T06:21:00.000Z</time>
        <extensions>
          <ns3:TrackPointExtension>
            <ns3:atemp>32.0</ns3:atemp>
            <ns3:hr>87</ns3:hr>
          </ns3:TrackPointExtension>
        </extensions>
      </trkpt>
      <trkpt lat="23.139123804867267608642578125" lon="113.25764886103570461273193359375">
        <ele>43.799999237060546875</ele>
        <time>2026-09-05T06:21:03.000Z</time>
        <extensions>
          <ns3:TrackPointExtension>
            <ns3:atemp>32.0</ns3:atemp>
            <ns3:hr>86</ns3:hr>
          </ns3:TrackPointExtension>
        </extensions>
      </trkpt>
      <trkpt lat="23.1391541473567485809326171875" lon="113.25771004892885684967041015625">
        <ele>44</ele>
        <time>2026-09-05T06:21:11.000Z</time>
        <extensions>
          <ns3:TrackPointExtension>
            <ns3:atemp>32.0</ns3:atemp>
            <ns3:hr>85</ns3:hr>
          </ns3:TrackPointExtension>
        </extensions>
      </trkpt>
      <trkpt lat="23.1391682289540767669677734375" lon="113.25775958597660064697265625">
        <ele>44</ele>
        <time>2026-09-05T06:21:17.000Z</time>
        <extensions>
          <ns3:TrackPointExtension>
            <ns3:atemp>32.0</ns3:atemp>
            <ns3:hr>90</ns3:hr>
          </ns3:TrackPointExtension>
        </extensions>
      </trkpt>
      <trkpt lat="23.13917384482920169830322265625" lon="113.25781012885272502899169921875">
        <ele>44</ele>
        <time>2026-09-05T06:21:25.000Z</time>
        <extensions>
          <ns3:TrackPointExtension>
            <ns3:atemp>32.0</ns3:atemp>
            <ns3:hr>90</ns3:hr>
          </ns3:TrackPointExtension>
        </extensions>
      </trkpt>
      <trkpt lat="23.13916973769664764404296875" lon="113.25784667395055294036865234375">
        <ele>44</ele>
        <time>2026-09-05T06:21:33.000Z</time>
        <extensions>
          <ns3:TrackPointExtension>
            <ns3:atemp>32.0</ns3:atemp>
            <ns3:hr>89</ns3:hr>
          </ns3:TrackPointExtension>
        </extensions>
      </trkpt>
      <trkpt lat="23.1391819752752780914306640625" lon="113.25786410830914974212646484375">
        <ele>44.200000762939453125</ele>
        <time>2026-09-05T06:21:38.000Z</time>
        <extensions>
          <ns3:TrackPointExtension>
            <ns3:atemp>32.0</ns3:atemp>
            <ns3:hr>85</ns3:hr>
          </ns3:TrackPointExtension>
        </extensions>
      </trkpt>
      <trkpt lat="23.13918977044522762298583984375" lon="113.2578730769455432891845703125">
        <ele>44.40000152587890625</ele>
        <time>2026-09-05T06:21:43.000Z</time>
        <extensions>
          <ns3:TrackPointExtension>
            <ns3:atemp>32.0</ns3:atemp>
            <ns3:hr>82</ns3:hr>
          </ns3:TrackPointExtension>
        </extensions>
      </trkpt>
      <trkpt lat="23.139190860092639923095703125" lon="113.2578824646770954132080078125">
        <ele>44.40000152587890625</ele>
        <time>2026-09-05T06:21:45.000Z</time>
        <extensions>
          <ns3:TrackPointExtension>
            <ns3:atemp>32.0</ns3:atemp>
            <ns3:hr>82</ns3:hr>
          </ns3:TrackPointExtension>
        </extensions>
      </trkpt>
      <trkpt lat="23.1391766108572483062744140625" lon="113.2579146511852741241455078125">
        <ele>44.40000152587890625</ele>
        <time>2026-09-05T06:21:52.000Z</time>
        <extensions>
          <ns3:TrackPointExtension>
            <ns3:atemp>32.0</ns3:atemp>
            <ns3:hr>82</ns3:hr>
          </ns3:TrackPointExtension>
        </extensions>
      </trkpt>
      <trkpt lat="23.13916613347828388214111328125" lon="113.2579069398343563079833984375">
        <ele>44.59999847412109375</ele>
        <time>2026-09-05T06:21:55.000Z</time>
        <extensions>
          <ns3:TrackPointExtension>
            <ns3:atemp>32.0</ns3:atemp>
            <ns3:hr>79</ns3:hr>
          </ns3:TrackPointExtension>
        </extensions>
      </trkpt>
      <trkpt lat="23.13916143961250782012939453125" lon="113.2579102925956249237060546875">
        <ele>44.59999847412109375</ele>
        <time>2026-09-05T06:21:58.000Z</time>
        <extensions>
          <ns3:TrackPointExtension>
            <ns3:atemp>32.0</ns3:atemp>
            <ns3:hr>80</ns3:hr>
          </ns3:TrackPointExtension>
        </extensions>
      </trkpt>
      <trkpt lat="23.13915766775608062744140625" lon="113.2579169981181621551513671875">
        <ele>44.40000152587890625</ele>
        <time>2026-09-05T06:22:06.000Z</time>
        <extensions>
          <ns3:TrackPointExtension>
            <ns3:atemp>32.0</ns3:atemp>
            <ns3:hr>81</ns3:hr>
          </ns3:TrackPointExtension>
        </extensions>
      </trkpt>
      <trkpt lat="23.13916663639247417449951171875" lon="113.2579511962831020355224609375">
        <ele>44.59999847412109375</ele>
        <time>2026-09-05T06:22:12.000Z</time>
        <extensions>
          <ns3:TrackPointExtension>
            <ns3:atemp>32.0</ns3:atemp>
            <ns3:hr>84</ns3:hr>
          </ns3:TrackPointExtension>
        </extensions>
      </trkpt>
      <trkpt lat="23.1391678936779499053955078125" lon="113.257963769137859344482421875">
        <ele>44.59999847412109375</ele>
        <time>2026-09-05T06:22:13.000Z</time>
        <extensions>
          <ns3:TrackPointExtension>
            <ns3:atemp>32.0</ns3:atemp>
            <ns3:hr>85</ns3:hr>
          </ns3:TrackPointExtension>
        </extensions>
      </trkpt>
      <trkpt lat="23.13915858976542949676513671875" lon="113.257992267608642578125">
        <ele>44.799999237060546875</ele>
        <time>2026-09-05T06:22:18.000Z</time>
        <extensions>
          <ns3:TrackPointExtension>
            <ns3:atemp>32.0</ns3:atemp>
            <ns3:hr>88</ns3:hr>
          </ns3:TrackPointExtension>
        </extensions>
      </trkpt>
      <trkpt lat="23.13915959559381008148193359375" lon="113.2579910941421985626220703125">
        <ele>44.799999237060546875</ele>
        <time>2026-09-05T06:22:20.000Z</time>
        <extensions>
          <ns3:TrackPointExtension>
            <ns3:atemp>32.0</ns3:atemp>
            <ns3:hr>88</ns3:hr>
          </ns3:TrackPointExtension>
        </extensions>
      </trkpt>
      <trkpt lat="23.13916428945958614349365234375" lon="113.257989250123500823974609375">
        <ele>44.799999237060546875</ele>
        <time>2026-09-05T06:22:26.000Z</time>
        <extensions>
          <ns3:TrackPointExtension>
            <ns3:atemp>32.0</ns3:atemp>
            <ns3:hr>88</ns3:hr>
          </ns3:TrackPointExtension>
        </extensions>
      </trkpt>
      <trkpt lat="23.13916244544088840484619140625" lon="113.25798715464770793914794921875">
        <ele>44.799999237060546875</ele>
        <time>2026-09-05T06:22:31.000Z</time>
        <extensions>
          <ns3:TrackPointExtension>
            <ns3:atemp>32.0</ns3:atemp>
            <ns3:hr>85</ns3:hr>
          </ns3:TrackPointExtension>
        </extensions>
      </trkpt>
      <trkpt lat="23.13916814513504505157470703125" lon="113.2580014877021312713623046875">
        <ele>44.799999237060546875</ele>
        <time>2026-09-05T06:22:46.000Z</time>
        <extensions>
          <ns3:TrackPointExtension>
            <ns3:atemp>32.0</ns3:atemp>
            <ns3:hr>83</ns3:hr>
          </ns3:TrackPointExtension>
        </extensions>
      </trkpt>
      <trkpt lat="23.13919387757778167724609375" lon="113.25802856124937534332275390625">
        <ele>45.200000762939453125</ele>
        <time>2026-09-05T06:22:50.000Z</time>
        <extensions>
          <ns3:TrackPointExtension>
            <ns3:atemp>32.0</ns3:atemp>
            <ns3:hr>83</ns3:hr>
          </ns3:TrackPointExtension>
        </extensions>
      </trkpt>
      <trkpt lat="23.139243833720684051513671875" lon="113.258075416088104248046875">
        <ele>45.40000152587890625</ele>
        <time>2026-09-05T06:22:55.000Z</time>
        <extensions>
          <ns3:TrackPointExtension>
            <ns3:atemp>32.0</ns3:atemp>
            <ns3:hr>84</ns3:hr>
          </ns3:TrackPointExtension>
        </extensions>
      </trkpt>
      <trkpt lat="23.13926889561116695404052734375" lon="113.258063010871410369873046875">
        <ele>44</ele>
        <time>2026-09-05T06:23:03.000Z</time>
        <extensions>
          <ns3:TrackPointExtension>
            <ns3:atemp>32.0</ns3:atemp>
            <ns3:hr>84</ns3:hr>
          </ns3:TrackPointExtension>
        </extensions>
      </trkpt>
      <trkpt lat="23.1392741762101650238037109375" lon="113.2580541260540485382080078125">
        <ele>43.40000152587890625</ele>
        <time>2026-09-05T06:23:04.000Z</time>
        <extensions>
          <ns3:TrackPointExtension>
            <ns3:atemp>32.0</ns3:atemp>
            <ns3:hr>84</ns3:hr>
          </ns3:TrackPointExtension>
        </extensions>
      </trkpt>
      <trkpt lat="23.1392849050462245941162109375" lon="113.2580501027405261993408203125">
        <ele>42.799999237060546875</ele>
        <time>2026-09-05T06:23:05.000Z</time>
        <extensions>
          <ns3:TrackPointExtension>
            <ns3:atemp>32.0</ns3:atemp>
            <ns3:hr>85</ns3:hr>
          </ns3:TrackPointExtension>
        </extensions>
      </trkpt>
      <trkpt lat="23.1393030099570751190185546875" lon="113.25803560204803943634033203125">
        <ele>41.799999237060546875</ele>
        <time>2026-09-05T06:23:08.000Z</time>
        <extensions>
          <ns3:TrackPointExtension>
            <ns3:atemp>32.0</ns3:atemp>
            <ns3:hr>89</ns3:hr>
          </ns3:TrackPointExtension>
        </extensions>
      </trkpt>
      <trkpt lat="23.13930577598512172698974609375" lon="113.25802034698426723480224609375">
        <ele>41.200000762939453125</ele>
        <time>2026-09-05T06:23:09.000Z</time>
        <extensions>
          <ns3:TrackPointExtension>
            <ns3:atemp>32.0</ns3:atemp>
            <ns3:hr>90</ns3:hr>
          </ns3:TrackPointExtension>
        </extensions>
      </trkpt>
      <trkpt lat="23.13931533135473728179931640625" lon="113.25800945051014423370361328125">
        <ele>40.799999237060546875</ele>
        <time>2026-09-05T06:23:10.000Z</time>
        <extensions>
          <ns3:TrackPointExtension>
            <ns3:atemp>32.0</ns3:atemp>
            <ns3:hr>91</ns3:hr>
          </ns3:TrackPointExtension>
        </extensions>
      </trkpt>
      <trkpt lat="23.1393271498382091522216796875" lon="113.25800224207341670989990234375">
        <ele>40.59999847412109375</ele>
        <time>2026-09-05T06:23:11.000Z</time>
        <extensions>
          <ns3:TrackPointExtension>
            <ns3:atemp>32.0</ns3:atemp>
            <ns3:hr>92</ns3:hr>
          </ns3:TrackPointExtension>
        </extensions>
      </trkpt>
      <trkpt lat="23.13935070298612117767333984375" lon="113.25799402780830860137939453125">
        <ele>39.59999847412109375</ele>
        <time>2026-09-05T06:23:14.000Z</time>
        <extensions>
          <ns3:TrackPointExtension>
            <ns3:atemp>32.0</ns3:atemp>
            <ns3:hr>94</ns3:hr>
          </ns3:TrackPointExtension>
        </extensions>
      </trkpt>
      <trkpt lat="23.1393729150295257568359375" lon="113.257968463003635406494140625">
        <ele>38.59999847412109375</ele>
        <time>2026-09-05T06:23:17.000Z</time>
        <extensions>
          <ns3:TrackPointExtension>
            <ns3:atemp>32.0</ns3:atemp>
            <ns3:hr>95</ns3:hr>
          </ns3:TrackPointExtension>
        </extensions>
      </trkpt>
      <trkpt lat="23.13938138075172901153564453125" lon="113.25795270502567291259765625">
        <ele>38.40000152587890625</ele>
        <time>2026-09-05T06:23:19.000Z</time>
        <extensions>
          <ns3:TrackPointExtension>
            <ns3:atemp>32.0</ns3:atemp>
            <ns3:hr>95</ns3:hr>
          </ns3:TrackPointExtension>
        </extensions>
      </trkpt>
      <trkpt lat="23.1393737532198429107666015625" lon="113.25791171751916408538818359375">
        <ele>38</ele>
        <time>2026-09-05T06:23:24.000Z</time>
        <extensions>
          <ns3:TrackPointExtension>
            <ns3:atemp>32.0</ns3:atemp>
            <ns3:hr>95</ns3:hr>
          </ns3:TrackPointExtension>
        </extensions>
      </trkpt>
      <trkpt lat="23.13938523642718791961669921875" lon="113.25785212218761444091796875">
        <ele>37.40000152587890625</ele>
        <time>2026-09-05T06:23:30.000Z</time>
        <extensions>
          <ns3:TrackPointExtension>
            <ns3:atemp>32.0</ns3:atemp>
            <ns3:hr>93</ns3:hr>
          </ns3:TrackPointExtension>
        </extensions>
      </trkpt>
      <trkpt lat="23.139382638037204742431640625" lon="113.25784273445606231689453125">
        <ele>37.40000152587890625</ele>
        <time>2026-09-05T06:23:31.000Z</time>
        <extensions>
          <ns3:TrackPointExtension>
            <ns3:atemp>32.0</ns3:atemp>
            <ns3:hr>91</ns3:hr>
          </ns3:TrackPointExtension>
        </extensions>
      </trkpt>
      <trkpt lat="23.13937216065824031829833984375" lon="113.257731758058071136474609375">
        <ele>36.40000152587890625</ele>
        <time>2026-09-05T06:23:40.000Z</time>
        <extensions>
          <ns3:TrackPointExtension>
            <ns3:atemp>32.0</ns3:atemp>
            <ns3:hr>90</ns3:hr>
          </ns3:TrackPointExtension>
        </extensions>
      </trkpt>
      <trkpt lat="23.139350451529026031494140625" lon="113.25765104033052921295166015625">
        <ele>35.59999847412109375</ele>
        <time>2026-09-05T06:23:49.000Z</time>
        <extensions>
          <ns3:TrackPointExtension>
            <ns3:atemp>32.0</ns3:atemp>
            <ns3:hr>90</ns3:hr>
          </ns3:TrackPointExtension>
        </extensions>
      </trkpt>
      <trkpt lat="23.1393486075103282928466796875" lon="113.25760695151984691619873046875">
        <ele>35.200000762939453125</ele>
        <time>2026-09-05T06:23:54.000Z</time>
        <extensions>
          <ns3:TrackPointExtension>
            <ns3:atemp>32.0</ns3:atemp>
            <ns3:hr>91</ns3:hr>
          </ns3:TrackPointExtension>
        </extensions>
      </trkpt>
      <trkpt lat="23.13933544792234897613525390625" lon="113.257581889629364013671875">
        <ele>35.200000762939453125</ele>
        <time>2026-09-05T06:23:57.000Z</time>
        <extensions>
          <ns3:TrackPointExtension>
            <ns3:atemp>32.0</ns3:atemp>
            <ns3:hr>93</ns3:hr>
          </ns3:TrackPointExtension>
        </extensions>
      </trkpt>
      <trkpt lat="23.13933201134204864501953125" lon="113.25755439698696136474609375">
        <ele>34.799999237060546875</ele>
        <time>2026-09-05T06:24:00.000Z</time>
        <extensions>
          <ns3:TrackPointExtension>
            <ns3:atemp>32.0</ns3:atemp>
            <ns3:hr>93</ns3:hr>
          </ns3:TrackPointExtension>
        </extensions>
      </trkpt>
      <trkpt lat="23.13932798802852630615234375" lon="113.25752782635390758514404296875">
        <ele>34.59999847412109375</ele>
        <time>2026-09-05T06:24:02.000Z</time>
        <extensions>
          <ns3:TrackPointExtension>
            <ns3:atemp>32.0</ns3:atemp>
            <ns3:hr>96</ns3:hr>
          </ns3:TrackPointExtension>
        </extensions>
      </trkpt>
      <trkpt lat="23.139339052140712738037109375" lon="113.25748893432319164276123046875">
        <ele>34.200000762939453125</ele>
        <time>2026-09-05T06:24:05.000Z</time>
        <extensions>
          <ns3:TrackPointExtension>
            <ns3:atemp>32.0</ns3:atemp>
            <ns3:hr>98</ns3:hr>
          </ns3:TrackPointExtension>
        </extensions>
      </trkpt>
      <trkpt lat="23.13933511264622211456298828125" lon="113.25747753493487834930419921875">
        <ele>34.200000762939453125</ele>
        <time>2026-09-05T06:24:06.000Z</time>
        <extensions>
          <ns3:TrackPointExtension>
            <ns3:atemp>32.0</ns3:atemp>
            <ns3:hr>98</ns3:hr>
          </ns3:TrackPointExtension>
        </extensions>
      </trkpt>
      <trkpt lat="23.13931600190699100494384765625" lon="113.257454819977283477783203125">
        <ele>34</ele>
        <time>2026-09-05T06:24:08.000Z</time>
        <extensions>
          <ns3:TrackPointExtension>
            <ns3:atemp>32.0</ns3:atemp>
            <ns3:hr>99</ns3:hr>
          </ns3:TrackPointExtension>
        </extensions>
      </trkpt>
      <trkpt lat="23.13930057920515537261962890625" lon="113.257402516901493072509765625">
        <ele>33.40000152587890625</ele>
        <time>2026-09-05T06:24:13.000Z</time>
        <extensions>
          <ns3:TrackPointExtension>
            <ns3:atemp>32.0</ns3:atemp>
            <ns3:hr>102</ns3:hr>
          </ns3:TrackPointExtension>
        </extensions>
      </trkpt>
      <trkpt lat="23.139317594468593597412109375" lon="113.25738600455224514007568359375">
        <ele>33.200000762939453125</ele>
        <time>2026-09-05T06:24:15.000Z</time>
        <extensions>
          <ns3:TrackPointExtension>
            <ns3:atemp>32.0</ns3:atemp>
            <ns3:hr>102</ns3:hr>
          </ns3:TrackPointExtension>
        </extensions>
      </trkpt>
      <trkpt lat="23.13931197859346866607666015625" lon="113.25737779028713703155517578125">
        <ele>33</ele>
        <time>2026-09-05T06:24:16.000Z</time>
        <extensions>
          <ns3:TrackPointExtension>
            <ns3:atemp>32.0</ns3:atemp>
            <ns3:hr>102</ns3:hr>
          </ns3:TrackPointExtension>
        </extensions>
      </trkpt>
      <trkpt lat="23.1393056921660900115966796875" lon="113.25736572034657001495361328125">
        <ele>32.799999237060546875</ele>
        <time>2026-09-05T06:24:17.000Z</time>
        <extensions>
          <ns3:TrackPointExtension>
            <ns3:atemp>32.0</ns3:atemp>
            <ns3:hr>103</ns3:hr>
          </ns3:TrackPointExtension>
        </extensions>
      </trkpt>
      <trkpt lat="23.13929487951099872589111328125" lon="113.25735281221568584442138671875">
        <ele>32.59999847412109375</ele>
        <time>2026-09-05T06:24:19.000Z</time>
        <extensions>
          <ns3:TrackPointExtension>
            <ns3:atemp>32.0</ns3:atemp>
            <ns3:hr>105</ns3:hr>
          </ns3:TrackPointExtension>
        </extensions>
      </trkpt>
      <trkpt lat="23.13929177820682525634765625" lon="113.2573171891272068023681640625">
        <ele>32.40000152587890625</ele>
        <time>2026-09-05T06:24:22.000Z</time>
        <extensions>
          <ns3:TrackPointExtension>
            <ns3:atemp>32.0</ns3:atemp>
            <ns3:hr>107</ns3:hr>
          </ns3:TrackPointExtension>
        </extensions>
      </trkpt>
      <trkpt lat="23.13929370604455471038818359375" lon="113.2572927139699459075927734375">
        <ele>32.40000152587890625</ele>
        <time>2026-09-05T06:24:24.000Z</time>
        <extensions>
          <ns3:TrackPointExtension>
            <ns3:atemp>32.0</ns3:atemp>
            <ns3:hr>107</ns3:hr>
          </ns3:TrackPointExtension>
        </extensions>
      </trkpt>
      <trkpt lat="23.13926621340215206146240234375" lon="113.2572935521602630615234375">
        <ele>32.200000762939453125</ele>
        <time>2026-09-05T06:24:26.000Z</time>
        <extensions>
          <ns3:TrackPointExtension>
            <ns3:atemp>32.0</ns3:atemp>
            <ns3:hr>112</ns3:hr>
          </ns3:TrackPointExtension>
        </extensions>
      </trkpt>
      <trkpt lat="23.1392594240605831146240234375" lon="113.2572789676487445831298828125">
        <ele>31.799999237060546875</ele>
        <time>2026-09-05T06:24:28.000Z</time>
        <extensions>
          <ns3:TrackPointExtension>
            <ns3:atemp>32.0</ns3:atemp>
            <ns3:hr>114</ns3:hr>
          </ns3:TrackPointExtension>
        </extensions>
      </trkpt>
      <trkpt lat="23.139253892004489898681640625" lon="113.25727284885942935943603515625">
        <ele>31.799999237060546875</ele>
        <time>2026-09-05T06:24:29.000Z</time>
        <extensions>
          <ns3:TrackPointExtension>
            <ns3:atemp>32.0</ns3:atemp>
            <ns3:hr>115</ns3:hr>
          </ns3:TrackPointExtension>
        </extensions>
      </trkpt>
      <trkpt lat="23.1392299197614192962646484375" lon="113.25724267400801181793212890625">
        <ele>31.3999996185302734375</ele>
        <time>2026-09-05T06:24:34.000Z</time>
        <extensions>
          <ns3:TrackPointExtension>
            <ns3:atemp>32.0</ns3:atemp>
            <ns3:hr>115</ns3:hr>
          </ns3:TrackPointExtension>
        </extensions>
      </trkpt>
      <trkpt lat="23.139212988317012786865234375" lon="113.2572078891098499298095703125">
        <ele>31</ele>
        <time>2026-09-05T06:24:38.000Z</time>
        <extensions>
          <ns3:TrackPointExtension>
            <ns3:atemp>32.0</ns3:atemp>
            <ns3:hr>115</ns3:hr>
          </ns3:TrackPointExtension>
        </extensions>
      </trkpt>
      <trkpt lat="23.13919278793036937713623046875" lon="113.2571840845048427581787109375">
        <ele>31</ele>
        <time>2026-09-05T06:24:40.000Z</time>
        <extensions>
          <ns3:TrackPointExtension>
            <ns3:atemp>32.0</ns3:atemp>
            <ns3:hr>113</ns3:hr>
          </ns3:TrackPointExtension>
        </extensions>
      </trkpt>
      <trkpt lat="23.13918490894138813018798828125" lon="113.25714225880801677703857421875">
        <ele>30.6000003814697265625</ele>
        <time>2026-09-05T06:24:43.000Z</time>
        <extensions>
          <ns3:TrackPointExtension>
            <ns3:atemp>32.0</ns3:atemp>
            <ns3:hr>112</ns3:hr>
          </ns3:TrackPointExtension>
        </extensions>
      </trkpt>
      <trkpt lat="23.13917778432369232177734375" lon="113.25712515972554683685302734375">
        <ele>30.6000003814697265625</ele>
        <time>2026-09-05T06:24:45.000Z</time>
        <extensions>
          <ns3:TrackPointExtension>
            <ns3:atemp>32.0</ns3:atemp>
            <ns3:hr>111</ns3:hr>
          </ns3:TrackPointExtension>
        </extensions>
      </trkpt>
      <trkpt lat="23.13915900886058807373046875" lon="113.25707335956394672393798828125">
        <ele>30.200000762939453125</ele>
        <time>2026-09-05T06:24:49.000Z</time>
        <extensions>
          <ns3:TrackPointExtension>
            <ns3:atemp>32.0</ns3:atemp>
            <ns3:hr>110</ns3:hr>
          </ns3:TrackPointExtension>
        </extensions>
      </trkpt>
      <trkpt lat="23.13914702273905277252197265625" lon="113.257057182490825653076171875">
        <ele>30</ele>
        <time>2026-09-05T06:24:51.000Z</time>
        <extensions>
          <ns3:TrackPointExtension>
            <ns3:atemp>32.0</ns3:atemp>
            <ns3:hr>110</ns3:hr>
          </ns3:TrackPointExtension>
        </extensions>
      </trkpt>
      <trkpt lat="23.1391464360058307647705078125" lon="113.2570261694490909576416015625">
        <ele>29.799999237060546875</ele>
        <time>2026-09-05T06:24:53.000Z</time>
        <extensions>
          <ns3:TrackPointExtension>
            <ns3:atemp>32.0</ns3:atemp>
            <ns3:hr>107</ns3:hr>
          </ns3:TrackPointExtension>
        </extensions>
      </trkpt>
      <trkpt lat="23.13914551399648189544677734375" lon="113.25701552443206310272216796875">
        <ele>29.799999237060546875</ele>
        <time>2026-09-05T06:24:54.000Z</time>
        <extensions>
          <ns3:TrackPointExtension>
            <ns3:atemp>32.0</ns3:atemp>
            <ns3:hr>110</ns3:hr>
          </ns3:TrackPointExtension>
        </extensions>
      </trkpt>
      <trkpt lat="23.13912891782820224761962890625" lon="113.2569919712841510772705078125">
        <ele>29.6000003814697265625</ele>
        <time>2026-09-05T06:24:57.000Z</time>
        <extensions>
          <ns3:TrackPointExtension>
            <ns3:atemp>32.0</ns3:atemp>
            <ns3:hr>110</ns3:hr>
          </ns3:TrackPointExtension>
        </extensions>
      </trkpt>
      <trkpt lat="23.13911047764122486114501953125" lon="113.2569332979619503021240234375">
        <ele>29</ele>
        <time>2026-09-05T06:25:04.000Z</time>
        <extensions>
          <ns3:TrackPointExtension>
            <ns3:atemp>32.0</ns3:atemp>
            <ns3:hr>111</ns3:hr>
          </ns3:TrackPointExtension>
        </extensions>
      </trkpt>
      <trkpt lat="23.13905281014740467071533203125" lon="113.25680966489017009735107421875">
        <ele>28.3999996185302734375</ele>
        <time>2026-09-05T06:25:14.000Z</time>
        <extensions>
          <ns3:TrackPointExtension>
            <ns3:atemp>32.0</ns3:atemp>
            <ns3:hr>109</ns3:hr>
          </ns3:TrackPointExtension>
        </extensions>
      </trkpt>
      <trkpt lat="23.13900033943355083465576171875" lon="113.25670002959668636322021484375">
        <ele>27.799999237060546875</ele>
        <time>2026-09-05T06:25:19.000Z</time>
        <extensions>
          <ns3:TrackPointExtension>
            <ns3:atemp>32.0</ns3:atemp>
            <ns3:hr>110</ns3:hr>
          </ns3:TrackPointExtension>
        </extensions>
      </trkpt>
      <trkpt lat="23.1389828212559223175048828125" lon="113.2566861994564533233642578125">
        <ele>27.799999237060546875</ele>
        <time>2026-09-05T06:25:20.000Z</time>
        <extensions>
          <ns3:TrackPointExtension>
            <ns3:atemp>32.0</ns3:atemp>
            <ns3:hr>110</ns3:hr>
          </ns3:TrackPointExtension>
        </extensions>
      </trkpt>
      <trkpt lat="23.138883076608180999755859375" lon="113.2565557770431041717529296875">
        <ele>27</ele>
        <time>2026-09-05T06:25:26.000Z</time>
        <extensions>
          <ns3:TrackPointExtension>
            <ns3:atemp>32.0</ns3:atemp>
            <ns3:hr>109</ns3:hr>
          </ns3:TrackPointExtension>
        </extensions>
      </trkpt>
      <trkpt lat="23.1388822384178638458251953125" lon="113.256544880568981170654296875">
        <ele>26.799999237060546875</ele>
        <time>2026-09-05T06:25:27.000Z</time>
        <extensions>
          <ns3:TrackPointExtension>
            <ns3:atemp>32.0</ns3:atemp>
            <ns3:hr>109</ns3:hr>
          </ns3:TrackPointExtension>
        </extensions>
      </trkpt>
      <trkpt lat="23.13885516487061977386474609375" lon="113.256554938852787017822265625">
        <ele>26.799999237060546875</ele>
        <time>2026-09-05T06:25:29.000Z</time>
        <extensions>
          <ns3:TrackPointExtension>
            <ns3:atemp>32.0</ns3:atemp>
            <ns3:hr>110</ns3:hr>
          </ns3:TrackPointExtension>
        </extensions>
      </trkpt>
      <trkpt lat="23.13881660811603069305419921875" lon="113.25658611953258514404296875">
        <ele>26.3999996185302734375</ele>
        <time>2026-09-05T06:25:32.000Z</time>
        <extensions>
          <ns3:TrackPointExtension>
            <ns3:atemp>32.0</ns3:atemp>
            <ns3:hr>110</ns3:hr>
          </ns3:TrackPointExtension>
        </extensions>
      </trkpt>
      <trkpt lat="23.13877553679049015045166015625" lon="113.2565349899232387542724609375">
        <ele>26.3999996185302734375</ele>
        <time>2026-09-05T06:25:37.000Z</time>
        <extensions>
          <ns3:TrackPointExtension>
            <ns3:atemp>32.0</ns3:atemp>
            <ns3:hr>110</ns3:hr>
          </ns3:TrackPointExtension>
        </extensions>
      </trkpt>
      <trkpt lat="23.13877251930534839630126953125" lon="113.2564795017242431640625">
        <ele>26.3999996185302734375</ele>
        <time>2026-09-05T06:25:43.000Z</time>
        <extensions>
          <ns3:TrackPointExtension>
            <ns3:atemp>32.0</ns3:atemp>
            <ns3:hr>112</ns3:hr>
          </ns3:TrackPointExtension>
        </extensions>
      </trkpt>
      <trkpt lat="23.13878878019750118255615234375" lon="113.256447650492191314697265625">
        <ele>26.3999996185302734375</ele>
        <time>2026-09-05T06:25:47.000Z</time>
        <extensions>
          <ns3:TrackPointExtension>
            <ns3:atemp>32.0</ns3:atemp>
            <ns3:hr>108</ns3:hr>
          </ns3:TrackPointExtension>
        </extensions>
      </trkpt>
      <trkpt lat="23.13880437053740024566650390625" lon="113.25643046759068965911865234375">
        <ele>26.3999996185302734375</ele>
        <time>2026-09-05T06:25:49.000Z</time>
        <extensions>
          <ns3:TrackPointExtension>
            <ns3:atemp>32.0</ns3:atemp>
            <ns3:hr>111</ns3:hr>
          </ns3:TrackPointExtension>
        </extensions>
      </trkpt>
      <trkpt lat="23.13881074078381061553955078125" lon="113.2564072497189044952392578125">
        <ele>26.3999996185302734375</ele>
        <time>2026-09-05T06:25:51.000Z</time>
        <extensions>
          <ns3:TrackPointExtension>
            <ns3:atemp>32.0</ns3:atemp>
            <ns3:hr>110</ns3:hr>
          </ns3:TrackPointExtension>
        </extensions>
      </trkpt>
      <trkpt lat="23.13882775604724884033203125" lon="113.25639207847416400909423828125">
        <ele>26.200000762939453125</ele>
        <time>2026-09-05T06:25:57.000Z</time>
        <extensions>
          <ns3:TrackPointExtension>
            <ns3:atemp>32.0</ns3:atemp>
            <ns3:hr>109</ns3:hr>
          </ns3:TrackPointExtension>
        </extensions>
      </trkpt>
      <trkpt lat="23.13881576992571353912353515625" lon="113.25636081397533416748046875">
        <ele>26.3999996185302734375</ele>
        <time>2026-09-05T06:26:05.000Z</time>
        <extensions>
          <ns3:TrackPointExtension>
            <ns3:atemp>32.0</ns3:atemp>
            <ns3:hr>109</ns3:hr>
          </ns3:TrackPointExtension>
        </extensions>
      </trkpt>
      <trkpt lat="23.13881694339215755462646484375" lon="113.2563599757850170135498046875">
        <ele>26.3999996185302734375</ele>
        <time>2026-09-05T06:26:11.000Z</time>
        <extensions>
          <ns3:TrackPointExtension>
            <ns3:atemp>32.0</ns3:atemp>
            <ns3:hr>106</ns3:hr>
          </ns3:TrackPointExtension>
        </extensions>
      </trkpt>
      <trkpt lat="23.13881694339215755462646484375" lon="113.2563599757850170135498046875">
        <ele>26.3999996185302734375</ele>
        <time>2026-09-05T06:26:13.000Z</time>
        <extensions>
          <ns3:TrackPointExtension>
            <ns3:atemp>32.0</ns3:atemp>
            <ns3:hr>109</ns3:hr>
          </ns3:TrackPointExtension>
        </extensions>
      </trkpt>
      <trkpt lat="23.13881694339215755462646484375" lon="113.2563599757850170135498046875">
        <ele>26.200000762939453125</ele>
        <time>2026-09-05T06:26:16.000Z</time>
        <extensions>
          <ns3:TrackPointExtension>
            <ns3:atemp>32.0</ns3:atemp>
            <ns3:hr>105</ns3:hr>
          </ns3:TrackPointExtension>
        </extensions>
      </trkpt>
      <trkpt lat="23.13881828449666500091552734375" lon="113.25635008513927459716796875">
        <ele>26.200000762939453125</ele>
        <time>2026-09-05T06:26:32.000Z</time>
        <extensions>
          <ns3:TrackPointExtension>
            <ns3:atemp>32.0</ns3:atemp>
            <ns3:hr>102</ns3:hr>
          </ns3:TrackPointExtension>
        </extensions>
      </trkpt>
      <trkpt lat="23.13881761394441127777099609375" lon="113.25634849257767200469970703125">
        <ele>26</ele>
        <time>2026-09-05T06:26:36.000Z</time>
        <extensions>
          <ns3:TrackPointExtension>
            <ns3:atemp>32.0</ns3:atemp>
            <ns3:hr>99</ns3:hr>
          </ns3:TrackPointExtension>
        </extensions>
      </trkpt>
      <trkpt lat="23.13881694339215755462646484375" lon="113.2563455589115619659423828125">
        <ele>26</ele>
        <time>2026-09-05T06:26:40.000Z</time>
        <extensions>
          <ns3:TrackPointExtension>
            <ns3:atemp>32.0</ns3:atemp>
            <ns3:hr>96</ns3:hr>
          </ns3:TrackPointExtension>
        </extensions>
      </trkpt>
      <trkpt lat="23.1388114951550960540771484375" lon="113.2563442178070545196533203125">
        <ele>26</ele>
        <time>2026-09-05T06:26:44.000Z</time>
        <extensions>
          <ns3:TrackPointExtension>
            <ns3:atemp>32.0</ns3:atemp>
            <ns3:hr>93</ns3:hr>
          </ns3:TrackPointExtension>
        </extensions>
      </trkpt>
      <trkpt lat="23.1388034485280513763427734375" lon="113.25634539127349853515625">
        <ele>26.200000762939453125</ele>
        <time>2026-09-05T06:27:04.000Z</time>
        <extensions>
          <ns3:TrackPointExtension>
            <ns3:atemp>32.0</ns3:atemp>
            <ns3:hr>86</ns3:hr>
          </ns3:TrackPointExtension>
        </extensions>
      </trkpt>
      <trkpt lat="23.13880302943289279937744140625" lon="113.25634547509253025054931640625">
        <ele>26.200000762939453125</ele>
        <time>2026-09-05T06:27:05.000Z</time>
        <extensions>
          <ns3:TrackPointExtension>
            <ns3:atemp>32.0</ns3:atemp>
            <ns3:hr>86</ns3:hr>
          </ns3:TrackPointExtension>
        </extensions>
      </trkpt>
      <trkpt lat="23.13880185596644878387451171875" lon="113.2563455589115619659423828125">
        <ele>26.200000762939453125</ele>
        <time>2026-09-05T06:27:06.000Z</time>
        <extensions>
          <ns3:TrackPointExtension>
            <ns3:atemp>32.0</ns3:atemp>
            <ns3:hr>90</ns3:hr>
          </ns3:TrackPointExtension>
        </extensions>
      </trkpt>
      <trkpt lat="23.138799257576465606689453125" lon="113.25635008513927459716796875">
        <ele>26</ele>
        <time>2026-09-05T06:27:27.000Z</time>
        <extensions>
          <ns3:TrackPointExtension>
            <ns3:atemp>32.0</ns3:atemp>
            <ns3:hr>86</ns3:hr>
          </ns3:TrackPointExtension>
        </extensions>
      </trkpt>
      <trkpt lat="23.13880026340484619140625" lon="113.25635251589119434356689453125">
        <ele>26.200000762939453125</ele>
        <time>2026-09-05T06:27:32.000Z</time>
        <extensions>
          <ns3:TrackPointExtension>
            <ns3:atemp>32.0</ns3:atemp>
            <ns3:hr>81</ns3:hr>
          </ns3:TrackPointExtension>
        </extensions>
      </trkpt>
      <trkpt lat="23.1388004310429096221923828125" lon="113.256353437900543212890625">
        <ele>26.200000762939453125</ele>
        <time>2026-09-05T06:27:35.000Z</time>
        <extensions>
          <ns3:TrackPointExtension>
            <ns3:atemp>32.0</ns3:atemp>
            <ns3:hr>78</ns3:hr>
          </ns3:TrackPointExtension>
        </extensions>
      </trkpt>
      <trkpt lat="23.138814680278301239013671875" lon="113.25635653920471668243408203125">
        <ele>26.200000762939453125</ele>
        <time>2026-09-05T06:27:48.000Z</time>
        <extensions>
          <ns3:TrackPointExtension>
            <ns3:atemp>32.0</ns3:atemp>
            <ns3:hr>81</ns3:hr>
          </ns3:TrackPointExtension>
        </extensions>
      </trkpt>
      <trkpt lat="23.13887913711369037628173828125" lon="113.25630046427249908447265625">
        <ele>26.6000003814697265625</ele>
        <time>2026-09-05T06:28:03.000Z</time>
        <extensions>
          <ns3:TrackPointExtension>
            <ns3:atemp>32.0</ns3:atemp>
            <ns3:hr>79</ns3:hr>
          </ns3:TrackPointExtension>
        </extensions>
      </trkpt>
      <trkpt lat="23.13895893283188343048095703125" lon="113.25624321587383747100830078125">
        <ele>26.799999237060546875</ele>
        <time>2026-09-05T06:28:08.000Z</time>
        <extensions>
          <ns3:TrackPointExtension>
            <ns3:atemp>32.0</ns3:atemp>
            <ns3:hr>79</ns3:hr>
          </ns3:TrackPointExtension>
        </extensions>
      </trkpt>
      <trkpt lat="23.13897033222019672393798828125" lon="113.256223686039447784423828125">
        <ele>26.799999237060546875</ele>
        <time>2026-09-05T06:28:09.000Z</time>
        <extensions>
          <ns3:TrackPointExtension>
            <ns3:atemp>32.0</ns3:atemp>
            <ns3:hr>78</ns3:hr>
          </ns3:TrackPointExtension>
        </extensions>
      </trkpt>
      <trkpt lat="23.13897284679114818572998046875" lon="113.256189487874507904052734375">
        <ele>27</ele>
        <time>2026-09-05T06:28:12.000Z</time>
        <extensions>
          <ns3:TrackPointExtension>
            <ns3:atemp>32.0</ns3:atemp>
            <ns3:hr>81</ns3:hr>
          </ns3:TrackPointExtension>
        </extensions>
      </trkpt>
      <trkpt lat="23.1389630399644374847412109375" lon="113.25619493611156940460205078125">
        <ele>27.3999996185302734375</ele>
        <time>2026-09-05T06:28:15.000Z</time>
        <extensions>
          <ns3:TrackPointExtension>
            <ns3:atemp>32.0</ns3:atemp>
            <ns3:hr>81</ns3:hr>
          </ns3:TrackPointExtension>
        </extensions>
      </trkpt>
      <trkpt lat="23.13900067470967769622802734375" lon="113.25623500160872936248779296875">
        <ele>27.6000003814697265625</ele>
        <time>2026-09-05T06:28:20.000Z</time>
        <extensions>
          <ns3:TrackPointExtension>
            <ns3:atemp>32.0</ns3:atemp>
            <ns3:hr>84</ns3:hr>
          </ns3:TrackPointExtension>
        </extensions>
      </trkpt>
      <trkpt lat="23.13901282846927642822265625" lon="113.25622762553393840789794921875">
        <ele>27.6000003814697265625</ele>
        <time>2026-09-05T06:28:21.000Z</time>
        <extensions>
          <ns3:TrackPointExtension>
            <ns3:atemp>32.0</ns3:atemp>
            <ns3:hr>84</ns3:hr>
          </ns3:TrackPointExtension>
        </extensions>
      </trkpt>
      <trkpt lat="23.1390322744846343994140625" lon="113.256228379905223846435546875">
        <ele>27.6000003814697265625</ele>
        <time>2026-09-05T06:28:22.000Z</time>
        <extensions>
          <ns3:TrackPointExtension>
            <ns3:atemp>32.0</ns3:atemp>
            <ns3:hr>84</ns3:hr>
          </ns3:TrackPointExtension>
        </extensions>
      </trkpt>
      <trkpt lat="23.13906513154506683349609375" lon="113.2562359236180782318115234375">
        <ele>27.6000003814697265625</ele>
        <time>2026-09-05T06:28:25.000Z</time>
        <extensions>
          <ns3:TrackPointExtension>
            <ns3:atemp>32.0</ns3:atemp>
            <ns3:hr>83</ns3:hr>
          </ns3:TrackPointExtension>
        </extensions>
      </trkpt>
      <trkpt lat="23.13910075463354587554931640625" lon="113.25625260360538959503173828125">
        <ele>27.6000003814697265625</ele>
        <time>2026-09-05T06:28:28.000Z</time>
        <extensions>
          <ns3:TrackPointExtension>
            <ns3:atemp>32.0</ns3:atemp>
            <ns3:hr>83</ns3:hr>
          </ns3:TrackPointExtension>
        </extensions>
      </trkpt>
      <trkpt lat="23.13915942795574665069580078125" lon="113.256267271935939788818359375">
        <ele>27.6000003814697265625</ele>
        <time>2026-09-05T06:28:31.000Z</time>
        <extensions>
          <ns3:TrackPointExtension>
            <ns3:atemp>32.0</ns3:atemp>
            <ns3:hr>83</ns3:hr>
          </ns3:TrackPointExtension>
        </extensions>
      </trkpt>
      <trkpt lat="23.1391762755811214447021484375" lon="113.25626987032592296600341796875">
        <ele>27.6000003814697265625</ele>
        <time>2026-09-05T06:28:32.000Z</time>
        <extensions>
          <ns3:TrackPointExtension>
            <ns3:atemp>32.0</ns3:atemp>
            <ns3:hr>82</ns3:hr>
          </ns3:TrackPointExtension>
        </extensions>
      </trkpt>
      <trkpt lat="23.1392414867877960205078125" lon="113.2562694512307643890380859375">
        <ele>27.6000003814697265625</ele>
        <time>2026-09-05T06:28:35.000Z</time>
        <extensions>
          <ns3:TrackPointExtension>
            <ns3:atemp>32.0</ns3:atemp>
            <ns3:hr>84</ns3:hr>
          </ns3:TrackPointExtension>
        </extensions>
      </trkpt>
      <trkpt lat="23.139329664409160614013671875" lon="113.256247155368328094482421875">
        <ele>27.3999996185302734375</ele>
        <time>2026-09-05T06:28:39.000Z</time>
        <extensions>
          <ns3:TrackPointExtension>
            <ns3:atemp>32.0</ns3:atemp>
            <ns3:hr>84</ns3:hr>
          </ns3:TrackPointExtension>
        </extensions>
      </trkpt>
      <trkpt lat="23.13939278014004230499267578125" lon="113.25621706433594226837158203125">
        <ele>27.3999996185302734375</ele>
        <time>2026-09-05T06:28:43.000Z</time>
        <extensions>
          <ns3:TrackPointExtension>
            <ns3:atemp>32.0</ns3:atemp>
            <ns3:hr>81</ns3:hr>
          </ns3:TrackPointExtension>
        </extensions>
      </trkpt>
      <trkpt lat="23.13939646817743778228759765625" lon="113.256188146770000457763671875">
        <ele>27.3999996185302734375</ele>
        <time>2026-09-05T06:28:45.000Z</time>
        <extensions>
          <ns3:TrackPointExtension>
            <ns3:atemp>32.0</ns3:atemp>
            <ns3:hr>82</ns3:hr>
          </ns3:TrackPointExtension>
        </extensions>
      </trkpt>
      <trkpt lat="23.1394230388104915618896484375" lon="113.2561396993696689605712890625">
        <ele>27.799999237060546875</ele>
        <time>2026-09-05T06:28:52.000Z</time>
        <extensions>
          <ns3:TrackPointExtension>
            <ns3:atemp>32.0</ns3:atemp>
            <ns3:hr>83</ns3:hr>
          </ns3:TrackPointExtension>
        </extensions>
      </trkpt>
      <trkpt lat="23.13942228443920612335205078125" lon="113.25605311430990695953369140625">
        <ele>28.200000762939453125</ele>
        <time>2026-09-05T06:28:59.000Z</time>
        <extensions>
          <ns3:TrackPointExtension>
            <ns3:atemp>32.0</ns3:atemp>
            <ns3:hr>84</ns3:hr>
          </ns3:TrackPointExtension>
        </extensions>
      </trkpt>
      <trkpt lat="23.13942982815206050872802734375" lon="113.2560280524194240570068359375">
        <ele>28.3999996185302734375</ele>
        <time>2026-09-05T06:29:02.000Z</time>
        <extensions>
          <ns3:TrackPointExtension>
            <ns3:atemp>32.0</ns3:atemp>
            <ns3:hr>87</ns3:hr>
          </ns3:TrackPointExtension>
        </extensions>
      </trkpt>
      <trkpt lat="23.13943686895072460174560546875" lon="113.256049342453479766845703125">
        <ele>28.3999996185302734375</ele>
        <time>2026-09-05T06:29:04.000Z</time>
        <extensions>
          <ns3:TrackPointExtension>
            <ns3:atemp>32.0</ns3:atemp>
            <ns3:hr>89</ns3:hr>
          </ns3:TrackPointExtension>
        </extensions>
      </trkpt>
      <trkpt lat="23.13944273628294467926025390625" lon="113.25607121922075748443603515625">
        <ele>28.6000003814697265625</ele>
        <time>2026-09-05T06:29:12.000Z</time>
        <extensions>
          <ns3:TrackPointExtension>
            <ns3:atemp>32.0</ns3:atemp>
            <ns3:hr>91</ns3:hr>
          </ns3:TrackPointExtension>
        </extensions>
      </trkpt>
      <trkpt lat="23.13943955115973949432373046875" lon="113.256072141230106353759765625">
        <ele>28.6000003814697265625</ele>
        <time>2026-09-05T06:29:20.000Z</time>
        <extensions>
          <ns3:TrackPointExtension>
            <ns3:atemp>32.0</ns3:atemp>
            <ns3:hr>92</ns3:hr>
          </ns3:TrackPointExtension>
        </extensions>
      </trkpt>
      <trkpt lat="23.13943259418010711669921875" lon="113.25606920756399631500244140625">
        <ele>28.6000003814697265625</ele>
        <time>2026-09-05T06:29:22.000Z</time>
        <extensions>
          <ns3:TrackPointExtension>
            <ns3:atemp>32.0</ns3:atemp>
            <ns3:hr>96</ns3:hr>
          </ns3:TrackPointExtension>
        </extensions>
      </trkpt>
      <trkpt lat="23.1394351087510585784912109375" lon="113.25606669299304485321044921875">
        <ele>28.6000003814697265625</ele>
        <time>2026-09-05T06:29:23.000Z</time>
        <extensions>
          <ns3:TrackPointExtension>
            <ns3:atemp>32.0</ns3:atemp>
            <ns3:hr>92</ns3:hr>
          </ns3:TrackPointExtension>
        </extensions>
      </trkpt>
      <trkpt lat="23.1394196860492229461669921875" lon="113.256088234484195709228515625">
        <ele>28.6000003814697265625</ele>
        <time>2026-09-05T06:29:27.000Z</time>
        <extensions>
          <ns3:TrackPointExtension>
            <ns3:atemp>32.0</ns3:atemp>
            <ns3:hr>93</ns3:hr>
          </ns3:TrackPointExtension>
        </extensions>
      </trkpt>
      <trkpt lat="23.13938875682651996612548828125" lon="113.2560454867780208587646484375">
        <ele>31</ele>
        <time>2026-09-05T06:56:06.000Z</time>
        <extensions>
          <ns3:TrackPointExtension>
            <ns3:atemp>31.0</ns3:atemp>
            <ns3:hr>76</ns3:hr>
          </ns3:TrackPointExtension>
        </extensions>
      </trkpt>
      <trkpt lat="23.139424212276935577392578125" lon="113.2560645975172519683837890625">
        <ele>31</ele>
        <time>2026-09-05T06:56:11.000Z</time>
        <extensions>
          <ns3:TrackPointExtension>
            <ns3:atemp>31.0</ns3:atemp>
            <ns3:hr>79</ns3:hr>
          </ns3:TrackPointExtension>
        </extensions>
      </trkpt>
      <trkpt lat="23.13942295499145984649658203125" lon="113.25607121922075748443603515625">
        <ele>30.799999237060546875</ele>
        <time>2026-09-05T06:56:14.000Z</time>
        <extensions>
          <ns3:TrackPointExtension>
            <ns3:atemp>31.0</ns3:atemp>
            <ns3:hr>77</ns3:hr>
          </ns3:TrackPointExtension>
        </extensions>
      </trkpt>
      <trkpt lat="23.13942563720047473907470703125" lon="113.25606518425047397613525390625">
        <ele>30.799999237060546875</ele>
        <time>2026-09-05T06:56:19.000Z</time>
        <extensions>
          <ns3:TrackPointExtension>
            <ns3:atemp>31.0</ns3:atemp>
            <ns3:hr>75</ns3:hr>
          </ns3:TrackPointExtension>
        </extensions>
      </trkpt>
      <trkpt lat="23.13942278735339641571044921875" lon="113.25606283731758594512939453125">
        <ele>30.799999237060546875</ele>
        <time>2026-09-05T06:56:20.000Z</time>
        <extensions>
          <ns3:TrackPointExtension>
            <ns3:atemp>31.0</ns3:atemp>
            <ns3:hr>78</ns3:hr>
          </ns3:TrackPointExtension>
        </extensions>
      </trkpt>
      <trkpt lat="23.1394035927951335906982421875" lon="113.25606585480272769927978515625">
        <ele>30.799999237060546875</ele>
        <time>2026-09-05T06:56:25.000Z</time>
        <extensions>
          <ns3:TrackPointExtension>
            <ns3:atemp>31.0</ns3:atemp>
            <ns3:hr>81</ns3:hr>
          </ns3:TrackPointExtension>
        </extensions>
      </trkpt>
      <trkpt lat="23.1394035927951335906982421875" lon="113.25606585480272769927978515625">
        <ele>30.6000003814697265625</ele>
        <time>2026-09-05T06:56:28.000Z</time>
        <extensions>
          <ns3:TrackPointExtension>
            <ns3:atemp>31.0</ns3:atemp>
            <ns3:hr>85</ns3:hr>
          </ns3:TrackPointExtension>
        </extensions>
      </trkpt>
      <trkpt lat="23.139406777918338775634765625" lon="113.25606585480272769927978515625">
        <ele>30.799999237060546875</ele>
        <time>2026-09-05T06:56:34.000Z</time>
        <extensions>
          <ns3:TrackPointExtension>
            <ns3:atemp>31.0</ns3:atemp>
            <ns3:hr>82</ns3:hr>
          </ns3:TrackPointExtension>
        </extensions>
      </trkpt>
      <trkpt lat="23.13941306434571743011474609375" lon="113.25606585480272769927978515625">
        <ele>31</ele>
        <time>2026-09-05T06:56:38.000Z</time>
        <extensions>
          <ns3:TrackPointExtension>
            <ns3:atemp>31.0</ns3:atemp>
            <ns3:hr>86</ns3:hr>
          </ns3:TrackPointExtension>
        </extensions>
      </trkpt>
      <trkpt lat="23.13944357447326183319091796875" lon="113.25615269131958484649658203125">
        <ele>30.6000003814697265625</ele>
        <time>2026-09-05T06:56:49.000Z</time>
        <extensions>
          <ns3:TrackPointExtension>
            <ns3:atemp>31.0</ns3:atemp>
            <ns3:hr>87</ns3:hr>
          </ns3:TrackPointExtension>
        </extensions>
      </trkpt>
      <trkpt lat="23.13953225500881671905517578125" lon="113.25623483397066593170166015625">
        <ele>30.3999996185302734375</ele>
        <time>2026-09-05T06:56:57.000Z</time>
        <extensions>
          <ns3:TrackPointExtension>
            <ns3:atemp>31.0</ns3:atemp>
            <ns3:hr>89</ns3:hr>
          </ns3:TrackPointExtension>
        </extensions>
      </trkpt>
      <trkpt lat="23.1395413912832736968994140625" lon="113.2562426291406154632568359375">
        <ele>30.3999996185302734375</ele>
        <time>2026-09-05T06:56:58.000Z</time>
        <extensions>
          <ns3:TrackPointExtension>
            <ns3:atemp>31.0</ns3:atemp>
            <ns3:hr>92</ns3:hr>
          </ns3:TrackPointExtension>
        </extensions>
      </trkpt>
      <trkpt lat="23.13955731689929962158203125" lon="113.2562446407973766326904296875">
        <ele>30.3999996185302734375</ele>
        <time>2026-09-05T06:56:59.000Z</time>
        <extensions>
          <ns3:TrackPointExtension>
            <ns3:atemp>31.0</ns3:atemp>
            <ns3:hr>95</ns3:hr>
          </ns3:TrackPointExtension>
        </extensions>
      </trkpt>
      <trkpt lat="23.1396121345460414886474609375" lon="113.2562513463199138641357421875">
        <ele>30.6000003814697265625</ele>
        <time>2026-09-05T06:57:04.000Z</time>
        <extensions>
          <ns3:TrackPointExtension>
            <ns3:atemp>31.0</ns3:atemp>
            <ns3:hr>96</ns3:hr>
          </ns3:TrackPointExtension>
        </extensions>
      </trkpt>
      <trkpt lat="23.13967273570597171783447265625" lon="113.2562966085970401763916015625">
        <ele>30.200000762939453125</ele>
        <time>2026-09-05T06:57:11.000Z</time>
        <extensions>
          <ns3:TrackPointExtension>
            <ns3:atemp>31.0</ns3:atemp>
            <ns3:hr>95</ns3:hr>
          </ns3:TrackPointExtension>
        </extensions>
      </trkpt>
      <trkpt lat="23.13968530856072902679443359375" lon="113.2563214190304279327392578125">
        <ele>30.200000762939453125</ele>
        <time>2026-09-05T06:57:13.000Z</time>
        <extensions>
          <ns3:TrackPointExtension>
            <ns3:atemp>31.0</ns3:atemp>
            <ns3:hr>92</ns3:hr>
          </ns3:TrackPointExtension>
        </extensions>
      </trkpt>
      <trkpt lat="23.13969234935939311981201171875" lon="113.25632502324879169464111328125">
        <ele>30.200000762939453125</ele>
        <time>2026-09-05T06:57:14.000Z</time>
        <extensions>
          <ns3:TrackPointExtension>
            <ns3:atemp>31.0</ns3:atemp>
            <ns3:hr>95</ns3:hr>
          </ns3:TrackPointExtension>
        </extensions>
      </trkpt>
      <trkpt lat="23.13967860303819179534912109375" lon="113.25639895163476467132568359375">
        <ele>30</ele>
        <time>2026-09-05T06:57:18.000Z</time>
        <extensions>
          <ns3:TrackPointExtension>
            <ns3:atemp>32.0</ns3:atemp>
            <ns3:hr>95</ns3:hr>
          </ns3:TrackPointExtension>
        </extensions>
      </trkpt>
      <trkpt lat="23.1396706402301788330078125" lon="113.256400041282176971435546875">
        <ele>30</ele>
        <time>2026-09-05T06:57:22.000Z</time>
        <extensions>
          <ns3:TrackPointExtension>
            <ns3:atemp>32.0</ns3:atemp>
            <ns3:hr>98</ns3:hr>
          </ns3:TrackPointExtension>
        </extensions>
      </trkpt>
      <trkpt lat="23.1396751664578914642333984375" lon="113.25639476068317890167236328125">
        <ele>29.799999237060546875</ele>
        <time>2026-09-05T06:57:25.000Z</time>
        <extensions>
          <ns3:TrackPointExtension>
            <ns3:atemp>32.0</ns3:atemp>
            <ns3:hr>100</ns3:hr>
          </ns3:TrackPointExtension>
        </extensions>
      </trkpt>
      <trkpt lat="23.13967357389628887176513671875" lon="113.2564055733382701873779296875">
        <ele>29.799999237060546875</ele>
        <time>2026-09-05T06:57:26.000Z</time>
        <extensions>
          <ns3:TrackPointExtension>
            <ns3:atemp>32.0</ns3:atemp>
            <ns3:hr>101</ns3:hr>
          </ns3:TrackPointExtension>
        </extensions>
      </trkpt>
      <trkpt lat="23.13967390917241573333740234375" lon="113.25641672126948833465576171875">
        <ele>29.799999237060546875</ele>
        <time>2026-09-05T06:57:29.000Z</time>
        <extensions>
          <ns3:TrackPointExtension>
            <ns3:atemp>32.0</ns3:atemp>
            <ns3:hr>102</ns3:hr>
          </ns3:TrackPointExtension>
        </extensions>
      </trkpt>
      <trkpt lat="23.139682710170745849609375" lon="113.25641521252691745758056640625">
        <ele>29.799999237060546875</ele>
        <time>2026-09-05T06:57:33.000Z</time>
        <extensions>
          <ns3:TrackPointExtension>
            <ns3:atemp>32.0</ns3:atemp>
            <ns3:hr>100</ns3:hr>
          </ns3:TrackPointExtension>
        </extensions>
      </trkpt>
      <trkpt lat="23.13968748785555362701416015625" lon="113.256406076252460479736328125">
        <ele>29.799999237060546875</ele>
        <time>2026-09-05T06:57:39.000Z</time>
        <extensions>
          <ns3:TrackPointExtension>
            <ns3:atemp>32.0</ns3:atemp>
            <ns3:hr>97</ns3:hr>
          </ns3:TrackPointExtension>
        </extensions>
      </trkpt>
      <trkpt lat="23.13968748785555362701416015625" lon="113.256406076252460479736328125">
        <ele>29.6000003814697265625</ele>
        <time>2026-09-05T06:57:41.000Z</time>
        <extensions>
          <ns3:TrackPointExtension>
            <ns3:atemp>32.0</ns3:atemp>
            <ns3:hr>96</ns3:hr>
          </ns3:TrackPointExtension>
        </extensions>
      </trkpt>
      <trkpt lat="23.1396867334842681884765625" lon="113.2564079202711582183837890625">
        <ele>29.6000003814697265625</ele>
        <time>2026-09-05T06:57:44.000Z</time>
        <extensions>
          <ns3:TrackPointExtension>
            <ns3:atemp>32.0</ns3:atemp>
            <ns3:hr>93</ns3:hr>
          </ns3:TrackPointExtension>
        </extensions>
      </trkpt>
      <trkpt lat="23.1396942771971225738525390625" lon="113.25647824443876743316650390625">
        <ele>29.3999996185302734375</ele>
        <time>2026-09-05T06:57:48.000Z</time>
        <extensions>
          <ns3:TrackPointExtension>
            <ns3:atemp>32.0</ns3:atemp>
            <ns3:hr>91</ns3:hr>
          </ns3:TrackPointExtension>
        </extensions>
      </trkpt>
      <trkpt lat="23.13969134353101253509521484375" lon="113.2564404420554637908935546875">
        <ele>29.3999996185302734375</ele>
        <time>2026-09-05T06:57:50.000Z</time>
        <extensions>
          <ns3:TrackPointExtension>
            <ns3:atemp>32.0</ns3:atemp>
            <ns3:hr>88</ns3:hr>
          </ns3:TrackPointExtension>
        </extensions>
      </trkpt>
      <trkpt lat="23.13969721086323261260986328125" lon="113.2564635761082172393798828125">
        <ele>29.200000762939453125</ele>
        <time>2026-09-05T06:57:52.000Z</time>
        <extensions>
          <ns3:TrackPointExtension>
            <ns3:atemp>32.0</ns3:atemp>
            <ns3:hr>84</ns3:hr>
          </ns3:TrackPointExtension>
        </extensions>
      </trkpt>
      <trkpt lat="23.13968933187425136566162109375" lon="113.25648964382708072662353515625">
        <ele>29.200000762939453125</ele>
        <time>2026-09-05T06:57:55.000Z</time>
        <extensions>
          <ns3:TrackPointExtension>
            <ns3:atemp>32.0</ns3:atemp>
            <ns3:hr>81</ns3:hr>
          </ns3:TrackPointExtension>
        </extensions>
      </trkpt>
      <trkpt lat="23.13968547619879245758056640625" lon="113.2564937509596347808837890625">
        <ele>29.200000762939453125</ele>
        <time>2026-09-05T06:57:57.000Z</time>
        <extensions>
          <ns3:TrackPointExtension>
            <ns3:atemp>32.0</ns3:atemp>
            <ns3:hr>79</ns3:hr>
          </ns3:TrackPointExtension>
        </extensions>
      </trkpt>
      <trkpt lat="23.13967172987759113311767578125" lon="113.25651361607015132904052734375">
        <ele>29</ele>
        <time>2026-09-05T06:58:05.000Z</time>
        <extensions>
          <ns3:TrackPointExtension>
            <ns3:atemp>32.0</ns3:atemp>
            <ns3:hr>78</ns3:hr>
          </ns3:TrackPointExtension>
        </extensions>
      </trkpt>
      <trkpt lat="23.13967172987759113311767578125" lon="113.25651361607015132904052734375">
        <ele>28.799999237060546875</ele>
        <time>2026-09-05T06:58:07.000Z</time>
        <extensions>
          <ns3:TrackPointExtension>
            <ns3:atemp>32.0</ns3:atemp>
            <ns3:hr>78</ns3:hr>
          </ns3:TrackPointExtension>
        </extensions>
      </trkpt>
      <trkpt lat="23.13967172987759113311767578125" lon="113.25651361607015132904052734375">
        <ele>28.6000003814697265625</ele>
        <time>2026-09-05T06:58:16.000Z</time>
        <extensions>
          <ns3:TrackPointExtension>
            <ns3:atemp>32.0</ns3:atemp>
            <ns3:hr>75</ns3:hr>
          </ns3:TrackPointExtension>
        </extensions>
      </trkpt>
      <trkpt lat="23.13967172987759113311767578125" lon="113.25651361607015132904052734375">
        <ele>28.6000003814697265625</ele>
        <time>2026-09-05T06:58:17.000Z</time>
        <extensions>
          <ns3:TrackPointExtension>
            <ns3:atemp>32.0</ns3:atemp>
            <ns3:hr>79</ns3:hr>
          </ns3:TrackPointExtension>
        </extensions>
      </trkpt>
      <trkpt lat="23.13967675901949405670166015625" lon="113.256536163389682769775390625">
        <ele>27.799999237060546875</ele>
        <time>2026-09-05T06:58:33.000Z</time>
        <extensions>
          <ns3:TrackPointExtension>
            <ns3:atemp>32.0</ns3:atemp>
            <ns3:hr>77</ns3:hr>
          </ns3:TrackPointExtension>
        </extensions>
      </trkpt>
      <trkpt lat="23.1397348456084728240966796875" lon="113.25650020502507686614990234375">
        <ele>27.3999996185302734375</ele>
        <time>2026-09-05T06:58:43.000Z</time>
        <extensions>
          <ns3:TrackPointExtension>
            <ns3:atemp>32.0</ns3:atemp>
            <ns3:hr>74</ns3:hr>
          </ns3:TrackPointExtension>
        </extensions>
      </trkpt>
      <trkpt lat="23.13974800519645214080810546875" lon="113.25649349950253963470458984375">
        <ele>27</ele>
        <time>2026-09-05T06:58:49.000Z</time>
        <extensions>
          <ns3:TrackPointExtension>
            <ns3:atemp>32.0</ns3:atemp>
            <ns3:hr>77</ns3:hr>
          </ns3:TrackPointExtension>
        </extensions>
      </trkpt>
      <trkpt lat="23.1397519446909427642822265625" lon="113.25649182312190532684326171875">
        <ele>26.799999237060546875</ele>
        <time>2026-09-05T06:58:52.000Z</time>
        <extensions>
          <ns3:TrackPointExtension>
            <ns3:atemp>32.0</ns3:atemp>
            <ns3:hr>80</ns3:hr>
          </ns3:TrackPointExtension>
        </extensions>
      </trkpt>
      <trkpt lat="23.1397564709186553955078125" lon="113.25649115256965160369873046875">
        <ele>26.799999237060546875</ele>
        <time>2026-09-05T06:58:53.000Z</time>
        <extensions>
          <ns3:TrackPointExtension>
            <ns3:atemp>32.0</ns3:atemp>
            <ns3:hr>80</ns3:hr>
          </ns3:TrackPointExtension>
        </extensions>
      </trkpt>
      <trkpt lat="23.13987742178142070770263671875" lon="113.2564223371446132659912109375">
        <ele>26.3999996185302734375</ele>
        <time>2026-09-05T06:59:03.000Z</time>
        <extensions>
          <ns3:TrackPointExtension>
            <ns3:atemp>32.0</ns3:atemp>
            <ns3:hr>80</ns3:hr>
          </ns3:TrackPointExtension>
        </extensions>
      </trkpt>
      <trkpt lat="23.14001857303082942962646484375" lon="113.2563234306871891021728515625">
        <ele>26.3999996185302734375</ele>
        <time>2026-09-05T06:59:10.000Z</time>
        <extensions>
          <ns3:TrackPointExtension>
            <ns3:atemp>32.0</ns3:atemp>
            <ns3:hr>84</ns3:hr>
          </ns3:TrackPointExtension>
        </extensions>
      </trkpt>
      <trkpt lat="23.1400265358388423919677734375" lon="113.25632192194461822509765625">
        <ele>26.3999996185302734375</ele>
        <time>2026-09-05T06:59:11.000Z</time>
        <extensions>
          <ns3:TrackPointExtension>
            <ns3:atemp>32.0</ns3:atemp>
            <ns3:hr>84</ns3:hr>
          </ns3:TrackPointExtension>
        </extensions>
      </trkpt>
      <trkpt lat="23.14006081782281398773193359375" lon="113.25630004517734050750732421875">
        <ele>26.200000762939453125</ele>
        <time>2026-09-05T06:59:15.000Z</time>
        <extensions>
          <ns3:TrackPointExtension>
            <ns3:atemp>32.0</ns3:atemp>
            <ns3:hr>87</ns3:hr>
          </ns3:TrackPointExtension>
        </extensions>
      </trkpt>
      <trkpt lat="23.1401033140718936920166015625" lon="113.25628227554261684417724609375">
        <ele>26</ele>
        <time>2026-09-05T06:59:19.000Z</time>
        <extensions>
          <ns3:TrackPointExtension>
            <ns3:atemp>32.0</ns3:atemp>
            <ns3:hr>86</ns3:hr>
          </ns3:TrackPointExtension>
        </extensions>
      </trkpt>
      <trkpt lat="23.1401593051850795745849609375" lon="113.2562617398798465728759765625">
        <ele>26</ele>
        <time>2026-09-05T06:59:28.000Z</time>
        <extensions>
          <ns3:TrackPointExtension>
            <ns3:atemp>32.0</ns3:atemp>
            <ns3:hr>84</ns3:hr>
          </ns3:TrackPointExtension>
        </extensions>
      </trkpt>
      <trkpt lat="23.140200041234493255615234375" lon="113.256279341876506805419921875">
        <ele>25.799999237060546875</ele>
        <time>2026-09-05T06:59:33.000Z</time>
        <extensions>
          <ns3:TrackPointExtension>
            <ns3:atemp>32.0</ns3:atemp>
            <ns3:hr>87</ns3:hr>
          </ns3:TrackPointExtension>
        </extensions>
      </trkpt>
      <trkpt lat="23.1402059085667133331298828125" lon="113.256283365190029144287109375">
        <ele>25.799999237060546875</ele>
        <time>2026-09-05T06:59:34.000Z</time>
        <extensions>
          <ns3:TrackPointExtension>
            <ns3:atemp>32.0</ns3:atemp>
            <ns3:hr>85</ns3:hr>
          </ns3:TrackPointExtension>
        </extensions>
      </trkpt>
      <trkpt lat="23.140199370682239532470703125" lon="113.2562902383506298065185546875">
        <ele>25.799999237060546875</ele>
        <time>2026-09-05T06:59:37.000Z</time>
        <extensions>
          <ns3:TrackPointExtension>
            <ns3:atemp>32.0</ns3:atemp>
            <ns3:hr>86</ns3:hr>
          </ns3:TrackPointExtension>
        </extensions>
      </trkpt>
      <trkpt lat="23.1401911564171314239501953125" lon="113.25630876235663890838623046875">
        <ele>25.799999237060546875</ele>
        <time>2026-09-05T06:59:40.000Z</time>
        <extensions>
          <ns3:TrackPointExtension>
            <ns3:atemp>32.0</ns3:atemp>
            <ns3:hr>89</ns3:hr>
          </ns3:TrackPointExtension>
        </extensions>
      </trkpt>
      <trkpt lat="23.1401904858648777008056640625" lon="113.25631245039403438568115234375">
        <ele>25.799999237060546875</ele>
        <time>2026-09-05T06:59:41.000Z</time>
        <extensions>
          <ns3:TrackPointExtension>
            <ns3:atemp>32.0</ns3:atemp>
            <ns3:hr>90</ns3:hr>
          </ns3:TrackPointExtension>
        </extensions>
      </trkpt>
      <trkpt lat="23.14022728241980075836181640625" lon="113.25630172155797481536865234375">
        <ele>25.799999237060546875</ele>
        <time>2026-09-05T06:59:46.000Z</time>
        <extensions>
          <ns3:TrackPointExtension>
            <ns3:atemp>32.0</ns3:atemp>
            <ns3:hr>92</ns3:hr>
          </ns3:TrackPointExtension>
        </extensions>
      </trkpt>
      <trkpt lat="23.140309341251850128173828125" lon="113.25630448758602142333984375">
        <ele>25.6000003814697265625</ele>
        <time>2026-09-05T06:59:55.000Z</time>
        <extensions>
          <ns3:TrackPointExtension>
            <ns3:atemp>32.0</ns3:atemp>
            <ns3:hr>94</ns3:hr>
          </ns3:TrackPointExtension>
        </extensions>
      </trkpt>
      <trkpt lat="23.14035301096737384796142578125" lon="113.2562868855893611907958984375">
        <ele>25.3999996185302734375</ele>
        <time>2026-09-05T07:00:01.000Z</time>
        <extensions>
          <ns3:TrackPointExtension>
            <ns3:atemp>32.0</ns3:atemp>
            <ns3:hr>96</ns3:hr>
          </ns3:TrackPointExtension>
        </extensions>
      </trkpt>
      <trkpt lat="23.1403963454067707061767578125" lon="113.256259225308895111083984375">
        <ele>25.3999996185302734375</ele>
        <time>2026-09-05T07:00:09.000Z</time>
        <extensions>
          <ns3:TrackPointExtension>
            <ns3:atemp>32.0</ns3:atemp>
            <ns3:hr>96</ns3:hr>
          </ns3:TrackPointExtension>
        </extensions>
      </trkpt>
      <trkpt lat="23.14039140008389949798583984375" lon="113.25627288781106472015380859375">
        <ele>25.200000762939453125</ele>
        <time>2026-09-05T07:00:15.000Z</time>
        <extensions>
          <ns3:TrackPointExtension>
            <ns3:atemp>32.0</ns3:atemp>
            <ns3:hr>96</ns3:hr>
          </ns3:TrackPointExtension>
        </extensions>
      </trkpt>
      <trkpt lat="23.14043599180877208709716796875" lon="113.25625662691891193389892578125">
        <ele>25.200000762939453125</ele>
        <time>2026-09-05T07:00:22.000Z</time>
        <extensions>
          <ns3:TrackPointExtension>
            <ns3:atemp>32.0</ns3:atemp>
            <ns3:hr>95</ns3:hr>
          </ns3:TrackPointExtension>
        </extensions>
      </trkpt>
      <trkpt lat="23.14044739119708538055419921875" lon="113.25625042431056499481201171875">
        <ele>25</ele>
        <time>2026-09-05T07:00:24.000Z</time>
        <extensions>
          <ns3:TrackPointExtension>
            <ns3:atemp>33.0</ns3:atemp>
            <ns3:hr>91</ns3:hr>
          </ns3:TrackPointExtension>
        </extensions>
      </trkpt>
      <trkpt lat="23.14044621773064136505126953125" lon="113.25629736296832561492919921875">
        <ele>24.799999237060546875</ele>
        <time>2026-09-05T07:00:29.000Z</time>
        <extensions>
          <ns3:TrackPointExtension>
            <ns3:atemp>33.0</ns3:atemp>
            <ns3:hr>91</ns3:hr>
          </ns3:TrackPointExtension>
        </extensions>
      </trkpt>
      <trkpt lat="23.1404466368257999420166015625" lon="113.256305493414402008056640625">
        <ele>24.799999237060546875</ele>
        <time>2026-09-05T07:00:30.000Z</time>
        <extensions>
          <ns3:TrackPointExtension>
            <ns3:atemp>33.0</ns3:atemp>
            <ns3:hr>92</ns3:hr>
          </ns3:TrackPointExtension>
        </extensions>
      </trkpt>
      <trkpt lat="23.14044806174933910369873046875" lon="113.2563378475606441497802734375">
        <ele>24.6000003814697265625</ele>
        <time>2026-09-05T07:00:36.000Z</time>
        <extensions>
          <ns3:TrackPointExtension>
            <ns3:atemp>33.0</ns3:atemp>
            <ns3:hr>89</ns3:hr>
          </ns3:TrackPointExtension>
        </extensions>
      </trkpt>
      <trkpt lat="23.14044822938740253448486328125" lon="113.25634195469319820404052734375">
        <ele>24.6000003814697265625</ele>
        <time>2026-09-05T07:00:37.000Z</time>
        <extensions>
          <ns3:TrackPointExtension>
            <ns3:atemp>33.0</ns3:atemp>
            <ns3:hr>89</ns3:hr>
          </ns3:TrackPointExtension>
        </extensions>
      </trkpt>
      <trkpt lat="23.140457533299922943115234375" lon="113.25633843429386615753173828125">
        <ele>24.6000003814697265625</ele>
        <time>2026-09-05T07:00:41.000Z</time>
        <extensions>
          <ns3:TrackPointExtension>
            <ns3:atemp>33.0</ns3:atemp>
            <ns3:hr>85</ns3:hr>
          </ns3:TrackPointExtension>
        </extensions>
      </trkpt>
      <trkpt lat="23.140493743121623992919921875" lon="113.25633466243743896484375">
        <ele>24.6000003814697265625</ele>
        <time>2026-09-05T07:00:43.000Z</time>
        <extensions>
          <ns3:TrackPointExtension>
            <ns3:atemp>33.0</ns3:atemp>
            <ns3:hr>84</ns3:hr>
          </ns3:TrackPointExtension>
        </extensions>
      </trkpt>
      <trkpt lat="23.1406189687550067901611328125" lon="113.2563059963285923004150390625">
        <ele>24</ele>
        <time>2026-09-05T07:00:49.000Z</time>
        <extensions>
          <ns3:TrackPointExtension>
            <ns3:atemp>33.0</ns3:atemp>
            <ns3:hr>83</ns3:hr>
          </ns3:TrackPointExtension>
        </extensions>
      </trkpt>
      <trkpt lat="23.14078283496201038360595703125" lon="113.25625956058502197265625">
        <ele>24</ele>
        <time>2026-09-05T07:01:00.000Z</time>
        <extensions>
          <ns3:TrackPointExtension>
            <ns3:atemp>33.0</ns3:atemp>
            <ns3:hr>83</ns3:hr>
          </ns3:TrackPointExtension>
        </extensions>
      </trkpt>
      <trkpt lat="23.14083010889589786529541015625" lon="113.25624522753059864044189453125">
        <ele>23.6000003814697265625</ele>
        <time>2026-09-05T07:01:04.000Z</time>
        <extensions>
          <ns3:TrackPointExtension>
            <ns3:atemp>33.0</ns3:atemp>
            <ns3:hr>83</ns3:hr>
          </ns3:TrackPointExtension>
        </extensions>
      </trkpt>
      <trkpt lat="23.1408888660371303558349609375" lon="113.2562406174838542938232421875">
        <ele>23.3999996185302734375</ele>
        <time>2026-09-05T07:01:10.000Z</time>
        <extensions>
          <ns3:TrackPointExtension>
            <ns3:atemp>33.0</ns3:atemp>
            <ns3:hr>84</ns3:hr>
          </ns3:TrackPointExtension>
        </extensions>
      </trkpt>
      <trkpt lat="23.14090906642377376556396484375" lon="113.2562463171780109405517578125">
        <ele>23.3999996185302734375</ele>
        <time>2026-09-05T07:01:12.000Z</time>
        <extensions>
          <ns3:TrackPointExtension>
            <ns3:atemp>33.0</ns3:atemp>
            <ns3:hr>84</ns3:hr>
          </ns3:TrackPointExtension>
        </extensions>
      </trkpt>
      <trkpt lat="23.14094175584614276885986328125" lon="113.256253190338611602783203125">
        <ele>23.200000762939453125</ele>
        <time>2026-09-05T07:01:16.000Z</time>
        <extensions>
          <ns3:TrackPointExtension>
            <ns3:atemp>33.0</ns3:atemp>
            <ns3:hr>83</ns3:hr>
          </ns3:TrackPointExtension>
        </extensions>
      </trkpt>
      <trkpt lat="23.14095399342477321624755859375" lon="113.2562500052154064178466796875">
        <ele>22.799999237060546875</ele>
        <time>2026-09-05T07:01:22.000Z</time>
        <extensions>
          <ns3:TrackPointExtension>
            <ns3:atemp>33.0</ns3:atemp>
            <ns3:hr>83</ns3:hr>
          </ns3:TrackPointExtension>
        </extensions>
      </trkpt>
      <trkpt lat="23.140936307609081268310546875" lon="113.25625897385179996490478515625">
        <ele>22.799999237060546875</ele>
        <time>2026-09-05T07:01:28.000Z</time>
        <extensions>
          <ns3:TrackPointExtension>
            <ns3:atemp>33.0</ns3:atemp>
            <ns3:hr>84</ns3:hr>
          </ns3:TrackPointExtension>
        </extensions>
      </trkpt>
      <trkpt lat="23.14095013774931430816650390625" lon="113.25625444762408733367919921875">
        <ele>22.6000003814697265625</ele>
        <time>2026-09-05T07:01:37.000Z</time>
        <extensions>
          <ns3:TrackPointExtension>
            <ns3:atemp>33.0</ns3:atemp>
            <ns3:hr>83</ns3:hr>
          </ns3:TrackPointExtension>
        </extensions>
      </trkpt>
      <trkpt lat="23.14096891321241855621337890625" lon="113.2562503404915332794189453125">
        <ele>22.6000003814697265625</ele>
        <time>2026-09-05T07:01:39.000Z</time>
        <extensions>
          <ns3:TrackPointExtension>
            <ns3:atemp>33.0</ns3:atemp>
            <ns3:hr>83</ns3:hr>
          </ns3:TrackPointExtension>
        </extensions>
      </trkpt>
      <trkpt lat="23.14103965647518634796142578125" lon="113.25624874792993068695068359375">
        <ele>22.3999996185302734375</ele>
        <time>2026-09-05T07:01:45.000Z</time>
        <extensions>
          <ns3:TrackPointExtension>
            <ns3:atemp>33.0</ns3:atemp>
            <ns3:hr>83</ns3:hr>
          </ns3:TrackPointExtension>
        </extensions>
      </trkpt>
      <trkpt lat="23.1411047838628292083740234375" lon="113.25627054087817668914794921875">
        <ele>22.200000762939453125</ele>
        <time>2026-09-05T07:01:51.000Z</time>
        <extensions>
          <ns3:TrackPointExtension>
            <ns3:atemp>33.0</ns3:atemp>
            <ns3:hr>82</ns3:hr>
          </ns3:TrackPointExtension>
        </extensions>
      </trkpt>
      <trkpt lat="23.1411419995129108428955078125" lon="113.25626953504979610443115234375">
        <ele>22.200000762939453125</ele>
        <time>2026-09-05T07:01:56.000Z</time>
        <extensions>
          <ns3:TrackPointExtension>
            <ns3:atemp>33.0</ns3:atemp>
            <ns3:hr>86</ns3:hr>
          </ns3:TrackPointExtension>
        </extensions>
      </trkpt>
      <trkpt lat="23.14115214161574840545654296875" lon="113.2562798447906970977783203125">
        <ele>22.200000762939453125</ele>
        <time>2026-09-05T07:01:57.000Z</time>
        <extensions>
          <ns3:TrackPointExtension>
            <ns3:atemp>33.0</ns3:atemp>
            <ns3:hr>83</ns3:hr>
          </ns3:TrackPointExtension>
        </extensions>
      </trkpt>
      <trkpt lat="23.1412201188504695892333984375" lon="113.256298117339611053466796875">
        <ele>22</ele>
        <time>2026-09-05T07:02:04.000Z</time>
        <extensions>
          <ns3:TrackPointExtension>
            <ns3:atemp>33.0</ns3:atemp>
            <ns3:hr>84</ns3:hr>
          </ns3:TrackPointExtension>
        </extensions>
      </trkpt>
      <trkpt lat="23.1412576697766780853271484375" lon="113.25628512538969516754150390625">
        <ele>22</ele>
        <time>2026-09-05T07:02:10.000Z</time>
        <extensions>
          <ns3:TrackPointExtension>
            <ns3:atemp>33.0</ns3:atemp>
            <ns3:hr>86</ns3:hr>
          </ns3:TrackPointExtension>
        </extensions>
      </trkpt>
      <trkpt lat="23.14132313244044780731201171875" lon="113.25624816119670867919921875">
        <ele>21.6000003814697265625</ele>
        <time>2026-09-05T07:02:17.000Z</time>
        <extensions>
          <ns3:TrackPointExtension>
            <ns3:atemp>33.0</ns3:atemp>
            <ns3:hr>89</ns3:hr>
          </ns3:TrackPointExtension>
        </extensions>
      </trkpt>
      <trkpt lat="23.14132564701139926910400390625" lon="113.2562466524541378021240234375">
        <ele>21.6000003814697265625</ele>
        <time>2026-09-05T07:02:18.000Z</time>
        <extensions>
          <ns3:TrackPointExtension>
            <ns3:atemp>33.0</ns3:atemp>
            <ns3:hr>86</ns3:hr>
          </ns3:TrackPointExtension>
        </extensions>
      </trkpt>
      <trkpt lat="23.14135850407183170318603515625" lon="113.25621589086949825286865234375">
        <ele>21.799999237060546875</ele>
        <time>2026-09-05T07:02:22.000Z</time>
        <extensions>
          <ns3:TrackPointExtension>
            <ns3:atemp>33.0</ns3:atemp>
            <ns3:hr>89</ns3:hr>
          </ns3:TrackPointExtension>
        </extensions>
      </trkpt>
      <trkpt lat="23.14138264395296573638916015625" lon="113.2562018930912017822265625">
        <ele>21.799999237060546875</ele>
        <time>2026-09-05T07:02:25.000Z</time>
        <extensions>
          <ns3:TrackPointExtension>
            <ns3:atemp>33.0</ns3:atemp>
            <ns3:hr>89</ns3:hr>
          </ns3:TrackPointExtension>
        </extensions>
      </trkpt>
      <trkpt lat="23.1414449214935302734375" lon="113.25616501271724700927734375">
        <ele>21.6000003814697265625</ele>
        <time>2026-09-05T07:02:32.000Z</time>
        <extensions>
          <ns3:TrackPointExtension>
            <ns3:atemp>33.0</ns3:atemp>
            <ns3:hr>92</ns3:hr>
          </ns3:TrackPointExtension>
        </extensions>
      </trkpt>
      <trkpt lat="23.14145456068217754364013671875" lon="113.2561562955379486083984375">
        <ele>21.6000003814697265625</ele>
        <time>2026-09-05T07:02:33.000Z</time>
        <extensions>
          <ns3:TrackPointExtension>
            <ns3:atemp>33.0</ns3:atemp>
            <ns3:hr>92</ns3:hr>
          </ns3:TrackPointExtension>
        </extensions>
      </trkpt>
      <trkpt lat="23.14150820486247539520263671875" lon="113.256133496761322021484375">
        <ele>21.6000003814697265625</ele>
        <time>2026-09-05T07:02:39.000Z</time>
        <extensions>
          <ns3:TrackPointExtension>
            <ns3:atemp>33.0</ns3:atemp>
            <ns3:hr>95</ns3:hr>
          </ns3:TrackPointExtension>
        </extensions>
      </trkpt>
      <trkpt lat="23.14151759259402751922607421875" lon="113.256129808723926544189453125">
        <ele>21.6000003814697265625</ele>
        <time>2026-09-05T07:02:40.000Z</time>
        <extensions>
          <ns3:TrackPointExtension>
            <ns3:atemp>33.0</ns3:atemp>
            <ns3:hr>95</ns3:hr>
          </ns3:TrackPointExtension>
        </extensions>
      </trkpt>
      <trkpt lat="23.1415232084691524505615234375" lon="113.25612209737300872802734375">
        <ele>21.6000003814697265625</ele>
        <time>2026-09-05T07:02:41.000Z</time>
        <extensions>
          <ns3:TrackPointExtension>
            <ns3:atemp>33.0</ns3:atemp>
            <ns3:hr>96</ns3:hr>
          </ns3:TrackPointExtension>
        </extensions>
      </trkpt>
      <trkpt lat="23.14154474996030330657958984375" lon="113.256117738783359527587890625">
        <ele>21.3999996185302734375</ele>
        <time>2026-09-05T07:02:44.000Z</time>
        <extensions>
          <ns3:TrackPointExtension>
            <ns3:atemp>33.0</ns3:atemp>
            <ns3:hr>98</ns3:hr>
          </ns3:TrackPointExtension>
        </extensions>
      </trkpt>
      <trkpt lat="23.14155732281506061553955078125" lon="113.25611413456499576568603515625">
        <ele>21.3999996185302734375</ele>
        <time>2026-09-05T07:02:45.000Z</time>
        <extensions>
          <ns3:TrackPointExtension>
            <ns3:atemp>33.0</ns3:atemp>
            <ns3:hr>99</ns3:hr>
          </ns3:TrackPointExtension>
        </extensions>
      </trkpt>
      <trkpt lat="23.141571991145610809326171875" lon="113.256109021604061126708984375">
        <ele>21.3999996185302734375</ele>
        <time>2026-09-05T07:02:47.000Z</time>
        <extensions>
          <ns3:TrackPointExtension>
            <ns3:atemp>33.0</ns3:atemp>
            <ns3:hr>98</ns3:hr>
          </ns3:TrackPointExtension>
        </extensions>
      </trkpt>
      <trkpt lat="23.141580708324909210205078125" lon="113.256117738783359527587890625">
        <ele>21.200000762939453125</ele>
        <time>2026-09-05T07:02:51.000Z</time>
        <extensions>
          <ns3:TrackPointExtension>
            <ns3:atemp>33.0</ns3:atemp>
            <ns3:hr>98</ns3:hr>
          </ns3:TrackPointExtension>
        </extensions>
      </trkpt>
      <trkpt lat="23.14157794229686260223388671875" lon="113.25610223226249217987060546875">
        <ele>21.3999996185302734375</ele>
        <time>2026-09-05T07:02:56.000Z</time>
        <extensions>
          <ns3:TrackPointExtension>
            <ns3:atemp>33.0</ns3:atemp>
            <ns3:hr>97</ns3:hr>
          </ns3:TrackPointExtension>
        </extensions>
      </trkpt>
      <trkpt lat="23.14156000502407550811767578125" lon="113.2561118714511394500732421875">
        <ele>21.200000762939453125</ele>
        <time>2026-09-05T07:03:01.000Z</time>
        <extensions>
          <ns3:TrackPointExtension>
            <ns3:atemp>33.0</ns3:atemp>
            <ns3:hr>97</ns3:hr>
          </ns3:TrackPointExtension>
        </extensions>
      </trkpt>
      <trkpt lat="23.14154081046581268310546875" lon="113.25613014400005340576171875">
        <ele>21</ele>
        <time>2026-09-05T07:03:02.000Z</time>
        <extensions>
          <ns3:TrackPointExtension>
            <ns3:atemp>33.0</ns3:atemp>
            <ns3:hr>96</ns3:hr>
          </ns3:TrackPointExtension>
        </extensions>
      </trkpt>
      <trkpt lat="23.14152538776397705078125" lon="113.2561407051980495452880859375">
        <ele>20.3999996185302734375</ele>
        <time>2026-09-05T07:03:03.000Z</time>
        <extensions>
          <ns3:TrackPointExtension>
            <ns3:atemp>33.0</ns3:atemp>
            <ns3:hr>96</ns3:hr>
          </ns3:TrackPointExtension>
        </extensions>
      </trkpt>
    </trkseg>
  </trk>
</gpx>
