<?xml version="1.0" encoding="UTF-8"?>
<gpx creator="Garmin Connect" version="1.1"
  xsi:schemaLocation="http://www.topografix.com/GPX/1/1 http://www.topografix.com/GPX/11.xsd"
  xmlns:ns3="http://www.garmin.com/xmlschemas/TrackPointExtension/v1"
  xmlns="http://www.topografix.com/GPX/1/1"
  xmlns:xsi="http://www.w3.org/2001/XMLSchema-instance" xmlns:ns2="http://www.garmin.com/xmlschemas/GpxExtensions/v3">
  <metadata>
    <link href="connect.garmin.com">
      <text>Garmin Connect</text>
    </link>
    <time>2026-09-10T09:24:20.000Z</time>
  </metadata>
  <trk>
    <name>厦门市 骑行</name>
    <type>cycling</type>
    <trkseg>
      <trkpt lat="24.5418187044560909271240234375" lon="118.14009019173681735992431640625">
        <ele>26.6000003814697265625</ele>
        <time>2026-09-10T09:24:39.000Z</time>
        <extensions>
          <ns3:TrackPointExtension>
            <ns3:atemp>30.0</ns3:atemp>
            <ns3:hr>84</ns3:hr>
          </ns3:TrackPointExtension>
        </extensions>
      </trkpt>
      <trkpt lat="24.541718624532222747802734375" lon="118.14026512205600738525390625">
        <ele>26.6000003814697265625</ele>
        <time>2026-09-10T09:24:41.000Z</time>
        <extensions>
          <ns3:TrackPointExtension>
            <ns3:atemp>30.0</ns3:atemp>
            <ns3:hr>85</ns3:hr>
          </ns3:TrackPointExtension>
        </extensions>
      </trkpt>
      <trkpt lat="24.54171736724674701690673828125" lon="118.140194378793239593505859375">
        <ele>26.799999237060546875</ele>
        <time>2026-09-10T09:24:44.000Z</time>
        <extensions>
          <ns3:TrackPointExtension>
            <ns3:atemp>30.0</ns3:atemp>
            <ns3:hr>84</ns3:hr>
          </ns3:TrackPointExtension>
        </extensions>
      </trkpt>
      <trkpt lat="24.5416607894003391265869140625" lon="118.1398230604827404022216796875">
        <ele>26.3999996185302734375</ele>
        <time>2026-09-10T09:24:51.000Z</time>
        <extensions>
          <ns3:TrackPointExtension>
            <ns3:atemp>30.0</ns3:atemp>
            <ns3:hr>83</ns3:hr>
          </ns3:TrackPointExtension>
        </extensions>
      </trkpt>
      <trkpt lat="24.54164612106978893280029296875" lon="118.1398136727511882781982421875">
        <ele>26.3999996185302734375</ele>
        <time>2026-09-10T09:24:52.000Z</time>
        <extensions>
          <ns3:TrackPointExtension>
            <ns3:atemp>30.0</ns3:atemp>
            <ns3:hr>83</ns3:hr>
          </ns3:TrackPointExtension>
        </extensions>
      </trkpt>
      <trkpt lat="24.54160295426845550537109375" lon="118.1398257426917552947998046875">
        <ele>26.3999996185302734375</ele>
        <time>2026-09-10T09:24:55.000Z</time>
        <extensions>
          <ns3:TrackPointExtension>
            <ns3:atemp>30.0</ns3:atemp>
            <ns3:hr>83</ns3:hr>
          </ns3:TrackPointExtension>
        </extensions>
      </trkpt>
      <trkpt lat="24.54147010110318660736083984375" lon="118.1397871859371662139892578125">
        <ele>26.200000762939453125</ele>
        <time>2026-09-10T09:25:00.000Z</time>
        <extensions>
          <ns3:TrackPointExtension>
            <ns3:atemp>30.0</ns3:atemp>
            <ns3:hr>84</ns3:hr>
          </ns3:TrackPointExtension>
        </extensions>
      </trkpt>
      <trkpt lat="24.54143707640469074249267578125" lon="118.1397803127765655517578125">
        <ele>26.200000762939453125</ele>
        <time>2026-09-10T09:25:01.000Z</time>
        <extensions>
          <ns3:TrackPointExtension>
            <ns3:atemp>30.0</ns3:atemp>
            <ns3:hr>81</ns3:hr>
          </ns3:TrackPointExtension>
        </extensions>
      </trkpt>
      <trkpt lat="24.541333056986331939697265625" lon="118.139785341918468475341796875">
        <ele>26.200000762939453125</ele>
        <time>2026-09-10T09:25:04.000Z</time>
        <extensions>
          <ns3:TrackPointExtension>
            <ns3:atemp>30.0</ns3:atemp>
            <ns3:hr>85</ns3:hr>
          </ns3:TrackPointExtension>
        </extensions>
      </trkpt>
      <trkpt lat="24.5412363298237323760986328125" lon="118.13984979875385761260986328125">
        <ele>26.200000762939453125</ele>
        <time>2026-09-10T09:25:07.000Z</time>
        <extensions>
          <ns3:TrackPointExtension>
            <ns3:atemp>30.0</ns3:atemp>
            <ns3:hr>84</ns3:hr>
          </ns3:TrackPointExtension>
        </extensions>
      </trkpt>
      <trkpt lat="24.540944807231426239013671875" lon="118.1401244737207889556884765625">
        <ele>26.200000762939453125</ele>
        <time>2026-09-10T09:25:16.000Z</time>
        <extensions>
          <ns3:TrackPointExtension>
            <ns3:atemp>30.0</ns3:atemp>
            <ns3:hr>87</ns3:hr>
          </ns3:TrackPointExtension>
        </extensions>
      </trkpt>
      <trkpt lat="24.54085327684879302978515625" lon="118.14021508209407329559326171875">
        <ele>25.6000003814697265625</ele>
        <time>2026-09-10T09:25:19.000Z</time>
        <extensions>
          <ns3:TrackPointExtension>
            <ns3:atemp>30.0</ns3:atemp>
            <ns3:hr>90</ns3:hr>
          </ns3:TrackPointExtension>
        </extensions>
      </trkpt>
      <trkpt lat="24.54071137122809886932373046875" lon="118.14035363495349884033203125">
        <ele>26.200000762939453125</ele>
        <time>2026-09-10T09:25:24.000Z</time>
        <extensions>
          <ns3:TrackPointExtension>
            <ns3:atemp>30.0</ns3:atemp>
            <ns3:hr>90</ns3:hr>
          </ns3:TrackPointExtension>
        </extensions>
      </trkpt>
      <trkpt lat="24.54064968042075634002685546875" lon="118.1404047645628452301025390625">
        <ele>26.6000003814697265625</ele>
        <time>2026-09-10T09:25:26.000Z</time>
        <extensions>
          <ns3:TrackPointExtension>
            <ns3:atemp>30.0</ns3:atemp>
            <ns3:hr>89</ns3:hr>
          </ns3:TrackPointExtension>
        </extensions>
      </trkpt>
      <trkpt lat="24.5404516160488128662109375" lon="118.14057399518787860870361328125">
        <ele>26.3999996185302734375</ele>
        <time>2026-09-10T09:25:35.000Z</time>
        <extensions>
          <ns3:TrackPointExtension>
            <ns3:atemp>30.0</ns3:atemp>
            <ns3:hr>86</ns3:hr>
          </ns3:TrackPointExtension>
        </extensions>
      </trkpt>
      <trkpt lat="24.54039394855499267578125" lon="118.1406273879110813140869140625">
        <ele>26.200000762939453125</ele>
        <time>2026-09-10T09:25:37.000Z</time>
        <extensions>
          <ns3:TrackPointExtension>
            <ns3:atemp>30.0</ns3:atemp>
            <ns3:hr>85</ns3:hr>
          </ns3:TrackPointExtension>
        </extensions>
      </trkpt>
      <trkpt lat="24.54018029384315013885498046875" lon="118.14085696823894977569580078125">
        <ele>27.3999996185302734375</ele>
        <time>2026-09-10T09:25:44.000Z</time>
        <extensions>
          <ns3:TrackPointExtension>
            <ns3:atemp>30.0</ns3:atemp>
            <ns3:hr>84</ns3:hr>
          </ns3:TrackPointExtension>
        </extensions>
      </trkpt>
      <trkpt lat="24.5401496998965740203857421875" lon="118.14101287163794040679931640625">
        <ele>27.200000762939453125</ele>
        <time>2026-09-10T09:25:48.000Z</time>
        <extensions>
          <ns3:TrackPointExtension>
            <ns3:atemp>30.0</ns3:atemp>
            <ns3:hr>84</ns3:hr>
          </ns3:TrackPointExtension>
        </extensions>
      </trkpt>
      <trkpt lat="24.54021348617970943450927734375" lon="118.141180090606212615966796875">
        <ele>26.200000762939453125</ele>
        <time>2026-09-10T09:25:52.000Z</time>
        <extensions>
          <ns3:TrackPointExtension>
            <ns3:atemp>30.0</ns3:atemp>
            <ns3:hr>86</ns3:hr>
          </ns3:TrackPointExtension>
        </extensions>
      </trkpt>
      <trkpt lat="24.5403052680194377899169921875" lon="118.14132953993976116180419921875">
        <ele>26.200000762939453125</ele>
        <time>2026-09-10T09:25:56.000Z</time>
        <extensions>
          <ns3:TrackPointExtension>
            <ns3:atemp>30.0</ns3:atemp>
            <ns3:hr>85</ns3:hr>
          </ns3:TrackPointExtension>
        </extensions>
      </trkpt>
      <trkpt lat="24.5403495244681835174560546875" lon="118.14141101203858852386474609375">
        <ele>26.200000762939453125</ele>
        <time>2026-09-10T09:25:58.000Z</time>
        <extensions>
          <ns3:TrackPointExtension>
            <ns3:atemp>30.0</ns3:atemp>
            <ns3:hr>86</ns3:hr>
          </ns3:TrackPointExtension>
        </extensions>
      </trkpt>
      <trkpt lat="24.54037089832127094268798828125" lon="118.14145275391638278961181640625">
        <ele>26.200000762939453125</ele>
        <time>2026-09-10T09:25:59.000Z</time>
        <extensions>
          <ns3:TrackPointExtension>
            <ns3:atemp>30.0</ns3:atemp>
            <ns3:hr>86</ns3:hr>
          </ns3:TrackPointExtension>
        </extensions>
      </trkpt>
      <trkpt lat="24.5404199324548244476318359375" lon="118.1415291130542755126953125">
        <ele>26.200000762939453125</ele>
        <time>2026-09-10T09:26:01.000Z</time>
        <extensions>
          <ns3:TrackPointExtension>
            <ns3:atemp>30.0</ns3:atemp>
            <ns3:hr>90</ns3:hr>
          </ns3:TrackPointExtension>
        </extensions>
      </trkpt>
      <trkpt lat="24.54059955663979053497314453125" lon="118.14177797175943851470947265625">
        <ele>25.6000003814697265625</ele>
        <time>2026-09-10T09:26:08.000Z</time>
        <extensions>
          <ns3:TrackPointExtension>
            <ns3:atemp>30.0</ns3:atemp>
            <ns3:hr>89</ns3:hr>
          </ns3:TrackPointExtension>
        </extensions>
      </trkpt>
      <trkpt lat="24.5408780872821807861328125" lon="118.1421230547130107879638671875">
        <ele>26</ele>
        <time>2026-09-10T09:26:18.000Z</time>
        <extensions>
          <ns3:TrackPointExtension>
            <ns3:atemp>30.0</ns3:atemp>
            <ns3:hr>90</ns3:hr>
          </ns3:TrackPointExtension>
        </extensions>
      </trkpt>
      <trkpt lat="24.54090289771556854248046875" lon="118.14216085709631443023681640625">
        <ele>25.799999237060546875</ele>
        <time>2026-09-10T09:26:19.000Z</time>
        <extensions>
          <ns3:TrackPointExtension>
            <ns3:atemp>30.0</ns3:atemp>
            <ns3:hr>93</ns3:hr>
          </ns3:TrackPointExtension>
        </extensions>
      </trkpt>
      <trkpt lat="24.54109744168817996978759765625" lon="118.1424197740852832794189453125">
        <ele>25.6000003814697265625</ele>
        <time>2026-09-10T09:26:26.000Z</time>
        <extensions>
          <ns3:TrackPointExtension>
            <ns3:atemp>30.0</ns3:atemp>
            <ns3:hr>92</ns3:hr>
          </ns3:TrackPointExtension>
        </extensions>
      </trkpt>
      <trkpt lat="24.54138971865177154541015625" lon="118.1428368575870990753173828125">
        <ele>25.6000003814697265625</ele>
        <time>2026-09-10T09:26:37.000Z</time>
        <extensions>
          <ns3:TrackPointExtension>
            <ns3:atemp>30.0</ns3:atemp>
            <ns3:hr>90</ns3:hr>
          </ns3:TrackPointExtension>
        </extensions>
      </trkpt>
      <trkpt lat="24.5414198935031890869140625" lon="118.1428723968565464019775390625">
        <ele>25.6000003814697265625</ele>
        <time>2026-09-10T09:26:38.000Z</time>
        <extensions>
          <ns3:TrackPointExtension>
            <ns3:atemp>30.0</ns3:atemp>
            <ns3:hr>90</ns3:hr>
          </ns3:TrackPointExtension>
        </extensions>
      </trkpt>
      <trkpt lat="24.541475884616374969482421875" lon="118.14295001327991485595703125">
        <ele>25.3999996185302734375</ele>
        <time>2026-09-10T09:26:40.000Z</time>
        <extensions>
          <ns3:TrackPointExtension>
            <ns3:atemp>30.0</ns3:atemp>
            <ns3:hr>92</ns3:hr>
          </ns3:TrackPointExtension>
        </extensions>
      </trkpt>
      <trkpt lat="24.54161292873322963714599609375" lon="118.14315310679376125335693359375">
        <ele>24.799999237060546875</ele>
        <time>2026-09-10T09:26:45.000Z</time>
        <extensions>
          <ns3:TrackPointExtension>
            <ns3:atemp>30.0</ns3:atemp>
            <ns3:hr>92</ns3:hr>
          </ns3:TrackPointExtension>
        </extensions>
      </trkpt>
      <trkpt lat="24.54184946604073047637939453125" lon="118.143488131463527679443359375">
        <ele>25</ele>
        <time>2026-09-10T09:26:54.000Z</time>
        <extensions>
          <ns3:TrackPointExtension>
            <ns3:atemp>30.0</ns3:atemp>
            <ns3:hr>94</ns3:hr>
          </ns3:TrackPointExtension>
        </extensions>
      </trkpt>
      <trkpt lat="24.54205968417227268218994140625" lon="118.143772445619106292724609375">
        <ele>25.200000762939453125</ele>
        <time>2026-09-10T09:27:02.000Z</time>
        <extensions>
          <ns3:TrackPointExtension>
            <ns3:atemp>30.0</ns3:atemp>
            <ns3:hr>94</ns3:hr>
          </ns3:TrackPointExtension>
        </extensions>
      </trkpt>
      <trkpt lat="24.54210226424038410186767578125" lon="118.14384662546217441558837890625">
        <ele>25.200000762939453125</ele>
        <time>2026-09-10T09:27:04.000Z</time>
        <extensions>
          <ns3:TrackPointExtension>
            <ns3:atemp>30.0</ns3:atemp>
            <ns3:hr>93</ns3:hr>
          </ns3:TrackPointExtension>
        </extensions>
      </trkpt>
      <trkpt lat="24.54207711853086948394775390625" lon="118.143912255764007568359375">
        <ele>25.6000003814697265625</ele>
        <time>2026-09-10T09:27:06.000Z</time>
        <extensions>
          <ns3:TrackPointExtension>
            <ns3:atemp>31.0</ns3:atemp>
            <ns3:hr>92</ns3:hr>
          </ns3:TrackPointExtension>
        </extensions>
      </trkpt>
      <trkpt lat="24.5420161820948123931884765625" lon="118.143969587981700897216796875">
        <ele>26.3999996185302734375</ele>
        <time>2026-09-10T09:27:09.000Z</time>
        <extensions>
          <ns3:TrackPointExtension>
            <ns3:atemp>31.0</ns3:atemp>
            <ns3:hr>91</ns3:hr>
          </ns3:TrackPointExtension>
        </extensions>
      </trkpt>
      <trkpt lat="24.54199447296559810638427734375" lon="118.14399146474897861480712890625">
        <ele>26.3999996185302734375</ele>
        <time>2026-09-10T09:27:10.000Z</time>
        <extensions>
          <ns3:TrackPointExtension>
            <ns3:atemp>31.0</ns3:atemp>
            <ns3:hr>90</ns3:hr>
          </ns3:TrackPointExtension>
        </extensions>
      </trkpt>
      <trkpt lat="24.5418056286871433258056640625" lon="118.14414761960506439208984375">
        <ele>26.200000762939453125</ele>
        <time>2026-09-10T09:27:17.000Z</time>
        <extensions>
          <ns3:TrackPointExtension>
            <ns3:atemp>31.0</ns3:atemp>
            <ns3:hr>89</ns3:hr>
          </ns3:TrackPointExtension>
        </extensions>
      </trkpt>
      <trkpt lat="24.54165400005877017974853515625" lon="118.14428332261741161346435546875">
        <ele>26.200000762939453125</ele>
        <time>2026-09-10T09:27:22.000Z</time>
        <extensions>
          <ns3:TrackPointExtension>
            <ns3:atemp>30.0</ns3:atemp>
            <ns3:hr>92</ns3:hr>
          </ns3:TrackPointExtension>
        </extensions>
      </trkpt>
      <trkpt lat="24.54156599007546901702880859375" lon="118.144367225468158721923828125">
        <ele>26.200000762939453125</ele>
        <time>2026-09-10T09:27:25.000Z</time>
        <extensions>
          <ns3:TrackPointExtension>
            <ns3:atemp>31.0</ns3:atemp>
            <ns3:hr>93</ns3:hr>
          </ns3:TrackPointExtension>
        </extensions>
      </trkpt>
      <trkpt lat="24.54130263067781925201416015625" lon="118.14455003477632999420166015625">
        <ele>26.3999996185302734375</ele>
        <time>2026-09-10T09:27:33.000Z</time>
        <extensions>
          <ns3:TrackPointExtension>
            <ns3:atemp>31.0</ns3:atemp>
            <ns3:hr>92</ns3:hr>
          </ns3:TrackPointExtension>
        </extensions>
      </trkpt>
      <trkpt lat="24.5412366650998592376708984375" lon="118.14459261484444141387939453125">
        <ele>26.200000762939453125</ele>
        <time>2026-09-10T09:27:35.000Z</time>
        <extensions>
          <ns3:TrackPointExtension>
            <ns3:atemp>31.0</ns3:atemp>
            <ns3:hr>95</ns3:hr>
          </ns3:TrackPointExtension>
        </extensions>
      </trkpt>
      <trkpt lat="24.5411317236721515655517578125" lon="118.14465011470019817352294921875">
        <ele>26.3999996185302734375</ele>
        <time>2026-09-10T09:27:38.000Z</time>
        <extensions>
          <ns3:TrackPointExtension>
            <ns3:atemp>30.0</ns3:atemp>
            <ns3:hr>92</ns3:hr>
          </ns3:TrackPointExtension>
        </extensions>
      </trkpt>
      <trkpt lat="24.5410344935953617095947265625" lon="118.144715242087841033935546875">
        <ele>26.3999996185302734375</ele>
        <time>2026-09-10T09:27:41.000Z</time>
        <extensions>
          <ns3:TrackPointExtension>
            <ns3:atemp>30.0</ns3:atemp>
            <ns3:hr>92</ns3:hr>
          </ns3:TrackPointExtension>
        </extensions>
      </trkpt>
      <trkpt lat="24.540763758122920989990234375" lon="118.14486938528716564178466796875">
        <ele>26.3999996185302734375</ele>
        <time>2026-09-10T09:27:49.000Z</time>
        <extensions>
          <ns3:TrackPointExtension>
            <ns3:atemp>30.0</ns3:atemp>
            <ns3:hr>92</ns3:hr>
          </ns3:TrackPointExtension>
        </extensions>
      </trkpt>
      <trkpt lat="24.5406730659306049346923828125" lon="118.1449326686561107635498046875">
        <ele>26.6000003814697265625</ele>
        <time>2026-09-10T09:27:52.000Z</time>
        <extensions>
          <ns3:TrackPointExtension>
            <ns3:atemp>30.0</ns3:atemp>
            <ns3:hr>93</ns3:hr>
          </ns3:TrackPointExtension>
        </extensions>
      </trkpt>
      <trkpt lat="24.54055295325815677642822265625" lon="118.14499947242438793182373046875">
        <ele>26.6000003814697265625</ele>
        <time>2026-09-10T09:27:56.000Z</time>
        <extensions>
          <ns3:TrackPointExtension>
            <ns3:atemp>31.0</ns3:atemp>
            <ns3:hr>96</ns3:hr>
          </ns3:TrackPointExtension>
        </extensions>
      </trkpt>
      <trkpt lat="24.54051800072193145751953125" lon="118.1450014002621173858642578125">
        <ele>26.799999237060546875</ele>
        <time>2026-09-10T09:27:57.000Z</time>
        <extensions>
          <ns3:TrackPointExtension>
            <ns3:atemp>31.0</ns3:atemp>
            <ns3:hr>97</ns3:hr>
          </ns3:TrackPointExtension>
        </extensions>
      </trkpt>
      <trkpt lat="24.5404226146638393402099609375" lon="118.144967369735240936279296875">
        <ele>27.3999996185302734375</ele>
        <time>2026-09-10T09:28:00.000Z</time>
        <extensions>
          <ns3:TrackPointExtension>
            <ns3:atemp>30.0</ns3:atemp>
            <ns3:hr>100</ns3:hr>
          </ns3:TrackPointExtension>
        </extensions>
      </trkpt>
      <trkpt lat="24.5404004864394664764404296875" lon="118.14495638944208621978759765625">
        <ele>27.3999996185302734375</ele>
        <time>2026-09-10T09:28:01.000Z</time>
        <extensions>
          <ns3:TrackPointExtension>
            <ns3:atemp>30.0</ns3:atemp>
            <ns3:hr>101</ns3:hr>
          </ns3:TrackPointExtension>
        </extensions>
      </trkpt>
      <trkpt lat="24.54038213007152080535888671875" lon="118.14494666643440723419189453125">
        <ele>27.6000003814697265625</ele>
        <time>2026-09-10T09:28:02.000Z</time>
        <extensions>
          <ns3:TrackPointExtension>
            <ns3:atemp>31.0</ns3:atemp>
            <ns3:hr>101</ns3:hr>
          </ns3:TrackPointExtension>
        </extensions>
      </trkpt>
      <trkpt lat="24.5403572358191013336181640625" lon="118.1449408829212188720703125">
        <ele>27.6000003814697265625</ele>
        <time>2026-09-10T09:28:06.000Z</time>
        <extensions>
          <ns3:TrackPointExtension>
            <ns3:atemp>30.0</ns3:atemp>
            <ns3:hr>100</ns3:hr>
          </ns3:TrackPointExtension>
        </extensions>
      </trkpt>
      <trkpt lat="24.54035664908587932586669921875" lon="118.14494247548282146453857421875">
        <ele>27.799999237060546875</ele>
        <time>2026-09-10T09:28:16.000Z</time>
        <extensions>
          <ns3:TrackPointExtension>
            <ns3:atemp>31.0</ns3:atemp>
            <ns3:hr>97</ns3:hr>
          </ns3:TrackPointExtension>
        </extensions>
      </trkpt>
      <trkpt lat="24.540356732904911041259765625" lon="118.1449423916637897491455078125">
        <ele>27.799999237060546875</ele>
        <time>2026-09-10T09:28:18.000Z</time>
        <extensions>
          <ns3:TrackPointExtension>
            <ns3:atemp>30.0</ns3:atemp>
            <ns3:hr>94</ns3:hr>
          </ns3:TrackPointExtension>
        </extensions>
      </trkpt>
      <trkpt lat="24.540356732904911041259765625" lon="118.1449423916637897491455078125">
        <ele>27.799999237060546875</ele>
        <time>2026-09-10T09:28:20.000Z</time>
        <extensions>
          <ns3:TrackPointExtension>
            <ns3:atemp>31.0</ns3:atemp>
            <ns3:hr>91</ns3:hr>
          </ns3:TrackPointExtension>
        </extensions>
      </trkpt>
      <trkpt lat="24.540356732904911041259765625" lon="118.1449423916637897491455078125">
        <ele>27.6000003814697265625</ele>
        <time>2026-09-10T09:28:24.000Z</time>
        <extensions>
          <ns3:TrackPointExtension>
            <ns3:atemp>30.0</ns3:atemp>
            <ns3:hr>88</ns3:hr>
          </ns3:TrackPointExtension>
        </extensions>
      </trkpt>
      <trkpt lat="24.540356732904911041259765625" lon="118.1449423916637897491455078125">
        <ele>27.6000003814697265625</ele>
        <time>2026-09-10T09:28:27.000Z</time>
        <extensions>
          <ns3:TrackPointExtension>
            <ns3:atemp>31.0</ns3:atemp>
            <ns3:hr>85</ns3:hr>
          </ns3:TrackPointExtension>
        </extensions>
      </trkpt>
      <trkpt lat="24.540356732904911041259765625" lon="118.14494247548282146453857421875">
        <ele>27.6000003814697265625</ele>
        <time>2026-09-10T09:28:29.000Z</time>
        <extensions>
          <ns3:TrackPointExtension>
            <ns3:atemp>31.0</ns3:atemp>
            <ns3:hr>82</ns3:hr>
          </ns3:TrackPointExtension>
        </extensions>
      </trkpt>
      <trkpt lat="24.54035664908587932586669921875" lon="118.14494264312088489532470703125">
        <ele>27.6000003814697265625</ele>
        <time>2026-09-10T09:28:31.000Z</time>
        <extensions>
          <ns3:TrackPointExtension>
            <ns3:atemp>31.0</ns3:atemp>
            <ns3:hr>79</ns3:hr>
          </ns3:TrackPointExtension>
        </extensions>
      </trkpt>
      <trkpt lat="24.54035664908587932586669921875" lon="118.1449427269399166107177734375">
        <ele>27.6000003814697265625</ele>
        <time>2026-09-10T09:28:33.000Z</time>
        <extensions>
          <ns3:TrackPointExtension>
            <ns3:atemp>31.0</ns3:atemp>
            <ns3:hr>76</ns3:hr>
          </ns3:TrackPointExtension>
        </extensions>
      </trkpt>
      <trkpt lat="24.54035664908587932586669921875" lon="118.1449435651302337646484375">
        <ele>27.3999996185302734375</ele>
        <time>2026-09-10T09:28:37.000Z</time>
        <extensions>
          <ns3:TrackPointExtension>
            <ns3:atemp>31.0</ns3:atemp>
            <ns3:hr>73</ns3:hr>
          </ns3:TrackPointExtension>
        </extensions>
      </trkpt>
      <trkpt lat="24.54035681672394275665283203125" lon="118.14494423568248748779296875">
        <ele>27.3999996185302734375</ele>
        <time>2026-09-10T09:28:51.000Z</time>
        <extensions>
          <ns3:TrackPointExtension>
            <ns3:atemp>31.0</ns3:atemp>
            <ns3:hr>70</ns3:hr>
          </ns3:TrackPointExtension>
        </extensions>
      </trkpt>
      <trkpt lat="24.54032999463379383087158203125" lon="118.144969046115875244140625">
        <ele>27.3999996185302734375</ele>
        <time>2026-09-10T09:29:26.000Z</time>
        <extensions>
          <ns3:TrackPointExtension>
            <ns3:atemp>31.0</ns3:atemp>
            <ns3:hr>69</ns3:hr>
          </ns3:TrackPointExtension>
        </extensions>
      </trkpt>
      <trkpt lat="24.54031490720808506011962890625" lon="118.1449757516384124755859375">
        <ele>27.3999996185302734375</ele>
        <time>2026-09-10T09:29:27.000Z</time>
        <extensions>
          <ns3:TrackPointExtension>
            <ns3:atemp>31.0</ns3:atemp>
            <ns3:hr>69</ns3:hr>
          </ns3:TrackPointExtension>
        </extensions>
      </trkpt>
      <trkpt lat="24.54023796133697032928466796875" lon="118.145006261765956878662109375">
        <ele>27.3999996185302734375</ele>
        <time>2026-09-10T09:29:31.000Z</time>
        <extensions>
          <ns3:TrackPointExtension>
            <ns3:atemp>31.0</ns3:atemp>
            <ns3:hr>71</ns3:hr>
          </ns3:TrackPointExtension>
        </extensions>
      </trkpt>
      <trkpt lat="24.540156237781047821044921875" lon="118.1450401246547698974609375">
        <ele>27.200000762939453125</ele>
        <time>2026-09-10T09:29:35.000Z</time>
        <extensions>
          <ns3:TrackPointExtension>
            <ns3:atemp>31.0</ns3:atemp>
            <ns3:hr>74</ns3:hr>
          </ns3:TrackPointExtension>
        </extensions>
      </trkpt>
      <trkpt lat="24.54009429551661014556884765625" lon="118.1450667791068553924560546875">
        <ele>27.200000762939453125</ele>
        <time>2026-09-10T09:29:38.000Z</time>
        <extensions>
          <ns3:TrackPointExtension>
            <ns3:atemp>31.0</ns3:atemp>
            <ns3:hr>76</ns3:hr>
          </ns3:TrackPointExtension>
        </extensions>
      </trkpt>
      <trkpt lat="24.5400591753423213958740234375" lon="118.14508236944675445556640625">
        <ele>27.6000003814697265625</ele>
        <time>2026-09-10T09:29:40.000Z</time>
        <extensions>
          <ns3:TrackPointExtension>
            <ns3:atemp>31.0</ns3:atemp>
            <ns3:hr>79</ns3:hr>
          </ns3:TrackPointExtension>
        </extensions>
      </trkpt>
      <trkpt lat="24.5400380529463291168212890625" lon="118.1450885720551013946533203125">
        <ele>27.799999237060546875</ele>
        <time>2026-09-10T09:29:43.000Z</time>
        <extensions>
          <ns3:TrackPointExtension>
            <ns3:atemp>31.0</ns3:atemp>
            <ns3:hr>82</ns3:hr>
          </ns3:TrackPointExtension>
        </extensions>
      </trkpt>
      <trkpt lat="24.54003788530826568603515625" lon="118.1450885720551013946533203125">
        <ele>28</ele>
        <time>2026-09-10T09:29:44.000Z</time>
        <extensions>
          <ns3:TrackPointExtension>
            <ns3:atemp>31.0</ns3:atemp>
            <ns3:hr>82</ns3:hr>
          </ns3:TrackPointExtension>
        </extensions>
      </trkpt>
      <trkpt lat="24.54003788530826568603515625" lon="118.14508731476962566375732421875">
        <ele>28</ele>
        <time>2026-09-10T09:29:58.000Z</time>
        <extensions>
          <ns3:TrackPointExtension>
            <ns3:atemp>31.0</ns3:atemp>
            <ns3:hr>85</ns3:hr>
          </ns3:TrackPointExtension>
        </extensions>
      </trkpt>
      <trkpt lat="24.54003788530826568603515625" lon="118.14508731476962566375732421875">
        <ele>28</ele>
        <time>2026-09-10T09:30:04.000Z</time>
        <extensions>
          <ns3:TrackPointExtension>
            <ns3:atemp>31.0</ns3:atemp>
            <ns3:hr>81</ns3:hr>
          </ns3:TrackPointExtension>
        </extensions>
      </trkpt>
      <trkpt lat="24.54003788530826568603515625" lon="118.14508731476962566375732421875">
        <ele>28</ele>
        <time>2026-09-10T09:30:05.000Z</time>
        <extensions>
          <ns3:TrackPointExtension>
            <ns3:atemp>31.0</ns3:atemp>
            <ns3:hr>78</ns3:hr>
          </ns3:TrackPointExtension>
        </extensions>
      </trkpt>
      <trkpt lat="24.54003788530826568603515625" lon="118.14508731476962566375732421875">
        <ele>28</ele>
        <time>2026-09-10T09:30:07.000Z</time>
        <extensions>
          <ns3:TrackPointExtension>
            <ns3:atemp>31.0</ns3:atemp>
            <ns3:hr>75</ns3:hr>
          </ns3:TrackPointExtension>
        </extensions>
      </trkpt>
      <trkpt lat="24.53997041098773479461669921875" lon="118.1451395340263843536376953125">
        <ele>27.799999237060546875</ele>
        <time>2026-09-10T09:30:12.000Z</time>
        <extensions>
          <ns3:TrackPointExtension>
            <ns3:atemp>31.0</ns3:atemp>
            <ns3:hr>72</ns3:hr>
          </ns3:TrackPointExtension>
        </extensions>
      </trkpt>
      <trkpt lat="24.5398427546024322509765625" lon="118.14524791203439235687255859375">
        <ele>27.6000003814697265625</ele>
        <time>2026-09-10T09:30:17.000Z</time>
        <extensions>
          <ns3:TrackPointExtension>
            <ns3:atemp>31.0</ns3:atemp>
            <ns3:hr>72</ns3:hr>
          </ns3:TrackPointExtension>
        </extensions>
      </trkpt>
      <trkpt lat="24.539741836488246917724609375" lon="118.1453955173492431640625">
        <ele>27.3999996185302734375</ele>
        <time>2026-09-10T09:30:22.000Z</time>
        <extensions>
          <ns3:TrackPointExtension>
            <ns3:atemp>31.0</ns3:atemp>
            <ns3:hr>74</ns3:hr>
          </ns3:TrackPointExtension>
        </extensions>
      </trkpt>
      <trkpt lat="24.5396697521209716796875" lon="118.14543600194156169891357421875">
        <ele>27.3999996185302734375</ele>
        <time>2026-09-10T09:30:24.000Z</time>
        <extensions>
          <ns3:TrackPointExtension>
            <ns3:atemp>31.0</ns3:atemp>
            <ns3:hr>71</ns3:hr>
          </ns3:TrackPointExtension>
        </extensions>
      </trkpt>
      <trkpt lat="24.5395592786371707916259765625" lon="118.1454650871455669403076171875">
        <ele>27.200000762939453125</ele>
        <time>2026-09-10T09:30:27.000Z</time>
        <extensions>
          <ns3:TrackPointExtension>
            <ns3:atemp>31.0</ns3:atemp>
            <ns3:hr>73</ns3:hr>
          </ns3:TrackPointExtension>
        </extensions>
      </trkpt>
      <trkpt lat="24.539444111287593841552734375" lon="118.14550490118563175201416015625">
        <ele>27.200000762939453125</ele>
        <time>2026-09-10T09:30:30.000Z</time>
        <extensions>
          <ns3:TrackPointExtension>
            <ns3:atemp>31.0</ns3:atemp>
            <ns3:hr>76</ns3:hr>
          </ns3:TrackPointExtension>
        </extensions>
      </trkpt>
      <trkpt lat="24.53937462531030178070068359375" lon="118.14553960226476192474365234375">
        <ele>27.3999996185302734375</ele>
        <time>2026-09-10T09:30:32.000Z</time>
        <extensions>
          <ns3:TrackPointExtension>
            <ns3:atemp>31.0</ns3:atemp>
            <ns3:hr>79</ns3:hr>
          </ns3:TrackPointExtension>
        </extensions>
      </trkpt>
      <trkpt lat="24.53933690674602985382080078125" lon="118.14555603079497814178466796875">
        <ele>27.3999996185302734375</ele>
        <time>2026-09-10T09:30:33.000Z</time>
        <extensions>
          <ns3:TrackPointExtension>
            <ns3:atemp>31.0</ns3:atemp>
            <ns3:hr>80</ns3:hr>
          </ns3:TrackPointExtension>
        </extensions>
      </trkpt>
      <trkpt lat="24.53913389705121517181396484375" lon="118.14562954008579254150390625">
        <ele>28</ele>
        <time>2026-09-10T09:30:38.000Z</time>
        <extensions>
          <ns3:TrackPointExtension>
            <ns3:atemp>31.0</ns3:atemp>
            <ns3:hr>83</ns3:hr>
          </ns3:TrackPointExtension>
        </extensions>
      </trkpt>
      <trkpt lat="24.53904949128627777099609375" lon="118.14565862528979778289794921875">
        <ele>28</ele>
        <time>2026-09-10T09:30:40.000Z</time>
        <extensions>
          <ns3:TrackPointExtension>
            <ns3:atemp>31.0</ns3:atemp>
            <ns3:hr>85</ns3:hr>
          </ns3:TrackPointExtension>
        </extensions>
      </trkpt>
      <trkpt lat="24.53892854042351245880126953125" lon="118.1456920690834522247314453125">
        <ele>28</ele>
        <time>2026-09-10T09:30:43.000Z</time>
        <extensions>
          <ns3:TrackPointExtension>
            <ns3:atemp>31.0</ns3:atemp>
            <ns3:hr>87</ns3:hr>
          </ns3:TrackPointExtension>
        </extensions>
      </trkpt>
      <trkpt lat="24.538804404437541961669921875" lon="118.145749233663082122802734375">
        <ele>28.200000762939453125</ele>
        <time>2026-09-10T09:30:46.000Z</time>
        <extensions>
          <ns3:TrackPointExtension>
            <ns3:atemp>31.0</ns3:atemp>
            <ns3:hr>88</ns3:hr>
          </ns3:TrackPointExtension>
        </extensions>
      </trkpt>
      <trkpt lat="24.53867306001484394073486328125" lon="118.14580882899463176727294921875">
        <ele>28.3999996185302734375</ele>
        <time>2026-09-10T09:30:49.000Z</time>
        <extensions>
          <ns3:TrackPointExtension>
            <ns3:atemp>31.0</ns3:atemp>
            <ns3:hr>90</ns3:hr>
          </ns3:TrackPointExtension>
        </extensions>
      </trkpt>
      <trkpt lat="24.5385946892201900482177734375" lon="118.145840428769588470458984375">
        <ele>28.3999996185302734375</ele>
        <time>2026-09-10T09:30:51.000Z</time>
        <extensions>
          <ns3:TrackPointExtension>
            <ns3:atemp>31.0</ns3:atemp>
            <ns3:hr>90</ns3:hr>
          </ns3:TrackPointExtension>
        </extensions>
      </trkpt>
      <trkpt lat="24.53851363621652126312255859375" lon="118.14586699940264225006103515625">
        <ele>28.6000003814697265625</ele>
        <time>2026-09-10T09:30:53.000Z</time>
        <extensions>
          <ns3:TrackPointExtension>
            <ns3:atemp>31.0</ns3:atemp>
            <ns3:hr>90</ns3:hr>
          </ns3:TrackPointExtension>
        </extensions>
      </trkpt>
      <trkpt lat="24.53847055323421955108642578125" lon="118.14588460139930248260498046875">
        <ele>28.3999996185302734375</ele>
        <time>2026-09-10T09:30:54.000Z</time>
        <extensions>
          <ns3:TrackPointExtension>
            <ns3:atemp>31.0</ns3:atemp>
            <ns3:hr>90</ns3:hr>
          </ns3:TrackPointExtension>
        </extensions>
      </trkpt>
      <trkpt lat="24.53821591101586818695068359375" lon="118.14600228331983089447021484375">
        <ele>28</ele>
        <time>2026-09-10T09:31:00.000Z</time>
        <extensions>
          <ns3:TrackPointExtension>
            <ns3:atemp>31.0</ns3:atemp>
            <ns3:hr>90</ns3:hr>
          </ns3:TrackPointExtension>
        </extensions>
      </trkpt>
      <trkpt lat="24.53806377947330474853515625" lon="118.14605542458593845367431640625">
        <ele>27.799999237060546875</ele>
        <time>2026-09-10T09:31:04.000Z</time>
        <extensions>
          <ns3:TrackPointExtension>
            <ns3:atemp>31.0</ns3:atemp>
            <ns3:hr>91</ns3:hr>
          </ns3:TrackPointExtension>
        </extensions>
      </trkpt>
      <trkpt lat="24.5380009151995182037353515625" lon="118.1460528261959552764892578125">
        <ele>27.799999237060546875</ele>
        <time>2026-09-10T09:31:06.000Z</time>
        <extensions>
          <ns3:TrackPointExtension>
            <ns3:atemp>31.0</ns3:atemp>
            <ns3:hr>91</ns3:hr>
          </ns3:TrackPointExtension>
        </extensions>
      </trkpt>
      <trkpt lat="24.5378436706960201263427734375" lon="118.14611694775521755218505859375">
        <ele>27.6000003814697265625</ele>
        <time>2026-09-10T09:31:11.000Z</time>
        <extensions>
          <ns3:TrackPointExtension>
            <ns3:atemp>31.0</ns3:atemp>
            <ns3:hr>91</ns3:hr>
          </ns3:TrackPointExtension>
        </extensions>
      </trkpt>
      <trkpt lat="24.53767527826130390167236328125" lon="118.14624845981597900390625">
        <ele>28.799999237060546875</ele>
        <time>2026-09-10T09:31:17.000Z</time>
        <extensions>
          <ns3:TrackPointExtension>
            <ns3:atemp>31.0</ns3:atemp>
            <ns3:hr>92</ns3:hr>
          </ns3:TrackPointExtension>
        </extensions>
      </trkpt>
      <trkpt lat="24.53760788775980472564697265625" lon="118.14628257416188716888427734375">
        <ele>29.3999996185302734375</ele>
        <time>2026-09-10T09:31:19.000Z</time>
        <extensions>
          <ns3:TrackPointExtension>
            <ns3:atemp>31.0</ns3:atemp>
            <ns3:hr>95</ns3:hr>
          </ns3:TrackPointExtension>
        </extensions>
      </trkpt>
      <trkpt lat="24.53757151030004024505615234375" lon="118.14629615284502506256103515625">
        <ele>29.3999996185302734375</ele>
        <time>2026-09-10T09:31:20.000Z</time>
        <extensions>
          <ns3:TrackPointExtension>
            <ns3:atemp>31.0</ns3:atemp>
            <ns3:hr>92</ns3:hr>
          </ns3:TrackPointExtension>
        </extensions>
      </trkpt>
      <trkpt lat="24.5375011861324310302734375" lon="118.1463089771568775177001953125">
        <ele>29.200000762939453125</ele>
        <time>2026-09-10T09:31:22.000Z</time>
        <extensions>
          <ns3:TrackPointExtension>
            <ns3:atemp>31.0</ns3:atemp>
            <ns3:hr>93</ns3:hr>
          </ns3:TrackPointExtension>
        </extensions>
      </trkpt>
      <trkpt lat="24.53722366131842136383056640625" lon="118.1464129127562046051025390625">
        <ele>29</ele>
        <time>2026-09-10T09:31:30.000Z</time>
        <extensions>
          <ns3:TrackPointExtension>
            <ns3:atemp>31.0</ns3:atemp>
            <ns3:hr>95</ns3:hr>
          </ns3:TrackPointExtension>
        </extensions>
      </trkpt>
      <trkpt lat="24.5370934903621673583984375" lon="118.1464665569365024566650390625">
        <ele>28.799999237060546875</ele>
        <time>2026-09-10T09:31:35.000Z</time>
        <extensions>
          <ns3:TrackPointExtension>
            <ns3:atemp>31.0</ns3:atemp>
            <ns3:hr>94</ns3:hr>
          </ns3:TrackPointExtension>
        </extensions>
      </trkpt>
      <trkpt lat="24.53693649731576442718505859375" lon="118.14654392190277576446533203125">
        <ele>28.6000003814697265625</ele>
        <time>2026-09-10T09:31:40.000Z</time>
        <extensions>
          <ns3:TrackPointExtension>
            <ns3:atemp>31.0</ns3:atemp>
            <ns3:hr>97</ns3:hr>
          </ns3:TrackPointExtension>
        </extensions>
      </trkpt>
      <trkpt lat="24.53684069216251373291015625" lon="118.14656588248908519744873046875">
        <ele>28.3999996185302734375</ele>
        <time>2026-09-10T09:31:43.000Z</time>
        <extensions>
          <ns3:TrackPointExtension>
            <ns3:atemp>31.0</ns3:atemp>
            <ns3:hr>97</ns3:hr>
          </ns3:TrackPointExtension>
        </extensions>
      </trkpt>
      <trkpt lat="24.53659719787538051605224609375" lon="118.14662673510611057281494140625">
        <ele>28.3999996185302734375</ele>
        <time>2026-09-10T09:31:50.000Z</time>
        <extensions>
          <ns3:TrackPointExtension>
            <ns3:atemp>31.0</ns3:atemp>
            <ns3:hr>98</ns3:hr>
          </ns3:TrackPointExtension>
        </extensions>
      </trkpt>
      <trkpt lat="24.53629192896187305450439453125" lon="118.14674709923565387725830078125">
        <ele>29.200000762939453125</ele>
        <time>2026-09-10T09:31:58.000Z</time>
        <extensions>
          <ns3:TrackPointExtension>
            <ns3:atemp>31.0</ns3:atemp>
            <ns3:hr>99</ns3:hr>
          </ns3:TrackPointExtension>
        </extensions>
      </trkpt>
      <trkpt lat="24.5360610075294971466064453125" lon="118.1468407250940799713134765625">
        <ele>29.200000762939453125</ele>
        <time>2026-09-10T09:32:04.000Z</time>
        <extensions>
          <ns3:TrackPointExtension>
            <ns3:atemp>31.0</ns3:atemp>
            <ns3:hr>98</ns3:hr>
          </ns3:TrackPointExtension>
        </extensions>
      </trkpt>
      <trkpt lat="24.5359396375715732574462890625" lon="118.1469074450433254241943359375">
        <ele>29.200000762939453125</ele>
        <time>2026-09-10T09:32:09.000Z</time>
        <extensions>
          <ns3:TrackPointExtension>
            <ns3:atemp>31.0</ns3:atemp>
            <ns3:hr>96</ns3:hr>
          </ns3:TrackPointExtension>
        </extensions>
      </trkpt>
      <trkpt lat="24.535934440791606903076171875" lon="118.146920017898082733154296875">
        <ele>29.3999996185302734375</ele>
        <time>2026-09-10T09:32:10.000Z</time>
        <extensions>
          <ns3:TrackPointExtension>
            <ns3:atemp>31.0</ns3:atemp>
            <ns3:hr>96</ns3:hr>
          </ns3:TrackPointExtension>
        </extensions>
      </trkpt>
      <trkpt lat="24.53593678772449493408203125" lon="118.146922700107097625732421875">
        <ele>29.3999996185302734375</ele>
        <time>2026-09-10T09:32:11.000Z</time>
        <extensions>
          <ns3:TrackPointExtension>
            <ns3:atemp>31.0</ns3:atemp>
            <ns3:hr>96</ns3:hr>
          </ns3:TrackPointExtension>
        </extensions>
      </trkpt>
      <trkpt lat="24.53593888320028781890869140625" lon="118.1469161622226238250732421875">
        <ele>30</ele>
        <time>2026-09-10T09:32:15.000Z</time>
        <extensions>
          <ns3:TrackPointExtension>
            <ns3:atemp>31.0</ns3:atemp>
            <ns3:hr>97</ns3:hr>
          </ns3:TrackPointExtension>
        </extensions>
      </trkpt>
      <trkpt lat="24.53594072721898555755615234375" lon="118.146912641823291778564453125">
        <ele>30</ele>
        <time>2026-09-10T09:32:24.000Z</time>
        <extensions>
          <ns3:TrackPointExtension>
            <ns3:atemp>31.0</ns3:atemp>
            <ns3:hr>94</ns3:hr>
          </ns3:TrackPointExtension>
        </extensions>
      </trkpt>
      <trkpt lat="24.53594072721898555755615234375" lon="118.146912641823291778564453125">
        <ele>29.799999237060546875</ele>
        <time>2026-09-10T09:32:26.000Z</time>
        <extensions>
          <ns3:TrackPointExtension>
            <ns3:atemp>31.0</ns3:atemp>
            <ns3:hr>90</ns3:hr>
          </ns3:TrackPointExtension>
        </extensions>
      </trkpt>
      <trkpt lat="24.53594072721898555755615234375" lon="118.146912641823291778564453125">
        <ele>29.6000003814697265625</ele>
        <time>2026-09-10T09:32:28.000Z</time>
        <extensions>
          <ns3:TrackPointExtension>
            <ns3:atemp>31.0</ns3:atemp>
            <ns3:hr>87</ns3:hr>
          </ns3:TrackPointExtension>
        </extensions>
      </trkpt>
      <trkpt lat="24.53594072721898555755615234375" lon="118.146912641823291778564453125">
        <ele>29.6000003814697265625</ele>
        <time>2026-09-10T09:32:29.000Z</time>
        <extensions>
          <ns3:TrackPointExtension>
            <ns3:atemp>31.0</ns3:atemp>
            <ns3:hr>85</ns3:hr>
          </ns3:TrackPointExtension>
        </extensions>
      </trkpt>
      <trkpt lat="24.53594072721898555755615234375" lon="118.146912641823291778564453125">
        <ele>29.3999996185302734375</ele>
        <time>2026-09-10T09:32:31.000Z</time>
        <extensions>
          <ns3:TrackPointExtension>
            <ns3:atemp>31.0</ns3:atemp>
            <ns3:hr>82</ns3:hr>
          </ns3:TrackPointExtension>
        </extensions>
      </trkpt>
      <trkpt lat="24.535939805209636688232421875" lon="118.1469134800136089324951171875">
        <ele>29.3999996185302734375</ele>
        <time>2026-09-10T09:32:34.000Z</time>
        <extensions>
          <ns3:TrackPointExtension>
            <ns3:atemp>31.0</ns3:atemp>
            <ns3:hr>79</ns3:hr>
          </ns3:TrackPointExtension>
        </extensions>
      </trkpt>
      <trkpt lat="24.5359393022954463958740234375" lon="118.1469148211181163787841796875">
        <ele>29.3999996185302734375</ele>
        <time>2026-09-10T09:32:41.000Z</time>
        <extensions>
          <ns3:TrackPointExtension>
            <ns3:atemp>31.0</ns3:atemp>
            <ns3:hr>76</ns3:hr>
          </ns3:TrackPointExtension>
        </extensions>
      </trkpt>
      <trkpt lat="24.5359342731535434722900390625" lon="118.1469181738793849945068359375">
        <ele>29.200000762939453125</ele>
        <time>2026-09-10T09:32:57.000Z</time>
        <extensions>
          <ns3:TrackPointExtension>
            <ns3:atemp>31.0</ns3:atemp>
            <ns3:hr>73</ns3:hr>
          </ns3:TrackPointExtension>
        </extensions>
      </trkpt>
      <trkpt lat="24.53593418933451175689697265625" lon="118.14691834151744842529296875">
        <ele>29.3999996185302734375</ele>
        <time>2026-09-10T09:33:08.000Z</time>
        <extensions>
          <ns3:TrackPointExtension>
            <ns3:atemp>31.0</ns3:atemp>
            <ns3:hr>70</ns3:hr>
          </ns3:TrackPointExtension>
        </extensions>
      </trkpt>
      <trkpt lat="24.53595212660729885101318359375" lon="118.14699319191277027130126953125">
        <ele>29</ele>
        <time>2026-09-10T09:33:34.000Z</time>
        <extensions>
          <ns3:TrackPointExtension>
            <ns3:atemp>31.0</ns3:atemp>
            <ns3:hr>71</ns3:hr>
          </ns3:TrackPointExtension>
        </extensions>
      </trkpt>
      <trkpt lat="24.5359564013779163360595703125" lon="118.14708354882895946502685546875">
        <ele>29</ele>
        <time>2026-09-10T09:33:38.000Z</time>
        <extensions>
          <ns3:TrackPointExtension>
            <ns3:atemp>31.0</ns3:atemp>
            <ns3:hr>70</ns3:hr>
          </ns3:TrackPointExtension>
        </extensions>
      </trkpt>
      <trkpt lat="24.5359590835869312286376953125" lon="118.14713417552411556243896484375">
        <ele>29.3999996185302734375</ele>
        <time>2026-09-10T09:33:41.000Z</time>
        <extensions>
          <ns3:TrackPointExtension>
            <ns3:atemp>31.0</ns3:atemp>
            <ns3:hr>71</ns3:hr>
          </ns3:TrackPointExtension>
        </extensions>
      </trkpt>
      <trkpt lat="24.53596050851047039031982421875" lon="118.147127889096736907958984375">
        <ele>29.3999996185302734375</ele>
        <time>2026-09-10T09:33:45.000Z</time>
        <extensions>
          <ns3:TrackPointExtension>
            <ns3:atemp>31.0</ns3:atemp>
            <ns3:hr>72</ns3:hr>
          </ns3:TrackPointExtension>
        </extensions>
      </trkpt>
      <trkpt lat="24.535960592329502105712890625" lon="118.14712763763964176177978515625">
        <ele>29.3999996185302734375</ele>
        <time>2026-09-10T09:33:51.000Z</time>
        <extensions>
          <ns3:TrackPointExtension>
            <ns3:atemp>31.0</ns3:atemp>
            <ns3:hr>77</ns3:hr>
          </ns3:TrackPointExtension>
        </extensions>
      </trkpt>
      <trkpt lat="24.53596067614853382110595703125" lon="118.14712730236351490020751953125">
        <ele>29.3999996185302734375</ele>
        <time>2026-09-10T09:34:00.000Z</time>
        <extensions>
          <ns3:TrackPointExtension>
            <ns3:atemp>31.0</ns3:atemp>
            <ns3:hr>75</ns3:hr>
          </ns3:TrackPointExtension>
        </extensions>
      </trkpt>
      <trkpt lat="24.5359600894153118133544921875" lon="118.147127218544483184814453125">
        <ele>29.3999996185302734375</ele>
        <time>2026-09-10T09:34:13.000Z</time>
        <extensions>
          <ns3:TrackPointExtension>
            <ns3:atemp>31.0</ns3:atemp>
            <ns3:hr>72</ns3:hr>
          </ns3:TrackPointExtension>
        </extensions>
      </trkpt>
      <trkpt lat="24.53595430590212345123291015625" lon="118.1472393684089183807373046875">
        <ele>29.3999996185302734375</ele>
        <time>2026-09-10T09:34:22.000Z</time>
        <extensions>
          <ns3:TrackPointExtension>
            <ns3:atemp>31.0</ns3:atemp>
            <ns3:hr>73</ns3:hr>
          </ns3:TrackPointExtension>
        </extensions>
      </trkpt>
      <trkpt lat="24.53586143441498279571533203125" lon="118.14737708307802677154541015625">
        <ele>29.200000762939453125</ele>
        <time>2026-09-10T09:34:26.000Z</time>
        <extensions>
          <ns3:TrackPointExtension>
            <ns3:atemp>31.0</ns3:atemp>
            <ns3:hr>74</ns3:hr>
          </ns3:TrackPointExtension>
        </extensions>
      </trkpt>
      <trkpt lat="24.5356445945799350738525390625" lon="118.14755042083561420440673828125">
        <ele>28.6000003814697265625</ele>
        <time>2026-09-10T09:34:33.000Z</time>
        <extensions>
          <ns3:TrackPointExtension>
            <ns3:atemp>31.0</ns3:atemp>
            <ns3:hr>75</ns3:hr>
          </ns3:TrackPointExtension>
        </extensions>
      </trkpt>
      <trkpt lat="24.5356244780123233795166015625" lon="118.14760775305330753326416015625">
        <ele>28.799999237060546875</ele>
        <time>2026-09-10T09:34:35.000Z</time>
        <extensions>
          <ns3:TrackPointExtension>
            <ns3:atemp>31.0</ns3:atemp>
            <ns3:hr>76</ns3:hr>
          </ns3:TrackPointExtension>
        </extensions>
      </trkpt>
      <trkpt lat="24.53563428483903408050537109375" lon="118.14764848910272121429443359375">
        <ele>29</ele>
        <time>2026-09-10T09:34:36.000Z</time>
        <extensions>
          <ns3:TrackPointExtension>
            <ns3:atemp>31.0</ns3:atemp>
            <ns3:hr>76</ns3:hr>
          </ns3:TrackPointExtension>
        </extensions>
      </trkpt>
      <trkpt lat="24.53562154434621334075927734375" lon="118.14774236641824245452880859375">
        <ele>29.3999996185302734375</ele>
        <time>2026-09-10T09:34:39.000Z</time>
        <extensions>
          <ns3:TrackPointExtension>
            <ns3:atemp>31.0</ns3:atemp>
            <ns3:hr>79</ns3:hr>
          </ns3:TrackPointExtension>
        </extensions>
      </trkpt>
      <trkpt lat="24.53558743000030517578125" lon="118.14779081381857395172119140625">
        <ele>30</ele>
        <time>2026-09-10T09:34:41.000Z</time>
        <extensions>
          <ns3:TrackPointExtension>
            <ns3:atemp>31.0</ns3:atemp>
            <ns3:hr>83</ns3:hr>
          </ns3:TrackPointExtension>
        </extensions>
      </trkpt>
      <trkpt lat="24.535560272634029388427734375" lon="118.14782048575580120086669921875">
        <ele>30.200000762939453125</ele>
        <time>2026-09-10T09:34:43.000Z</time>
        <extensions>
          <ns3:TrackPointExtension>
            <ns3:atemp>31.0</ns3:atemp>
            <ns3:hr>86</ns3:hr>
          </ns3:TrackPointExtension>
        </extensions>
      </trkpt>
      <trkpt lat="24.53552506864070892333984375" lon="118.14783272333443164825439453125">
        <ele>30.3999996185302734375</ele>
        <time>2026-09-10T09:34:45.000Z</time>
        <extensions>
          <ns3:TrackPointExtension>
            <ns3:atemp>31.0</ns3:atemp>
            <ns3:hr>87</ns3:hr>
          </ns3:TrackPointExtension>
        </extensions>
      </trkpt>
      <trkpt lat="24.53550386242568492889404296875" lon="118.14783892594277858734130859375">
        <ele>30.6000003814697265625</ele>
        <time>2026-09-10T09:34:46.000Z</time>
        <extensions>
          <ns3:TrackPointExtension>
            <ns3:atemp>31.0</ns3:atemp>
            <ns3:hr>87</ns3:hr>
          </ns3:TrackPointExtension>
        </extensions>
      </trkpt>
      <trkpt lat="24.5353891141712665557861328125" lon="118.147786371409893035888671875">
        <ele>31.3999996185302734375</ele>
        <time>2026-09-10T09:34:52.000Z</time>
        <extensions>
          <ns3:TrackPointExtension>
            <ns3:atemp>31.0</ns3:atemp>
            <ns3:hr>88</ns3:hr>
          </ns3:TrackPointExtension>
        </extensions>
      </trkpt>
      <trkpt lat="24.5353669859468936920166015625" lon="118.14777555875480175018310546875">
        <ele>31.6000003814697265625</ele>
        <time>2026-09-10T09:34:53.000Z</time>
        <extensions>
          <ns3:TrackPointExtension>
            <ns3:atemp>31.0</ns3:atemp>
            <ns3:hr>88</ns3:hr>
          </ns3:TrackPointExtension>
        </extensions>
      </trkpt>
      <trkpt lat="24.53524033538997173309326171875" lon="118.1477915681898593902587890625">
        <ele>32.200000762939453125</ele>
        <time>2026-09-10T09:34:59.000Z</time>
        <extensions>
          <ns3:TrackPointExtension>
            <ns3:atemp>31.0</ns3:atemp>
            <ns3:hr>90</ns3:hr>
          </ns3:TrackPointExtension>
        </extensions>
      </trkpt>
      <trkpt lat="24.5351782254874706268310546875" lon="118.1478318013250827789306640625">
        <ele>32.40000152587890625</ele>
        <time>2026-09-10T09:35:02.000Z</time>
        <extensions>
          <ns3:TrackPointExtension>
            <ns3:atemp>31.0</ns3:atemp>
            <ns3:hr>93</ns3:hr>
          </ns3:TrackPointExtension>
        </extensions>
      </trkpt>
      <trkpt lat="24.53516070730984210968017578125" lon="118.147854097187519073486328125">
        <ele>32.59999847412109375</ele>
        <time>2026-09-10T09:35:03.000Z</time>
        <extensions>
          <ns3:TrackPointExtension>
            <ns3:atemp>31.0</ns3:atemp>
            <ns3:hr>95</ns3:hr>
          </ns3:TrackPointExtension>
        </extensions>
      </trkpt>
      <trkpt lat="24.53512064181268215179443359375" lon="118.14788519404828548431396484375">
        <ele>32.799999237060546875</ele>
        <time>2026-09-10T09:35:05.000Z</time>
        <extensions>
          <ns3:TrackPointExtension>
            <ns3:atemp>31.0</ns3:atemp>
            <ns3:hr>102</ns3:hr>
          </ns3:TrackPointExtension>
        </extensions>
      </trkpt>
      <trkpt lat="24.535106979310512542724609375" lon="118.147903382778167724609375">
        <ele>32.799999237060546875</ele>
        <time>2026-09-10T09:35:06.000Z</time>
        <extensions>
          <ns3:TrackPointExtension>
            <ns3:atemp>31.0</ns3:atemp>
            <ns3:hr>106</ns3:hr>
          </ns3:TrackPointExtension>
        </extensions>
      </trkpt>
      <trkpt lat="24.53502709977328777313232421875" lon="118.147998936474323272705078125">
        <ele>33.40000152587890625</ele>
        <time>2026-09-10T09:35:11.000Z</time>
        <extensions>
          <ns3:TrackPointExtension>
            <ns3:atemp>31.0</ns3:atemp>
            <ns3:hr>109</ns3:hr>
          </ns3:TrackPointExtension>
        </extensions>
      </trkpt>
      <trkpt lat="24.53499457798898220062255859375" lon="118.14804813824594020843505859375">
        <ele>33.799999237060546875</ele>
        <time>2026-09-10T09:35:13.000Z</time>
        <extensions>
          <ns3:TrackPointExtension>
            <ns3:atemp>31.0</ns3:atemp>
            <ns3:hr>109</ns3:hr>
          </ns3:TrackPointExtension>
        </extensions>
      </trkpt>
      <trkpt lat="24.5348912291228771209716796875" lon="118.14812541939318180084228515625">
        <ele>34.40000152587890625</ele>
        <time>2026-09-10T09:35:18.000Z</time>
        <extensions>
          <ns3:TrackPointExtension>
            <ns3:atemp>31.0</ns3:atemp>
            <ns3:hr>110</ns3:hr>
          </ns3:TrackPointExtension>
        </extensions>
      </trkpt>
      <trkpt lat="24.534805230796337127685546875" lon="118.14813229255378246307373046875">
        <ele>34.799999237060546875</ele>
        <time>2026-09-10T09:35:22.000Z</time>
        <extensions>
          <ns3:TrackPointExtension>
            <ns3:atemp>31.0</ns3:atemp>
            <ns3:hr>110</ns3:hr>
          </ns3:TrackPointExtension>
        </extensions>
      </trkpt>
      <trkpt lat="24.53476340509951114654541015625" lon="118.14811653457581996917724609375">
        <ele>35.40000152587890625</ele>
        <time>2026-09-10T09:35:24.000Z</time>
        <extensions>
          <ns3:TrackPointExtension>
            <ns3:atemp>31.0</ns3:atemp>
            <ns3:hr>110</ns3:hr>
          </ns3:TrackPointExtension>
        </extensions>
      </trkpt>
      <trkpt lat="24.5347152091562747955322265625" lon="118.14807973802089691162109375">
        <ele>35.799999237060546875</ele>
        <time>2026-09-10T09:35:27.000Z</time>
        <extensions>
          <ns3:TrackPointExtension>
            <ns3:atemp>31.0</ns3:atemp>
            <ns3:hr>112</ns3:hr>
          </ns3:TrackPointExtension>
        </extensions>
      </trkpt>
      <trkpt lat="24.5346714556217193603515625" lon="118.14802064560353755950927734375">
        <ele>36.200000762939453125</ele>
        <time>2026-09-10T09:35:30.000Z</time>
        <extensions>
          <ns3:TrackPointExtension>
            <ns3:atemp>31.0</ns3:atemp>
            <ns3:hr>113</ns3:hr>
          </ns3:TrackPointExtension>
        </extensions>
      </trkpt>
      <trkpt lat="24.53460180200636386871337890625" lon="118.14801670610904693603515625">
        <ele>36.200000762939453125</ele>
        <time>2026-09-10T09:35:33.000Z</time>
        <extensions>
          <ns3:TrackPointExtension>
            <ns3:atemp>31.0</ns3:atemp>
            <ns3:hr>114</ns3:hr>
          </ns3:TrackPointExtension>
        </extensions>
      </trkpt>
      <trkpt lat="24.5345770753920078277587890625" lon="118.1480306200683116912841796875">
        <ele>36.200000762939453125</ele>
        <time>2026-09-10T09:35:34.000Z</time>
        <extensions>
          <ns3:TrackPointExtension>
            <ns3:atemp>31.0</ns3:atemp>
            <ns3:hr>113</ns3:hr>
          </ns3:TrackPointExtension>
        </extensions>
      </trkpt>
      <trkpt lat="24.5343564637005329132080078125" lon="118.14813111908733844757080078125">
        <ele>36.200000762939453125</ele>
        <time>2026-09-10T09:35:41.000Z</time>
        <extensions>
          <ns3:TrackPointExtension>
            <ns3:atemp>31.0</ns3:atemp>
            <ns3:hr>114</ns3:hr>
          </ns3:TrackPointExtension>
        </extensions>
      </trkpt>
      <trkpt lat="24.5340359397232532501220703125" lon="118.14822097308933734893798828125">
        <ele>36</ele>
        <time>2026-09-10T09:35:51.000Z</time>
        <extensions>
          <ns3:TrackPointExtension>
            <ns3:atemp>31.0</ns3:atemp>
            <ns3:hr>114</ns3:hr>
          </ns3:TrackPointExtension>
        </extensions>
      </trkpt>
      <trkpt lat="24.53392454423010349273681640625" lon="118.14820052124559879302978515625">
        <ele>35.799999237060546875</ele>
        <time>2026-09-10T09:35:54.000Z</time>
        <extensions>
          <ns3:TrackPointExtension>
            <ns3:atemp>31.0</ns3:atemp>
            <ns3:hr>111</ns3:hr>
          </ns3:TrackPointExtension>
        </extensions>
      </trkpt>
      <trkpt lat="24.53385748900473117828369140625" lon="118.14816162921488285064697265625">
        <ele>35.59999847412109375</ele>
        <time>2026-09-10T09:35:56.000Z</time>
        <extensions>
          <ns3:TrackPointExtension>
            <ns3:atemp>31.0</ns3:atemp>
            <ns3:hr>110</ns3:hr>
          </ns3:TrackPointExtension>
        </extensions>
      </trkpt>
      <trkpt lat="24.53379160724580287933349609375" lon="118.14810932613909244537353515625">
        <ele>35.40000152587890625</ele>
        <time>2026-09-10T09:35:58.000Z</time>
        <extensions>
          <ns3:TrackPointExtension>
            <ns3:atemp>31.0</ns3:atemp>
            <ns3:hr>107</ns3:hr>
          </ns3:TrackPointExtension>
        </extensions>
      </trkpt>
      <trkpt lat="24.5336119830608367919921875" lon="118.14802852459251880645751953125">
        <ele>35.59999847412109375</ele>
        <time>2026-09-10T09:36:03.000Z</time>
        <extensions>
          <ns3:TrackPointExtension>
            <ns3:atemp>31.0</ns3:atemp>
            <ns3:hr>107</ns3:hr>
          </ns3:TrackPointExtension>
        </extensions>
      </trkpt>
      <trkpt lat="24.533480890095233917236328125" lon="118.14803011715412139892578125">
        <ele>36</ele>
        <time>2026-09-10T09:36:07.000Z</time>
        <extensions>
          <ns3:TrackPointExtension>
            <ns3:atemp>31.0</ns3:atemp>
            <ns3:hr>107</ns3:hr>
          </ns3:TrackPointExtension>
        </extensions>
      </trkpt>
      <trkpt lat="24.533293806016445159912109375" lon="118.148050568997859954833984375">
        <ele>35.799999237060546875</ele>
        <time>2026-09-10T09:36:12.000Z</time>
        <extensions>
          <ns3:TrackPointExtension>
            <ns3:atemp>31.0</ns3:atemp>
            <ns3:hr>107</ns3:hr>
          </ns3:TrackPointExtension>
        </extensions>
      </trkpt>
      <trkpt lat="24.53314100392162799835205078125" lon="118.14809407107532024383544921875">
        <ele>35.799999237060546875</ele>
        <time>2026-09-10T09:36:16.000Z</time>
        <extensions>
          <ns3:TrackPointExtension>
            <ns3:atemp>31.0</ns3:atemp>
            <ns3:hr>107</ns3:hr>
          </ns3:TrackPointExtension>
        </extensions>
      </trkpt>
      <trkpt lat="24.532906897366046905517578125" lon="118.14825416542589664459228515625">
        <ele>35.40000152587890625</ele>
        <time>2026-09-10T09:36:22.000Z</time>
        <extensions>
          <ns3:TrackPointExtension>
            <ns3:atemp>31.0</ns3:atemp>
            <ns3:hr>107</ns3:hr>
          </ns3:TrackPointExtension>
        </extensions>
      </trkpt>
      <trkpt lat="24.5327635668218135833740234375" lon="118.14825634472072124481201171875">
        <ele>35.200000762939453125</ele>
        <time>2026-09-10T09:36:26.000Z</time>
        <extensions>
          <ns3:TrackPointExtension>
            <ns3:atemp>31.0</ns3:atemp>
            <ns3:hr>108</ns3:hr>
          </ns3:TrackPointExtension>
        </extensions>
      </trkpt>
      <trkpt lat="24.53257053159177303314208984375" lon="118.14830278046429157257080078125">
        <ele>35.200000762939453125</ele>
        <time>2026-09-10T09:36:31.000Z</time>
        <extensions>
          <ns3:TrackPointExtension>
            <ns3:atemp>31.0</ns3:atemp>
            <ns3:hr>109</ns3:hr>
          </ns3:TrackPointExtension>
        </extensions>
      </trkpt>
      <trkpt lat="24.532420076429843902587890625" lon="118.148340247571468353271484375">
        <ele>35.200000762939453125</ele>
        <time>2026-09-10T09:36:34.000Z</time>
        <extensions>
          <ns3:TrackPointExtension>
            <ns3:atemp>31.0</ns3:atemp>
            <ns3:hr>105</ns3:hr>
          </ns3:TrackPointExtension>
        </extensions>
      </trkpt>
      <trkpt lat="24.53237305395305156707763671875" lon="118.14834930002689361572265625">
        <ele>35.200000762939453125</ele>
        <time>2026-09-10T09:36:35.000Z</time>
        <extensions>
          <ns3:TrackPointExtension>
            <ns3:atemp>31.0</ns3:atemp>
            <ns3:hr>104</ns3:hr>
          </ns3:TrackPointExtension>
        </extensions>
      </trkpt>
      <trkpt lat="24.5321691222488880157470703125" lon="118.14841979183256626129150390625">
        <ele>35.40000152587890625</ele>
        <time>2026-09-10T09:36:40.000Z</time>
        <extensions>
          <ns3:TrackPointExtension>
            <ns3:atemp>31.0</ns3:atemp>
            <ns3:hr>103</ns3:hr>
          </ns3:TrackPointExtension>
        </extensions>
      </trkpt>
      <trkpt lat="24.5321406237781047821044921875" lon="118.14845860004425048828125">
        <ele>35.40000152587890625</ele>
        <time>2026-09-10T09:36:41.000Z</time>
        <extensions>
          <ns3:TrackPointExtension>
            <ns3:atemp>31.0</ns3:atemp>
            <ns3:hr>103</ns3:hr>
          </ns3:TrackPointExtension>
        </extensions>
      </trkpt>
      <trkpt lat="24.5320214331150054931640625" lon="118.1485268287360668182373046875">
        <ele>35.59999847412109375</ele>
        <time>2026-09-10T09:36:44.000Z</time>
        <extensions>
          <ns3:TrackPointExtension>
            <ns3:atemp>31.0</ns3:atemp>
            <ns3:hr>101</ns3:hr>
          </ns3:TrackPointExtension>
        </extensions>
      </trkpt>
      <trkpt lat="24.53198161907494068145751953125" lon="118.148528002202510833740234375">
        <ele>35.59999847412109375</ele>
        <time>2026-09-10T09:36:45.000Z</time>
        <extensions>
          <ns3:TrackPointExtension>
            <ns3:atemp>31.0</ns3:atemp>
            <ns3:hr>103</ns3:hr>
          </ns3:TrackPointExtension>
        </extensions>
      </trkpt>
      <trkpt lat="24.5319146476686000823974609375" lon="118.1485583446919918060302734375">
        <ele>35.59999847412109375</ele>
        <time>2026-09-10T09:36:47.000Z</time>
        <extensions>
          <ns3:TrackPointExtension>
            <ns3:atemp>31.0</ns3:atemp>
            <ns3:hr>103</ns3:hr>
          </ns3:TrackPointExtension>
        </extensions>
      </trkpt>
      <trkpt lat="24.53188522718846797943115234375" lon="118.14853546209633350372314453125">
        <ele>35.59999847412109375</ele>
        <time>2026-09-10T09:36:48.000Z</time>
        <extensions>
          <ns3:TrackPointExtension>
            <ns3:atemp>31.0</ns3:atemp>
            <ns3:hr>103</ns3:hr>
          </ns3:TrackPointExtension>
        </extensions>
      </trkpt>
      <trkpt lat="24.53180694021284580230712890625" lon="118.1485774554312229156494140625">
        <ele>35.799999237060546875</ele>
        <time>2026-09-10T09:36:50.000Z</time>
        <extensions>
          <ns3:TrackPointExtension>
            <ns3:atemp>31.0</ns3:atemp>
            <ns3:hr>104</ns3:hr>
          </ns3:TrackPointExtension>
        </extensions>
      </trkpt>
      <trkpt lat="24.53161801211535930633544921875" lon="118.14864241518080234527587890625">
        <ele>35.59999847412109375</ele>
        <time>2026-09-10T09:36:55.000Z</time>
        <extensions>
          <ns3:TrackPointExtension>
            <ns3:atemp>31.0</ns3:atemp>
            <ns3:hr>106</ns3:hr>
          </ns3:TrackPointExtension>
        </extensions>
      </trkpt>
      <trkpt lat="24.531592614948749542236328125" lon="118.14866052009165287017822265625">
        <ele>35.40000152587890625</ele>
        <time>2026-09-10T09:36:56.000Z</time>
        <extensions>
          <ns3:TrackPointExtension>
            <ns3:atemp>31.0</ns3:atemp>
            <ns3:hr>107</ns3:hr>
          </ns3:TrackPointExtension>
        </extensions>
      </trkpt>
      <trkpt lat="24.531454145908355712890625" lon="118.1486813910305500030517578125">
        <ele>35.799999237060546875</ele>
        <time>2026-09-10T09:37:01.000Z</time>
        <extensions>
          <ns3:TrackPointExtension>
            <ns3:atemp>31.0</ns3:atemp>
            <ns3:hr>107</ns3:hr>
          </ns3:TrackPointExtension>
        </extensions>
      </trkpt>
      <trkpt lat="24.531376026570796966552734375" lon="118.148725815117359161376953125">
        <ele>36</ele>
        <time>2026-09-10T09:37:04.000Z</time>
        <extensions>
          <ns3:TrackPointExtension>
            <ns3:atemp>31.0</ns3:atemp>
            <ns3:hr>106</ns3:hr>
          </ns3:TrackPointExtension>
        </extensions>
      </trkpt>
      <trkpt lat="24.53134006820619106292724609375" lon="118.14872455783188343048095703125">
        <ele>36</ele>
        <time>2026-09-10T09:37:05.000Z</time>
        <extensions>
          <ns3:TrackPointExtension>
            <ns3:atemp>31.0</ns3:atemp>
            <ns3:hr>106</ns3:hr>
          </ns3:TrackPointExtension>
        </extensions>
      </trkpt>
      <trkpt lat="24.53122875653207302093505859375" lon="118.14871500246226787567138671875">
        <ele>36</ele>
        <time>2026-09-10T09:37:08.000Z</time>
        <extensions>
          <ns3:TrackPointExtension>
            <ns3:atemp>31.0</ns3:atemp>
            <ns3:hr>106</ns3:hr>
          </ns3:TrackPointExtension>
        </extensions>
      </trkpt>
      <trkpt lat="24.5310881920158863067626953125" lon="118.14881927333772182464599609375">
        <ele>36</ele>
        <time>2026-09-10T09:37:12.000Z</time>
        <extensions>
          <ns3:TrackPointExtension>
            <ns3:atemp>31.0</ns3:atemp>
            <ns3:hr>106</ns3:hr>
          </ns3:TrackPointExtension>
        </extensions>
      </trkpt>
      <trkpt lat="24.53103530220687389373779296875" lon="118.14886570908129215240478515625">
        <ele>36</ele>
        <time>2026-09-10T09:37:14.000Z</time>
        <extensions>
          <ns3:TrackPointExtension>
            <ns3:atemp>31.0</ns3:atemp>
            <ns3:hr>105</ns3:hr>
          </ns3:TrackPointExtension>
        </extensions>
      </trkpt>
      <trkpt lat="24.53081670217216014862060546875" lon="118.1489147432148456573486328125">
        <ele>36.59999847412109375</ele>
        <time>2026-09-10T09:37:21.000Z</time>
        <extensions>
          <ns3:TrackPointExtension>
            <ns3:atemp>31.0</ns3:atemp>
            <ns3:hr>102</ns3:hr>
          </ns3:TrackPointExtension>
        </extensions>
      </trkpt>
      <trkpt lat="24.530716203153133392333984375" lon="118.1489938683807849884033203125">
        <ele>36.59999847412109375</ele>
        <time>2026-09-10T09:37:25.000Z</time>
        <extensions>
          <ns3:TrackPointExtension>
            <ns3:atemp>31.0</ns3:atemp>
            <ns3:hr>103</ns3:hr>
          </ns3:TrackPointExtension>
        </extensions>
      </trkpt>
      <trkpt lat="24.53062106855213642120361328125" lon="118.1491179205477237701416015625">
        <ele>36.799999237060546875</ele>
        <time>2026-09-10T09:37:29.000Z</time>
        <extensions>
          <ns3:TrackPointExtension>
            <ns3:atemp>31.0</ns3:atemp>
            <ns3:hr>103</ns3:hr>
          </ns3:TrackPointExtension>
        </extensions>
      </trkpt>
      <trkpt lat="24.53058200888335704803466796875" lon="118.1491385400295257568359375">
        <ele>36.799999237060546875</ele>
        <time>2026-09-10T09:37:30.000Z</time>
        <extensions>
          <ns3:TrackPointExtension>
            <ns3:atemp>31.0</ns3:atemp>
            <ns3:hr>103</ns3:hr>
          </ns3:TrackPointExtension>
        </extensions>
      </trkpt>
      <trkpt lat="24.53051679767668247222900390625" lon="118.14916963689029216766357421875">
        <ele>37</ele>
        <time>2026-09-10T09:37:32.000Z</time>
        <extensions>
          <ns3:TrackPointExtension>
            <ns3:atemp>31.0</ns3:atemp>
            <ns3:hr>104</ns3:hr>
          </ns3:TrackPointExtension>
        </extensions>
      </trkpt>
      <trkpt lat="24.530448652803897857666015625" lon="118.14916444011032581329345703125">
        <ele>37.40000152587890625</ele>
        <time>2026-09-10T09:37:34.000Z</time>
        <extensions>
          <ns3:TrackPointExtension>
            <ns3:atemp>31.0</ns3:atemp>
            <ns3:hr>104</ns3:hr>
          </ns3:TrackPointExtension>
        </extensions>
      </trkpt>
      <trkpt lat="24.5304119400680065155029296875" lon="118.1491963751614093780517578125">
        <ele>37.40000152587890625</ele>
        <time>2026-09-10T09:37:35.000Z</time>
        <extensions>
          <ns3:TrackPointExtension>
            <ns3:atemp>31.0</ns3:atemp>
            <ns3:hr>105</ns3:hr>
          </ns3:TrackPointExtension>
        </extensions>
      </trkpt>
      <trkpt lat="24.5301826111972332000732421875" lon="118.1492681242525577545166015625">
        <ele>37.799999237060546875</ele>
        <time>2026-09-10T09:37:41.000Z</time>
        <extensions>
          <ns3:TrackPointExtension>
            <ns3:atemp>31.0</ns3:atemp>
            <ns3:hr>106</ns3:hr>
          </ns3:TrackPointExtension>
        </extensions>
      </trkpt>
      <trkpt lat="24.5301360078155994415283203125" lon="118.1492459960281848907470703125">
        <ele>38</ele>
        <time>2026-09-10T09:37:42.000Z</time>
        <extensions>
          <ns3:TrackPointExtension>
            <ns3:atemp>31.0</ns3:atemp>
            <ns3:hr>106</ns3:hr>
          </ns3:TrackPointExtension>
        </extensions>
      </trkpt>
      <trkpt lat="24.5300364308059215545654296875" lon="118.14924188889563083648681640625">
        <ele>38.200000762939453125</ele>
        <time>2026-09-10T09:37:44.000Z</time>
        <extensions>
          <ns3:TrackPointExtension>
            <ns3:atemp>31.0</ns3:atemp>
            <ns3:hr>105</ns3:hr>
          </ns3:TrackPointExtension>
        </extensions>
      </trkpt>
      <trkpt lat="24.52983970753848552703857421875" lon="118.14934213645756244659423828125">
        <ele>38.40000152587890625</ele>
        <time>2026-09-10T09:37:50.000Z</time>
        <extensions>
          <ns3:TrackPointExtension>
            <ns3:atemp>31.0</ns3:atemp>
            <ns3:hr>104</ns3:hr>
          </ns3:TrackPointExtension>
        </extensions>
      </trkpt>
      <trkpt lat="24.52973158098757266998291015625" lon="118.14943819306790828704833984375">
        <ele>38.59999847412109375</ele>
        <time>2026-09-10T09:37:54.000Z</time>
        <extensions>
          <ns3:TrackPointExtension>
            <ns3:atemp>31.0</ns3:atemp>
            <ns3:hr>104</ns3:hr>
          </ns3:TrackPointExtension>
        </extensions>
      </trkpt>
      <trkpt lat="24.529692940413951873779296875" lon="118.14942729659378528594970703125">
        <ele>38.59999847412109375</ele>
        <time>2026-09-10T09:37:55.000Z</time>
        <extensions>
          <ns3:TrackPointExtension>
            <ns3:atemp>31.0</ns3:atemp>
            <ns3:hr>104</ns3:hr>
          </ns3:TrackPointExtension>
        </extensions>
      </trkpt>
      <trkpt lat="24.52953075058758258819580078125" lon="118.149507343769073486328125">
        <ele>38.799999237060546875</ele>
        <time>2026-09-10T09:38:00.000Z</time>
        <extensions>
          <ns3:TrackPointExtension>
            <ns3:atemp>31.0</ns3:atemp>
            <ns3:hr>107</ns3:hr>
          </ns3:TrackPointExtension>
        </extensions>
      </trkpt>
      <trkpt lat="24.52943352051079273223876953125" lon="118.1495500914752483367919921875">
        <ele>39</ele>
        <time>2026-09-10T09:38:03.000Z</time>
        <extensions>
          <ns3:TrackPointExtension>
            <ns3:atemp>31.0</ns3:atemp>
            <ns3:hr>108</ns3:hr>
          </ns3:TrackPointExtension>
        </extensions>
      </trkpt>
      <trkpt lat="24.529404938220977783203125" lon="118.14956836402416229248046875">
        <ele>39.200000762939453125</ele>
        <time>2026-09-10T09:38:04.000Z</time>
        <extensions>
          <ns3:TrackPointExtension>
            <ns3:atemp>31.0</ns3:atemp>
            <ns3:hr>108</ns3:hr>
          </ns3:TrackPointExtension>
        </extensions>
      </trkpt>
      <trkpt lat="24.5293642021715641021728515625" lon="118.1495732255280017852783203125">
        <ele>39.40000152587890625</ele>
        <time>2026-09-10T09:38:05.000Z</time>
        <extensions>
          <ns3:TrackPointExtension>
            <ns3:atemp>31.0</ns3:atemp>
            <ns3:hr>108</ns3:hr>
          </ns3:TrackPointExtension>
        </extensions>
      </trkpt>
      <trkpt lat="24.5292963087558746337890625" lon="118.1495730578899383544921875">
        <ele>39.40000152587890625</ele>
        <time>2026-09-10T09:38:07.000Z</time>
        <extensions>
          <ns3:TrackPointExtension>
            <ns3:atemp>31.0</ns3:atemp>
            <ns3:hr>108</ns3:hr>
          </ns3:TrackPointExtension>
        </extensions>
      </trkpt>
      <trkpt lat="24.5291975699365139007568359375" lon="118.14962477423250675201416015625">
        <ele>39.59999847412109375</ele>
        <time>2026-09-10T09:38:10.000Z</time>
        <extensions>
          <ns3:TrackPointExtension>
            <ns3:atemp>31.0</ns3:atemp>
            <ns3:hr>108</ns3:hr>
          </ns3:TrackPointExtension>
        </extensions>
      </trkpt>
      <trkpt lat="24.5290430076420307159423828125" lon="118.14970037899911403656005859375">
        <ele>39.799999237060546875</ele>
        <time>2026-09-10T09:38:15.000Z</time>
        <extensions>
          <ns3:TrackPointExtension>
            <ns3:atemp>31.0</ns3:atemp>
            <ns3:hr>107</ns3:hr>
          </ns3:TrackPointExtension>
        </extensions>
      </trkpt>
      <trkpt lat="24.52895759604871273040771484375" lon="118.1497103534638881683349609375">
        <ele>39.799999237060546875</ele>
        <time>2026-09-10T09:38:17.000Z</time>
        <extensions>
          <ns3:TrackPointExtension>
            <ns3:atemp>31.0</ns3:atemp>
            <ns3:hr>108</ns3:hr>
          </ns3:TrackPointExtension>
        </extensions>
      </trkpt>
      <trkpt lat="24.5289181172847747802734375" lon="118.14971923828125">
        <ele>40.200000762939453125</ele>
        <time>2026-09-10T09:38:18.000Z</time>
        <extensions>
          <ns3:TrackPointExtension>
            <ns3:atemp>31.0</ns3:atemp>
            <ns3:hr>108</ns3:hr>
          </ns3:TrackPointExtension>
        </extensions>
      </trkpt>
      <trkpt lat="24.52888869680464267730712890625" lon="118.14972954802215099334716796875">
        <ele>40.200000762939453125</ele>
        <time>2026-09-10T09:38:19.000Z</time>
        <extensions>
          <ns3:TrackPointExtension>
            <ns3:atemp>31.0</ns3:atemp>
            <ns3:hr>109</ns3:hr>
          </ns3:TrackPointExtension>
        </extensions>
      </trkpt>
      <trkpt lat="24.52881954610347747802734375" lon="118.1497321464121341705322265625">
        <ele>40.799999237060546875</ele>
        <time>2026-09-10T09:38:21.000Z</time>
        <extensions>
          <ns3:TrackPointExtension>
            <ns3:atemp>31.0</ns3:atemp>
            <ns3:hr>112</ns3:hr>
          </ns3:TrackPointExtension>
        </extensions>
      </trkpt>
      <trkpt lat="24.52873480506241321563720703125" lon="118.14976039342582225799560546875">
        <ele>41.200000762939453125</ele>
        <time>2026-09-10T09:38:24.000Z</time>
        <extensions>
          <ns3:TrackPointExtension>
            <ns3:atemp>31.0</ns3:atemp>
            <ns3:hr>112</ns3:hr>
          </ns3:TrackPointExtension>
        </extensions>
      </trkpt>
      <trkpt lat="24.5285541750490665435791015625" lon="118.1498437933623790740966796875">
        <ele>42</ele>
        <time>2026-09-10T09:38:29.000Z</time>
        <extensions>
          <ns3:TrackPointExtension>
            <ns3:atemp>31.0</ns3:atemp>
            <ns3:hr>112</ns3:hr>
          </ns3:TrackPointExtension>
        </extensions>
      </trkpt>
      <trkpt lat="24.52853229828178882598876953125" lon="118.14983733929693698883056640625">
        <ele>42</ele>
        <time>2026-09-10T09:38:30.000Z</time>
        <extensions>
          <ns3:TrackPointExtension>
            <ns3:atemp>31.0</ns3:atemp>
            <ns3:hr>112</ns3:hr>
          </ns3:TrackPointExtension>
        </extensions>
      </trkpt>
      <trkpt lat="24.52841612510383129119873046875" lon="118.14989827573299407958984375">
        <ele>42.200000762939453125</ele>
        <time>2026-09-10T09:38:34.000Z</time>
        <extensions>
          <ns3:TrackPointExtension>
            <ns3:atemp>31.0</ns3:atemp>
            <ns3:hr>111</ns3:hr>
          </ns3:TrackPointExtension>
        </extensions>
      </trkpt>
      <trkpt lat="24.528300873935222625732421875" lon="118.15004906617105007171630859375">
        <ele>42.200000762939453125</ele>
        <time>2026-09-10T09:38:38.000Z</time>
        <extensions>
          <ns3:TrackPointExtension>
            <ns3:atemp>31.0</ns3:atemp>
            <ns3:hr>112</ns3:hr>
          </ns3:TrackPointExtension>
        </extensions>
      </trkpt>
      <trkpt lat="24.528278410434722900390625" lon="118.1500697694718837738037109375">
        <ele>42.200000762939453125</ele>
        <time>2026-09-10T09:38:39.000Z</time>
        <extensions>
          <ns3:TrackPointExtension>
            <ns3:atemp>31.0</ns3:atemp>
            <ns3:hr>113</ns3:hr>
          </ns3:TrackPointExtension>
        </extensions>
      </trkpt>
      <trkpt lat="24.52801211737096309661865234375" lon="118.15016507171094417572021484375">
        <ele>42.799999237060546875</ele>
        <time>2026-09-10T09:38:47.000Z</time>
        <extensions>
          <ns3:TrackPointExtension>
            <ns3:atemp>31.0</ns3:atemp>
            <ns3:hr>115</ns3:hr>
          </ns3:TrackPointExtension>
        </extensions>
      </trkpt>
      <trkpt lat="24.5278407074511051177978515625" lon="118.15019742585718631744384765625">
        <ele>43</ele>
        <time>2026-09-10T09:38:52.000Z</time>
        <extensions>
          <ns3:TrackPointExtension>
            <ns3:atemp>31.0</ns3:atemp>
            <ns3:hr>116</ns3:hr>
          </ns3:TrackPointExtension>
        </extensions>
      </trkpt>
      <trkpt lat="24.527741968631744384765625" lon="118.1502028740942478179931640625">
        <ele>43.200000762939453125</ele>
        <time>2026-09-10T09:38:55.000Z</time>
        <extensions>
          <ns3:TrackPointExtension>
            <ns3:atemp>30.0</ns3:atemp>
            <ns3:hr>116</ns3:hr>
          </ns3:TrackPointExtension>
        </extensions>
      </trkpt>
      <trkpt lat="24.5277089439332485198974609375" lon="118.1502115912735462188720703125">
        <ele>43.40000152587890625</ele>
        <time>2026-09-10T09:38:56.000Z</time>
        <extensions>
          <ns3:TrackPointExtension>
            <ns3:atemp>31.0</ns3:atemp>
            <ns3:hr>116</ns3:hr>
          </ns3:TrackPointExtension>
        </extensions>
      </trkpt>
      <trkpt lat="24.52768907882273197174072265625" lon="118.15025232732295989990234375">
        <ele>43.40000152587890625</ele>
        <time>2026-09-10T09:38:57.000Z</time>
        <extensions>
          <ns3:TrackPointExtension>
            <ns3:atemp>31.0</ns3:atemp>
            <ns3:hr>116</ns3:hr>
          </ns3:TrackPointExtension>
        </extensions>
      </trkpt>
      <trkpt lat="24.527530409395694732666015625" lon="118.1503643095493316650390625">
        <ele>44</ele>
        <time>2026-09-10T09:39:02.000Z</time>
        <extensions>
          <ns3:TrackPointExtension>
            <ns3:atemp>31.0</ns3:atemp>
            <ns3:hr>116</ns3:hr>
          </ns3:TrackPointExtension>
        </extensions>
      </trkpt>
      <trkpt lat="24.52748942188918590545654296875" lon="118.1503664888441562652587890625">
        <ele>44.200000762939453125</ele>
        <time>2026-09-10T09:39:03.000Z</time>
        <extensions>
          <ns3:TrackPointExtension>
            <ns3:atemp>31.0</ns3:atemp>
            <ns3:hr>116</ns3:hr>
          </ns3:TrackPointExtension>
        </extensions>
      </trkpt>
      <trkpt lat="24.52737157233059406280517578125" lon="118.150418289005756378173828125">
        <ele>44.40000152587890625</ele>
        <time>2026-09-10T09:39:06.000Z</time>
        <extensions>
          <ns3:TrackPointExtension>
            <ns3:atemp>31.0</ns3:atemp>
            <ns3:hr>115</ns3:hr>
          </ns3:TrackPointExtension>
        </extensions>
      </trkpt>
      <trkpt lat="24.52732865698635578155517578125" lon="118.15043337643146514892578125">
        <ele>44.40000152587890625</ele>
        <time>2026-09-10T09:39:07.000Z</time>
        <extensions>
          <ns3:TrackPointExtension>
            <ns3:atemp>31.0</ns3:atemp>
            <ns3:hr>115</ns3:hr>
          </ns3:TrackPointExtension>
        </extensions>
      </trkpt>
      <trkpt lat="24.52711944468319416046142578125" lon="118.15048626624047756195068359375">
        <ele>44.59999847412109375</ele>
        <time>2026-09-10T09:39:12.000Z</time>
        <extensions>
          <ns3:TrackPointExtension>
            <ns3:atemp>31.0</ns3:atemp>
            <ns3:hr>114</ns3:hr>
          </ns3:TrackPointExtension>
        </extensions>
      </trkpt>
      <trkpt lat="24.52694677747786045074462890625" lon="118.150539658963680267333984375">
        <ele>44.59999847412109375</ele>
        <time>2026-09-10T09:39:16.000Z</time>
        <extensions>
          <ns3:TrackPointExtension>
            <ns3:atemp>31.0</ns3:atemp>
            <ns3:hr>113</ns3:hr>
          </ns3:TrackPointExtension>
        </extensions>
      </trkpt>
      <trkpt lat="24.52690319158136844635009765625" lon="118.150553070008754730224609375">
        <ele>44.59999847412109375</ele>
        <time>2026-09-10T09:39:17.000Z</time>
        <extensions>
          <ns3:TrackPointExtension>
            <ns3:atemp>31.0</ns3:atemp>
            <ns3:hr>113</ns3:hr>
          </ns3:TrackPointExtension>
        </extensions>
      </trkpt>
      <trkpt lat="24.52667176723480224609375" lon="118.15064921043813228607177734375">
        <ele>44.59999847412109375</ele>
        <time>2026-09-10T09:39:22.000Z</time>
        <extensions>
          <ns3:TrackPointExtension>
            <ns3:atemp>31.0</ns3:atemp>
            <ns3:hr>111</ns3:hr>
          </ns3:TrackPointExtension>
        </extensions>
      </trkpt>
      <trkpt lat="24.52657193876802921295166015625" lon="118.15068743191659450531005859375">
        <ele>44.799999237060546875</ele>
        <time>2026-09-10T09:39:24.000Z</time>
        <extensions>
          <ns3:TrackPointExtension>
            <ns3:atemp>31.0</ns3:atemp>
            <ns3:hr>112</ns3:hr>
          </ns3:TrackPointExtension>
        </extensions>
      </trkpt>
      <trkpt lat="24.526495076715946197509765625" lon="118.15073353238403797149658203125">
        <ele>45</ele>
        <time>2026-09-10T09:39:26.000Z</time>
        <extensions>
          <ns3:TrackPointExtension>
            <ns3:atemp>31.0</ns3:atemp>
            <ns3:hr>112</ns3:hr>
          </ns3:TrackPointExtension>
        </extensions>
      </trkpt>
      <trkpt lat="24.5264080725610256195068359375" lon="118.15075934864580631256103515625">
        <ele>45</ele>
        <time>2026-09-10T09:39:28.000Z</time>
        <extensions>
          <ns3:TrackPointExtension>
            <ns3:atemp>31.0</ns3:atemp>
            <ns3:hr>112</ns3:hr>
          </ns3:TrackPointExtension>
        </extensions>
      </trkpt>
      <trkpt lat="24.52620313502848148345947265625" lon="118.1507907807826995849609375">
        <ele>44.59999847412109375</ele>
        <time>2026-09-10T09:39:32.000Z</time>
        <extensions>
          <ns3:TrackPointExtension>
            <ns3:atemp>31.0</ns3:atemp>
            <ns3:hr>113</ns3:hr>
          </ns3:TrackPointExtension>
        </extensions>
      </trkpt>
      <trkpt lat="24.525988139212131500244140625" lon="118.15083973109722137451171875">
        <ele>45</ele>
        <time>2026-09-10T09:39:37.000Z</time>
        <extensions>
          <ns3:TrackPointExtension>
            <ns3:atemp>31.0</ns3:atemp>
            <ns3:hr>114</ns3:hr>
          </ns3:TrackPointExtension>
        </extensions>
      </trkpt>
      <trkpt lat="24.52571530826389789581298828125" lon="118.1508673913776874542236328125">
        <ele>45</ele>
        <time>2026-09-10T09:39:43.000Z</time>
        <extensions>
          <ns3:TrackPointExtension>
            <ns3:atemp>31.0</ns3:atemp>
            <ns3:hr>114</ns3:hr>
          </ns3:TrackPointExtension>
        </extensions>
      </trkpt>
      <trkpt lat="24.5255682058632373809814453125" lon="118.150939308106899261474609375">
        <ele>45</ele>
        <time>2026-09-10T09:39:47.000Z</time>
        <extensions>
          <ns3:TrackPointExtension>
            <ns3:atemp>31.0</ns3:atemp>
            <ns3:hr>114</ns3:hr>
          </ns3:TrackPointExtension>
        </extensions>
      </trkpt>
      <trkpt lat="24.525467120110988616943359375" lon="118.15098800696432590484619140625">
        <ele>45</ele>
        <time>2026-09-10T09:39:50.000Z</time>
        <extensions>
          <ns3:TrackPointExtension>
            <ns3:atemp>31.0</ns3:atemp>
            <ns3:hr>114</ns3:hr>
          </ns3:TrackPointExtension>
        </extensions>
      </trkpt>
      <trkpt lat="24.52544666826725006103515625" lon="118.15107174217700958251953125">
        <ele>44.799999237060546875</ele>
        <time>2026-09-10T09:39:51.000Z</time>
        <extensions>
          <ns3:TrackPointExtension>
            <ns3:atemp>31.0</ns3:atemp>
            <ns3:hr>113</ns3:hr>
          </ns3:TrackPointExtension>
        </extensions>
      </trkpt>
      <trkpt lat="24.52539444901049137115478515625" lon="118.15132512710988521575927734375">
        <ele>44.59999847412109375</ele>
        <time>2026-09-10T09:39:54.000Z</time>
        <extensions>
          <ns3:TrackPointExtension>
            <ns3:atemp>31.0</ns3:atemp>
            <ns3:hr>113</ns3:hr>
          </ns3:TrackPointExtension>
        </extensions>
      </trkpt>
      <trkpt lat="24.52538036741316318511962890625" lon="118.1514076888561248779296875">
        <ele>44.59999847412109375</ele>
        <time>2026-09-10T09:39:55.000Z</time>
        <extensions>
          <ns3:TrackPointExtension>
            <ns3:atemp>30.0</ns3:atemp>
            <ns3:hr>113</ns3:hr>
          </ns3:TrackPointExtension>
        </extensions>
      </trkpt>
      <trkpt lat="24.52538288198411464691162109375" lon="118.15163458697497844696044921875">
        <ele>44.40000152587890625</ele>
        <time>2026-09-10T09:39:58.000Z</time>
        <extensions>
          <ns3:TrackPointExtension>
            <ns3:atemp>31.0</ns3:atemp>
            <ns3:hr>113</ns3:hr>
          </ns3:TrackPointExtension>
        </extensions>
      </trkpt>
      <trkpt lat="24.5253844745457172393798828125" lon="118.15175838768482208251953125">
        <ele>44.40000152587890625</ele>
        <time>2026-09-10T09:40:00.000Z</time>
        <extensions>
          <ns3:TrackPointExtension>
            <ns3:atemp>31.0</ns3:atemp>
            <ns3:hr>113</ns3:hr>
          </ns3:TrackPointExtension>
        </extensions>
      </trkpt>
      <trkpt lat="24.52534072101116180419921875" lon="118.15188109874725341796875">
        <ele>44.200000762939453125</ele>
        <time>2026-09-10T09:40:02.000Z</time>
        <extensions>
          <ns3:TrackPointExtension>
            <ns3:atemp>31.0</ns3:atemp>
            <ns3:hr>113</ns3:hr>
          </ns3:TrackPointExtension>
        </extensions>
      </trkpt>
      <trkpt lat="24.52527190558612346649169921875" lon="118.15196684561669826507568359375">
        <ele>44.200000762939453125</ele>
        <time>2026-09-10T09:40:04.000Z</time>
        <extensions>
          <ns3:TrackPointExtension>
            <ns3:atemp>31.0</ns3:atemp>
            <ns3:hr>113</ns3:hr>
          </ns3:TrackPointExtension>
        </extensions>
      </trkpt>
      <trkpt lat="24.52518892474472522735595703125" lon="118.152023591101169586181640625">
        <ele>44.59999847412109375</ele>
        <time>2026-09-10T09:40:06.000Z</time>
        <extensions>
          <ns3:TrackPointExtension>
            <ns3:atemp>31.0</ns3:atemp>
            <ns3:hr>113</ns3:hr>
          </ns3:TrackPointExtension>
        </extensions>
      </trkpt>
      <trkpt lat="24.52509135939180850982666015625" lon="118.15206013619899749755859375">
        <ele>45</ele>
        <time>2026-09-10T09:40:08.000Z</time>
        <extensions>
          <ns3:TrackPointExtension>
            <ns3:atemp>31.0</ns3:atemp>
            <ns3:hr>113</ns3:hr>
          </ns3:TrackPointExtension>
        </extensions>
      </trkpt>
      <trkpt lat="24.525001756846904754638671875" lon="118.1520877964794635772705078125">
        <ele>45.40000152587890625</ele>
        <time>2026-09-10T09:40:10.000Z</time>
        <extensions>
          <ns3:TrackPointExtension>
            <ns3:atemp>31.0</ns3:atemp>
            <ns3:hr>113</ns3:hr>
          </ns3:TrackPointExtension>
        </extensions>
      </trkpt>
      <trkpt lat="24.52490142546594142913818359375" lon="118.15210481174290180206298828125">
        <ele>45.40000152587890625</ele>
        <time>2026-09-10T09:40:12.000Z</time>
        <extensions>
          <ns3:TrackPointExtension>
            <ns3:atemp>31.0</ns3:atemp>
            <ns3:hr>112</ns3:hr>
          </ns3:TrackPointExtension>
        </extensions>
      </trkpt>
      <trkpt lat="24.52474250458180904388427734375" lon="118.152128867805004119873046875">
        <ele>45.200000762939453125</ele>
        <time>2026-09-10T09:40:15.000Z</time>
        <extensions>
          <ns3:TrackPointExtension>
            <ns3:atemp>31.0</ns3:atemp>
            <ns3:hr>113</ns3:hr>
          </ns3:TrackPointExtension>
        </extensions>
      </trkpt>
      <trkpt lat="24.52457570470869541168212890625" lon="118.15218888223171234130859375">
        <ele>44.799999237060546875</ele>
        <time>2026-09-10T09:40:18.000Z</time>
        <extensions>
          <ns3:TrackPointExtension>
            <ns3:atemp>31.0</ns3:atemp>
            <ns3:hr>112</ns3:hr>
          </ns3:TrackPointExtension>
        </extensions>
      </trkpt>
      <trkpt lat="24.524478055536746978759765625" lon="118.15222232602536678314208984375">
        <ele>44.59999847412109375</ele>
        <time>2026-09-10T09:40:20.000Z</time>
        <extensions>
          <ns3:TrackPointExtension>
            <ns3:atemp>31.0</ns3:atemp>
            <ns3:hr>111</ns3:hr>
          </ns3:TrackPointExtension>
        </extensions>
      </trkpt>
      <trkpt lat="24.52442969195544719696044921875" lon="118.15221947617828845977783203125">
        <ele>44.40000152587890625</ele>
        <time>2026-09-10T09:40:21.000Z</time>
        <extensions>
          <ns3:TrackPointExtension>
            <ns3:atemp>31.0</ns3:atemp>
            <ns3:hr>111</ns3:hr>
          </ns3:TrackPointExtension>
        </extensions>
      </trkpt>
      <trkpt lat="24.5243796519935131072998046875" lon="118.1522084958851337432861328125">
        <ele>44.200000762939453125</ele>
        <time>2026-09-10T09:40:22.000Z</time>
        <extensions>
          <ns3:TrackPointExtension>
            <ns3:atemp>31.0</ns3:atemp>
            <ns3:hr>110</ns3:hr>
          </ns3:TrackPointExtension>
        </extensions>
      </trkpt>
      <trkpt lat="24.52427328564226627349853515625" lon="118.1521119363605976104736328125">
        <ele>42.799999237060546875</ele>
        <time>2026-09-10T09:40:24.000Z</time>
        <extensions>
          <ns3:TrackPointExtension>
            <ns3:atemp>31.0</ns3:atemp>
            <ns3:hr>108</ns3:hr>
          </ns3:TrackPointExtension>
        </extensions>
      </trkpt>
      <trkpt lat="24.52422919683158397674560546875" lon="118.15200925804674625396728515625">
        <ele>42.799999237060546875</ele>
        <time>2026-09-10T09:40:26.000Z</time>
        <extensions>
          <ns3:TrackPointExtension>
            <ns3:atemp>30.0</ns3:atemp>
            <ns3:hr>108</ns3:hr>
          </ns3:TrackPointExtension>
        </extensions>
      </trkpt>
      <trkpt lat="24.52417722903192043304443359375" lon="118.15189358778297901153564453125">
        <ele>42.799999237060546875</ele>
        <time>2026-09-10T09:40:28.000Z</time>
        <extensions>
          <ns3:TrackPointExtension>
            <ns3:atemp>31.0</ns3:atemp>
            <ns3:hr>108</ns3:hr>
          </ns3:TrackPointExtension>
        </extensions>
      </trkpt>
      <trkpt lat="24.52413850463926792144775390625" lon="118.1518470682203769683837890625">
        <ele>42.59999847412109375</ele>
        <time>2026-09-10T09:40:29.000Z</time>
        <extensions>
          <ns3:TrackPointExtension>
            <ns3:atemp>31.0</ns3:atemp>
            <ns3:hr>108</ns3:hr>
          </ns3:TrackPointExtension>
        </extensions>
      </trkpt>
      <trkpt lat="24.524051584303379058837890625" lon="118.1517786718904972076416015625">
        <ele>42.40000152587890625</ele>
        <time>2026-09-10T09:40:31.000Z</time>
        <extensions>
          <ns3:TrackPointExtension>
            <ns3:atemp>30.0</ns3:atemp>
            <ns3:hr>108</ns3:hr>
          </ns3:TrackPointExtension>
        </extensions>
      </trkpt>
      <trkpt lat="24.523998610675334930419921875" lon="118.15175704658031463623046875">
        <ele>42.40000152587890625</ele>
        <time>2026-09-10T09:40:32.000Z</time>
        <extensions>
          <ns3:TrackPointExtension>
            <ns3:atemp>31.0</ns3:atemp>
            <ns3:hr>107</ns3:hr>
          </ns3:TrackPointExtension>
        </extensions>
      </trkpt>
      <trkpt lat="24.52394488267600536346435546875" lon="118.15174288116395473480224609375">
        <ele>42.200000762939453125</ele>
        <time>2026-09-10T09:40:33.000Z</time>
        <extensions>
          <ns3:TrackPointExtension>
            <ns3:atemp>31.0</ns3:atemp>
            <ns3:hr>108</ns3:hr>
          </ns3:TrackPointExtension>
        </extensions>
      </trkpt>
      <trkpt lat="24.52382720075547695159912109375" lon="118.151752017438411712646484375">
        <ele>42.200000762939453125</ele>
        <time>2026-09-10T09:40:35.000Z</time>
        <extensions>
          <ns3:TrackPointExtension>
            <ns3:atemp>31.0</ns3:atemp>
            <ns3:hr>107</ns3:hr>
          </ns3:TrackPointExtension>
        </extensions>
      </trkpt>
      <trkpt lat="24.52372712083160877227783203125" lon="118.1517699547111988067626953125">
        <ele>42</ele>
        <time>2026-09-10T09:40:37.000Z</time>
        <extensions>
          <ns3:TrackPointExtension>
            <ns3:atemp>31.0</ns3:atemp>
            <ns3:hr>107</ns3:hr>
          </ns3:TrackPointExtension>
        </extensions>
      </trkpt>
      <trkpt lat="24.5236681960523128509521484375" lon="118.15178395248949527740478515625">
        <ele>41.799999237060546875</ele>
        <time>2026-09-10T09:40:38.000Z</time>
        <extensions>
          <ns3:TrackPointExtension>
            <ns3:atemp>30.0</ns3:atemp>
            <ns3:hr>107</ns3:hr>
          </ns3:TrackPointExtension>
        </extensions>
      </trkpt>
      <trkpt lat="24.5236179046332836151123046875" lon="118.15180532634258270263671875">
        <ele>41.799999237060546875</ele>
        <time>2026-09-10T09:40:39.000Z</time>
        <extensions>
          <ns3:TrackPointExtension>
            <ns3:atemp>31.0</ns3:atemp>
            <ns3:hr>106</ns3:hr>
          </ns3:TrackPointExtension>
        </extensions>
      </trkpt>
      <trkpt lat="24.5235565491020679473876953125" lon="118.151822425425052642822265625">
        <ele>41.59999847412109375</ele>
        <time>2026-09-10T09:40:40.000Z</time>
        <extensions>
          <ns3:TrackPointExtension>
            <ns3:atemp>31.0</ns3:atemp>
            <ns3:hr>105</ns3:hr>
          </ns3:TrackPointExtension>
        </extensions>
      </trkpt>
      <trkpt lat="24.52341430820524692535400390625" lon="118.1518433801829814910888671875">
        <ele>41.59999847412109375</ele>
        <time>2026-09-10T09:40:42.000Z</time>
        <extensions>
          <ns3:TrackPointExtension>
            <ns3:atemp>30.0</ns3:atemp>
            <ns3:hr>104</ns3:hr>
          </ns3:TrackPointExtension>
        </extensions>
      </trkpt>
      <trkpt lat="24.523295201361179351806640625" lon="118.15187229774892330169677734375">
        <ele>42.40000152587890625</ele>
        <time>2026-09-10T09:40:44.000Z</time>
        <extensions>
          <ns3:TrackPointExtension>
            <ns3:atemp>30.0</ns3:atemp>
            <ns3:hr>102</ns3:hr>
          </ns3:TrackPointExtension>
        </extensions>
      </trkpt>
      <trkpt lat="24.52323527075350284576416015625" lon="118.151883445680141448974609375">
        <ele>42.59999847412109375</ele>
        <time>2026-09-10T09:40:45.000Z</time>
        <extensions>
          <ns3:TrackPointExtension>
            <ns3:atemp>30.0</ns3:atemp>
            <ns3:hr>101</ns3:hr>
          </ns3:TrackPointExtension>
        </extensions>
      </trkpt>
      <trkpt lat="24.5231780223548412322998046875" lon="118.15188311040401458740234375">
        <ele>42.59999847412109375</ele>
        <time>2026-09-10T09:40:46.000Z</time>
        <extensions>
          <ns3:TrackPointExtension>
            <ns3:atemp>30.0</ns3:atemp>
            <ns3:hr>101</ns3:hr>
          </ns3:TrackPointExtension>
        </extensions>
      </trkpt>
      <trkpt lat="24.52293016947805881500244140625" lon="118.15194270573556423187255859375">
        <ele>42.59999847412109375</ele>
        <time>2026-09-10T09:40:50.000Z</time>
        <extensions>
          <ns3:TrackPointExtension>
            <ns3:atemp>30.0</ns3:atemp>
            <ns3:hr>100</ns3:hr>
          </ns3:TrackPointExtension>
        </extensions>
      </trkpt>
      <trkpt lat="24.52251962386071681976318359375" lon="118.1520621478557586669921875">
        <ele>41.40000152587890625</ele>
        <time>2026-09-10T09:40:56.000Z</time>
        <extensions>
          <ns3:TrackPointExtension>
            <ns3:atemp>30.0</ns3:atemp>
            <ns3:hr>102</ns3:hr>
          </ns3:TrackPointExtension>
        </extensions>
      </trkpt>
      <trkpt lat="24.522245116531848907470703125" lon="118.15213616006076335906982421875">
        <ele>40.799999237060546875</ele>
        <time>2026-09-10T09:41:00.000Z</time>
        <extensions>
          <ns3:TrackPointExtension>
            <ns3:atemp>30.0</ns3:atemp>
            <ns3:hr>102</ns3:hr>
          </ns3:TrackPointExtension>
        </extensions>
      </trkpt>
      <trkpt lat="24.5221091620624065399169921875" lon="118.1521659158170223236083984375">
        <ele>40.40000152587890625</ele>
        <time>2026-09-10T09:41:02.000Z</time>
        <extensions>
          <ns3:TrackPointExtension>
            <ns3:atemp>30.0</ns3:atemp>
            <ns3:hr>101</ns3:hr>
          </ns3:TrackPointExtension>
        </extensions>
      </trkpt>
      <trkpt lat="24.521906487643718719482421875" lon="118.1522128544747829437255859375">
        <ele>39.799999237060546875</ele>
        <time>2026-09-10T09:41:05.000Z</time>
        <extensions>
          <ns3:TrackPointExtension>
            <ns3:atemp>30.0</ns3:atemp>
            <ns3:hr>100</ns3:hr>
          </ns3:TrackPointExtension>
        </extensions>
      </trkpt>
      <trkpt lat="24.521696604788303375244140625" lon="118.15225065685808658599853515625">
        <ele>39</ele>
        <time>2026-09-10T09:41:08.000Z</time>
        <extensions>
          <ns3:TrackPointExtension>
            <ns3:atemp>30.0</ns3:atemp>
            <ns3:hr>98</ns3:hr>
          </ns3:TrackPointExtension>
        </extensions>
      </trkpt>
      <trkpt lat="24.52163784764707088470458984375" lon="118.15226934850215911865234375">
        <ele>38.59999847412109375</ele>
        <time>2026-09-10T09:41:09.000Z</time>
        <extensions>
          <ns3:TrackPointExtension>
            <ns3:atemp>30.0</ns3:atemp>
            <ns3:hr>96</ns3:hr>
          </ns3:TrackPointExtension>
        </extensions>
      </trkpt>
      <trkpt lat="24.52140751294791698455810546875" lon="118.1523647345602512359619140625">
        <ele>37.799999237060546875</ele>
        <time>2026-09-10T09:41:13.000Z</time>
        <extensions>
          <ns3:TrackPointExtension>
            <ns3:atemp>30.0</ns3:atemp>
            <ns3:hr>94</ns3:hr>
          </ns3:TrackPointExtension>
        </extensions>
      </trkpt>
      <trkpt lat="24.52133777551352977752685546875" lon="118.15237035043537616729736328125">
        <ele>37.799999237060546875</ele>
        <time>2026-09-10T09:41:14.000Z</time>
        <extensions>
          <ns3:TrackPointExtension>
            <ns3:atemp>30.0</ns3:atemp>
            <ns3:hr>94</ns3:hr>
          </ns3:TrackPointExtension>
        </extensions>
      </trkpt>
      <trkpt lat="24.52125814743340015411376953125" lon="118.1523828394711017608642578125">
        <ele>37.59999847412109375</ele>
        <time>2026-09-10T09:41:15.000Z</time>
        <extensions>
          <ns3:TrackPointExtension>
            <ns3:atemp>30.0</ns3:atemp>
            <ns3:hr>93</ns3:hr>
          </ns3:TrackPointExtension>
        </extensions>
      </trkpt>
      <trkpt lat="24.52118874527513980865478515625" lon="118.1524042971432209014892578125">
        <ele>37.40000152587890625</ele>
        <time>2026-09-10T09:41:16.000Z</time>
        <extensions>
          <ns3:TrackPointExtension>
            <ns3:atemp>30.0</ns3:atemp>
            <ns3:hr>94</ns3:hr>
          </ns3:TrackPointExtension>
        </extensions>
      </trkpt>
      <trkpt lat="24.52092848718166351318359375" lon="118.15247395075857639312744140625">
        <ele>36.799999237060546875</ele>
        <time>2026-09-10T09:41:20.000Z</time>
        <extensions>
          <ns3:TrackPointExtension>
            <ns3:atemp>30.0</ns3:atemp>
            <ns3:hr>95</ns3:hr>
          </ns3:TrackPointExtension>
        </extensions>
      </trkpt>
      <trkpt lat="24.52085833065211772918701171875" lon="118.15248585306107997894287109375">
        <ele>36.59999847412109375</ele>
        <time>2026-09-10T09:41:21.000Z</time>
        <extensions>
          <ns3:TrackPointExtension>
            <ns3:atemp>30.0</ns3:atemp>
            <ns3:hr>94</ns3:hr>
          </ns3:TrackPointExtension>
        </extensions>
      </trkpt>
      <trkpt lat="24.52066889964044094085693359375" lon="118.15257654525339603424072265625">
        <ele>35.799999237060546875</ele>
        <time>2026-09-10T09:41:24.000Z</time>
        <extensions>
          <ns3:TrackPointExtension>
            <ns3:atemp>30.0</ns3:atemp>
            <ns3:hr>94</ns3:hr>
          </ns3:TrackPointExtension>
        </extensions>
      </trkpt>
      <trkpt lat="24.52052640728652477264404296875" lon="118.15260319970548152923583984375">
        <ele>35.59999847412109375</ele>
        <time>2026-09-10T09:41:26.000Z</time>
        <extensions>
          <ns3:TrackPointExtension>
            <ns3:atemp>30.0</ns3:atemp>
            <ns3:hr>94</ns3:hr>
          </ns3:TrackPointExtension>
        </extensions>
      </trkpt>
      <trkpt lat="24.5204525627195835113525390625" lon="118.152596913278102874755859375">
        <ele>35.40000152587890625</ele>
        <time>2026-09-10T09:41:27.000Z</time>
        <extensions>
          <ns3:TrackPointExtension>
            <ns3:atemp>30.0</ns3:atemp>
            <ns3:hr>94</ns3:hr>
          </ns3:TrackPointExtension>
        </extensions>
      </trkpt>
      <trkpt lat="24.52039212919771671295166015625" lon="118.152611665427684783935546875">
        <ele>35.200000762939453125</ele>
        <time>2026-09-10T09:41:28.000Z</time>
        <extensions>
          <ns3:TrackPointExtension>
            <ns3:atemp>30.0</ns3:atemp>
            <ns3:hr>93</ns3:hr>
          </ns3:TrackPointExtension>
        </extensions>
      </trkpt>
      <trkpt lat="24.52023605816066265106201171875" lon="118.15259900875389575958251953125">
        <ele>35</ele>
        <time>2026-09-10T09:41:30.000Z</time>
        <extensions>
          <ns3:TrackPointExtension>
            <ns3:atemp>30.0</ns3:atemp>
            <ns3:hr>96</ns3:hr>
          </ns3:TrackPointExtension>
        </extensions>
      </trkpt>
      <trkpt lat="24.5199885405600070953369140625" lon="118.1525960750877857208251953125">
        <ele>34.40000152587890625</ele>
        <time>2026-09-10T09:41:33.000Z</time>
        <extensions>
          <ns3:TrackPointExtension>
            <ns3:atemp>30.0</ns3:atemp>
            <ns3:hr>97</ns3:hr>
          </ns3:TrackPointExtension>
        </extensions>
      </trkpt>
      <trkpt lat="24.51991369016468524932861328125" lon="118.15258760936558246612548828125">
        <ele>34</ele>
        <time>2026-09-10T09:41:34.000Z</time>
        <extensions>
          <ns3:TrackPointExtension>
            <ns3:atemp>30.0</ns3:atemp>
            <ns3:hr>98</ns3:hr>
          </ns3:TrackPointExtension>
        </extensions>
      </trkpt>
      <trkpt lat="24.51984244398772716522216796875" lon="118.15261862240731716156005859375">
        <ele>33.59999847412109375</ele>
        <time>2026-09-10T09:41:35.000Z</time>
        <extensions>
          <ns3:TrackPointExtension>
            <ns3:atemp>30.0</ns3:atemp>
            <ns3:hr>98</ns3:hr>
          </ns3:TrackPointExtension>
        </extensions>
      </trkpt>
      <trkpt lat="24.5197635702788829803466796875" lon="118.1526342965662479400634765625">
        <ele>32.59999847412109375</ele>
        <time>2026-09-10T09:41:36.000Z</time>
        <extensions>
          <ns3:TrackPointExtension>
            <ns3:atemp>30.0</ns3:atemp>
            <ns3:hr>99</ns3:hr>
          </ns3:TrackPointExtension>
        </extensions>
      </trkpt>
      <trkpt lat="24.5195117779076099395751953125" lon="118.15274300985038280487060546875">
        <ele>31.799999237060546875</ele>
        <time>2026-09-10T09:41:40.000Z</time>
        <extensions>
          <ns3:TrackPointExtension>
            <ns3:atemp>30.0</ns3:atemp>
            <ns3:hr>99</ns3:hr>
          </ns3:TrackPointExtension>
        </extensions>
      </trkpt>
      <trkpt lat="24.51930449344217777252197265625" lon="118.15277268178761005401611328125">
        <ele>31.799999237060546875</ele>
        <time>2026-09-10T09:41:43.000Z</time>
        <extensions>
          <ns3:TrackPointExtension>
            <ns3:atemp>30.0</ns3:atemp>
            <ns3:hr>100</ns3:hr>
          </ns3:TrackPointExtension>
        </extensions>
      </trkpt>
      <trkpt lat="24.51925721950829029083251953125" lon="118.152809478342533111572265625">
        <ele>31.6000003814697265625</ele>
        <time>2026-09-10T09:41:44.000Z</time>
        <extensions>
          <ns3:TrackPointExtension>
            <ns3:atemp>30.0</ns3:atemp>
            <ns3:hr>101</ns3:hr>
          </ns3:TrackPointExtension>
        </extensions>
      </trkpt>
      <trkpt lat="24.5191882364451885223388671875" lon="118.152822554111480712890625">
        <ele>31.3999996185302734375</ele>
        <time>2026-09-10T09:41:45.000Z</time>
        <extensions>
          <ns3:TrackPointExtension>
            <ns3:atemp>30.0</ns3:atemp>
            <ns3:hr>101</ns3:hr>
          </ns3:TrackPointExtension>
        </extensions>
      </trkpt>
      <trkpt lat="24.51904884539544582366943359375" lon="118.152814172208309173583984375">
        <ele>30</ele>
        <time>2026-09-10T09:41:47.000Z</time>
        <extensions>
          <ns3:TrackPointExtension>
            <ns3:atemp>30.0</ns3:atemp>
            <ns3:hr>101</ns3:hr>
          </ns3:TrackPointExtension>
        </extensions>
      </trkpt>
      <trkpt lat="24.5189877413213253021240234375" lon="118.15281861461699008941650390625">
        <ele>29.6000003814697265625</ele>
        <time>2026-09-10T09:41:48.000Z</time>
        <extensions>
          <ns3:TrackPointExtension>
            <ns3:atemp>30.0</ns3:atemp>
            <ns3:hr>101</ns3:hr>
          </ns3:TrackPointExtension>
        </extensions>
      </trkpt>
      <trkpt lat="24.5185890980064868927001953125" lon="118.1528609432280063629150390625">
        <ele>30</ele>
        <time>2026-09-10T09:41:54.000Z</time>
        <extensions>
          <ns3:TrackPointExtension>
            <ns3:atemp>30.0</ns3:atemp>
            <ns3:hr>101</ns3:hr>
          </ns3:TrackPointExtension>
        </extensions>
      </trkpt>
      <trkpt lat="24.51840184628963470458984375" lon="118.1529177725315093994140625">
        <ele>30.200000762939453125</ele>
        <time>2026-09-10T09:41:57.000Z</time>
        <extensions>
          <ns3:TrackPointExtension>
            <ns3:atemp>30.0</ns3:atemp>
            <ns3:hr>102</ns3:hr>
          </ns3:TrackPointExtension>
        </extensions>
      </trkpt>
      <trkpt lat="24.51829078607261180877685546875" lon="118.15298910252749919891357421875">
        <ele>30.200000762939453125</ele>
        <time>2026-09-10T09:41:59.000Z</time>
        <extensions>
          <ns3:TrackPointExtension>
            <ns3:atemp>30.0</ns3:atemp>
            <ns3:hr>101</ns3:hr>
          </ns3:TrackPointExtension>
        </extensions>
      </trkpt>
      <trkpt lat="24.51820126734673976898193359375" lon="118.15306403674185276031494140625">
        <ele>30.3999996185302734375</ele>
        <time>2026-09-10T09:42:01.000Z</time>
        <extensions>
          <ns3:TrackPointExtension>
            <ns3:atemp>30.0</ns3:atemp>
            <ns3:hr>102</ns3:hr>
          </ns3:TrackPointExtension>
        </extensions>
      </trkpt>
      <trkpt lat="24.51810873113572597503662109375" lon="118.15311265178024768829345703125">
        <ele>30.3999996185302734375</ele>
        <time>2026-09-10T09:42:03.000Z</time>
        <extensions>
          <ns3:TrackPointExtension>
            <ns3:atemp>30.0</ns3:atemp>
            <ns3:hr>103</ns3:hr>
          </ns3:TrackPointExtension>
        </extensions>
      </trkpt>
      <trkpt lat="24.5180511474609375" lon="118.15314081497490406036376953125">
        <ele>30.3999996185302734375</ele>
        <time>2026-09-10T09:42:04.000Z</time>
        <extensions>
          <ns3:TrackPointExtension>
            <ns3:atemp>30.0</ns3:atemp>
            <ns3:hr>102</ns3:hr>
          </ns3:TrackPointExtension>
        </extensions>
      </trkpt>
      <trkpt lat="24.51783682219684123992919921875" lon="118.15314098261296749114990234375">
        <ele>30.6000003814697265625</ele>
        <time>2026-09-10T09:42:07.000Z</time>
        <extensions>
          <ns3:TrackPointExtension>
            <ns3:atemp>30.0</ns3:atemp>
            <ns3:hr>102</ns3:hr>
          </ns3:TrackPointExtension>
        </extensions>
      </trkpt>
      <trkpt lat="24.5177829265594482421875" lon="118.15314953215420246124267578125">
        <ele>30.6000003814697265625</ele>
        <time>2026-09-10T09:42:08.000Z</time>
        <extensions>
          <ns3:TrackPointExtension>
            <ns3:atemp>30.0</ns3:atemp>
            <ns3:hr>102</ns3:hr>
          </ns3:TrackPointExtension>
        </extensions>
      </trkpt>
      <trkpt lat="24.51774395070970058441162109375" lon="118.15320149995386600494384765625">
        <ele>30.3999996185302734375</ele>
        <time>2026-09-10T09:42:09.000Z</time>
        <extensions>
          <ns3:TrackPointExtension>
            <ns3:atemp>30.0</ns3:atemp>
            <ns3:hr>102</ns3:hr>
          </ns3:TrackPointExtension>
        </extensions>
      </trkpt>
      <trkpt lat="24.5176630653440952301025390625" lon="118.15323092043399810791015625">
        <ele>28.799999237060546875</ele>
        <time>2026-09-10T09:42:11.000Z</time>
        <extensions>
          <ns3:TrackPointExtension>
            <ns3:atemp>30.0</ns3:atemp>
            <ns3:hr>103</ns3:hr>
          </ns3:TrackPointExtension>
        </extensions>
      </trkpt>
      <trkpt lat="24.51761503703892230987548828125" lon="118.1532377935945987701416015625">
        <ele>28.3999996185302734375</ele>
        <time>2026-09-10T09:42:12.000Z</time>
        <extensions>
          <ns3:TrackPointExtension>
            <ns3:atemp>30.0</ns3:atemp>
            <ns3:hr>103</ns3:hr>
          </ns3:TrackPointExtension>
        </extensions>
      </trkpt>
      <trkpt lat="24.517555944621562957763671875" lon="118.153275512158870697021484375">
        <ele>28.3999996185302734375</ele>
        <time>2026-09-10T09:42:13.000Z</time>
        <extensions>
          <ns3:TrackPointExtension>
            <ns3:atemp>30.0</ns3:atemp>
            <ns3:hr>103</ns3:hr>
          </ns3:TrackPointExtension>
        </extensions>
      </trkpt>
      <trkpt lat="24.51743884943425655364990234375" lon="118.15332622267305850982666015625">
        <ele>28.200000762939453125</ele>
        <time>2026-09-10T09:42:15.000Z</time>
        <extensions>
          <ns3:TrackPointExtension>
            <ns3:atemp>30.0</ns3:atemp>
            <ns3:hr>103</ns3:hr>
          </ns3:TrackPointExtension>
        </extensions>
      </trkpt>
      <trkpt lat="24.5172902382910251617431640625" lon="118.15337366424500942230224609375">
        <ele>28.200000762939453125</ele>
        <time>2026-09-10T09:42:17.000Z</time>
        <extensions>
          <ns3:TrackPointExtension>
            <ns3:atemp>30.0</ns3:atemp>
            <ns3:hr>104</ns3:hr>
          </ns3:TrackPointExtension>
        </extensions>
      </trkpt>
      <trkpt lat="24.51718320138752460479736328125" lon="118.15337534062564373016357421875">
        <ele>28</ele>
        <time>2026-09-10T09:42:19.000Z</time>
        <extensions>
          <ns3:TrackPointExtension>
            <ns3:atemp>30.0</ns3:atemp>
            <ns3:hr>105</ns3:hr>
          </ns3:TrackPointExtension>
        </extensions>
      </trkpt>
      <trkpt lat="24.51706300489604473114013671875" lon="118.15338112413883209228515625">
        <ele>27.799999237060546875</ele>
        <time>2026-09-10T09:42:21.000Z</time>
        <extensions>
          <ns3:TrackPointExtension>
            <ns3:atemp>30.0</ns3:atemp>
            <ns3:hr>106</ns3:hr>
          </ns3:TrackPointExtension>
        </extensions>
      </trkpt>
      <trkpt lat="24.51700349338352680206298828125" lon="118.15336779691278934478759765625">
        <ele>27.799999237060546875</ele>
        <time>2026-09-10T09:42:22.000Z</time>
        <extensions>
          <ns3:TrackPointExtension>
            <ns3:atemp>30.0</ns3:atemp>
            <ns3:hr>106</ns3:hr>
          </ns3:TrackPointExtension>
        </extensions>
      </trkpt>
      <trkpt lat="24.5169278047978878021240234375" lon="118.153338544070720672607421875">
        <ele>27.6000003814697265625</ele>
        <time>2026-09-10T09:42:23.000Z</time>
        <extensions>
          <ns3:TrackPointExtension>
            <ns3:atemp>30.0</ns3:atemp>
            <ns3:hr>107</ns3:hr>
          </ns3:TrackPointExtension>
        </extensions>
      </trkpt>
      <trkpt lat="24.51687340624630451202392578125" lon="118.15334617160260677337646484375">
        <ele>27.799999237060546875</ele>
        <time>2026-09-10T09:42:24.000Z</time>
        <extensions>
          <ns3:TrackPointExtension>
            <ns3:atemp>30.0</ns3:atemp>
            <ns3:hr>107</ns3:hr>
          </ns3:TrackPointExtension>
        </extensions>
      </trkpt>
      <trkpt lat="24.51679595746099948883056640625" lon="118.153365366160869598388671875">
        <ele>27.6000003814697265625</ele>
        <time>2026-09-10T09:42:25.000Z</time>
        <extensions>
          <ns3:TrackPointExtension>
            <ns3:atemp>30.0</ns3:atemp>
            <ns3:hr>107</ns3:hr>
          </ns3:TrackPointExtension>
        </extensions>
      </trkpt>
      <trkpt lat="24.51668397523462772369384765625" lon="118.1533863209187984466552734375">
        <ele>27.3999996185302734375</ele>
        <time>2026-09-10T09:42:27.000Z</time>
        <extensions>
          <ns3:TrackPointExtension>
            <ns3:atemp>30.0</ns3:atemp>
            <ns3:hr>108</ns3:hr>
          </ns3:TrackPointExtension>
        </extensions>
      </trkpt>
      <trkpt lat="24.51654936186969280242919921875" lon="118.15343921072781085968017578125">
        <ele>27.3999996185302734375</ele>
        <time>2026-09-10T09:42:29.000Z</time>
        <extensions>
          <ns3:TrackPointExtension>
            <ns3:atemp>30.0</ns3:atemp>
            <ns3:hr>108</ns3:hr>
          </ns3:TrackPointExtension>
        </extensions>
      </trkpt>
      <trkpt lat="24.51642245985567569732666015625" lon="118.153430409729480743408203125">
        <ele>27.3999996185302734375</ele>
        <time>2026-09-10T09:42:31.000Z</time>
        <extensions>
          <ns3:TrackPointExtension>
            <ns3:atemp>30.0</ns3:atemp>
            <ns3:hr>108</ns3:hr>
          </ns3:TrackPointExtension>
        </extensions>
      </trkpt>
      <trkpt lat="24.51627141796052455902099609375" lon="118.153459914028644561767578125">
        <ele>27.200000762939453125</ele>
        <time>2026-09-10T09:42:34.000Z</time>
        <extensions>
          <ns3:TrackPointExtension>
            <ns3:atemp>30.0</ns3:atemp>
            <ns3:hr>107</ns3:hr>
          </ns3:TrackPointExtension>
        </extensions>
      </trkpt>
      <trkpt lat="24.516097493469715118408203125" lon="118.15353107638657093048095703125">
        <ele>26.3999996185302734375</ele>
        <time>2026-09-10T09:42:37.000Z</time>
        <extensions>
          <ns3:TrackPointExtension>
            <ns3:atemp>30.0</ns3:atemp>
            <ns3:hr>107</ns3:hr>
          </ns3:TrackPointExtension>
        </extensions>
      </trkpt>
      <trkpt lat="24.516001604497432708740234375" lon="118.15363149158656597137451171875">
        <ele>26</ele>
        <time>2026-09-10T09:42:39.000Z</time>
        <extensions>
          <ns3:TrackPointExtension>
            <ns3:atemp>30.0</ns3:atemp>
            <ns3:hr>106</ns3:hr>
          </ns3:TrackPointExtension>
        </extensions>
      </trkpt>
      <trkpt lat="24.51589674688875675201416015625" lon="118.1536907516419887542724609375">
        <ele>25.200000762939453125</ele>
        <time>2026-09-10T09:42:41.000Z</time>
        <extensions>
          <ns3:TrackPointExtension>
            <ns3:atemp>30.0</ns3:atemp>
            <ns3:hr>107</ns3:hr>
          </ns3:TrackPointExtension>
        </extensions>
      </trkpt>
      <trkpt lat="24.5157913863658905029296875" lon="118.15372101031243801116943359375">
        <ele>24.799999237060546875</ele>
        <time>2026-09-10T09:42:43.000Z</time>
        <extensions>
          <ns3:TrackPointExtension>
            <ns3:atemp>30.0</ns3:atemp>
            <ns3:hr>107</ns3:hr>
          </ns3:TrackPointExtension>
        </extensions>
      </trkpt>
      <trkpt lat="24.51572634279727935791015625" lon="118.1537085212767124176025390625">
        <ele>24.6000003814697265625</ele>
        <time>2026-09-10T09:42:44.000Z</time>
        <extensions>
          <ns3:TrackPointExtension>
            <ns3:atemp>30.0</ns3:atemp>
            <ns3:hr>107</ns3:hr>
          </ns3:TrackPointExtension>
        </extensions>
      </trkpt>
      <trkpt lat="24.51567001640796661376953125" lon="118.1536822021007537841796875">
        <ele>24.3999996185302734375</ele>
        <time>2026-09-10T09:42:45.000Z</time>
        <extensions>
          <ns3:TrackPointExtension>
            <ns3:atemp>30.0</ns3:atemp>
            <ns3:hr>107</ns3:hr>
          </ns3:TrackPointExtension>
        </extensions>
      </trkpt>
      <trkpt lat="24.51553112827241420745849609375" lon="118.15366049297153949737548828125">
        <ele>24.3999996185302734375</ele>
        <time>2026-09-10T09:42:47.000Z</time>
        <extensions>
          <ns3:TrackPointExtension>
            <ns3:atemp>30.0</ns3:atemp>
            <ns3:hr>110</ns3:hr>
          </ns3:TrackPointExtension>
        </extensions>
      </trkpt>
      <trkpt lat="24.5154901407659053802490234375" lon="118.153657056391239166259765625">
        <ele>24.3999996185302734375</ele>
        <time>2026-09-10T09:42:48.000Z</time>
        <extensions>
          <ns3:TrackPointExtension>
            <ns3:atemp>30.0</ns3:atemp>
            <ns3:hr>111</ns3:hr>
          </ns3:TrackPointExtension>
        </extensions>
      </trkpt>
      <trkpt lat="24.5152983628213405609130859375" lon="118.1536488421261310577392578125">
        <ele>24.3999996185302734375</ele>
        <time>2026-09-10T09:42:51.000Z</time>
        <extensions>
          <ns3:TrackPointExtension>
            <ns3:atemp>30.0</ns3:atemp>
            <ns3:hr>111</ns3:hr>
          </ns3:TrackPointExtension>
        </extensions>
      </trkpt>
      <trkpt lat="24.51515511609613895416259765625" lon="118.15360550768673419952392578125">
        <ele>24.3999996185302734375</ele>
        <time>2026-09-10T09:42:53.000Z</time>
        <extensions>
          <ns3:TrackPointExtension>
            <ns3:atemp>30.0</ns3:atemp>
            <ns3:hr>111</ns3:hr>
          </ns3:TrackPointExtension>
        </extensions>
      </trkpt>
      <trkpt lat="24.515062831342220306396484375" lon="118.15363802947103977203369140625">
        <ele>25</ele>
        <time>2026-09-10T09:42:55.000Z</time>
        <extensions>
          <ns3:TrackPointExtension>
            <ns3:atemp>30.0</ns3:atemp>
            <ns3:hr>113</ns3:hr>
          </ns3:TrackPointExtension>
        </extensions>
      </trkpt>
      <trkpt lat="24.5150737278163433074951171875" lon="118.153786472976207733154296875">
        <ele>25</ele>
        <time>2026-09-10T09:42:57.000Z</time>
        <extensions>
          <ns3:TrackPointExtension>
            <ns3:atemp>30.0</ns3:atemp>
            <ns3:hr>114</ns3:hr>
          </ns3:TrackPointExtension>
        </extensions>
      </trkpt>
      <trkpt lat="24.5150526054203510284423828125" lon="118.1538932584226131439208984375">
        <ele>25</ele>
        <time>2026-09-10T09:42:58.000Z</time>
        <extensions>
          <ns3:TrackPointExtension>
            <ns3:atemp>30.0</ns3:atemp>
            <ns3:hr>114</ns3:hr>
          </ns3:TrackPointExtension>
        </extensions>
      </trkpt>
      <trkpt lat="24.5150251127779483795166015625" lon="118.15401102416217327117919921875">
        <ele>24.3999996185302734375</ele>
        <time>2026-09-10T09:42:59.000Z</time>
        <extensions>
          <ns3:TrackPointExtension>
            <ns3:atemp>30.0</ns3:atemp>
            <ns3:hr>115</ns3:hr>
          </ns3:TrackPointExtension>
        </extensions>
      </trkpt>
      <trkpt lat="24.5149875618517398834228515625" lon="118.1540930829942226409912109375">
        <ele>24.200000762939453125</ele>
        <time>2026-09-10T09:43:00.000Z</time>
        <extensions>
          <ns3:TrackPointExtension>
            <ns3:atemp>30.0</ns3:atemp>
            <ns3:hr>115</ns3:hr>
          </ns3:TrackPointExtension>
        </extensions>
      </trkpt>
      <trkpt lat="24.51489494182169437408447265625" lon="118.15421990118920803070068359375">
        <ele>24</ele>
        <time>2026-09-10T09:43:02.000Z</time>
        <extensions>
          <ns3:TrackPointExtension>
            <ns3:atemp>30.0</ns3:atemp>
            <ns3:hr>116</ns3:hr>
          </ns3:TrackPointExtension>
        </extensions>
      </trkpt>
      <trkpt lat="24.5148474164307117462158203125" lon="118.15426893532276153564453125">
        <ele>24</ele>
        <time>2026-09-10T09:43:03.000Z</time>
        <extensions>
          <ns3:TrackPointExtension>
            <ns3:atemp>30.0</ns3:atemp>
            <ns3:hr>116</ns3:hr>
          </ns3:TrackPointExtension>
        </extensions>
      </trkpt>
      <trkpt lat="24.514799304306507110595703125" lon="118.154304809868335723876953125">
        <ele>24</ele>
        <time>2026-09-10T09:43:04.000Z</time>
        <extensions>
          <ns3:TrackPointExtension>
            <ns3:atemp>30.0</ns3:atemp>
            <ns3:hr>116</ns3:hr>
          </ns3:TrackPointExtension>
        </extensions>
      </trkpt>
      <trkpt lat="24.51468623243272304534912109375" lon="118.154378235340118408203125">
        <ele>24.200000762939453125</ele>
        <time>2026-09-10T09:43:07.000Z</time>
        <extensions>
          <ns3:TrackPointExtension>
            <ns3:atemp>30.0</ns3:atemp>
            <ns3:hr>118</ns3:hr>
          </ns3:TrackPointExtension>
        </extensions>
      </trkpt>
      <trkpt lat="24.514668881893157958984375" lon="118.15441151149570941925048828125">
        <ele>25</ele>
        <time>2026-09-10T09:43:10.000Z</time>
        <extensions>
          <ns3:TrackPointExtension>
            <ns3:atemp>30.0</ns3:atemp>
            <ns3:hr>121</ns3:hr>
          </ns3:TrackPointExtension>
        </extensions>
      </trkpt>
      <trkpt lat="24.5146610029041767120361328125" lon="118.154412768781185150146484375">
        <ele>25.200000762939453125</ele>
        <time>2026-09-10T09:43:11.000Z</time>
        <extensions>
          <ns3:TrackPointExtension>
            <ns3:atemp>30.0</ns3:atemp>
            <ns3:hr>121</ns3:hr>
          </ns3:TrackPointExtension>
        </extensions>
      </trkpt>
      <trkpt lat="24.51462185941636562347412109375" lon="118.15442408435046672821044921875">
        <ele>25.200000762939453125</ele>
        <time>2026-09-10T09:43:15.000Z</time>
        <extensions>
          <ns3:TrackPointExtension>
            <ns3:atemp>30.0</ns3:atemp>
            <ns3:hr>118</ns3:hr>
          </ns3:TrackPointExtension>
        </extensions>
      </trkpt>
      <trkpt lat="24.5145882479846477508544921875" lon="118.15444889478385448455810546875">
        <ele>25</ele>
        <time>2026-09-10T09:43:17.000Z</time>
        <extensions>
          <ns3:TrackPointExtension>
            <ns3:atemp>30.0</ns3:atemp>
            <ns3:hr>115</ns3:hr>
          </ns3:TrackPointExtension>
        </extensions>
      </trkpt>
      <trkpt lat="24.5145600847899913787841796875" lon="118.15445459447801113128662109375">
        <ele>25</ele>
        <time>2026-09-10T09:43:18.000Z</time>
        <extensions>
          <ns3:TrackPointExtension>
            <ns3:atemp>30.0</ns3:atemp>
            <ns3:hr>113</ns3:hr>
          </ns3:TrackPointExtension>
        </extensions>
      </trkpt>
      <trkpt lat="24.5145392976701259613037109375" lon="118.15446029417216777801513671875">
        <ele>25.200000762939453125</ele>
        <time>2026-09-10T09:43:19.000Z</time>
        <extensions>
          <ns3:TrackPointExtension>
            <ns3:atemp>30.0</ns3:atemp>
            <ns3:hr>112</ns3:hr>
          </ns3:TrackPointExtension>
        </extensions>
      </trkpt>
      <trkpt lat="24.51434592716395854949951171875" lon="118.15448963083326816558837890625">
        <ele>25.200000762939453125</ele>
        <time>2026-09-10T09:43:26.000Z</time>
        <extensions>
          <ns3:TrackPointExtension>
            <ns3:atemp>30.0</ns3:atemp>
            <ns3:hr>111</ns3:hr>
          </ns3:TrackPointExtension>
        </extensions>
      </trkpt>
      <trkpt lat="24.51416571624577045440673828125" lon="118.15454763360321521759033203125">
        <ele>25.6000003814697265625</ele>
        <time>2026-09-10T09:43:31.000Z</time>
        <extensions>
          <ns3:TrackPointExtension>
            <ns3:atemp>30.0</ns3:atemp>
            <ns3:hr>108</ns3:hr>
          </ns3:TrackPointExtension>
        </extensions>
      </trkpt>
      <trkpt lat="24.5141175203025341033935546875" lon="118.154554255306720733642578125">
        <ele>25.6000003814697265625</ele>
        <time>2026-09-10T09:43:32.000Z</time>
        <extensions>
          <ns3:TrackPointExtension>
            <ns3:atemp>30.0</ns3:atemp>
            <ns3:hr>108</ns3:hr>
          </ns3:TrackPointExtension>
        </extensions>
      </trkpt>
      <trkpt lat="24.51386245898902416229248046875" lon="118.15461703576147556304931640625">
        <ele>25.6000003814697265625</ele>
        <time>2026-09-10T09:43:37.000Z</time>
        <extensions>
          <ns3:TrackPointExtension>
            <ns3:atemp>30.0</ns3:atemp>
            <ns3:hr>106</ns3:hr>
          </ns3:TrackPointExtension>
        </extensions>
      </trkpt>
      <trkpt lat="24.5136697590351104736328125" lon="118.15468601882457733154296875">
        <ele>25</ele>
        <time>2026-09-10T09:43:42.000Z</time>
        <extensions>
          <ns3:TrackPointExtension>
            <ns3:atemp>30.0</ns3:atemp>
            <ns3:hr>104</ns3:hr>
          </ns3:TrackPointExtension>
        </extensions>
      </trkpt>
      <trkpt lat="24.51363363303244113922119140625" lon="118.154709823429584503173828125">
        <ele>24.799999237060546875</ele>
        <time>2026-09-10T09:43:43.000Z</time>
        <extensions>
          <ns3:TrackPointExtension>
            <ns3:atemp>30.0</ns3:atemp>
            <ns3:hr>107</ns3:hr>
          </ns3:TrackPointExtension>
        </extensions>
      </trkpt>
      <trkpt lat="24.513563476502895355224609375" lon="118.1547455303370952606201171875">
        <ele>24.799999237060546875</ele>
        <time>2026-09-10T09:43:47.000Z</time>
        <extensions>
          <ns3:TrackPointExtension>
            <ns3:atemp>30.0</ns3:atemp>
            <ns3:hr>106</ns3:hr>
          </ns3:TrackPointExtension>
        </extensions>
      </trkpt>
      <trkpt lat="24.51353154145181179046630859375" lon="118.15475030802190303802490234375">
        <ele>24.799999237060546875</ele>
        <time>2026-09-10T09:43:48.000Z</time>
        <extensions>
          <ns3:TrackPointExtension>
            <ns3:atemp>30.0</ns3:atemp>
            <ns3:hr>107</ns3:hr>
          </ns3:TrackPointExtension>
        </extensions>
      </trkpt>
      <trkpt lat="24.513352923095226287841796875" lon="118.15473589114844799041748046875">
        <ele>25.6000003814697265625</ele>
        <time>2026-09-10T09:43:52.000Z</time>
        <extensions>
          <ns3:TrackPointExtension>
            <ns3:atemp>30.0</ns3:atemp>
            <ns3:hr>107</ns3:hr>
          </ns3:TrackPointExtension>
        </extensions>
      </trkpt>
      <trkpt lat="24.51318771578371524810791015625" lon="118.15471393056213855743408203125">
        <ele>26.200000762939453125</ele>
        <time>2026-09-10T09:43:55.000Z</time>
        <extensions>
          <ns3:TrackPointExtension>
            <ns3:atemp>30.0</ns3:atemp>
            <ns3:hr>107</ns3:hr>
          </ns3:TrackPointExtension>
        </extensions>
      </trkpt>
      <trkpt lat="24.51308193616569042205810546875" lon="118.1547163613140583038330078125">
        <ele>26.3999996185302734375</ele>
        <time>2026-09-10T09:43:57.000Z</time>
        <extensions>
          <ns3:TrackPointExtension>
            <ns3:atemp>30.0</ns3:atemp>
            <ns3:hr>106</ns3:hr>
          </ns3:TrackPointExtension>
        </extensions>
      </trkpt>
      <trkpt lat="24.51282151043415069580078125" lon="118.15473907627165317535400390625">
        <ele>26.799999237060546875</ele>
        <time>2026-09-10T09:44:01.000Z</time>
        <extensions>
          <ns3:TrackPointExtension>
            <ns3:atemp>30.0</ns3:atemp>
            <ns3:hr>106</ns3:hr>
          </ns3:TrackPointExtension>
        </extensions>
      </trkpt>
      <trkpt lat="24.51271497644484043121337890625" lon="118.154731281101703643798828125">
        <ele>26.799999237060546875</ele>
        <time>2026-09-10T09:44:03.000Z</time>
        <extensions>
          <ns3:TrackPointExtension>
            <ns3:atemp>30.0</ns3:atemp>
            <ns3:hr>107</ns3:hr>
          </ns3:TrackPointExtension>
        </extensions>
      </trkpt>
      <trkpt lat="24.51259226538240909576416015625" lon="118.15468140877783298492431640625">
        <ele>27</ele>
        <time>2026-09-10T09:44:05.000Z</time>
        <extensions>
          <ns3:TrackPointExtension>
            <ns3:atemp>30.0</ns3:atemp>
            <ns3:hr>107</ns3:hr>
          </ns3:TrackPointExtension>
        </extensions>
      </trkpt>
      <trkpt lat="24.51242177747189998626708984375" lon="118.1546048820018768310546875">
        <ele>27</ele>
        <time>2026-09-10T09:44:09.000Z</time>
        <extensions>
          <ns3:TrackPointExtension>
            <ns3:atemp>30.0</ns3:atemp>
            <ns3:hr>110</ns3:hr>
          </ns3:TrackPointExtension>
        </extensions>
      </trkpt>
      <trkpt lat="24.51239964924752712249755859375" lon="118.15460421144962310791015625">
        <ele>27</ele>
        <time>2026-09-10T09:44:10.000Z</time>
        <extensions>
          <ns3:TrackPointExtension>
            <ns3:atemp>30.0</ns3:atemp>
            <ns3:hr>111</ns3:hr>
          </ns3:TrackPointExtension>
        </extensions>
      </trkpt>
      <trkpt lat="24.512305520474910736083984375" lon="118.15461586229503154754638671875">
        <ele>26.799999237060546875</ele>
        <time>2026-09-10T09:44:12.000Z</time>
        <extensions>
          <ns3:TrackPointExtension>
            <ns3:atemp>30.0</ns3:atemp>
            <ns3:hr>112</ns3:hr>
          </ns3:TrackPointExtension>
        </extensions>
      </trkpt>
      <trkpt lat="24.51219965703785419464111328125" lon="118.15463933162391185760498046875">
        <ele>26.3999996185302734375</ele>
        <time>2026-09-10T09:44:14.000Z</time>
        <extensions>
          <ns3:TrackPointExtension>
            <ns3:atemp>30.0</ns3:atemp>
            <ns3:hr>114</ns3:hr>
          </ns3:TrackPointExtension>
        </extensions>
      </trkpt>
      <trkpt lat="24.512149952352046966552734375" lon="118.1546509824693202972412109375">
        <ele>25.200000762939453125</ele>
        <time>2026-09-10T09:44:15.000Z</time>
        <extensions>
          <ns3:TrackPointExtension>
            <ns3:atemp>30.0</ns3:atemp>
            <ns3:hr>114</ns3:hr>
          </ns3:TrackPointExtension>
        </extensions>
      </trkpt>
      <trkpt lat="24.51204543001949787139892578125" lon="118.15468132495880126953125">
        <ele>25.200000762939453125</ele>
        <time>2026-09-10T09:44:17.000Z</time>
        <extensions>
          <ns3:TrackPointExtension>
            <ns3:atemp>30.0</ns3:atemp>
            <ns3:hr>116</ns3:hr>
          </ns3:TrackPointExtension>
        </extensions>
      </trkpt>
      <trkpt lat="24.511885754764080047607421875" lon="118.1547227315604686737060546875">
        <ele>25.200000762939453125</ele>
        <time>2026-09-10T09:44:20.000Z</time>
        <extensions>
          <ns3:TrackPointExtension>
            <ns3:atemp>30.0</ns3:atemp>
            <ns3:hr>116</ns3:hr>
          </ns3:TrackPointExtension>
        </extensions>
      </trkpt>
      <trkpt lat="24.511675536632537841796875" lon="118.154760114848613739013671875">
        <ele>23.799999237060546875</ele>
        <time>2026-09-10T09:44:24.000Z</time>
        <extensions>
          <ns3:TrackPointExtension>
            <ns3:atemp>30.0</ns3:atemp>
            <ns3:hr>117</ns3:hr>
          </ns3:TrackPointExtension>
        </extensions>
      </trkpt>
      <trkpt lat="24.51156347058713436126708984375" lon="118.1547897867858409881591796875">
        <ele>23.3999996185302734375</ele>
        <time>2026-09-10T09:44:26.000Z</time>
        <extensions>
          <ns3:TrackPointExtension>
            <ns3:atemp>30.0</ns3:atemp>
            <ns3:hr>117</ns3:hr>
          </ns3:TrackPointExtension>
        </extensions>
      </trkpt>
      <trkpt lat="24.51150815002620220184326171875" lon="118.1547817401587963104248046875">
        <ele>23.200000762939453125</ele>
        <time>2026-09-10T09:44:27.000Z</time>
        <extensions>
          <ns3:TrackPointExtension>
            <ns3:atemp>30.0</ns3:atemp>
            <ns3:hr>117</ns3:hr>
          </ns3:TrackPointExtension>
        </extensions>
      </trkpt>
      <trkpt lat="24.51135643757879734039306640625" lon="118.15477914176881313323974609375">
        <ele>23.200000762939453125</ele>
        <time>2026-09-10T09:44:30.000Z</time>
        <extensions>
          <ns3:TrackPointExtension>
            <ns3:atemp>30.0</ns3:atemp>
            <ns3:hr>117</ns3:hr>
          </ns3:TrackPointExtension>
        </extensions>
      </trkpt>
      <trkpt lat="24.51131503097712993621826171875" lon="118.15478350035846233367919921875">
        <ele>23.200000762939453125</ele>
        <time>2026-09-10T09:44:31.000Z</time>
        <extensions>
          <ns3:TrackPointExtension>
            <ns3:atemp>30.0</ns3:atemp>
            <ns3:hr>116</ns3:hr>
          </ns3:TrackPointExtension>
        </extensions>
      </trkpt>
      <trkpt lat="24.51114286668598651885986328125" lon="118.15483278594911098480224609375">
        <ele>23.3999996185302734375</ele>
        <time>2026-09-10T09:44:34.000Z</time>
        <extensions>
          <ns3:TrackPointExtension>
            <ns3:atemp>30.0</ns3:atemp>
            <ns3:hr>117</ns3:hr>
          </ns3:TrackPointExtension>
        </extensions>
      </trkpt>
      <trkpt lat="24.5108690299093723297119140625" lon="118.15486547537147998809814453125">
        <ele>24.6000003814697265625</ele>
        <time>2026-09-10T09:44:38.000Z</time>
        <extensions>
          <ns3:TrackPointExtension>
            <ns3:atemp>30.0</ns3:atemp>
            <ns3:hr>120</ns3:hr>
          </ns3:TrackPointExtension>
        </extensions>
      </trkpt>
      <trkpt lat="24.510736763477325439453125" lon="118.15488475374877452850341796875">
        <ele>24.799999237060546875</ele>
        <time>2026-09-10T09:44:40.000Z</time>
        <extensions>
          <ns3:TrackPointExtension>
            <ns3:atemp>30.0</ns3:atemp>
            <ns3:hr>122</ns3:hr>
          </ns3:TrackPointExtension>
        </extensions>
      </trkpt>
      <trkpt lat="24.510581530630588531494140625" lon="118.154904283583164215087890625">
        <ele>24.799999237060546875</ele>
        <time>2026-09-10T09:44:42.000Z</time>
        <extensions>
          <ns3:TrackPointExtension>
            <ns3:atemp>30.0</ns3:atemp>
            <ns3:hr>124</ns3:hr>
          </ns3:TrackPointExtension>
        </extensions>
      </trkpt>
      <trkpt lat="24.51052176766097545623779296875" lon="118.15492280758917331695556640625">
        <ele>24.799999237060546875</ele>
        <time>2026-09-10T09:44:43.000Z</time>
        <extensions>
          <ns3:TrackPointExtension>
            <ns3:atemp>30.0</ns3:atemp>
            <ns3:hr>124</ns3:hr>
          </ns3:TrackPointExtension>
        </extensions>
      </trkpt>
      <trkpt lat="24.5103872381150722503662109375" lon="118.1549383141100406646728515625">
        <ele>25</ele>
        <time>2026-09-10T09:44:45.000Z</time>
        <extensions>
          <ns3:TrackPointExtension>
            <ns3:atemp>30.0</ns3:atemp>
            <ns3:hr>126</ns3:hr>
          </ns3:TrackPointExtension>
        </extensions>
      </trkpt>
      <trkpt lat="24.51027031056582927703857421875" lon="118.15493437461555004119873046875">
        <ele>24.799999237060546875</ele>
        <time>2026-09-10T09:44:47.000Z</time>
        <extensions>
          <ns3:TrackPointExtension>
            <ns3:atemp>30.0</ns3:atemp>
            <ns3:hr>126</ns3:hr>
          </ns3:TrackPointExtension>
        </extensions>
      </trkpt>
      <trkpt lat="24.51007517985999584197998046875" lon="118.155061863362789154052734375">
        <ele>24.6000003814697265625</ele>
        <time>2026-09-10T09:44:50.000Z</time>
        <extensions>
          <ns3:TrackPointExtension>
            <ns3:atemp>30.0</ns3:atemp>
            <ns3:hr>126</ns3:hr>
          </ns3:TrackPointExtension>
        </extensions>
      </trkpt>
      <trkpt lat="24.50999823398888111114501953125" lon="118.15507871098816394805908203125">
        <ele>22.6000003814697265625</ele>
        <time>2026-09-10T09:44:51.000Z</time>
        <extensions>
          <ns3:TrackPointExtension>
            <ns3:atemp>30.0</ns3:atemp>
            <ns3:hr>126</ns3:hr>
          </ns3:TrackPointExtension>
        </extensions>
      </trkpt>
      <trkpt lat="24.50953454710543155670166015625" lon="118.15512950532138347625732421875">
        <ele>22.3999996185302734375</ele>
        <time>2026-09-10T09:44:58.000Z</time>
        <extensions>
          <ns3:TrackPointExtension>
            <ns3:atemp>30.0</ns3:atemp>
            <ns3:hr>125</ns3:hr>
          </ns3:TrackPointExtension>
        </extensions>
      </trkpt>
      <trkpt lat="24.50896273367106914520263671875" lon="118.15521852113306522369384765625">
        <ele>22.200000762939453125</ele>
        <time>2026-09-10T09:45:06.000Z</time>
        <extensions>
          <ns3:TrackPointExtension>
            <ns3:atemp>30.0</ns3:atemp>
            <ns3:hr>125</ns3:hr>
          </ns3:TrackPointExtension>
        </extensions>
      </trkpt>
      <trkpt lat="24.5088288746774196624755859375" lon="118.15529764629900455474853515625">
        <ele>22.3999996185302734375</ele>
        <time>2026-09-10T09:45:08.000Z</time>
        <extensions>
          <ns3:TrackPointExtension>
            <ns3:atemp>30.0</ns3:atemp>
            <ns3:hr>124</ns3:hr>
          </ns3:TrackPointExtension>
        </extensions>
      </trkpt>
      <trkpt lat="24.50871747918426990509033203125" lon="118.155383057892322540283203125">
        <ele>22.3999996185302734375</ele>
        <time>2026-09-10T09:45:10.000Z</time>
        <extensions>
          <ns3:TrackPointExtension>
            <ns3:atemp>30.0</ns3:atemp>
            <ns3:hr>124</ns3:hr>
          </ns3:TrackPointExtension>
        </extensions>
      </trkpt>
      <trkpt lat="24.50859837234020233154296875" lon="118.155448772013187408447265625">
        <ele>22.3999996185302734375</ele>
        <time>2026-09-10T09:45:12.000Z</time>
        <extensions>
          <ns3:TrackPointExtension>
            <ns3:atemp>30.0</ns3:atemp>
            <ns3:hr>125</ns3:hr>
          </ns3:TrackPointExtension>
        </extensions>
      </trkpt>
      <trkpt lat="24.50847138650715351104736328125" lon="118.155456148087978363037109375">
        <ele>22.3999996185302734375</ele>
        <time>2026-09-10T09:45:14.000Z</time>
        <extensions>
          <ns3:TrackPointExtension>
            <ns3:atemp>30.0</ns3:atemp>
            <ns3:hr>125</ns3:hr>
          </ns3:TrackPointExtension>
        </extensions>
      </trkpt>
      <trkpt lat="24.50836879201233386993408203125" lon="118.15548489801585674285888671875">
        <ele>22.799999237060546875</ele>
        <time>2026-09-10T09:45:16.000Z</time>
        <extensions>
          <ns3:TrackPointExtension>
            <ns3:atemp>30.0</ns3:atemp>
            <ns3:hr>125</ns3:hr>
          </ns3:TrackPointExtension>
        </extensions>
      </trkpt>
      <trkpt lat="24.50833559967577457427978515625" lon="118.1554925255477428436279296875">
        <ele>22.799999237060546875</ele>
        <time>2026-09-10T09:45:17.000Z</time>
        <extensions>
          <ns3:TrackPointExtension>
            <ns3:atemp>30.0</ns3:atemp>
            <ns3:hr>125</ns3:hr>
          </ns3:TrackPointExtension>
        </extensions>
      </trkpt>
      <trkpt lat="24.50828111730515956878662109375" lon="118.1554868258535861968994140625">
        <ele>23</ele>
        <time>2026-09-10T09:45:19.000Z</time>
        <extensions>
          <ns3:TrackPointExtension>
            <ns3:atemp>30.0</ns3:atemp>
            <ns3:hr>125</ns3:hr>
          </ns3:TrackPointExtension>
        </extensions>
      </trkpt>
      <trkpt lat="24.50825027190148830413818359375" lon="118.15549059771001338958740234375">
        <ele>23.200000762939453125</ele>
        <time>2026-09-10T09:45:20.000Z</time>
        <extensions>
          <ns3:TrackPointExtension>
            <ns3:atemp>30.0</ns3:atemp>
            <ns3:hr>125</ns3:hr>
          </ns3:TrackPointExtension>
        </extensions>
      </trkpt>
      <trkpt lat="24.5081578195095062255859375" lon="118.1554657034575939178466796875">
        <ele>23.799999237060546875</ele>
        <time>2026-09-10T09:45:22.000Z</time>
        <extensions>
          <ns3:TrackPointExtension>
            <ns3:atemp>30.0</ns3:atemp>
            <ns3:hr>128</ns3:hr>
          </ns3:TrackPointExtension>
        </extensions>
      </trkpt>
      <trkpt lat="24.50808565132319927215576171875" lon="118.15543393604457378387451171875">
        <ele>24.200000762939453125</ele>
        <time>2026-09-10T09:45:24.000Z</time>
        <extensions>
          <ns3:TrackPointExtension>
            <ns3:atemp>30.0</ns3:atemp>
            <ns3:hr>131</ns3:hr>
          </ns3:TrackPointExtension>
        </extensions>
      </trkpt>
      <trkpt lat="24.50798012316226959228515625" lon="118.15539940260350704193115234375">
        <ele>24.6000003814697265625</ele>
        <time>2026-09-10T09:45:28.000Z</time>
        <extensions>
          <ns3:TrackPointExtension>
            <ns3:atemp>30.0</ns3:atemp>
            <ns3:hr>132</ns3:hr>
          </ns3:TrackPointExtension>
        </extensions>
      </trkpt>
      <trkpt lat="24.50790225528180599212646484375" lon="118.1553916074335575103759765625">
        <ele>24.799999237060546875</ele>
        <time>2026-09-10T09:45:32.000Z</time>
        <extensions>
          <ns3:TrackPointExtension>
            <ns3:atemp>30.0</ns3:atemp>
            <ns3:hr>130</ns3:hr>
          </ns3:TrackPointExtension>
        </extensions>
      </trkpt>
      <trkpt lat="24.50777753256261348724365234375" lon="118.15537291578948497772216796875">
        <ele>25</ele>
        <time>2026-09-10T09:45:34.000Z</time>
        <extensions>
          <ns3:TrackPointExtension>
            <ns3:atemp>30.0</ns3:atemp>
            <ns3:hr>129</ns3:hr>
          </ns3:TrackPointExtension>
        </extensions>
      </trkpt>
      <trkpt lat="24.5073690824210643768310546875" lon="118.155320696532726287841796875">
        <ele>26</ele>
        <time>2026-09-10T09:45:39.000Z</time>
        <extensions>
          <ns3:TrackPointExtension>
            <ns3:atemp>30.0</ns3:atemp>
            <ns3:hr>128</ns3:hr>
          </ns3:TrackPointExtension>
        </extensions>
      </trkpt>
      <trkpt lat="24.50733530335128307342529296875" lon="118.15531306900084018707275390625">
        <ele>26.3999996185302734375</ele>
        <time>2026-09-10T09:45:40.000Z</time>
        <extensions>
          <ns3:TrackPointExtension>
            <ns3:atemp>30.0</ns3:atemp>
            <ns3:hr>128</ns3:hr>
          </ns3:TrackPointExtension>
        </extensions>
      </trkpt>
      <trkpt lat="24.50712072663009166717529296875" lon="118.15526395104825496673583984375">
        <ele>26.799999237060546875</ele>
        <time>2026-09-10T09:45:47.000Z</time>
        <extensions>
          <ns3:TrackPointExtension>
            <ns3:atemp>30.0</ns3:atemp>
            <ns3:hr>127</ns3:hr>
          </ns3:TrackPointExtension>
        </extensions>
      </trkpt>
      <trkpt lat="24.507032968103885650634765625" lon="118.1552434153854846954345703125">
        <ele>27</ele>
        <time>2026-09-10T09:45:50.000Z</time>
        <extensions>
          <ns3:TrackPointExtension>
            <ns3:atemp>30.0</ns3:atemp>
            <ns3:hr>126</ns3:hr>
          </ns3:TrackPointExtension>
        </extensions>
      </trkpt>
      <trkpt lat="24.5070502348244190216064453125" lon="118.15523075871169567108154296875">
        <ele>27.200000762939453125</ele>
        <time>2026-09-10T09:45:53.000Z</time>
        <extensions>
          <ns3:TrackPointExtension>
            <ns3:atemp>30.0</ns3:atemp>
            <ns3:hr>125</ns3:hr>
          </ns3:TrackPointExtension>
        </extensions>
      </trkpt>
      <trkpt lat="24.50710304081439971923828125" lon="118.1552058644592761993408203125">
        <ele>27.6000003814697265625</ele>
        <time>2026-09-10T09:45:57.000Z</time>
        <extensions>
          <ns3:TrackPointExtension>
            <ns3:atemp>30.0</ns3:atemp>
            <ns3:hr>122</ns3:hr>
          </ns3:TrackPointExtension>
        </extensions>
      </trkpt>
      <trkpt lat="24.50710429809987545013427734375" lon="118.1552015058696269989013671875">
        <ele>27.799999237060546875</ele>
        <time>2026-09-10T09:45:58.000Z</time>
        <extensions>
          <ns3:TrackPointExtension>
            <ns3:atemp>30.0</ns3:atemp>
            <ns3:hr>122</ns3:hr>
          </ns3:TrackPointExtension>
        </extensions>
      </trkpt>
      <trkpt lat="24.50702986679971218109130859375" lon="118.15519387833774089813232421875">
        <ele>28</ele>
        <time>2026-09-10T09:46:01.000Z</time>
        <extensions>
          <ns3:TrackPointExtension>
            <ns3:atemp>30.0</ns3:atemp>
            <ns3:hr>121</ns3:hr>
          </ns3:TrackPointExtension>
        </extensions>
      </trkpt>
      <trkpt lat="24.5070170424878597259521484375" lon="118.1551864184439182281494140625">
        <ele>28</ele>
        <time>2026-09-10T09:46:02.000Z</time>
        <extensions>
          <ns3:TrackPointExtension>
            <ns3:atemp>30.0</ns3:atemp>
            <ns3:hr>120</ns3:hr>
          </ns3:TrackPointExtension>
        </extensions>
      </trkpt>
      <trkpt lat="24.50693163089454174041748046875" lon="118.1551766954362392425537109375">
        <ele>28.200000762939453125</ele>
        <time>2026-09-10T09:46:04.000Z</time>
        <extensions>
          <ns3:TrackPointExtension>
            <ns3:atemp>30.0</ns3:atemp>
            <ns3:hr>119</ns3:hr>
          </ns3:TrackPointExtension>
        </extensions>
      </trkpt>
      <trkpt lat="24.5068990252912044525146484375" lon="118.1551709957420825958251953125">
        <ele>28.200000762939453125</ele>
        <time>2026-09-10T09:46:08.000Z</time>
        <extensions>
          <ns3:TrackPointExtension>
            <ns3:atemp>30.0</ns3:atemp>
            <ns3:hr>119</ns3:hr>
          </ns3:TrackPointExtension>
        </extensions>
      </trkpt>
      <trkpt lat="24.50686105526983737945556640625" lon="118.15515808761119842529296875">
        <ele>28.3999996185302734375</ele>
        <time>2026-09-10T09:46:11.000Z</time>
        <extensions>
          <ns3:TrackPointExtension>
            <ns3:atemp>30.0</ns3:atemp>
            <ns3:hr>119</ns3:hr>
          </ns3:TrackPointExtension>
        </extensions>
      </trkpt>
      <trkpt lat="24.50681093148887157440185546875" lon="118.1551465205848217010498046875">
        <ele>29.200000762939453125</ele>
        <time>2026-09-10T09:46:13.000Z</time>
        <extensions>
          <ns3:TrackPointExtension>
            <ns3:atemp>30.0</ns3:atemp>
            <ns3:hr>120</ns3:hr>
          </ns3:TrackPointExtension>
        </extensions>
      </trkpt>
      <trkpt lat="24.50680338777601718902587890625" lon="118.1551401503384113311767578125">
        <ele>29.200000762939453125</ele>
        <time>2026-09-10T09:46:15.000Z</time>
        <extensions>
          <ns3:TrackPointExtension>
            <ns3:atemp>30.0</ns3:atemp>
            <ns3:hr>120</ns3:hr>
          </ns3:TrackPointExtension>
        </extensions>
      </trkpt>
      <trkpt lat="24.50681964866816997528076171875" lon="118.155123554170131683349609375">
        <ele>29.200000762939453125</ele>
        <time>2026-09-10T09:46:17.000Z</time>
        <extensions>
          <ns3:TrackPointExtension>
            <ns3:atemp>30.0</ns3:atemp>
            <ns3:hr>120</ns3:hr>
          </ns3:TrackPointExtension>
        </extensions>
      </trkpt>
      <trkpt lat="24.506814368069171905517578125" lon="118.1551290862262248992919921875">
        <ele>29.3999996185302734375</ele>
        <time>2026-09-10T09:46:18.000Z</time>
        <extensions>
          <ns3:TrackPointExtension>
            <ns3:atemp>30.0</ns3:atemp>
            <ns3:hr>120</ns3:hr>
          </ns3:TrackPointExtension>
        </extensions>
      </trkpt>
      <trkpt lat="24.5068209059536457061767578125" lon="118.15511827357113361358642578125">
        <ele>29.3999996185302734375</ele>
        <time>2026-09-10T09:46:19.000Z</time>
        <extensions>
          <ns3:TrackPointExtension>
            <ns3:atemp>30.0</ns3:atemp>
            <ns3:hr>119</ns3:hr>
          </ns3:TrackPointExtension>
        </extensions>
      </trkpt>
      <trkpt lat="24.50683004222810268402099609375" lon="118.15510871820151805877685546875">
        <ele>30</ele>
        <time>2026-09-10T09:46:22.000Z</time>
        <extensions>
          <ns3:TrackPointExtension>
            <ns3:atemp>30.0</ns3:atemp>
            <ns3:hr>118</ns3:hr>
          </ns3:TrackPointExtension>
        </extensions>
      </trkpt>
      <trkpt lat="24.50675259344279766082763671875" lon="118.1550989113748073577880859375">
        <ele>30.200000762939453125</ele>
        <time>2026-09-10T09:46:26.000Z</time>
        <extensions>
          <ns3:TrackPointExtension>
            <ns3:atemp>30.0</ns3:atemp>
            <ns3:hr>117</ns3:hr>
          </ns3:TrackPointExtension>
        </extensions>
      </trkpt>
      <trkpt lat="24.5066723786294460296630859375" lon="118.15509547479450702667236328125">
        <ele>30.200000762939453125</ele>
        <time>2026-09-10T09:46:28.000Z</time>
        <extensions>
          <ns3:TrackPointExtension>
            <ns3:atemp>30.0</ns3:atemp>
            <ns3:hr>117</ns3:hr>
          </ns3:TrackPointExtension>
        </extensions>
      </trkpt>
      <trkpt lat="24.506643712520599365234375" lon="118.15508030354976654052734375">
        <ele>30.3999996185302734375</ele>
        <time>2026-09-10T09:46:31.000Z</time>
        <extensions>
          <ns3:TrackPointExtension>
            <ns3:atemp>30.0</ns3:atemp>
            <ns3:hr>116</ns3:hr>
          </ns3:TrackPointExtension>
        </extensions>
      </trkpt>
      <trkpt lat="24.50659367255866527557373046875" lon="118.15507686696946620941162109375">
        <ele>30.3999996185302734375</ele>
        <time>2026-09-10T09:46:32.000Z</time>
        <extensions>
          <ns3:TrackPointExtension>
            <ns3:atemp>30.0</ns3:atemp>
            <ns3:hr>116</ns3:hr>
          </ns3:TrackPointExtension>
        </extensions>
      </trkpt>
      <trkpt lat="24.5065349154174327850341796875" lon="118.15507703460752964019775390625">
        <ele>30.6000003814697265625</ele>
        <time>2026-09-10T09:46:33.000Z</time>
        <extensions>
          <ns3:TrackPointExtension>
            <ns3:atemp>30.0</ns3:atemp>
            <ns3:hr>117</ns3:hr>
          </ns3:TrackPointExtension>
        </extensions>
      </trkpt>
      <trkpt lat="24.50619637034833431243896484375" lon="118.1550700776278972625732421875">
        <ele>30.6000003814697265625</ele>
        <time>2026-09-10T09:46:35.000Z</time>
        <extensions>
          <ns3:TrackPointExtension>
            <ns3:atemp>30.0</ns3:atemp>
            <ns3:hr>117</ns3:hr>
          </ns3:TrackPointExtension>
        </extensions>
      </trkpt>
      <trkpt lat="24.50587249360978603363037109375" lon="118.15502322278916835784912109375">
        <ele>30.6000003814697265625</ele>
        <time>2026-09-10T09:46:40.000Z</time>
        <extensions>
          <ns3:TrackPointExtension>
            <ns3:atemp>30.0</ns3:atemp>
            <ns3:hr>115</ns3:hr>
          </ns3:TrackPointExtension>
        </extensions>
      </trkpt>
      <trkpt lat="24.505502097308635711669921875" lon="118.15499355085194110870361328125">
        <ele>31.200000762939453125</ele>
        <time>2026-09-10T09:46:44.000Z</time>
        <extensions>
          <ns3:TrackPointExtension>
            <ns3:atemp>30.0</ns3:atemp>
            <ns3:hr>115</ns3:hr>
          </ns3:TrackPointExtension>
        </extensions>
      </trkpt>
      <trkpt lat="24.50543361715972423553466796875" lon="118.1549979932606220245361328125">
        <ele>31.3999996185302734375</ele>
        <time>2026-09-10T09:46:45.000Z</time>
        <extensions>
          <ns3:TrackPointExtension>
            <ns3:atemp>30.0</ns3:atemp>
            <ns3:hr>115</ns3:hr>
          </ns3:TrackPointExtension>
        </extensions>
      </trkpt>
      <trkpt lat="24.50520462356507778167724609375" lon="118.15498148091137409210205078125">
        <ele>31.3999996185302734375</ele>
        <time>2026-09-10T09:46:50.000Z</time>
        <extensions>
          <ns3:TrackPointExtension>
            <ns3:atemp>30.0</ns3:atemp>
            <ns3:hr>116</ns3:hr>
          </ns3:TrackPointExtension>
        </extensions>
      </trkpt>
      <trkpt lat="24.50511761941015720367431640625" lon="118.154963962733745574951171875">
        <ele>31.200000762939453125</ele>
        <time>2026-09-10T09:46:51.000Z</time>
        <extensions>
          <ns3:TrackPointExtension>
            <ns3:atemp>30.0</ns3:atemp>
            <ns3:hr>116</ns3:hr>
          </ns3:TrackPointExtension>
        </extensions>
      </trkpt>
      <trkpt lat="24.50505408458411693572998046875" lon="118.15496362745761871337890625">
        <ele>31.200000762939453125</ele>
        <time>2026-09-10T09:46:52.000Z</time>
        <extensions>
          <ns3:TrackPointExtension>
            <ns3:atemp>30.0</ns3:atemp>
            <ns3:hr>116</ns3:hr>
          </ns3:TrackPointExtension>
        </extensions>
      </trkpt>
      <trkpt lat="24.5048759691417217254638671875" lon="118.15493085421621799468994140625">
        <ele>31</ele>
        <time>2026-09-10T09:46:55.000Z</time>
        <extensions>
          <ns3:TrackPointExtension>
            <ns3:atemp>30.0</ns3:atemp>
            <ns3:hr>117</ns3:hr>
          </ns3:TrackPointExtension>
        </extensions>
      </trkpt>
      <trkpt lat="24.504574723541736602783203125" lon="118.15486907958984375">
        <ele>31</ele>
        <time>2026-09-10T09:47:00.000Z</time>
        <extensions>
          <ns3:TrackPointExtension>
            <ns3:atemp>30.0</ns3:atemp>
            <ns3:hr>118</ns3:hr>
          </ns3:TrackPointExtension>
        </extensions>
      </trkpt>
      <trkpt lat="24.5042302273213863372802734375" lon="118.15475600771605968475341796875">
        <ele>31.3999996185302734375</ele>
        <time>2026-09-10T09:47:05.000Z</time>
        <extensions>
          <ns3:TrackPointExtension>
            <ns3:atemp>30.0</ns3:atemp>
            <ns3:hr>118</ns3:hr>
          </ns3:TrackPointExtension>
        </extensions>
      </trkpt>
      <trkpt lat="24.50416141189634799957275390625" lon="118.15474905073642730712890625">
        <ele>31.3999996185302734375</ele>
        <time>2026-09-10T09:47:06.000Z</time>
        <extensions>
          <ns3:TrackPointExtension>
            <ns3:atemp>30.0</ns3:atemp>
            <ns3:hr>118</ns3:hr>
          </ns3:TrackPointExtension>
        </extensions>
      </trkpt>
      <trkpt lat="24.50360409915447235107421875" lon="118.15470353700220584869384765625">
        <ele>31.200000762939453125</ele>
        <time>2026-09-10T09:47:15.000Z</time>
        <extensions>
          <ns3:TrackPointExtension>
            <ns3:atemp>30.0</ns3:atemp>
            <ns3:hr>117</ns3:hr>
          </ns3:TrackPointExtension>
        </extensions>
      </trkpt>
      <trkpt lat="24.50354986824095249176025390625" lon="118.1546880304813385009765625">
        <ele>31.3999996185302734375</ele>
        <time>2026-09-10T09:47:16.000Z</time>
        <extensions>
          <ns3:TrackPointExtension>
            <ns3:atemp>30.0</ns3:atemp>
            <ns3:hr>117</ns3:hr>
          </ns3:TrackPointExtension>
        </extensions>
      </trkpt>
      <trkpt lat="24.50340284965932369232177734375" lon="118.1546717695891857147216796875">
        <ele>31.6000003814697265625</ele>
        <time>2026-09-10T09:47:20.000Z</time>
        <extensions>
          <ns3:TrackPointExtension>
            <ns3:atemp>30.0</ns3:atemp>
            <ns3:hr>116</ns3:hr>
          </ns3:TrackPointExtension>
        </extensions>
      </trkpt>
      <trkpt lat="24.50315793044865131378173828125" lon="118.1546493060886859893798828125">
        <ele>31.6000003814697265625</ele>
        <time>2026-09-10T09:47:26.000Z</time>
        <extensions>
          <ns3:TrackPointExtension>
            <ns3:atemp>30.0</ns3:atemp>
            <ns3:hr>117</ns3:hr>
          </ns3:TrackPointExtension>
        </extensions>
      </trkpt>
      <trkpt lat="24.50294167734682559967041015625" lon="118.15465919673442840576171875">
        <ele>32</ele>
        <time>2026-09-10T09:47:31.000Z</time>
        <extensions>
          <ns3:TrackPointExtension>
            <ns3:atemp>30.0</ns3:atemp>
            <ns3:hr>114</ns3:hr>
          </ns3:TrackPointExtension>
        </extensions>
      </trkpt>
      <trkpt lat="24.502862803637981414794921875" lon="118.15467554144561290740966796875">
        <ele>32.200000762939453125</ele>
        <time>2026-09-10T09:47:33.000Z</time>
        <extensions>
          <ns3:TrackPointExtension>
            <ns3:atemp>30.0</ns3:atemp>
            <ns3:hr>112</ns3:hr>
          </ns3:TrackPointExtension>
        </extensions>
      </trkpt>
      <trkpt lat="24.50274822302162647247314453125" lon="118.15472214482724666595458984375">
        <ele>32.40000152587890625</ele>
        <time>2026-09-10T09:47:36.000Z</time>
        <extensions>
          <ns3:TrackPointExtension>
            <ns3:atemp>30.0</ns3:atemp>
            <ns3:hr>111</ns3:hr>
          </ns3:TrackPointExtension>
        </extensions>
      </trkpt>
      <trkpt lat="24.50264143757522106170654296875" lon="118.15475936047732830047607421875">
        <ele>32.59999847412109375</ele>
        <time>2026-09-10T09:47:39.000Z</time>
        <extensions>
          <ns3:TrackPointExtension>
            <ns3:atemp>30.0</ns3:atemp>
            <ns3:hr>110</ns3:hr>
          </ns3:TrackPointExtension>
        </extensions>
      </trkpt>
      <trkpt lat="24.50251780450344085693359375" lon="118.15482960082590579986572265625">
        <ele>33.200000762939453125</ele>
        <time>2026-09-10T09:47:44.000Z</time>
        <extensions>
          <ns3:TrackPointExtension>
            <ns3:atemp>30.0</ns3:atemp>
            <ns3:hr>111</ns3:hr>
          </ns3:TrackPointExtension>
        </extensions>
      </trkpt>
      <trkpt lat="24.50244136154651641845703125" lon="118.1549309380352497100830078125">
        <ele>33.40000152587890625</ele>
        <time>2026-09-10T09:47:47.000Z</time>
        <extensions>
          <ns3:TrackPointExtension>
            <ns3:atemp>30.0</ns3:atemp>
            <ns3:hr>113</ns3:hr>
          </ns3:TrackPointExtension>
        </extensions>
      </trkpt>
      <trkpt lat="24.5024016313254833221435546875" lon="118.15500461496412754058837890625">
        <ele>33.59999847412109375</ele>
        <time>2026-09-10T09:47:49.000Z</time>
        <extensions>
          <ns3:TrackPointExtension>
            <ns3:atemp>30.0</ns3:atemp>
            <ns3:hr>113</ns3:hr>
          </ns3:TrackPointExtension>
        </extensions>
      </trkpt>
      <trkpt lat="24.50232208706438541412353515625" lon="118.1551869213581085205078125">
        <ele>34.59999847412109375</ele>
        <time>2026-09-10T09:47:54.000Z</time>
        <extensions>
          <ns3:TrackPointExtension>
            <ns3:atemp>30.0</ns3:atemp>
            <ns3:hr>113</ns3:hr>
          </ns3:TrackPointExtension>
        </extensions>
      </trkpt>
      <trkpt lat="24.5022913254797458648681640625" lon="118.1552980653941631317138671875">
        <ele>35</ele>
        <time>2026-09-10T09:47:57.000Z</time>
        <extensions>
          <ns3:TrackPointExtension>
            <ns3:atemp>30.0</ns3:atemp>
            <ns3:hr>114</ns3:hr>
          </ns3:TrackPointExtension>
        </extensions>
      </trkpt>
      <trkpt lat="24.50230029411613941192626953125" lon="118.1555019132792949676513671875">
        <ele>35.200000762939453125</ele>
        <time>2026-09-10T09:48:02.000Z</time>
        <extensions>
          <ns3:TrackPointExtension>
            <ns3:atemp>30.0</ns3:atemp>
            <ns3:hr>113</ns3:hr>
          </ns3:TrackPointExtension>
        </extensions>
      </trkpt>
      <trkpt lat="24.50231722556054592132568359375" lon="118.155673407018184661865234375">
        <ele>35.59999847412109375</ele>
        <time>2026-09-10T09:48:06.000Z</time>
        <extensions>
          <ns3:TrackPointExtension>
            <ns3:atemp>30.0</ns3:atemp>
            <ns3:hr>114</ns3:hr>
          </ns3:TrackPointExtension>
        </extensions>
      </trkpt>
      <trkpt lat="24.50232661329209804534912109375" lon="118.15583911724388599395751953125">
        <ele>35.799999237060546875</ele>
        <time>2026-09-10T09:48:10.000Z</time>
        <extensions>
          <ns3:TrackPointExtension>
            <ns3:atemp>30.0</ns3:atemp>
            <ns3:hr>116</ns3:hr>
          </ns3:TrackPointExtension>
        </extensions>
      </trkpt>
      <trkpt lat="24.50227213092148303985595703125" lon="118.15596551634371280670166015625">
        <ele>35.799999237060546875</ele>
        <time>2026-09-10T09:48:14.000Z</time>
        <extensions>
          <ns3:TrackPointExtension>
            <ns3:atemp>30.0</ns3:atemp>
            <ns3:hr>117</ns3:hr>
          </ns3:TrackPointExtension>
        </extensions>
      </trkpt>
      <trkpt lat="24.50216869823634624481201171875" lon="118.15608319826424121856689453125">
        <ele>36.59999847412109375</ele>
        <time>2026-09-10T09:48:18.000Z</time>
        <extensions>
          <ns3:TrackPointExtension>
            <ns3:atemp>30.0</ns3:atemp>
            <ns3:hr>119</ns3:hr>
          </ns3:TrackPointExtension>
        </extensions>
      </trkpt>
      <trkpt lat="24.50213491916656494140625" lon="118.1561023928225040435791015625">
        <ele>36.799999237060546875</ele>
        <time>2026-09-10T09:48:19.000Z</time>
        <extensions>
          <ns3:TrackPointExtension>
            <ns3:atemp>30.0</ns3:atemp>
            <ns3:hr>119</ns3:hr>
          </ns3:TrackPointExtension>
        </extensions>
      </trkpt>
      <trkpt lat="24.50192880816757678985595703125" lon="118.156142123043537139892578125">
        <ele>36.799999237060546875</ele>
        <time>2026-09-10T09:48:24.000Z</time>
        <extensions>
          <ns3:TrackPointExtension>
            <ns3:atemp>30.0</ns3:atemp>
            <ns3:hr>120</ns3:hr>
          </ns3:TrackPointExtension>
        </extensions>
      </trkpt>
      <trkpt lat="24.50187935493886470794677734375" lon="118.15613013692200183868408203125">
        <ele>36.59999847412109375</ele>
        <time>2026-09-10T09:48:25.000Z</time>
        <extensions>
          <ns3:TrackPointExtension>
            <ns3:atemp>30.0</ns3:atemp>
            <ns3:hr>120</ns3:hr>
          </ns3:TrackPointExtension>
        </extensions>
      </trkpt>
      <trkpt lat="24.50182981789112091064453125" lon="118.156108595430850982666015625">
        <ele>36.59999847412109375</ele>
        <time>2026-09-10T09:48:26.000Z</time>
        <extensions>
          <ns3:TrackPointExtension>
            <ns3:atemp>30.0</ns3:atemp>
            <ns3:hr>120</ns3:hr>
          </ns3:TrackPointExtension>
        </extensions>
      </trkpt>
      <trkpt lat="24.50174356810748577117919921875" lon="118.15603508614003658294677734375">
        <ele>36.59999847412109375</ele>
        <time>2026-09-10T09:48:28.000Z</time>
        <extensions>
          <ns3:TrackPointExtension>
            <ns3:atemp>30.0</ns3:atemp>
            <ns3:hr>119</ns3:hr>
          </ns3:TrackPointExtension>
        </extensions>
      </trkpt>
      <trkpt lat="24.50171037577092647552490234375" lon="118.15598747693002223968505859375">
        <ele>36.59999847412109375</ele>
        <time>2026-09-10T09:48:29.000Z</time>
        <extensions>
          <ns3:TrackPointExtension>
            <ns3:atemp>30.0</ns3:atemp>
            <ns3:hr>119</ns3:hr>
          </ns3:TrackPointExtension>
        </extensions>
      </trkpt>
      <trkpt lat="24.50167969800531864166259765625" lon="118.155936934053897857666015625">
        <ele>36.40000152587890625</ele>
        <time>2026-09-10T09:48:30.000Z</time>
        <extensions>
          <ns3:TrackPointExtension>
            <ns3:atemp>30.0</ns3:atemp>
            <ns3:hr>119</ns3:hr>
          </ns3:TrackPointExtension>
        </extensions>
      </trkpt>
      <trkpt lat="24.50164147652685642242431640625" lon="118.1558264605700969696044921875">
        <ele>36.40000152587890625</ele>
        <time>2026-09-10T09:48:32.000Z</time>
        <extensions>
          <ns3:TrackPointExtension>
            <ns3:atemp>30.0</ns3:atemp>
            <ns3:hr>119</ns3:hr>
          </ns3:TrackPointExtension>
        </extensions>
      </trkpt>
      <trkpt lat="24.50162990950047969818115234375" lon="118.15576535649597644805908203125">
        <ele>36.40000152587890625</ele>
        <time>2026-09-10T09:48:33.000Z</time>
        <extensions>
          <ns3:TrackPointExtension>
            <ns3:atemp>30.0</ns3:atemp>
            <ns3:hr>119</ns3:hr>
          </ns3:TrackPointExtension>
        </extensions>
      </trkpt>
      <trkpt lat="24.50160912238061428070068359375" lon="118.15564214251935482025146484375">
        <ele>36.40000152587890625</ele>
        <time>2026-09-10T09:48:35.000Z</time>
        <extensions>
          <ns3:TrackPointExtension>
            <ns3:atemp>30.0</ns3:atemp>
            <ns3:hr>119</ns3:hr>
          </ns3:TrackPointExtension>
        </extensions>
      </trkpt>
      <trkpt lat="24.50162337161600589752197265625" lon="118.1554361991584300994873046875">
        <ele>36.200000762939453125</ele>
        <time>2026-09-10T09:48:38.000Z</time>
        <extensions>
          <ns3:TrackPointExtension>
            <ns3:atemp>30.0</ns3:atemp>
            <ns3:hr>117</ns3:hr>
          </ns3:TrackPointExtension>
        </extensions>
      </trkpt>
      <trkpt lat="24.50163460336625576019287109375" lon="118.15509916283190250396728515625">
        <ele>35.799999237060546875</ele>
        <time>2026-09-10T09:48:43.000Z</time>
        <extensions>
          <ns3:TrackPointExtension>
            <ns3:atemp>30.0</ns3:atemp>
            <ns3:hr>114</ns3:hr>
          </ns3:TrackPointExtension>
        </extensions>
      </trkpt>
      <trkpt lat="24.50163376517593860626220703125" lon="118.1550217978656291961669921875">
        <ele>35.59999847412109375</ele>
        <time>2026-09-10T09:48:44.000Z</time>
        <extensions>
          <ns3:TrackPointExtension>
            <ns3:atemp>30.0</ns3:atemp>
            <ns3:hr>113</ns3:hr>
          </ns3:TrackPointExtension>
        </extensions>
      </trkpt>
      <trkpt lat="24.50161582790315151214599609375" lon="118.1549483723938465118408203125">
        <ele>35.40000152587890625</ele>
        <time>2026-09-10T09:48:45.000Z</time>
        <extensions>
          <ns3:TrackPointExtension>
            <ns3:atemp>30.0</ns3:atemp>
            <ns3:hr>113</ns3:hr>
          </ns3:TrackPointExtension>
        </extensions>
      </trkpt>
      <trkpt lat="24.501585066318511962890625" lon="118.154813759028911590576171875">
        <ele>35.40000152587890625</ele>
        <time>2026-09-10T09:48:47.000Z</time>
        <extensions>
          <ns3:TrackPointExtension>
            <ns3:atemp>30.0</ns3:atemp>
            <ns3:hr>112</ns3:hr>
          </ns3:TrackPointExtension>
        </extensions>
      </trkpt>
      <trkpt lat="24.50155447237193584442138671875" lon="118.15475030802190303802490234375">
        <ele>35.200000762939453125</ele>
        <time>2026-09-10T09:48:48.000Z</time>
        <extensions>
          <ns3:TrackPointExtension>
            <ns3:atemp>30.0</ns3:atemp>
            <ns3:hr>112</ns3:hr>
          </ns3:TrackPointExtension>
        </extensions>
      </trkpt>
      <trkpt lat="24.5015165023505687713623046875" lon="118.15469096414744853973388671875">
        <ele>34.40000152587890625</ele>
        <time>2026-09-10T09:48:49.000Z</time>
        <extensions>
          <ns3:TrackPointExtension>
            <ns3:atemp>30.0</ns3:atemp>
            <ns3:hr>111</ns3:hr>
          </ns3:TrackPointExtension>
        </extensions>
      </trkpt>
      <trkpt lat="24.50141943991184234619140625" lon="118.15459289588034152984619140625">
        <ele>34</ele>
        <time>2026-09-10T09:48:51.000Z</time>
        <extensions>
          <ns3:TrackPointExtension>
            <ns3:atemp>30.0</ns3:atemp>
            <ns3:hr>110</ns3:hr>
          </ns3:TrackPointExtension>
        </extensions>
      </trkpt>
      <trkpt lat="24.50136235915124416351318359375" lon="118.15455257892608642578125">
        <ele>33.799999237060546875</ele>
        <time>2026-09-10T09:48:52.000Z</time>
        <extensions>
          <ns3:TrackPointExtension>
            <ns3:atemp>30.0</ns3:atemp>
            <ns3:hr>110</ns3:hr>
          </ns3:TrackPointExtension>
        </extensions>
      </trkpt>
      <trkpt lat="24.5012580044567584991455078125" lon="118.15448778681457042694091796875">
        <ele>34</ele>
        <time>2026-09-10T09:48:54.000Z</time>
        <extensions>
          <ns3:TrackPointExtension>
            <ns3:atemp>30.0</ns3:atemp>
            <ns3:hr>107</ns3:hr>
          </ns3:TrackPointExtension>
        </extensions>
      </trkpt>
      <trkpt lat="24.5011832378804683685302734375" lon="118.1544340588152408599853515625">
        <ele>33.59999847412109375</ele>
        <time>2026-09-10T09:48:56.000Z</time>
        <extensions>
          <ns3:TrackPointExtension>
            <ns3:atemp>30.0</ns3:atemp>
            <ns3:hr>104</ns3:hr>
          </ns3:TrackPointExtension>
        </extensions>
      </trkpt>
      <trkpt lat="24.5011567510664463043212890625" lon="118.15442391671240329742431640625">
        <ele>33.59999847412109375</ele>
        <time>2026-09-10T09:48:57.000Z</time>
        <extensions>
          <ns3:TrackPointExtension>
            <ns3:atemp>30.0</ns3:atemp>
            <ns3:hr>104</ns3:hr>
          </ns3:TrackPointExtension>
        </extensions>
      </trkpt>
      <trkpt lat="24.50097092427313327789306640625" lon="118.1543277762830257415771484375">
        <ele>33.799999237060546875</ele>
        <time>2026-09-10T09:49:02.000Z</time>
        <extensions>
          <ns3:TrackPointExtension>
            <ns3:atemp>30.0</ns3:atemp>
            <ns3:hr>102</ns3:hr>
          </ns3:TrackPointExtension>
        </extensions>
      </trkpt>
      <trkpt lat="24.50074209831655025482177734375" lon="118.154216296970844268798828125">
        <ele>33.200000762939453125</ele>
        <time>2026-09-10T09:49:07.000Z</time>
        <extensions>
          <ns3:TrackPointExtension>
            <ns3:atemp>30.0</ns3:atemp>
            <ns3:hr>102</ns3:hr>
          </ns3:TrackPointExtension>
        </extensions>
      </trkpt>
      <trkpt lat="24.5004922337830066680908203125" lon="118.15407455898821353912353515625">
        <ele>33</ele>
        <time>2026-09-10T09:49:13.000Z</time>
        <extensions>
          <ns3:TrackPointExtension>
            <ns3:atemp>30.0</ns3:atemp>
            <ns3:hr>105</ns3:hr>
          </ns3:TrackPointExtension>
        </extensions>
      </trkpt>
      <trkpt lat="24.50025225989520549774169921875" lon="118.15394313074648380279541015625">
        <ele>32.799999237060546875</ele>
        <time>2026-09-10T09:49:18.000Z</time>
        <extensions>
          <ns3:TrackPointExtension>
            <ns3:atemp>30.0</ns3:atemp>
            <ns3:hr>106</ns3:hr>
          </ns3:TrackPointExtension>
        </extensions>
      </trkpt>
      <trkpt lat="24.49999694712460041046142578125" lon="118.1537599861621856689453125">
        <ele>32.799999237060546875</ele>
        <time>2026-09-10T09:49:22.000Z</time>
        <extensions>
          <ns3:TrackPointExtension>
            <ns3:atemp>30.0</ns3:atemp>
            <ns3:hr>105</ns3:hr>
          </ns3:TrackPointExtension>
        </extensions>
      </trkpt>
      <trkpt lat="24.49994263239204883575439453125" lon="118.1537425518035888671875">
        <ele>32.799999237060546875</ele>
        <time>2026-09-10T09:49:23.000Z</time>
        <extensions>
          <ns3:TrackPointExtension>
            <ns3:atemp>30.0</ns3:atemp>
            <ns3:hr>105</ns3:hr>
          </ns3:TrackPointExtension>
        </extensions>
      </trkpt>
      <trkpt lat="24.49971850030124187469482421875" lon="118.1536146439611911773681640625">
        <ele>33</ele>
        <time>2026-09-10T09:49:26.000Z</time>
        <extensions>
          <ns3:TrackPointExtension>
            <ns3:atemp>30.0</ns3:atemp>
            <ns3:hr>105</ns3:hr>
          </ns3:TrackPointExtension>
        </extensions>
      </trkpt>
      <trkpt lat="24.49936679564416408538818359375" lon="118.1533283181488513946533203125">
        <ele>32.59999847412109375</ele>
        <time>2026-09-10T09:49:32.000Z</time>
        <extensions>
          <ns3:TrackPointExtension>
            <ns3:atemp>30.0</ns3:atemp>
            <ns3:hr>104</ns3:hr>
          </ns3:TrackPointExtension>
        </extensions>
      </trkpt>
      <trkpt lat="24.499213993549346923828125" lon="118.15322220325469970703125">
        <ele>32.40000152587890625</ele>
        <time>2026-09-10T09:49:34.000Z</time>
        <extensions>
          <ns3:TrackPointExtension>
            <ns3:atemp>30.0</ns3:atemp>
            <ns3:hr>104</ns3:hr>
          </ns3:TrackPointExtension>
        </extensions>
      </trkpt>
      <trkpt lat="24.49908650480210781097412109375" lon="118.15314752049744129180908203125">
        <ele>32.40000152587890625</ele>
        <time>2026-09-10T09:49:36.000Z</time>
        <extensions>
          <ns3:TrackPointExtension>
            <ns3:atemp>30.0</ns3:atemp>
            <ns3:hr>104</ns3:hr>
          </ns3:TrackPointExtension>
        </extensions>
      </trkpt>
      <trkpt lat="24.49902883730828762054443359375" lon="118.15312304534018039703369140625">
        <ele>32.200000762939453125</ele>
        <time>2026-09-10T09:49:37.000Z</time>
        <extensions>
          <ns3:TrackPointExtension>
            <ns3:atemp>30.0</ns3:atemp>
            <ns3:hr>104</ns3:hr>
          </ns3:TrackPointExtension>
        </extensions>
      </trkpt>
      <trkpt lat="24.49884091503918170928955078125" lon="118.15309337340295314788818359375">
        <ele>32.40000152587890625</ele>
        <time>2026-09-10T09:49:40.000Z</time>
        <extensions>
          <ns3:TrackPointExtension>
            <ns3:atemp>30.0</ns3:atemp>
            <ns3:hr>104</ns3:hr>
          </ns3:TrackPointExtension>
        </extensions>
      </trkpt>
      <trkpt lat="24.49879028834402561187744140625" lon="118.15306018106639385223388671875">
        <ele>32.40000152587890625</ele>
        <time>2026-09-10T09:49:41.000Z</time>
        <extensions>
          <ns3:TrackPointExtension>
            <ns3:atemp>30.0</ns3:atemp>
            <ns3:hr>105</ns3:hr>
          </ns3:TrackPointExtension>
        </extensions>
      </trkpt>
      <trkpt lat="24.498667828738689422607421875" lon="118.15296529792249202728271484375">
        <ele>32.40000152587890625</ele>
        <time>2026-09-10T09:49:43.000Z</time>
        <extensions>
          <ns3:TrackPointExtension>
            <ns3:atemp>30.0</ns3:atemp>
            <ns3:hr>104</ns3:hr>
          </ns3:TrackPointExtension>
        </extensions>
      </trkpt>
      <trkpt lat="24.4985607080161571502685546875" lon="118.15287661738693714141845703125">
        <ele>32.59999847412109375</ele>
        <time>2026-09-10T09:49:45.000Z</time>
        <extensions>
          <ns3:TrackPointExtension>
            <ns3:atemp>30.0</ns3:atemp>
            <ns3:hr>104</ns3:hr>
          </ns3:TrackPointExtension>
        </extensions>
      </trkpt>
      <trkpt lat="24.498267509043216705322265625" lon="118.15253622829914093017578125">
        <ele>32.200000762939453125</ele>
        <time>2026-09-10T09:49:52.000Z</time>
        <extensions>
          <ns3:TrackPointExtension>
            <ns3:atemp>30.0</ns3:atemp>
            <ns3:hr>106</ns3:hr>
          </ns3:TrackPointExtension>
        </extensions>
      </trkpt>
      <trkpt lat="24.498233310878276824951171875" lon="118.1524797342717647552490234375">
        <ele>32.200000762939453125</ele>
        <time>2026-09-10T09:49:53.000Z</time>
        <extensions>
          <ns3:TrackPointExtension>
            <ns3:atemp>30.0</ns3:atemp>
            <ns3:hr>106</ns3:hr>
          </ns3:TrackPointExtension>
        </extensions>
      </trkpt>
      <trkpt lat="24.49819701723754405975341796875" lon="118.15235459245741367340087890625">
        <ele>32.200000762939453125</ele>
        <time>2026-09-10T09:49:55.000Z</time>
        <extensions>
          <ns3:TrackPointExtension>
            <ns3:atemp>30.0</ns3:atemp>
            <ns3:hr>106</ns3:hr>
          </ns3:TrackPointExtension>
        </extensions>
      </trkpt>
      <trkpt lat="24.498193748295307159423828125" lon="118.15228837542235851287841796875">
        <ele>32.200000762939453125</ele>
        <time>2026-09-10T09:49:56.000Z</time>
        <extensions>
          <ns3:TrackPointExtension>
            <ns3:atemp>30.0</ns3:atemp>
            <ns3:hr>106</ns3:hr>
          </ns3:TrackPointExtension>
        </extensions>
      </trkpt>
      <trkpt lat="24.49819743633270263671875" lon="118.15222601406276226043701171875">
        <ele>32.200000762939453125</ele>
        <time>2026-09-10T09:49:57.000Z</time>
        <extensions>
          <ns3:TrackPointExtension>
            <ns3:atemp>30.0</ns3:atemp>
            <ns3:hr>106</ns3:hr>
          </ns3:TrackPointExtension>
        </extensions>
      </trkpt>
      <trkpt lat="24.4982093386352062225341796875" lon="118.1520633213222026824951171875">
        <ele>32</ele>
        <time>2026-09-10T09:50:00.000Z</time>
        <extensions>
          <ns3:TrackPointExtension>
            <ns3:atemp>30.0</ns3:atemp>
            <ns3:hr>107</ns3:hr>
          </ns3:TrackPointExtension>
        </extensions>
      </trkpt>
      <trkpt lat="24.4982009567320346832275390625" lon="118.1520261056721210479736328125">
        <ele>32</ele>
        <time>2026-09-10T09:50:01.000Z</time>
        <extensions>
          <ns3:TrackPointExtension>
            <ns3:atemp>30.0</ns3:atemp>
            <ns3:hr>107</ns3:hr>
          </ns3:TrackPointExtension>
        </extensions>
      </trkpt>
      <trkpt lat="24.49818058870732784271240234375" lon="118.15199936740100383758544921875">
        <ele>32</ele>
        <time>2026-09-10T09:50:02.000Z</time>
        <extensions>
          <ns3:TrackPointExtension>
            <ns3:atemp>30.0</ns3:atemp>
            <ns3:hr>108</ns3:hr>
          </ns3:TrackPointExtension>
        </extensions>
      </trkpt>
      <trkpt lat="24.49814672581851482391357421875" lon="118.15194723196327686309814453125">
        <ele>31.799999237060546875</ele>
        <time>2026-09-10T09:50:04.000Z</time>
        <extensions>
          <ns3:TrackPointExtension>
            <ns3:atemp>30.0</ns3:atemp>
            <ns3:hr>109</ns3:hr>
          </ns3:TrackPointExtension>
        </extensions>
      </trkpt>
      <trkpt lat="24.498025439679622650146484375" lon="118.15179384313523769378662109375">
        <ele>31.799999237060546875</ele>
        <time>2026-09-10T09:50:09.000Z</time>
        <extensions>
          <ns3:TrackPointExtension>
            <ns3:atemp>30.0</ns3:atemp>
            <ns3:hr>110</ns3:hr>
          </ns3:TrackPointExtension>
        </extensions>
      </trkpt>
      <trkpt lat="24.498017393052577972412109375" lon="118.15176400355994701385498046875">
        <ele>31.799999237060546875</ele>
        <time>2026-09-10T09:50:10.000Z</time>
        <extensions>
          <ns3:TrackPointExtension>
            <ns3:atemp>30.0</ns3:atemp>
            <ns3:hr>110</ns3:hr>
          </ns3:TrackPointExtension>
        </extensions>
      </trkpt>
      <trkpt lat="24.49796953238546848297119140625" lon="118.15168269909918308258056640625">
        <ele>31.799999237060546875</ele>
        <time>2026-09-10T09:50:12.000Z</time>
        <extensions>
          <ns3:TrackPointExtension>
            <ns3:atemp>30.0</ns3:atemp>
            <ns3:hr>110</ns3:hr>
          </ns3:TrackPointExtension>
        </extensions>
      </trkpt>
      <trkpt lat="24.49783039279282093048095703125" lon="118.15147583372890949249267578125">
        <ele>31.799999237060546875</ele>
        <time>2026-09-10T09:50:16.000Z</time>
        <extensions>
          <ns3:TrackPointExtension>
            <ns3:atemp>30.0</ns3:atemp>
            <ns3:hr>109</ns3:hr>
          </ns3:TrackPointExtension>
        </extensions>
      </trkpt>
      <trkpt lat="24.4977255351841449737548828125" lon="118.151311464607715606689453125">
        <ele>31.799999237060546875</ele>
        <time>2026-09-10T09:50:19.000Z</time>
        <extensions>
          <ns3:TrackPointExtension>
            <ns3:atemp>30.0</ns3:atemp>
            <ns3:hr>109</ns3:hr>
          </ns3:TrackPointExtension>
        </extensions>
      </trkpt>
      <trkpt lat="24.49768320657312870025634765625" lon="118.1512333452701568603515625">
        <ele>31.6000003814697265625</ele>
        <time>2026-09-10T09:50:21.000Z</time>
        <extensions>
          <ns3:TrackPointExtension>
            <ns3:atemp>30.0</ns3:atemp>
            <ns3:hr>109</ns3:hr>
          </ns3:TrackPointExtension>
        </extensions>
      </trkpt>
      <trkpt lat="24.49755094014108180999755859375" lon="118.15095632337033748626708984375">
        <ele>31.6000003814697265625</ele>
        <time>2026-09-10T09:50:25.000Z</time>
        <extensions>
          <ns3:TrackPointExtension>
            <ns3:atemp>30.0</ns3:atemp>
            <ns3:hr>106</ns3:hr>
          </ns3:TrackPointExtension>
        </extensions>
      </trkpt>
      <trkpt lat="24.49753082357347011566162109375" lon="118.15091776661574840545654296875">
        <ele>31.200000762939453125</ele>
        <time>2026-09-10T09:50:26.000Z</time>
        <extensions>
          <ns3:TrackPointExtension>
            <ns3:atemp>30.0</ns3:atemp>
            <ns3:hr>106</ns3:hr>
          </ns3:TrackPointExtension>
        </extensions>
      </trkpt>
      <trkpt lat="24.49745974503457546234130859375" lon="118.15083210356533527374267578125">
        <ele>31</ele>
        <time>2026-09-10T09:50:28.000Z</time>
        <extensions>
          <ns3:TrackPointExtension>
            <ns3:atemp>30.0</ns3:atemp>
            <ns3:hr>106</ns3:hr>
          </ns3:TrackPointExtension>
        </extensions>
      </trkpt>
      <trkpt lat="24.49723695404827594757080078125" lon="118.15061467699706554412841796875">
        <ele>31.200000762939453125</ele>
        <time>2026-09-10T09:50:33.000Z</time>
        <extensions>
          <ns3:TrackPointExtension>
            <ns3:atemp>30.0</ns3:atemp>
            <ns3:hr>109</ns3:hr>
          </ns3:TrackPointExtension>
        </extensions>
      </trkpt>
      <trkpt lat="24.4972008280456066131591796875" lon="118.1505830772221088409423828125">
        <ele>31.200000762939453125</ele>
        <time>2026-09-10T09:50:34.000Z</time>
        <extensions>
          <ns3:TrackPointExtension>
            <ns3:atemp>30.0</ns3:atemp>
            <ns3:hr>110</ns3:hr>
          </ns3:TrackPointExtension>
        </extensions>
      </trkpt>
      <trkpt lat="24.4969976507127285003662109375" lon="118.150393478572368621826171875">
        <ele>31</ele>
        <time>2026-09-10T09:50:40.000Z</time>
        <extensions>
          <ns3:TrackPointExtension>
            <ns3:atemp>30.0</ns3:atemp>
            <ns3:hr>110</ns3:hr>
          </ns3:TrackPointExtension>
        </extensions>
      </trkpt>
      <trkpt lat="24.4966311939060688018798828125" lon="118.15013204701244831085205078125">
        <ele>30.799999237060546875</ele>
        <time>2026-09-10T09:50:46.000Z</time>
        <extensions>
          <ns3:TrackPointExtension>
            <ns3:atemp>30.0</ns3:atemp>
            <ns3:hr>109</ns3:hr>
          </ns3:TrackPointExtension>
        </extensions>
      </trkpt>
      <trkpt lat="24.49638350866734981536865234375" lon="118.150019310414791107177734375">
        <ele>30.799999237060546875</ele>
        <time>2026-09-10T09:50:52.000Z</time>
        <extensions>
          <ns3:TrackPointExtension>
            <ns3:atemp>30.0</ns3:atemp>
            <ns3:hr>110</ns3:hr>
          </ns3:TrackPointExtension>
        </extensions>
      </trkpt>
      <trkpt lat="24.4963177107274532318115234375" lon="118.1499524228274822235107421875">
        <ele>30.799999237060546875</ele>
        <time>2026-09-10T09:50:56.000Z</time>
        <extensions>
          <ns3:TrackPointExtension>
            <ns3:atemp>30.0</ns3:atemp>
            <ns3:hr>110</ns3:hr>
          </ns3:TrackPointExtension>
        </extensions>
      </trkpt>
      <trkpt lat="24.4959403574466705322265625" lon="118.14984722994267940521240234375">
        <ele>31</ele>
        <time>2026-09-10T09:51:03.000Z</time>
        <extensions>
          <ns3:TrackPointExtension>
            <ns3:atemp>30.0</ns3:atemp>
            <ns3:hr>111</ns3:hr>
          </ns3:TrackPointExtension>
        </extensions>
      </trkpt>
      <trkpt lat="24.49564103968441486358642578125" lon="118.1497958488762378692626953125">
        <ele>31</ele>
        <time>2026-09-10T09:51:10.000Z</time>
        <extensions>
          <ns3:TrackPointExtension>
            <ns3:atemp>30.0</ns3:atemp>
            <ns3:hr>110</ns3:hr>
          </ns3:TrackPointExtension>
        </extensions>
      </trkpt>
      <trkpt lat="24.495576582849025726318359375" lon="118.14980699680745601654052734375">
        <ele>31</ele>
        <time>2026-09-10T09:51:12.000Z</time>
        <extensions>
          <ns3:TrackPointExtension>
            <ns3:atemp>30.0</ns3:atemp>
            <ns3:hr>111</ns3:hr>
          </ns3:TrackPointExtension>
        </extensions>
      </trkpt>
      <trkpt lat="24.49551698751747608184814453125" lon="118.14980565570294857025146484375">
        <ele>30.799999237060546875</ele>
        <time>2026-09-10T09:51:14.000Z</time>
        <extensions>
          <ns3:TrackPointExtension>
            <ns3:atemp>30.0</ns3:atemp>
            <ns3:hr>112</ns3:hr>
          </ns3:TrackPointExtension>
        </extensions>
      </trkpt>
      <trkpt lat="24.49525631032884120941162109375" lon="118.14974715001881122589111328125">
        <ele>30.799999237060546875</ele>
        <time>2026-09-10T09:51:19.000Z</time>
        <extensions>
          <ns3:TrackPointExtension>
            <ns3:atemp>30.0</ns3:atemp>
            <ns3:hr>112</ns3:hr>
          </ns3:TrackPointExtension>
        </extensions>
      </trkpt>
      <trkpt lat="24.495127312839031219482421875" lon="118.1497098505496978759765625">
        <ele>30.799999237060546875</ele>
        <time>2026-09-10T09:51:21.000Z</time>
        <extensions>
          <ns3:TrackPointExtension>
            <ns3:atemp>30.0</ns3:atemp>
            <ns3:hr>111</ns3:hr>
          </ns3:TrackPointExtension>
        </extensions>
      </trkpt>
      <trkpt lat="24.49501256458461284637451171875" lon="118.149684704840183258056640625">
        <ele>30.799999237060546875</ele>
        <time>2026-09-10T09:51:23.000Z</time>
        <extensions>
          <ns3:TrackPointExtension>
            <ns3:atemp>30.0</ns3:atemp>
            <ns3:hr>110</ns3:hr>
          </ns3:TrackPointExtension>
        </extensions>
      </trkpt>
      <trkpt lat="24.494734369218349456787109375" lon="118.14958554692566394805908203125">
        <ele>30.799999237060546875</ele>
        <time>2026-09-10T09:51:28.000Z</time>
        <extensions>
          <ns3:TrackPointExtension>
            <ns3:atemp>30.0</ns3:atemp>
            <ns3:hr>109</ns3:hr>
          </ns3:TrackPointExtension>
        </extensions>
      </trkpt>
      <trkpt lat="24.4944518990814685821533203125" lon="118.1495879776775836944580078125">
        <ele>30.799999237060546875</ele>
        <time>2026-09-10T09:51:34.000Z</time>
        <extensions>
          <ns3:TrackPointExtension>
            <ns3:atemp>30.0</ns3:atemp>
            <ns3:hr>108</ns3:hr>
          </ns3:TrackPointExtension>
        </extensions>
      </trkpt>
      <trkpt lat="24.49439783580601215362548828125" lon="118.14960801042616367340087890625">
        <ele>30.799999237060546875</ele>
        <time>2026-09-10T09:51:35.000Z</time>
        <extensions>
          <ns3:TrackPointExtension>
            <ns3:atemp>30.0</ns3:atemp>
            <ns3:hr>108</ns3:hr>
          </ns3:TrackPointExtension>
        </extensions>
      </trkpt>
      <trkpt lat="24.4942762143909931182861328125" lon="118.14955788664519786834716796875">
        <ele>30.799999237060546875</ele>
        <time>2026-09-10T09:51:37.000Z</time>
        <extensions>
          <ns3:TrackPointExtension>
            <ns3:atemp>30.0</ns3:atemp>
            <ns3:hr>108</ns3:hr>
          </ns3:TrackPointExtension>
        </extensions>
      </trkpt>
      <trkpt lat="24.49385887943208217620849609375" lon="118.14939846284687519073486328125">
        <ele>30.6000003814697265625</ele>
        <time>2026-09-10T09:51:43.000Z</time>
        <extensions>
          <ns3:TrackPointExtension>
            <ns3:atemp>30.0</ns3:atemp>
            <ns3:hr>107</ns3:hr>
          </ns3:TrackPointExtension>
        </extensions>
      </trkpt>
      <trkpt lat="24.4936412014067173004150390625" lon="118.1494015641510486602783203125">
        <ele>30.799999237060546875</ele>
        <time>2026-09-10T09:51:48.000Z</time>
        <extensions>
          <ns3:TrackPointExtension>
            <ns3:atemp>30.0</ns3:atemp>
            <ns3:hr>109</ns3:hr>
          </ns3:TrackPointExtension>
        </extensions>
      </trkpt>
      <trkpt lat="24.4934326596558094024658203125" lon="118.14945277757942676544189453125">
        <ele>30.799999237060546875</ele>
        <time>2026-09-10T09:51:52.000Z</time>
        <extensions>
          <ns3:TrackPointExtension>
            <ns3:atemp>30.0</ns3:atemp>
            <ns3:hr>109</ns3:hr>
          </ns3:TrackPointExtension>
        </extensions>
      </trkpt>
      <trkpt lat="24.49327583424746990203857421875" lon="118.14953810535371303558349609375">
        <ele>31</ele>
        <time>2026-09-10T09:51:56.000Z</time>
        <extensions>
          <ns3:TrackPointExtension>
            <ns3:atemp>30.0</ns3:atemp>
            <ns3:hr>110</ns3:hr>
          </ns3:TrackPointExtension>
        </extensions>
      </trkpt>
      <trkpt lat="24.49292220175266265869140625" lon="118.14951497130095958709716796875">
        <ele>31.200000762939453125</ele>
        <time>2026-09-10T09:52:01.000Z</time>
        <extensions>
          <ns3:TrackPointExtension>
            <ns3:atemp>30.0</ns3:atemp>
            <ns3:hr>111</ns3:hr>
          </ns3:TrackPointExtension>
        </extensions>
      </trkpt>
      <trkpt lat="24.4927269034087657928466796875" lon="118.14952452667057514190673828125">
        <ele>31.200000762939453125</ele>
        <time>2026-09-10T09:52:06.000Z</time>
        <extensions>
          <ns3:TrackPointExtension>
            <ns3:atemp>30.0</ns3:atemp>
            <ns3:hr>111</ns3:hr>
          </ns3:TrackPointExtension>
        </extensions>
      </trkpt>
      <trkpt lat="24.49242406524717807769775390625" lon="118.1494759954512119293212890625">
        <ele>31</ele>
        <time>2026-09-10T09:52:11.000Z</time>
        <extensions>
          <ns3:TrackPointExtension>
            <ns3:atemp>30.0</ns3:atemp>
            <ns3:hr>111</ns3:hr>
          </ns3:TrackPointExtension>
        </extensions>
      </trkpt>
      <trkpt lat="24.492036402225494384765625" lon="118.149348758161067962646484375">
        <ele>30.6000003814697265625</ele>
        <time>2026-09-10T09:52:17.000Z</time>
        <extensions>
          <ns3:TrackPointExtension>
            <ns3:atemp>30.0</ns3:atemp>
            <ns3:hr>110</ns3:hr>
          </ns3:TrackPointExtension>
        </extensions>
      </trkpt>
      <trkpt lat="24.49180698953568935394287109375" lon="118.1492833793163299560546875">
        <ele>30.3999996185302734375</ele>
        <time>2026-09-10T09:52:22.000Z</time>
        <extensions>
          <ns3:TrackPointExtension>
            <ns3:atemp>30.0</ns3:atemp>
            <ns3:hr>109</ns3:hr>
          </ns3:TrackPointExtension>
        </extensions>
      </trkpt>
      <trkpt lat="24.49174739420413970947265625" lon="118.14926636405289173126220703125">
        <ele>30.6000003814697265625</ele>
        <time>2026-09-10T09:52:23.000Z</time>
        <extensions>
          <ns3:TrackPointExtension>
            <ns3:atemp>30.0</ns3:atemp>
            <ns3:hr>109</ns3:hr>
          </ns3:TrackPointExtension>
        </extensions>
      </trkpt>
      <trkpt lat="24.4917351566255092620849609375" lon="118.1492758356034755706787109375">
        <ele>30.3999996185302734375</ele>
        <time>2026-09-10T09:52:24.000Z</time>
        <extensions>
          <ns3:TrackPointExtension>
            <ns3:atemp>30.0</ns3:atemp>
            <ns3:hr>109</ns3:hr>
          </ns3:TrackPointExtension>
        </extensions>
      </trkpt>
      <trkpt lat="24.49140532873570919036865234375" lon="118.1490971334278583526611328125">
        <ele>31.200000762939453125</ele>
        <time>2026-09-10T09:52:28.000Z</time>
        <extensions>
          <ns3:TrackPointExtension>
            <ns3:atemp>30.0</ns3:atemp>
            <ns3:hr>112</ns3:hr>
          </ns3:TrackPointExtension>
        </extensions>
      </trkpt>
      <trkpt lat="24.49132989160716533660888671875" lon="118.14902798272669315338134765625">
        <ele>31.3999996185302734375</ele>
        <time>2026-09-10T09:52:29.000Z</time>
        <extensions>
          <ns3:TrackPointExtension>
            <ns3:atemp>30.0</ns3:atemp>
            <ns3:hr>112</ns3:hr>
          </ns3:TrackPointExtension>
        </extensions>
      </trkpt>
      <trkpt lat="24.49128337204456329345703125" lon="118.14887392334640026092529296875">
        <ele>31.3999996185302734375</ele>
        <time>2026-09-10T09:52:31.000Z</time>
        <extensions>
          <ns3:TrackPointExtension>
            <ns3:atemp>30.0</ns3:atemp>
            <ns3:hr>112</ns3:hr>
          </ns3:TrackPointExtension>
        </extensions>
      </trkpt>
      <trkpt lat="24.49125328101217746734619140625" lon="118.1488108076155185699462890625">
        <ele>31.3999996185302734375</ele>
        <time>2026-09-10T09:52:32.000Z</time>
        <extensions>
          <ns3:TrackPointExtension>
            <ns3:atemp>30.0</ns3:atemp>
            <ns3:hr>111</ns3:hr>
          </ns3:TrackPointExtension>
        </extensions>
      </trkpt>
      <trkpt lat="24.49112805537879467010498046875" lon="118.1486354582011699676513671875">
        <ele>31.200000762939453125</ele>
        <time>2026-09-10T09:52:35.000Z</time>
        <extensions>
          <ns3:TrackPointExtension>
            <ns3:atemp>30.0</ns3:atemp>
            <ns3:hr>113</ns3:hr>
          </ns3:TrackPointExtension>
        </extensions>
      </trkpt>
      <trkpt lat="24.49102462269365787506103515625" lon="118.14858826808631420135498046875">
        <ele>30.3999996185302734375</ele>
        <time>2026-09-10T09:52:37.000Z</time>
        <extensions>
          <ns3:TrackPointExtension>
            <ns3:atemp>30.0</ns3:atemp>
            <ns3:hr>116</ns3:hr>
          </ns3:TrackPointExtension>
        </extensions>
      </trkpt>
      <trkpt lat="24.49096687138080596923828125" lon="118.148566223680973052978515625">
        <ele>30.200000762939453125</ele>
        <time>2026-09-10T09:52:38.000Z</time>
        <extensions>
          <ns3:TrackPointExtension>
            <ns3:atemp>30.0</ns3:atemp>
            <ns3:hr>117</ns3:hr>
          </ns3:TrackPointExtension>
        </extensions>
      </trkpt>
      <trkpt lat="24.4909231178462505340576171875" lon="118.14853546209633350372314453125">
        <ele>30.200000762939453125</ele>
        <time>2026-09-10T09:52:39.000Z</time>
        <extensions>
          <ns3:TrackPointExtension>
            <ns3:atemp>30.0</ns3:atemp>
            <ns3:hr>117</ns3:hr>
          </ns3:TrackPointExtension>
        </extensions>
      </trkpt>
      <trkpt lat="24.49086218141019344329833984375" lon="118.14851920120418071746826171875">
        <ele>30</ele>
        <time>2026-09-10T09:52:40.000Z</time>
        <extensions>
          <ns3:TrackPointExtension>
            <ns3:atemp>30.0</ns3:atemp>
            <ns3:hr>118</ns3:hr>
          </ns3:TrackPointExtension>
        </extensions>
      </trkpt>
      <trkpt lat="24.4908200204372406005859375" lon="118.1484886072576045989990234375">
        <ele>29.799999237060546875</ele>
        <time>2026-09-10T09:52:41.000Z</time>
        <extensions>
          <ns3:TrackPointExtension>
            <ns3:atemp>30.0</ns3:atemp>
            <ns3:hr>118</ns3:hr>
          </ns3:TrackPointExtension>
        </extensions>
      </trkpt>
      <trkpt lat="24.49073276482522487640380859375" lon="118.14845181070268154144287109375">
        <ele>30</ele>
        <time>2026-09-10T09:52:43.000Z</time>
        <extensions>
          <ns3:TrackPointExtension>
            <ns3:atemp>30.0</ns3:atemp>
            <ns3:hr>117</ns3:hr>
          </ns3:TrackPointExtension>
        </extensions>
      </trkpt>
      <trkpt lat="24.490626566112041473388671875" lon="118.14844728447496891021728515625">
        <ele>30.3999996185302734375</ele>
        <time>2026-09-10T09:52:45.000Z</time>
        <extensions>
          <ns3:TrackPointExtension>
            <ns3:atemp>30.0</ns3:atemp>
            <ns3:hr>117</ns3:hr>
          </ns3:TrackPointExtension>
        </extensions>
      </trkpt>
      <trkpt lat="24.49052162468433380126953125" lon="118.14847812987864017486572265625">
        <ele>30.3999996185302734375</ele>
        <time>2026-09-10T09:52:47.000Z</time>
        <extensions>
          <ns3:TrackPointExtension>
            <ns3:atemp>30.0</ns3:atemp>
            <ns3:hr>116</ns3:hr>
          </ns3:TrackPointExtension>
        </extensions>
      </trkpt>
      <trkpt lat="24.49045046232640743255615234375" lon="118.1485559977591037750244140625">
        <ele>30.3999996185302734375</ele>
        <time>2026-09-10T09:52:49.000Z</time>
        <extensions>
          <ns3:TrackPointExtension>
            <ns3:atemp>30.0</ns3:atemp>
            <ns3:hr>116</ns3:hr>
          </ns3:TrackPointExtension>
        </extensions>
      </trkpt>
      <trkpt lat="24.49037888087332248687744140625" lon="118.14864375628530979156494140625">
        <ele>30.6000003814697265625</ele>
        <time>2026-09-10T09:52:51.000Z</time>
        <extensions>
          <ns3:TrackPointExtension>
            <ns3:atemp>30.0</ns3:atemp>
            <ns3:hr>116</ns3:hr>
          </ns3:TrackPointExtension>
        </extensions>
      </trkpt>
      <trkpt lat="24.4902673177421092987060546875" lon="118.14867225475609302520751953125">
        <ele>30.6000003814697265625</ele>
        <time>2026-09-10T09:52:53.000Z</time>
        <extensions>
          <ns3:TrackPointExtension>
            <ns3:atemp>30.0</ns3:atemp>
            <ns3:hr>116</ns3:hr>
          </ns3:TrackPointExtension>
        </extensions>
      </trkpt>
      <trkpt lat="24.49010227806866168975830078125" lon="118.1486235558986663818359375">
        <ele>30.3999996185302734375</ele>
        <time>2026-09-10T09:52:58.000Z</time>
        <extensions>
          <ns3:TrackPointExtension>
            <ns3:atemp>30.0</ns3:atemp>
            <ns3:hr>112</ns3:hr>
          </ns3:TrackPointExtension>
        </extensions>
      </trkpt>
      <trkpt lat="24.49007545597851276397705078125" lon="118.14858642406761646270751953125">
        <ele>31</ele>
        <time>2026-09-10T09:53:00.000Z</time>
        <extensions>
          <ns3:TrackPointExtension>
            <ns3:atemp>30.0</ns3:atemp>
            <ns3:hr>111</ns3:hr>
          </ns3:TrackPointExtension>
        </extensions>
      </trkpt>
      <trkpt lat="24.4900587759912014007568359375" lon="118.14856094308197498321533203125">
        <ele>31.200000762939453125</ele>
        <time>2026-09-10T09:53:01.000Z</time>
        <extensions>
          <ns3:TrackPointExtension>
            <ns3:atemp>30.0</ns3:atemp>
            <ns3:hr>110</ns3:hr>
          </ns3:TrackPointExtension>
        </extensions>
      </trkpt>
      <trkpt lat="24.490019381046295166015625" lon="118.14852406270802021026611328125">
        <ele>31.3999996185302734375</ele>
        <time>2026-09-10T09:53:03.000Z</time>
        <extensions>
          <ns3:TrackPointExtension>
            <ns3:atemp>30.0</ns3:atemp>
            <ns3:hr>109</ns3:hr>
          </ns3:TrackPointExtension>
        </extensions>
      </trkpt>
      <trkpt lat="24.48998677544295787811279296875" lon="118.14850344322621822357177734375">
        <ele>31.3999996185302734375</ele>
        <time>2026-09-10T09:53:04.000Z</time>
        <extensions>
          <ns3:TrackPointExtension>
            <ns3:atemp>30.0</ns3:atemp>
            <ns3:hr>109</ns3:hr>
          </ns3:TrackPointExtension>
        </extensions>
      </trkpt>
      <trkpt lat="24.4898814149200916290283203125" lon="118.14842482097446918487548828125">
        <ele>32.200000762939453125</ele>
        <time>2026-09-10T09:53:07.000Z</time>
        <extensions>
          <ns3:TrackPointExtension>
            <ns3:atemp>30.0</ns3:atemp>
            <ns3:hr>109</ns3:hr>
          </ns3:TrackPointExtension>
        </extensions>
      </trkpt>
      <trkpt lat="24.48982668109238147735595703125" lon="118.14841090701520442962646484375">
        <ele>32.200000762939453125</ele>
        <time>2026-09-10T09:53:08.000Z</time>
        <extensions>
          <ns3:TrackPointExtension>
            <ns3:atemp>30.0</ns3:atemp>
            <ns3:hr>109</ns3:hr>
          </ns3:TrackPointExtension>
        </extensions>
      </trkpt>
      <trkpt lat="24.489555694162845611572265625" lon="118.148296661674976348876953125">
        <ele>32.200000762939453125</ele>
        <time>2026-09-10T09:53:13.000Z</time>
        <extensions>
          <ns3:TrackPointExtension>
            <ns3:atemp>30.0</ns3:atemp>
            <ns3:hr>110</ns3:hr>
          </ns3:TrackPointExtension>
        </extensions>
      </trkpt>
      <trkpt lat="24.48946416378021240234375" lon="118.148244358599185943603515625">
        <ele>32.799999237060546875</ele>
        <time>2026-09-10T09:53:16.000Z</time>
        <extensions>
          <ns3:TrackPointExtension>
            <ns3:atemp>30.0</ns3:atemp>
            <ns3:hr>110</ns3:hr>
          </ns3:TrackPointExtension>
        </extensions>
      </trkpt>
      <trkpt lat="24.4893945939838886260986328125" lon="118.14820001833140850067138671875">
        <ele>33</ele>
        <time>2026-09-10T09:53:18.000Z</time>
        <extensions>
          <ns3:TrackPointExtension>
            <ns3:atemp>30.0</ns3:atemp>
            <ns3:hr>111</ns3:hr>
          </ns3:TrackPointExtension>
        </extensions>
      </trkpt>
      <trkpt lat="24.489255286753177642822265625" lon="118.1481757946312427520751953125">
        <ele>33.200000762939453125</ele>
        <time>2026-09-10T09:53:21.000Z</time>
        <extensions>
          <ns3:TrackPointExtension>
            <ns3:atemp>30.0</ns3:atemp>
            <ns3:hr>112</ns3:hr>
          </ns3:TrackPointExtension>
        </extensions>
      </trkpt>
      <trkpt lat="24.489168114960193634033203125" lon="118.14814603887498378753662109375">
        <ele>33.40000152587890625</ele>
        <time>2026-09-10T09:53:23.000Z</time>
        <extensions>
          <ns3:TrackPointExtension>
            <ns3:atemp>30.0</ns3:atemp>
            <ns3:hr>112</ns3:hr>
          </ns3:TrackPointExtension>
        </extensions>
      </trkpt>
      <trkpt lat="24.48900609277188777923583984375" lon="118.1480705179274082183837890625">
        <ele>34</ele>
        <time>2026-09-10T09:53:27.000Z</time>
        <extensions>
          <ns3:TrackPointExtension>
            <ns3:atemp>30.0</ns3:atemp>
            <ns3:hr>112</ns3:hr>
          </ns3:TrackPointExtension>
        </extensions>
      </trkpt>
      <trkpt lat="24.48887064121663570404052734375" lon="118.14800656400620937347412109375">
        <ele>34.200000762939453125</ele>
        <time>2026-09-10T09:53:30.000Z</time>
        <extensions>
          <ns3:TrackPointExtension>
            <ns3:atemp>30.0</ns3:atemp>
            <ns3:hr>112</ns3:hr>
          </ns3:TrackPointExtension>
        </extensions>
      </trkpt>
      <trkpt lat="24.48873083107173442840576171875" lon="118.147962726652622222900390625">
        <ele>34.40000152587890625</ele>
        <time>2026-09-10T09:53:33.000Z</time>
        <extensions>
          <ns3:TrackPointExtension>
            <ns3:atemp>30.0</ns3:atemp>
            <ns3:hr>112</ns3:hr>
          </ns3:TrackPointExtension>
        </extensions>
      </trkpt>
      <trkpt lat="24.48871457017958164215087890625" lon="118.14796783961355686187744140625">
        <ele>34.40000152587890625</ele>
        <time>2026-09-10T09:53:34.000Z</time>
        <extensions>
          <ns3:TrackPointExtension>
            <ns3:atemp>30.0</ns3:atemp>
            <ns3:hr>111</ns3:hr>
          </ns3:TrackPointExtension>
        </extensions>
      </trkpt>
      <trkpt lat="24.48865975253283977508544921875" lon="118.14796599559485912322998046875">
        <ele>34.40000152587890625</ele>
        <time>2026-09-10T09:53:36.000Z</time>
        <extensions>
          <ns3:TrackPointExtension>
            <ns3:atemp>30.0</ns3:atemp>
            <ns3:hr>110</ns3:hr>
          </ns3:TrackPointExtension>
        </extensions>
      </trkpt>
      <trkpt lat="24.4884655438363552093505859375" lon="118.1478851102292537689208984375">
        <ele>35</ele>
        <time>2026-09-10T09:53:42.000Z</time>
        <extensions>
          <ns3:TrackPointExtension>
            <ns3:atemp>30.0</ns3:atemp>
            <ns3:hr>111</ns3:hr>
          </ns3:TrackPointExtension>
        </extensions>
      </trkpt>
      <trkpt lat="24.48838029988110065460205078125" lon="118.147884272038936614990234375">
        <ele>35.200000762939453125</ele>
        <time>2026-09-10T09:53:45.000Z</time>
        <extensions>
          <ns3:TrackPointExtension>
            <ns3:atemp>30.0</ns3:atemp>
            <ns3:hr>110</ns3:hr>
          </ns3:TrackPointExtension>
        </extensions>
      </trkpt>
      <trkpt lat="24.4881477020680904388427734375" lon="118.14785049296915531158447265625">
        <ele>36</ele>
        <time>2026-09-10T09:53:53.000Z</time>
        <extensions>
          <ns3:TrackPointExtension>
            <ns3:atemp>30.0</ns3:atemp>
            <ns3:hr>110</ns3:hr>
          </ns3:TrackPointExtension>
        </extensions>
      </trkpt>
      <trkpt lat="24.4881309382617473602294921875" lon="118.147850073873996734619140625">
        <ele>36.200000762939453125</ele>
        <time>2026-09-10T09:53:54.000Z</time>
        <extensions>
          <ns3:TrackPointExtension>
            <ns3:atemp>30.0</ns3:atemp>
            <ns3:hr>110</ns3:hr>
          </ns3:TrackPointExtension>
        </extensions>
      </trkpt>
      <trkpt lat="24.4878861866891384124755859375" lon="118.147811852395534515380859375">
        <ele>37.200000762939453125</ele>
        <time>2026-09-10T09:54:01.000Z</time>
        <extensions>
          <ns3:TrackPointExtension>
            <ns3:atemp>30.0</ns3:atemp>
            <ns3:hr>112</ns3:hr>
          </ns3:TrackPointExtension>
        </extensions>
      </trkpt>
      <trkpt lat="24.48782466351985931396484375" lon="118.14781947992742061614990234375">
        <ele>37.40000152587890625</ele>
        <time>2026-09-10T09:54:05.000Z</time>
        <extensions>
          <ns3:TrackPointExtension>
            <ns3:atemp>30.0</ns3:atemp>
            <ns3:hr>114</ns3:hr>
          </ns3:TrackPointExtension>
        </extensions>
      </trkpt>
      <trkpt lat="24.48779021389782428741455078125" lon="118.14781419932842254638671875">
        <ele>37.40000152587890625</ele>
        <time>2026-09-10T09:54:06.000Z</time>
        <extensions>
          <ns3:TrackPointExtension>
            <ns3:atemp>30.0</ns3:atemp>
            <ns3:hr>114</ns3:hr>
          </ns3:TrackPointExtension>
        </extensions>
      </trkpt>
      <trkpt lat="24.48760497383773326873779296875" lon="118.14782534725964069366455078125">
        <ele>37.59999847412109375</ele>
        <time>2026-09-10T09:54:11.000Z</time>
        <extensions>
          <ns3:TrackPointExtension>
            <ns3:atemp>30.0</ns3:atemp>
            <ns3:hr>115</ns3:hr>
          </ns3:TrackPointExtension>
        </extensions>
      </trkpt>
      <trkpt lat="24.48758636601269245147705078125" lon="118.1478375010192394256591796875">
        <ele>37.59999847412109375</ele>
        <time>2026-09-10T09:54:12.000Z</time>
        <extensions>
          <ns3:TrackPointExtension>
            <ns3:atemp>30.0</ns3:atemp>
            <ns3:hr>114</ns3:hr>
          </ns3:TrackPointExtension>
        </extensions>
      </trkpt>
      <trkpt lat="24.48749206960201263427734375" lon="118.14791805110871791839599609375">
        <ele>38.200000762939453125</ele>
        <time>2026-09-10T09:54:15.000Z</time>
        <extensions>
          <ns3:TrackPointExtension>
            <ns3:atemp>30.0</ns3:atemp>
            <ns3:hr>113</ns3:hr>
          </ns3:TrackPointExtension>
        </extensions>
      </trkpt>
      <trkpt lat="24.48746549896895885467529296875" lon="118.1479489803314208984375">
        <ele>38.40000152587890625</ele>
        <time>2026-09-10T09:54:16.000Z</time>
        <extensions>
          <ns3:TrackPointExtension>
            <ns3:atemp>30.0</ns3:atemp>
            <ns3:hr>113</ns3:hr>
          </ns3:TrackPointExtension>
        </extensions>
      </trkpt>
      <trkpt lat="24.487293250858783721923828125" lon="118.14806255511939525604248046875">
        <ele>39.40000152587890625</ele>
        <time>2026-09-10T09:54:21.000Z</time>
        <extensions>
          <ns3:TrackPointExtension>
            <ns3:atemp>30.0</ns3:atemp>
            <ns3:hr>112</ns3:hr>
          </ns3:TrackPointExtension>
        </extensions>
      </trkpt>
      <trkpt lat="24.48707674629986286163330078125" lon="118.148076049983501434326171875">
        <ele>39.40000152587890625</ele>
        <time>2026-09-10T09:54:26.000Z</time>
        <extensions>
          <ns3:TrackPointExtension>
            <ns3:atemp>30.0</ns3:atemp>
            <ns3:hr>114</ns3:hr>
          </ns3:TrackPointExtension>
        </extensions>
      </trkpt>
      <trkpt lat="24.4870365969836711883544921875" lon="118.148053921759128570556640625">
        <ele>39.59999847412109375</ele>
        <time>2026-09-10T09:54:27.000Z</time>
        <extensions>
          <ns3:TrackPointExtension>
            <ns3:atemp>30.0</ns3:atemp>
            <ns3:hr>115</ns3:hr>
          </ns3:TrackPointExtension>
        </extensions>
      </trkpt>
      <trkpt lat="24.48700533248484134674072265625" lon="118.148023746907711029052734375">
        <ele>39.799999237060546875</ele>
        <time>2026-09-10T09:54:28.000Z</time>
        <extensions>
          <ns3:TrackPointExtension>
            <ns3:atemp>30.0</ns3:atemp>
            <ns3:hr>115</ns3:hr>
          </ns3:TrackPointExtension>
        </extensions>
      </trkpt>
      <trkpt lat="24.48700114153325557708740234375" lon="118.1479947455227375030517578125">
        <ele>40</ele>
        <time>2026-09-10T09:54:29.000Z</time>
        <extensions>
          <ns3:TrackPointExtension>
            <ns3:atemp>30.0</ns3:atemp>
            <ns3:hr>115</ns3:hr>
          </ns3:TrackPointExtension>
        </extensions>
      </trkpt>
      <trkpt lat="24.48700365610420703887939453125" lon="118.1478432007133960723876953125">
        <ele>40.40000152587890625</ele>
        <time>2026-09-10T09:54:34.000Z</time>
        <extensions>
          <ns3:TrackPointExtension>
            <ns3:atemp>30.0</ns3:atemp>
            <ns3:hr>113</ns3:hr>
          </ns3:TrackPointExtension>
        </extensions>
      </trkpt>
      <trkpt lat="24.48699007742106914520263671875" lon="118.14760926179587841033935546875">
        <ele>40.59999847412109375</ele>
        <time>2026-09-10T09:54:40.000Z</time>
        <extensions>
          <ns3:TrackPointExtension>
            <ns3:atemp>30.0</ns3:atemp>
            <ns3:hr>115</ns3:hr>
          </ns3:TrackPointExtension>
        </extensions>
      </trkpt>
      <trkpt lat="24.4869477488100528717041015625" lon="118.14745117910206317901611328125">
        <ele>40.200000762939453125</ele>
        <time>2026-09-10T09:54:46.000Z</time>
        <extensions>
          <ns3:TrackPointExtension>
            <ns3:atemp>30.0</ns3:atemp>
            <ns3:hr>116</ns3:hr>
          </ns3:TrackPointExtension>
        </extensions>
      </trkpt>
      <trkpt lat="24.48695017956197261810302734375" lon="118.14746006391942501068115234375">
        <ele>40.59999847412109375</ele>
        <time>2026-09-10T09:54:51.000Z</time>
        <extensions>
          <ns3:TrackPointExtension>
            <ns3:atemp>30.0</ns3:atemp>
            <ns3:hr>113</ns3:hr>
          </ns3:TrackPointExtension>
        </extensions>
      </trkpt>
      <trkpt lat="24.486888907849788665771484375" lon="118.1474656797945499420166015625">
        <ele>39.59999847412109375</ele>
        <time>2026-09-10T09:54:57.000Z</time>
        <extensions>
          <ns3:TrackPointExtension>
            <ns3:atemp>30.0</ns3:atemp>
            <ns3:hr>110</ns3:hr>
          </ns3:TrackPointExtension>
        </extensions>
      </trkpt>
      <trkpt lat="24.486870802938938140869140625" lon="118.1474676914513111114501953125">
        <ele>39.200000762939453125</ele>
        <time>2026-09-10T09:54:59.000Z</time>
        <extensions>
          <ns3:TrackPointExtension>
            <ns3:atemp>30.0</ns3:atemp>
            <ns3:hr>109</ns3:hr>
          </ns3:TrackPointExtension>
        </extensions>
      </trkpt>
      <trkpt lat="24.48682487010955810546875" lon="118.14747163094580173492431640625">
        <ele>38.59999847412109375</ele>
        <time>2026-09-10T09:55:04.000Z</time>
        <extensions>
          <ns3:TrackPointExtension>
            <ns3:atemp>30.0</ns3:atemp>
            <ns3:hr>107</ns3:hr>
          </ns3:TrackPointExtension>
        </extensions>
      </trkpt>
      <trkpt lat="24.4868002273142337799072265625" lon="118.14746148884296417236328125">
        <ele>38</ele>
        <time>2026-09-10T09:55:07.000Z</time>
        <extensions>
          <ns3:TrackPointExtension>
            <ns3:atemp>30.0</ns3:atemp>
            <ns3:hr>107</ns3:hr>
          </ns3:TrackPointExtension>
        </extensions>
      </trkpt>
      <trkpt lat="24.486790336668491363525390625" lon="118.147453777492046356201171875">
        <ele>37.59999847412109375</ele>
        <time>2026-09-10T09:55:10.000Z</time>
        <extensions>
          <ns3:TrackPointExtension>
            <ns3:atemp>30.0</ns3:atemp>
            <ns3:hr>106</ns3:hr>
          </ns3:TrackPointExtension>
        </extensions>
      </trkpt>
      <trkpt lat="24.48676343075931072235107421875" lon="118.14744765870273113250732421875">
        <ele>36.40000152587890625</ele>
        <time>2026-09-10T09:55:15.000Z</time>
        <extensions>
          <ns3:TrackPointExtension>
            <ns3:atemp>30.0</ns3:atemp>
            <ns3:hr>106</ns3:hr>
          </ns3:TrackPointExtension>
        </extensions>
      </trkpt>
      <trkpt lat="24.48676393367350101470947265625" lon="118.14744799397885799407958984375">
        <ele>36.40000152587890625</ele>
        <time>2026-09-10T09:55:16.000Z</time>
        <extensions>
          <ns3:TrackPointExtension>
            <ns3:atemp>30.0</ns3:atemp>
            <ns3:hr>105</ns3:hr>
          </ns3:TrackPointExtension>
        </extensions>
      </trkpt>
      <trkpt lat="24.4867807812988758087158203125" lon="118.14746207557618618011474609375">
        <ele>36.40000152587890625</ele>
        <time>2026-09-10T09:55:18.000Z</time>
        <extensions>
          <ns3:TrackPointExtension>
            <ns3:atemp>30.0</ns3:atemp>
            <ns3:hr>108</ns3:hr>
          </ns3:TrackPointExtension>
        </extensions>
      </trkpt>
      <trkpt lat="24.486797042191028594970703125" lon="118.14747246913611888885498046875">
        <ele>36.40000152587890625</ele>
        <time>2026-09-10T09:55:19.000Z</time>
        <extensions>
          <ns3:TrackPointExtension>
            <ns3:atemp>30.0</ns3:atemp>
            <ns3:hr>108</ns3:hr>
          </ns3:TrackPointExtension>
        </extensions>
      </trkpt>
      <trkpt lat="24.486838616430759429931640625" lon="118.1474943459033966064453125">
        <ele>36.40000152587890625</ele>
        <time>2026-09-10T09:55:21.000Z</time>
        <extensions>
          <ns3:TrackPointExtension>
            <ns3:atemp>30.0</ns3:atemp>
            <ns3:hr>107</ns3:hr>
          </ns3:TrackPointExtension>
        </extensions>
      </trkpt>
      <trkpt lat="24.48695017956197261810302734375" lon="118.147526867687702178955078125">
        <ele>35.40000152587890625</ele>
        <time>2026-09-10T09:55:25.000Z</time>
        <extensions>
          <ns3:TrackPointExtension>
            <ns3:atemp>30.0</ns3:atemp>
            <ns3:hr>106</ns3:hr>
          </ns3:TrackPointExtension>
        </extensions>
      </trkpt>
      <trkpt lat="24.486975409090518951416015625" lon="118.147526197135448455810546875">
        <ele>35.200000762939453125</ele>
        <time>2026-09-10T09:55:26.000Z</time>
        <extensions>
          <ns3:TrackPointExtension>
            <ns3:atemp>30.0</ns3:atemp>
            <ns3:hr>107</ns3:hr>
          </ns3:TrackPointExtension>
        </extensions>
      </trkpt>
      <trkpt lat="24.48706937022507190704345703125" lon="118.14754421822726726531982421875">
        <ele>34.200000762939453125</ele>
        <time>2026-09-10T09:55:28.000Z</time>
        <extensions>
          <ns3:TrackPointExtension>
            <ns3:atemp>30.0</ns3:atemp>
            <ns3:hr>110</ns3:hr>
          </ns3:TrackPointExtension>
        </extensions>
      </trkpt>
      <trkpt lat="24.4871780835092067718505859375" lon="118.14755477942526340484619140625">
        <ele>33.59999847412109375</ele>
        <time>2026-09-10T09:55:30.000Z</time>
        <extensions>
          <ns3:TrackPointExtension>
            <ns3:atemp>30.0</ns3:atemp>
            <ns3:hr>110</ns3:hr>
          </ns3:TrackPointExtension>
        </extensions>
      </trkpt>
      <trkpt lat="24.48732401244342327117919921875" lon="118.14755226485431194305419921875">
        <ele>33</ele>
        <time>2026-09-10T09:55:33.000Z</time>
        <extensions>
          <ns3:TrackPointExtension>
            <ns3:atemp>30.0</ns3:atemp>
            <ns3:hr>109</ns3:hr>
          </ns3:TrackPointExtension>
        </extensions>
      </trkpt>
      <trkpt lat="24.4874271936714649200439453125" lon="118.1475766561925411224365234375">
        <ele>32.59999847412109375</ele>
        <time>2026-09-10T09:55:35.000Z</time>
        <extensions>
          <ns3:TrackPointExtension>
            <ns3:atemp>30.0</ns3:atemp>
            <ns3:hr>110</ns3:hr>
          </ns3:TrackPointExtension>
        </extensions>
      </trkpt>
      <trkpt lat="24.48748092167079448699951171875" lon="118.14758461900055408477783203125">
        <ele>32</ele>
        <time>2026-09-10T09:55:36.000Z</time>
        <extensions>
          <ns3:TrackPointExtension>
            <ns3:atemp>30.0</ns3:atemp>
            <ns3:hr>109</ns3:hr>
          </ns3:TrackPointExtension>
        </extensions>
      </trkpt>
      <trkpt lat="24.487581588327884674072265625" lon="118.14759132452309131622314453125">
        <ele>31.799999237060546875</ele>
        <time>2026-09-10T09:55:38.000Z</time>
        <extensions>
          <ns3:TrackPointExtension>
            <ns3:atemp>30.0</ns3:atemp>
            <ns3:hr>112</ns3:hr>
          </ns3:TrackPointExtension>
        </extensions>
      </trkpt>
      <trkpt lat="24.48768074624240398406982421875" lon="118.14759333617985248565673828125">
        <ele>32</ele>
        <time>2026-09-10T09:55:41.000Z</time>
        <extensions>
          <ns3:TrackPointExtension>
            <ns3:atemp>30.0</ns3:atemp>
            <ns3:hr>114</ns3:hr>
          </ns3:TrackPointExtension>
        </extensions>
      </trkpt>
      <trkpt lat="24.48771544732153415679931640625" lon="118.1475655920803546905517578125">
        <ele>32</ele>
        <time>2026-09-10T09:55:42.000Z</time>
        <extensions>
          <ns3:TrackPointExtension>
            <ns3:atemp>29.0</ns3:atemp>
            <ns3:hr>117</ns3:hr>
          </ns3:TrackPointExtension>
        </extensions>
      </trkpt>
      <trkpt lat="24.487764649093151092529296875" lon="118.147494681179523468017578125">
        <ele>32.40000152587890625</ele>
        <time>2026-09-10T09:55:44.000Z</time>
        <extensions>
          <ns3:TrackPointExtension>
            <ns3:atemp>30.0</ns3:atemp>
            <ns3:hr>120</ns3:hr>
          </ns3:TrackPointExtension>
        </extensions>
      </trkpt>
      <trkpt lat="24.48779323138296604156494140625" lon="118.1474391929805278778076171875">
        <ele>32.799999237060546875</ele>
        <time>2026-09-10T09:55:46.000Z</time>
        <extensions>
          <ns3:TrackPointExtension>
            <ns3:atemp>30.0</ns3:atemp>
            <ns3:hr>123</ns3:hr>
          </ns3:TrackPointExtension>
        </extensions>
      </trkpt>
      <trkpt lat="24.48783363215625286102294921875" lon="118.147372305393218994140625">
        <ele>32.799999237060546875</ele>
        <time>2026-09-10T09:55:48.000Z</time>
        <extensions>
          <ns3:TrackPointExtension>
            <ns3:atemp>29.0</ns3:atemp>
            <ns3:hr>126</ns3:hr>
          </ns3:TrackPointExtension>
        </extensions>
      </trkpt>
      <trkpt lat="24.48787629604339599609375" lon="118.1473070941865444183349609375">
        <ele>33</ele>
        <time>2026-09-10T09:55:50.000Z</time>
        <extensions>
          <ns3:TrackPointExtension>
            <ns3:atemp>29.0</ns3:atemp>
            <ns3:hr>127</ns3:hr>
          </ns3:TrackPointExtension>
        </extensions>
      </trkpt>
      <trkpt lat="24.48794058524072170257568359375" lon="118.14719703979790210723876953125">
        <ele>33</ele>
        <time>2026-09-10T09:55:53.000Z</time>
        <extensions>
          <ns3:TrackPointExtension>
            <ns3:atemp>30.0</ns3:atemp>
            <ns3:hr>130</ns3:hr>
          </ns3:TrackPointExtension>
        </extensions>
      </trkpt>
      <trkpt lat="24.4880343787372112274169921875" lon="118.147044070065021514892578125">
        <ele>33</ele>
        <time>2026-09-10T09:55:57.000Z</time>
        <extensions>
          <ns3:TrackPointExtension>
            <ns3:atemp>29.0</ns3:atemp>
            <ns3:hr>132</ns3:hr>
          </ns3:TrackPointExtension>
        </extensions>
      </trkpt>
      <trkpt lat="24.4880618713796138763427734375" lon="118.1470061838626861572265625">
        <ele>33</ele>
        <time>2026-09-10T09:55:58.000Z</time>
        <extensions>
          <ns3:TrackPointExtension>
            <ns3:atemp>30.0</ns3:atemp>
            <ns3:hr>133</ns3:hr>
          </ns3:TrackPointExtension>
        </extensions>
      </trkpt>
      <trkpt lat="24.48820528574287891387939453125" lon="118.1467756815254688262939453125">
        <ele>33.40000152587890625</ele>
        <time>2026-09-10T09:56:04.000Z</time>
        <extensions>
          <ns3:TrackPointExtension>
            <ns3:atemp>29.0</ns3:atemp>
            <ns3:hr>136</ns3:hr>
          </ns3:TrackPointExtension>
        </extensions>
      </trkpt>
      <trkpt lat="24.48830050416290760040283203125" lon="118.14661391079425811767578125">
        <ele>33.200000762939453125</ele>
        <time>2026-09-10T09:56:08.000Z</time>
        <extensions>
          <ns3:TrackPointExtension>
            <ns3:atemp>29.0</ns3:atemp>
            <ns3:hr>139</ns3:hr>
          </ns3:TrackPointExtension>
        </extensions>
      </trkpt>
      <trkpt lat="24.48834501206874847412109375" lon="118.14653688110411167144775390625">
        <ele>33.40000152587890625</ele>
        <time>2026-09-10T09:56:10.000Z</time>
        <extensions>
          <ns3:TrackPointExtension>
            <ns3:atemp>29.0</ns3:atemp>
            <ns3:hr>139</ns3:hr>
          </ns3:TrackPointExtension>
        </extensions>
      </trkpt>
      <trkpt lat="24.48839823715388774871826171875" lon="118.1464286707341670989990234375">
        <ele>33.40000152587890625</ele>
        <time>2026-09-10T09:56:13.000Z</time>
        <extensions>
          <ns3:TrackPointExtension>
            <ns3:atemp>30.0</ns3:atemp>
            <ns3:hr>135</ns3:hr>
          </ns3:TrackPointExtension>
        </extensions>
      </trkpt>
      <trkpt lat="24.4884273223578929901123046875" lon="118.1463552452623844146728515625">
        <ele>33.59999847412109375</ele>
        <time>2026-09-10T09:56:15.000Z</time>
        <extensions>
          <ns3:TrackPointExtension>
            <ns3:atemp>30.0</ns3:atemp>
            <ns3:hr>132</ns3:hr>
          </ns3:TrackPointExtension>
        </extensions>
      </trkpt>
      <trkpt lat="24.48844249360263347625732421875" lon="118.14631878398358821868896484375">
        <ele>33.59999847412109375</ele>
        <time>2026-09-10T09:56:16.000Z</time>
        <extensions>
          <ns3:TrackPointExtension>
            <ns3:atemp>30.0</ns3:atemp>
            <ns3:hr>132</ns3:hr>
          </ns3:TrackPointExtension>
        </extensions>
      </trkpt>
      <trkpt lat="24.488549530506134033203125" lon="118.14615282230079174041748046875">
        <ele>33.799999237060546875</ele>
        <time>2026-09-10T09:56:21.000Z</time>
        <extensions>
          <ns3:TrackPointExtension>
            <ns3:atemp>29.0</ns3:atemp>
            <ns3:hr>130</ns3:hr>
          </ns3:TrackPointExtension>
        </extensions>
      </trkpt>
      <trkpt lat="24.48861189186573028564453125" lon="118.146019466221332550048828125">
        <ele>33.799999237060546875</ele>
        <time>2026-09-10T09:56:25.000Z</time>
        <extensions>
          <ns3:TrackPointExtension>
            <ns3:atemp>30.0</ns3:atemp>
            <ns3:hr>127</ns3:hr>
          </ns3:TrackPointExtension>
        </extensions>
      </trkpt>
      <trkpt lat="24.48862387798726558685302734375" lon="118.1459834240376949310302734375">
        <ele>33.799999237060546875</ele>
        <time>2026-09-10T09:56:26.000Z</time>
        <extensions>
          <ns3:TrackPointExtension>
            <ns3:atemp>30.0</ns3:atemp>
            <ns3:hr>124</ns3:hr>
          </ns3:TrackPointExtension>
        </extensions>
      </trkpt>
      <trkpt lat="24.4886361993849277496337890625" lon="118.1459492258727550506591796875">
        <ele>33.799999237060546875</ele>
        <time>2026-09-10T09:56:27.000Z</time>
        <extensions>
          <ns3:TrackPointExtension>
            <ns3:atemp>30.0</ns3:atemp>
            <ns3:hr>124</ns3:hr>
          </ns3:TrackPointExtension>
        </extensions>
      </trkpt>
      <trkpt lat="24.4886563159525394439697265625" lon="118.14588393084704875946044921875">
        <ele>33.799999237060546875</ele>
        <time>2026-09-10T09:56:29.000Z</time>
        <extensions>
          <ns3:TrackPointExtension>
            <ns3:atemp>30.0</ns3:atemp>
            <ns3:hr>121</ns3:hr>
          </ns3:TrackPointExtension>
        </extensions>
      </trkpt>
      <trkpt lat="24.4886657036840915679931640625" lon="118.14586146734654903411865234375">
        <ele>33.799999237060546875</ele>
        <time>2026-09-10T09:56:30.000Z</time>
        <extensions>
          <ns3:TrackPointExtension>
            <ns3:atemp>30.0</ns3:atemp>
            <ns3:hr>117</ns3:hr>
          </ns3:TrackPointExtension>
        </extensions>
      </trkpt>
      <trkpt lat="24.488673917949199676513671875" lon="118.1458394229412078857421875">
        <ele>34</ele>
        <time>2026-09-10T09:56:31.000Z</time>
        <extensions>
          <ns3:TrackPointExtension>
            <ns3:atemp>30.0</ns3:atemp>
            <ns3:hr>114</ns3:hr>
          </ns3:TrackPointExtension>
        </extensions>
      </trkpt>
      <trkpt lat="24.48867919854819774627685546875" lon="118.14581729471683502197265625">
        <ele>34.200000762939453125</ele>
        <time>2026-09-10T09:56:32.000Z</time>
        <extensions>
          <ns3:TrackPointExtension>
            <ns3:atemp>30.0</ns3:atemp>
            <ns3:hr>111</ns3:hr>
          </ns3:TrackPointExtension>
        </extensions>
      </trkpt>
      <trkpt lat="24.4886985607445240020751953125" lon="118.14576708711683750152587890625">
        <ele>34.200000762939453125</ele>
        <time>2026-09-10T09:56:34.000Z</time>
        <extensions>
          <ns3:TrackPointExtension>
            <ns3:atemp>30.0</ns3:atemp>
            <ns3:hr>107</ns3:hr>
          </ns3:TrackPointExtension>
        </extensions>
      </trkpt>
      <trkpt lat="24.4887558929622173309326171875" lon="118.14558519981801509857177734375">
        <ele>34.40000152587890625</ele>
        <time>2026-09-10T09:56:40.000Z</time>
        <extensions>
          <ns3:TrackPointExtension>
            <ns3:atemp>30.0</ns3:atemp>
            <ns3:hr>104</ns3:hr>
          </ns3:TrackPointExtension>
        </extensions>
      </trkpt>
      <trkpt lat="24.48876569978892803192138671875" lon="118.1455135345458984375">
        <ele>34.59999847412109375</ele>
        <time>2026-09-10T09:56:42.000Z</time>
        <extensions>
          <ns3:TrackPointExtension>
            <ns3:atemp>30.0</ns3:atemp>
            <ns3:hr>104</ns3:hr>
          </ns3:TrackPointExtension>
        </extensions>
      </trkpt>
      <trkpt lat="24.4887984730303287506103515625" lon="118.14528127200901508331298828125">
        <ele>35</ele>
        <time>2026-09-10T09:56:50.000Z</time>
        <extensions>
          <ns3:TrackPointExtension>
            <ns3:atemp>30.0</ns3:atemp>
            <ns3:hr>103</ns3:hr>
          </ns3:TrackPointExtension>
        </extensions>
      </trkpt>
      <trkpt lat="24.48880090378224849700927734375" lon="118.1452474929392337799072265625">
        <ele>35.200000762939453125</ele>
        <time>2026-09-10T09:56:51.000Z</time>
        <extensions>
          <ns3:TrackPointExtension>
            <ns3:atemp>30.0</ns3:atemp>
            <ns3:hr>104</ns3:hr>
          </ns3:TrackPointExtension>
        </extensions>
      </trkpt>
      <trkpt lat="24.488797970116138458251953125" lon="118.145070970058441162109375">
        <ele>35.200000762939453125</ele>
        <time>2026-09-10T09:56:55.000Z</time>
        <extensions>
          <ns3:TrackPointExtension>
            <ns3:atemp>30.0</ns3:atemp>
            <ns3:hr>104</ns3:hr>
          </ns3:TrackPointExtension>
        </extensions>
      </trkpt>
      <trkpt lat="24.48880098760128021240234375" lon="118.14485966227948665618896484375">
        <ele>34.40000152587890625</ele>
        <time>2026-09-10T09:57:00.000Z</time>
        <extensions>
          <ns3:TrackPointExtension>
            <ns3:atemp>30.0</ns3:atemp>
            <ns3:hr>106</ns3:hr>
          </ns3:TrackPointExtension>
        </extensions>
      </trkpt>
      <trkpt lat="24.48880006559193134307861328125" lon="118.14466034062206745147705078125">
        <ele>34.200000762939453125</ele>
        <time>2026-09-10T09:57:04.000Z</time>
        <extensions>
          <ns3:TrackPointExtension>
            <ns3:atemp>30.0</ns3:atemp>
            <ns3:hr>107</ns3:hr>
          </ns3:TrackPointExtension>
        </extensions>
      </trkpt>
      <trkpt lat="24.488796629011631011962890625" lon="118.14461038447916507720947265625">
        <ele>34.200000762939453125</ele>
        <time>2026-09-10T09:57:05.000Z</time>
        <extensions>
          <ns3:TrackPointExtension>
            <ns3:atemp>30.0</ns3:atemp>
            <ns3:hr>107</ns3:hr>
          </ns3:TrackPointExtension>
        </extensions>
      </trkpt>
      <trkpt lat="24.4887991435825824737548828125" lon="118.144510053098201751708984375">
        <ele>34.200000762939453125</ele>
        <time>2026-09-10T09:57:07.000Z</time>
        <extensions>
          <ns3:TrackPointExtension>
            <ns3:atemp>30.0</ns3:atemp>
            <ns3:hr>107</ns3:hr>
          </ns3:TrackPointExtension>
        </extensions>
      </trkpt>
      <trkpt lat="24.4887991435825824737548828125" lon="118.144303523004055023193359375">
        <ele>34.59999847412109375</ele>
        <time>2026-09-10T09:57:11.000Z</time>
        <extensions>
          <ns3:TrackPointExtension>
            <ns3:atemp>30.0</ns3:atemp>
            <ns3:hr>108</ns3:hr>
          </ns3:TrackPointExtension>
        </extensions>
      </trkpt>
      <trkpt lat="24.48882370255887508392333984375" lon="118.1439620442688465118408203125">
        <ele>34.200000762939453125</ele>
        <time>2026-09-10T09:57:18.000Z</time>
        <extensions>
          <ns3:TrackPointExtension>
            <ns3:atemp>30.0</ns3:atemp>
            <ns3:hr>110</ns3:hr>
          </ns3:TrackPointExtension>
        </extensions>
      </trkpt>
      <trkpt lat="24.48882579803466796875" lon="118.1437672488391399383544921875">
        <ele>34.200000762939453125</ele>
        <time>2026-09-10T09:57:22.000Z</time>
        <extensions>
          <ns3:TrackPointExtension>
            <ns3:atemp>30.0</ns3:atemp>
            <ns3:hr>111</ns3:hr>
          </ns3:TrackPointExtension>
        </extensions>
      </trkpt>
      <trkpt lat="24.48882043361663818359375" lon="118.1436773948371410369873046875">
        <ele>34.40000152587890625</ele>
        <time>2026-09-10T09:57:24.000Z</time>
        <extensions>
          <ns3:TrackPointExtension>
            <ns3:atemp>30.0</ns3:atemp>
            <ns3:hr>112</ns3:hr>
          </ns3:TrackPointExtension>
        </extensions>
      </trkpt>
      <trkpt lat="24.48882319964468479156494140625" lon="118.1434333138167858123779296875">
        <ele>35</ele>
        <time>2026-09-10T09:57:30.000Z</time>
        <extensions>
          <ns3:TrackPointExtension>
            <ns3:atemp>30.0</ns3:atemp>
            <ns3:hr>115</ns3:hr>
          </ns3:TrackPointExtension>
        </extensions>
      </trkpt>
      <trkpt lat="24.48882579803466796875" lon="118.1433927454054355621337890625">
        <ele>35</ele>
        <time>2026-09-10T09:57:31.000Z</time>
        <extensions>
          <ns3:TrackPointExtension>
            <ns3:atemp>30.0</ns3:atemp>
            <ns3:hr>113</ns3:hr>
          </ns3:TrackPointExtension>
        </extensions>
      </trkpt>
      <trkpt lat="24.48882219381630420684814453125" lon="118.14314313232898712158203125">
        <ele>35</ele>
        <time>2026-09-10T09:57:37.000Z</time>
        <extensions>
          <ns3:TrackPointExtension>
            <ns3:atemp>30.0</ns3:atemp>
            <ns3:hr>114</ns3:hr>
          </ns3:TrackPointExtension>
        </extensions>
      </trkpt>
      <trkpt lat="24.4888263009488582611083984375" lon="118.143018744885921478271484375">
        <ele>35.200000762939453125</ele>
        <time>2026-09-10T09:57:40.000Z</time>
        <extensions>
          <ns3:TrackPointExtension>
            <ns3:atemp>30.0</ns3:atemp>
            <ns3:hr>113</ns3:hr>
          </ns3:TrackPointExtension>
        </extensions>
      </trkpt>
      <trkpt lat="24.48882906697690486907958984375" lon="118.14279838465154170989990234375">
        <ele>35.40000152587890625</ele>
        <time>2026-09-10T09:57:45.000Z</time>
        <extensions>
          <ns3:TrackPointExtension>
            <ns3:atemp>30.0</ns3:atemp>
            <ns3:hr>111</ns3:hr>
          </ns3:TrackPointExtension>
        </extensions>
      </trkpt>
      <trkpt lat="24.48882672004401683807373046875" lon="118.14266025088727474212646484375">
        <ele>35.40000152587890625</ele>
        <time>2026-09-10T09:57:48.000Z</time>
        <extensions>
          <ns3:TrackPointExtension>
            <ns3:atemp>30.0</ns3:atemp>
            <ns3:hr>107</ns3:hr>
          </ns3:TrackPointExtension>
        </extensions>
      </trkpt>
      <trkpt lat="24.48882646858692169189453125" lon="118.14252479933202266693115234375">
        <ele>35.59999847412109375</ele>
        <time>2026-09-10T09:57:51.000Z</time>
        <extensions>
          <ns3:TrackPointExtension>
            <ns3:atemp>30.0</ns3:atemp>
            <ns3:hr>104</ns3:hr>
          </ns3:TrackPointExtension>
        </extensions>
      </trkpt>
      <trkpt lat="24.488849602639675140380859375" lon="118.14243502914905548095703125">
        <ele>35.59999847412109375</ele>
        <time>2026-09-10T09:57:53.000Z</time>
        <extensions>
          <ns3:TrackPointExtension>
            <ns3:atemp>30.0</ns3:atemp>
            <ns3:hr>104</ns3:hr>
          </ns3:TrackPointExtension>
        </extensions>
      </trkpt>
      <trkpt lat="24.4889117963612079620361328125" lon="118.14237467944622039794921875">
        <ele>35.59999847412109375</ele>
        <time>2026-09-10T09:57:55.000Z</time>
        <extensions>
          <ns3:TrackPointExtension>
            <ns3:atemp>30.0</ns3:atemp>
            <ns3:hr>103</ns3:hr>
          </ns3:TrackPointExtension>
        </extensions>
      </trkpt>
      <trkpt lat="24.48898932896554470062255859375" lon="118.14233486540615558624267578125">
        <ele>35.200000762939453125</ele>
        <time>2026-09-10T09:57:57.000Z</time>
        <extensions>
          <ns3:TrackPointExtension>
            <ns3:atemp>30.0</ns3:atemp>
            <ns3:hr>103</ns3:hr>
          </ns3:TrackPointExtension>
        </extensions>
      </trkpt>
      <trkpt lat="24.4890747405588626861572265625" lon="118.1423372961580753326416015625">
        <ele>34.799999237060546875</ele>
        <time>2026-09-10T09:57:59.000Z</time>
        <extensions>
          <ns3:TrackPointExtension>
            <ns3:atemp>30.0</ns3:atemp>
            <ns3:hr>103</ns3:hr>
          </ns3:TrackPointExtension>
        </extensions>
      </trkpt>
      <trkpt lat="24.48911723680794239044189453125" lon="118.142344839870929718017578125">
        <ele>34.59999847412109375</ele>
        <time>2026-09-10T09:58:00.000Z</time>
        <extensions>
          <ns3:TrackPointExtension>
            <ns3:atemp>30.0</ns3:atemp>
            <ns3:hr>103</ns3:hr>
          </ns3:TrackPointExtension>
        </extensions>
      </trkpt>
      <trkpt lat="24.48933902196586132049560546875" lon="118.1423820555210113525390625">
        <ele>34</ele>
        <time>2026-09-10T09:58:05.000Z</time>
        <extensions>
          <ns3:TrackPointExtension>
            <ns3:atemp>30.0</ns3:atemp>
            <ns3:hr>103</ns3:hr>
          </ns3:TrackPointExtension>
        </extensions>
      </trkpt>
      <trkpt lat="24.4893823564052581787109375" lon="118.14238750375807285308837890625">
        <ele>33.799999237060546875</ele>
        <time>2026-09-10T09:58:06.000Z</time>
        <extensions>
          <ns3:TrackPointExtension>
            <ns3:atemp>30.0</ns3:atemp>
            <ns3:hr>103</ns3:hr>
          </ns3:TrackPointExtension>
        </extensions>
      </trkpt>
      <trkpt lat="24.4895162992179393768310546875" lon="118.14240753650665283203125">
        <ele>33.799999237060546875</ele>
        <time>2026-09-10T09:58:09.000Z</time>
        <extensions>
          <ns3:TrackPointExtension>
            <ns3:atemp>30.0</ns3:atemp>
            <ns3:hr>102</ns3:hr>
          </ns3:TrackPointExtension>
        </extensions>
      </trkpt>
      <trkpt lat="24.48964747600257396697998046875" lon="118.1424222886562347412109375">
        <ele>33.799999237060546875</ele>
        <time>2026-09-10T09:58:12.000Z</time>
        <extensions>
          <ns3:TrackPointExtension>
            <ns3:atemp>30.0</ns3:atemp>
            <ns3:hr>99</ns3:hr>
          </ns3:TrackPointExtension>
        </extensions>
      </trkpt>
      <trkpt lat="24.48973841965198516845703125" lon="118.142432011663913726806640625">
        <ele>33.200000762939453125</ele>
        <time>2026-09-10T09:58:14.000Z</time>
        <extensions>
          <ns3:TrackPointExtension>
            <ns3:atemp>30.0</ns3:atemp>
            <ns3:hr>97</ns3:hr>
          </ns3:TrackPointExtension>
        </extensions>
      </trkpt>
      <trkpt lat="24.48982902802526950836181640625" lon="118.142442740499973297119140625">
        <ele>33</ele>
        <time>2026-09-10T09:58:16.000Z</time>
        <extensions>
          <ns3:TrackPointExtension>
            <ns3:atemp>30.0</ns3:atemp>
            <ns3:hr>96</ns3:hr>
          </ns3:TrackPointExtension>
        </extensions>
      </trkpt>
      <trkpt lat="24.4899223186075687408447265625" lon="118.14245120622217655181884765625">
        <ele>32.799999237060546875</ele>
        <time>2026-09-10T09:58:18.000Z</time>
        <extensions>
          <ns3:TrackPointExtension>
            <ns3:atemp>30.0</ns3:atemp>
            <ns3:hr>92</ns3:hr>
          </ns3:TrackPointExtension>
        </extensions>
      </trkpt>
      <trkpt lat="24.49024426750838756561279296875" lon="118.14248691312968730926513671875">
        <ele>32.59999847412109375</ele>
        <time>2026-09-10T09:58:25.000Z</time>
        <extensions>
          <ns3:TrackPointExtension>
            <ns3:atemp>30.0</ns3:atemp>
            <ns3:hr>89</ns3:hr>
          </ns3:TrackPointExtension>
        </extensions>
      </trkpt>
      <trkpt lat="24.490682892501354217529296875" lon="118.14255438745021820068359375">
        <ele>31.799999237060546875</ele>
        <time>2026-09-10T09:58:34.000Z</time>
        <extensions>
          <ns3:TrackPointExtension>
            <ns3:atemp>30.0</ns3:atemp>
            <ns3:hr>89</ns3:hr>
          </ns3:TrackPointExtension>
        </extensions>
      </trkpt>
      <trkpt lat="24.49084994383156299591064453125" lon="118.14258833415806293487548828125">
        <ele>32</ele>
        <time>2026-09-10T09:58:39.000Z</time>
        <extensions>
          <ns3:TrackPointExtension>
            <ns3:atemp>30.0</ns3:atemp>
            <ns3:hr>90</ns3:hr>
          </ns3:TrackPointExtension>
        </extensions>
      </trkpt>
      <trkpt lat="24.49088238179683685302734375" lon="118.14260669052600860595703125">
        <ele>32</ele>
        <time>2026-09-10T09:58:42.000Z</time>
        <extensions>
          <ns3:TrackPointExtension>
            <ns3:atemp>30.0</ns3:atemp>
            <ns3:hr>93</ns3:hr>
          </ns3:TrackPointExtension>
        </extensions>
      </trkpt>
      <trkpt lat="24.49087525717914104461669921875" lon="118.1426038406789302825927734375">
        <ele>32</ele>
        <time>2026-09-10T09:58:43.000Z</time>
        <extensions>
          <ns3:TrackPointExtension>
            <ns3:atemp>30.0</ns3:atemp>
            <ns3:hr>93</ns3:hr>
          </ns3:TrackPointExtension>
        </extensions>
      </trkpt>
      <trkpt lat="24.49087274260818958282470703125" lon="118.14261130057275295257568359375">
        <ele>32</ele>
        <time>2026-09-10T09:58:46.000Z</time>
        <extensions>
          <ns3:TrackPointExtension>
            <ns3:atemp>30.0</ns3:atemp>
            <ns3:hr>96</ns3:hr>
          </ns3:TrackPointExtension>
        </extensions>
      </trkpt>
      <trkpt lat="24.49087274260818958282470703125" lon="118.14261138439178466796875">
        <ele>32</ele>
        <time>2026-09-10T09:58:47.000Z</time>
        <extensions>
          <ns3:TrackPointExtension>
            <ns3:atemp>30.0</ns3:atemp>
            <ns3:hr>93</ns3:hr>
          </ns3:TrackPointExtension>
        </extensions>
      </trkpt>
      <trkpt lat="24.49087291024625301361083984375" lon="118.14260811544954776763916015625">
        <ele>31.799999237060546875</ele>
        <time>2026-09-10T09:58:53.000Z</time>
        <extensions>
          <ns3:TrackPointExtension>
            <ns3:atemp>30.0</ns3:atemp>
            <ns3:hr>91</ns3:hr>
          </ns3:TrackPointExtension>
        </extensions>
      </trkpt>
      <trkpt lat="24.4908778555691242218017578125" lon="118.14259436912834644317626953125">
        <ele>31.799999237060546875</ele>
        <time>2026-09-10T09:59:01.000Z</time>
        <extensions>
          <ns3:TrackPointExtension>
            <ns3:atemp>30.0</ns3:atemp>
            <ns3:hr>90</ns3:hr>
          </ns3:TrackPointExtension>
        </extensions>
      </trkpt>
      <trkpt lat="24.49092320166528224945068359375" lon="118.14261532388627529144287109375">
        <ele>31.6000003814697265625</ele>
        <time>2026-09-10T09:59:05.000Z</time>
        <extensions>
          <ns3:TrackPointExtension>
            <ns3:atemp>30.0</ns3:atemp>
            <ns3:hr>93</ns3:hr>
          </ns3:TrackPointExtension>
        </extensions>
      </trkpt>
      <trkpt lat="24.49093359522521495819091796875" lon="118.1426239572465419769287109375">
        <ele>31.6000003814697265625</ele>
        <time>2026-09-10T09:59:07.000Z</time>
        <extensions>
          <ns3:TrackPointExtension>
            <ns3:atemp>30.0</ns3:atemp>
            <ns3:hr>92</ns3:hr>
          </ns3:TrackPointExtension>
        </extensions>
      </trkpt>
      <trkpt lat="24.49093879200518131256103515625" lon="118.14263887703418731689453125">
        <ele>31.799999237060546875</ele>
        <time>2026-09-10T09:59:12.000Z</time>
        <extensions>
          <ns3:TrackPointExtension>
            <ns3:atemp>30.0</ns3:atemp>
            <ns3:hr>93</ns3:hr>
          </ns3:TrackPointExtension>
        </extensions>
      </trkpt>
      <trkpt lat="24.490938372910022735595703125" lon="118.14264013431966304779052734375">
        <ele>31.6000003814697265625</ele>
        <time>2026-09-10T09:59:19.000Z</time>
        <extensions>
          <ns3:TrackPointExtension>
            <ns3:atemp>30.0</ns3:atemp>
            <ns3:hr>93</ns3:hr>
          </ns3:TrackPointExtension>
        </extensions>
      </trkpt>
      <trkpt lat="24.49093845672905445098876953125" lon="118.14263979904353618621826171875">
        <ele>31.3999996185302734375</ele>
        <time>2026-09-10T09:59:29.000Z</time>
        <extensions>
          <ns3:TrackPointExtension>
            <ns3:atemp>30.0</ns3:atemp>
            <ns3:hr>93</ns3:hr>
          </ns3:TrackPointExtension>
        </extensions>
      </trkpt>
      <trkpt lat="24.49093845672905445098876953125" lon="118.142639882862567901611328125">
        <ele>31.3999996185302734375</ele>
        <time>2026-09-10T09:59:32.000Z</time>
        <extensions>
          <ns3:TrackPointExtension>
            <ns3:atemp>30.0</ns3:atemp>
            <ns3:hr>89</ns3:hr>
          </ns3:TrackPointExtension>
        </extensions>
      </trkpt>
      <trkpt lat="24.490938372910022735595703125" lon="118.14264013431966304779052734375">
        <ele>31.200000762939453125</ele>
        <time>2026-09-10T09:59:34.000Z</time>
        <extensions>
          <ns3:TrackPointExtension>
            <ns3:atemp>30.0</ns3:atemp>
            <ns3:hr>92</ns3:hr>
          </ns3:TrackPointExtension>
        </extensions>
      </trkpt>
      <trkpt lat="24.4909586571156978607177734375" lon="118.1426571495831012725830078125">
        <ele>30.799999237060546875</ele>
        <time>2026-09-10T09:59:38.000Z</time>
        <extensions>
          <ns3:TrackPointExtension>
            <ns3:atemp>30.0</ns3:atemp>
            <ns3:hr>94</ns3:hr>
          </ns3:TrackPointExtension>
        </extensions>
      </trkpt>
      <trkpt lat="24.490965195000171661376953125" lon="118.142659664154052734375">
        <ele>30.799999237060546875</ele>
        <time>2026-09-10T09:59:39.000Z</time>
        <extensions>
          <ns3:TrackPointExtension>
            <ns3:atemp>30.0</ns3:atemp>
            <ns3:hr>95</ns3:hr>
          </ns3:TrackPointExtension>
        </extensions>
      </trkpt>
      <trkpt lat="24.49097751639783382415771484375" lon="118.14267684705555438995361328125">
        <ele>30.799999237060546875</ele>
        <time>2026-09-10T09:59:45.000Z</time>
        <extensions>
          <ns3:TrackPointExtension>
            <ns3:atemp>30.0</ns3:atemp>
            <ns3:hr>97</ns3:hr>
          </ns3:TrackPointExtension>
        </extensions>
      </trkpt>
      <trkpt lat="24.49097751639783382415771484375" lon="118.14267684705555438995361328125">
        <ele>30.799999237060546875</ele>
        <time>2026-09-10T09:59:58.000Z</time>
        <extensions>
          <ns3:TrackPointExtension>
            <ns3:atemp>30.0</ns3:atemp>
            <ns3:hr>94</ns3:hr>
          </ns3:TrackPointExtension>
        </extensions>
      </trkpt>
      <trkpt lat="24.49097768403589725494384765625" lon="118.142678104341030120849609375">
        <ele>31</ele>
        <time>2026-09-10T10:00:01.000Z</time>
        <extensions>
          <ns3:TrackPointExtension>
            <ns3:atemp>30.0</ns3:atemp>
            <ns3:hr>91</ns3:hr>
          </ns3:TrackPointExtension>
        </extensions>
      </trkpt>
      <trkpt lat="24.4909675419330596923828125" lon="118.1426985561847686767578125">
        <ele>31.3999996185302734375</ele>
        <time>2026-09-10T10:00:06.000Z</time>
        <extensions>
          <ns3:TrackPointExtension>
            <ns3:atemp>30.0</ns3:atemp>
            <ns3:hr>89</ns3:hr>
          </ns3:TrackPointExtension>
        </extensions>
      </trkpt>
      <trkpt lat="24.49096779339015483856201171875" lon="118.142683804035186767578125">
        <ele>31.3999996185302734375</ele>
        <time>2026-09-10T10:00:14.000Z</time>
        <extensions>
          <ns3:TrackPointExtension>
            <ns3:atemp>30.0</ns3:atemp>
            <ns3:hr>89</ns3:hr>
          </ns3:TrackPointExtension>
        </extensions>
      </trkpt>
      <trkpt lat="24.4910025782883167266845703125" lon="118.1426531262695789337158203125">
        <ele>31</ele>
        <time>2026-09-10T10:00:24.000Z</time>
        <extensions>
          <ns3:TrackPointExtension>
            <ns3:atemp>30.0</ns3:atemp>
            <ns3:hr>91</ns3:hr>
          </ns3:TrackPointExtension>
        </extensions>
      </trkpt>
      <trkpt lat="24.4910592399537563323974609375" lon="118.1426293216645717620849609375">
        <ele>31</ele>
        <time>2026-09-10T10:00:28.000Z</time>
        <extensions>
          <ns3:TrackPointExtension>
            <ns3:atemp>30.0</ns3:atemp>
            <ns3:hr>94</ns3:hr>
          </ns3:TrackPointExtension>
        </extensions>
      </trkpt>
      <trkpt lat="24.49121723882853984832763671875" lon="118.1426350213587284088134765625">
        <ele>31</ele>
        <time>2026-09-10T10:00:31.000Z</time>
        <extensions>
          <ns3:TrackPointExtension>
            <ns3:atemp>30.0</ns3:atemp>
            <ns3:hr>97</ns3:hr>
          </ns3:TrackPointExtension>
        </extensions>
      </trkpt>
      <trkpt lat="24.49114247225224971771240234375" lon="118.1425619311630725860595703125">
        <ele>31.3999996185302734375</ele>
        <time>2026-09-10T10:00:38.000Z</time>
        <extensions>
          <ns3:TrackPointExtension>
            <ns3:atemp>30.0</ns3:atemp>
            <ns3:hr>93</ns3:hr>
          </ns3:TrackPointExtension>
        </extensions>
      </trkpt>
      <trkpt lat="24.49045733548700809478759765625" lon="118.143490143120288848876953125">
        <ele>31.200000762939453125</ele>
        <time>2026-09-10T10:03:12.000Z</time>
        <extensions>
          <ns3:TrackPointExtension>
            <ns3:atemp>29.0</ns3:atemp>
            <ns3:hr>94</ns3:hr>
          </ns3:TrackPointExtension>
        </extensions>
      </trkpt>
      <trkpt lat="24.4914927519857883453369140625" lon="118.14360841177403926849365234375">
        <ele>31.200000762939453125</ele>
        <time>2026-09-10T10:03:13.000Z</time>
        <extensions>
          <ns3:TrackPointExtension>
            <ns3:atemp>30.0</ns3:atemp>
            <ns3:hr>95</ns3:hr>
          </ns3:TrackPointExtension>
        </extensions>
      </trkpt>
      <trkpt lat="24.49107340537011623382568359375" lon="118.14349994994699954986572265625">
        <ele>31.200000762939453125</ele>
        <time>2026-09-10T10:03:16.000Z</time>
        <extensions>
          <ns3:TrackPointExtension>
            <ns3:atemp>29.0</ns3:atemp>
            <ns3:hr>97</ns3:hr>
          </ns3:TrackPointExtension>
        </extensions>
      </trkpt>
      <trkpt lat="24.4906220398843288421630859375" lon="118.14336433075368404388427734375">
        <ele>31.200000762939453125</ele>
        <time>2026-09-10T10:03:22.000Z</time>
        <extensions>
          <ns3:TrackPointExtension>
            <ns3:atemp>29.0</ns3:atemp>
            <ns3:hr>96</ns3:hr>
          </ns3:TrackPointExtension>
        </extensions>
      </trkpt>
      <trkpt lat="24.490603767335414886474609375" lon="118.14334237016737461090087890625">
        <ele>31.200000762939453125</ele>
        <time>2026-09-10T10:03:23.000Z</time>
        <extensions>
          <ns3:TrackPointExtension>
            <ns3:atemp>29.0</ns3:atemp>
            <ns3:hr>96</ns3:hr>
          </ns3:TrackPointExtension>
        </extensions>
      </trkpt>
      <trkpt lat="24.4906377978622913360595703125" lon="118.14344529993832111358642578125">
        <ele>31.200000762939453125</ele>
        <time>2026-09-10T10:03:27.000Z</time>
        <extensions>
          <ns3:TrackPointExtension>
            <ns3:atemp>29.0</ns3:atemp>
            <ns3:hr>95</ns3:hr>
          </ns3:TrackPointExtension>
        </extensions>
      </trkpt>
      <trkpt lat="24.4906515441834926605224609375" lon="118.143525682389736175537109375">
        <ele>31.200000762939453125</ele>
        <time>2026-09-10T10:03:33.000Z</time>
        <extensions>
          <ns3:TrackPointExtension>
            <ns3:atemp>30.0</ns3:atemp>
            <ns3:hr>95</ns3:hr>
          </ns3:TrackPointExtension>
        </extensions>
      </trkpt>
      <trkpt lat="24.490589685738086700439453125" lon="118.143628276884555816650390625">
        <ele>31.3999996185302734375</ele>
        <time>2026-09-10T10:03:43.000Z</time>
        <extensions>
          <ns3:TrackPointExtension>
            <ns3:atemp>29.0</ns3:atemp>
            <ns3:hr>93</ns3:hr>
          </ns3:TrackPointExtension>
        </extensions>
      </trkpt>
      <trkpt lat="24.49059882201254367828369140625" lon="118.14363263547420501708984375">
        <ele>31.6000003814697265625</ele>
        <time>2026-09-10T10:03:54.000Z</time>
        <extensions>
          <ns3:TrackPointExtension>
            <ns3:atemp>30.0</ns3:atemp>
            <ns3:hr>90</ns3:hr>
          </ns3:TrackPointExtension>
        </extensions>
      </trkpt>
      <trkpt lat="24.490595050156116485595703125" lon="118.14361914061009883880615234375">
        <ele>31.799999237060546875</ele>
        <time>2026-09-10T10:03:58.000Z</time>
        <extensions>
          <ns3:TrackPointExtension>
            <ns3:atemp>30.0</ns3:atemp>
            <ns3:hr>91</ns3:hr>
          </ns3:TrackPointExtension>
        </extensions>
      </trkpt>
      <trkpt lat="24.49060209095478057861328125" lon="118.14361008815467357635498046875">
        <ele>31.799999237060546875</ele>
        <time>2026-09-10T10:03:59.000Z</time>
        <extensions>
          <ns3:TrackPointExtension>
            <ns3:atemp>30.0</ns3:atemp>
            <ns3:hr>91</ns3:hr>
          </ns3:TrackPointExtension>
        </extensions>
      </trkpt>
      <trkpt lat="24.49067509733140468597412109375" lon="118.143572621047496795654296875">
        <ele>32.200000762939453125</ele>
        <time>2026-09-10T10:04:04.000Z</time>
        <extensions>
          <ns3:TrackPointExtension>
            <ns3:atemp>30.0</ns3:atemp>
            <ns3:hr>90</ns3:hr>
          </ns3:TrackPointExtension>
        </extensions>
      </trkpt>
      <trkpt lat="24.49061340652406215667724609375" lon="118.1436039693653583526611328125">
        <ele>32</ele>
        <time>2026-09-10T10:07:47.000Z</time>
        <extensions>
          <ns3:TrackPointExtension>
            <ns3:atemp>30.0</ns3:atemp>
            <ns3:hr>95</ns3:hr>
          </ns3:TrackPointExtension>
        </extensions>
      </trkpt>
      <trkpt lat="24.4905328564345836639404296875" lon="118.14361578784883022308349609375">
        <ele>33.799999237060546875</ele>
        <time>2026-09-10T10:07:50.000Z</time>
        <extensions>
          <ns3:TrackPointExtension>
            <ns3:atemp>30.0</ns3:atemp>
            <ns3:hr>96</ns3:hr>
          </ns3:TrackPointExtension>
        </extensions>
      </trkpt>
      <trkpt lat="24.49053092859685420989990234375" lon="118.14361008815467357635498046875">
        <ele>34</ele>
        <time>2026-09-10T10:07:51.000Z</time>
        <extensions>
          <ns3:TrackPointExtension>
            <ns3:atemp>30.0</ns3:atemp>
            <ns3:hr>96</ns3:hr>
          </ns3:TrackPointExtension>
        </extensions>
      </trkpt>
      <trkpt lat="24.49054584838449954986572265625" lon="118.14361612312495708465576171875">
        <ele>34.799999237060546875</ele>
        <time>2026-09-10T10:07:55.000Z</time>
        <extensions>
          <ns3:TrackPointExtension>
            <ns3:atemp>30.0</ns3:atemp>
            <ns3:hr>98</ns3:hr>
          </ns3:TrackPointExtension>
        </extensions>
      </trkpt>
      <trkpt lat="24.49052170850336551666259765625" lon="118.14362383447587490081787109375">
        <ele>35</ele>
        <time>2026-09-10T10:07:56.000Z</time>
        <extensions>
          <ns3:TrackPointExtension>
            <ns3:atemp>30.0</ns3:atemp>
            <ns3:hr>97</ns3:hr>
          </ns3:TrackPointExtension>
        </extensions>
      </trkpt>
      <trkpt lat="24.490512572228908538818359375" lon="118.1436291150748729705810546875">
        <ele>35.200000762939453125</ele>
        <time>2026-09-10T10:07:57.000Z</time>
        <extensions>
          <ns3:TrackPointExtension>
            <ns3:atemp>30.0</ns3:atemp>
            <ns3:hr>100</ns3:hr>
          </ns3:TrackPointExtension>
        </extensions>
      </trkpt>
      <trkpt lat="24.4905026815831661224365234375" lon="118.1436227448284626007080078125">
        <ele>36</ele>
        <time>2026-09-10T10:08:00.000Z</time>
        <extensions>
          <ns3:TrackPointExtension>
            <ns3:atemp>30.0</ns3:atemp>
            <ns3:hr>98</ns3:hr>
          </ns3:TrackPointExtension>
        </extensions>
      </trkpt>
      <trkpt lat="24.4904989935457706451416015625" lon="118.14355552196502685546875">
        <ele>37</ele>
        <time>2026-09-10T10:08:05.000Z</time>
        <extensions>
          <ns3:TrackPointExtension>
            <ns3:atemp>30.0</ns3:atemp>
            <ns3:hr>100</ns3:hr>
          </ns3:TrackPointExtension>
        </extensions>
      </trkpt>
      <trkpt lat="24.4904319383203983306884765625" lon="118.1434683501720428466796875">
        <ele>37.40000152587890625</ele>
        <time>2026-09-10T10:08:12.000Z</time>
        <extensions>
          <ns3:TrackPointExtension>
            <ns3:atemp>30.0</ns3:atemp>
            <ns3:hr>102</ns3:hr>
          </ns3:TrackPointExtension>
        </extensions>
      </trkpt>
      <trkpt lat="24.4904027692973613739013671875" lon="118.14348083920776844024658203125">
        <ele>37.59999847412109375</ele>
        <time>2026-09-10T10:08:16.000Z</time>
        <extensions>
          <ns3:TrackPointExtension>
            <ns3:atemp>30.0</ns3:atemp>
            <ns3:hr>101</ns3:hr>
          </ns3:TrackPointExtension>
        </extensions>
      </trkpt>
      <trkpt lat="24.49037938378751277923583984375" lon="118.14349777065217494964599609375">
        <ele>37.59999847412109375</ele>
        <time>2026-09-10T10:08:20.000Z</time>
        <extensions>
          <ns3:TrackPointExtension>
            <ns3:atemp>30.0</ns3:atemp>
            <ns3:hr>100</ns3:hr>
          </ns3:TrackPointExtension>
        </extensions>
      </trkpt>
      <trkpt lat="24.4903625361621379852294921875" lon="118.1434857845306396484375">
        <ele>37.59999847412109375</ele>
        <time>2026-09-10T10:08:25.000Z</time>
        <extensions>
          <ns3:TrackPointExtension>
            <ns3:atemp>30.0</ns3:atemp>
            <ns3:hr>101</ns3:hr>
          </ns3:TrackPointExtension>
        </extensions>
      </trkpt>
      <trkpt lat="24.49034853838384151458740234375" lon="118.14350665546953678131103515625">
        <ele>37.59999847412109375</ele>
        <time>2026-09-10T10:08:30.000Z</time>
        <extensions>
          <ns3:TrackPointExtension>
            <ns3:atemp>30.0</ns3:atemp>
            <ns3:hr>102</ns3:hr>
          </ns3:TrackPointExtension>
        </extensions>
      </trkpt>
      <trkpt lat="24.49036597274243831634521484375" lon="118.14349961467087268829345703125">
        <ele>37.799999237060546875</ele>
        <time>2026-09-10T10:08:37.000Z</time>
        <extensions>
          <ns3:TrackPointExtension>
            <ns3:atemp>30.0</ns3:atemp>
            <ns3:hr>103</ns3:hr>
          </ns3:TrackPointExtension>
        </extensions>
      </trkpt>
      <trkpt lat="24.49036069214344024658203125" lon="118.1434745527803897857666015625">
        <ele>37.799999237060546875</ele>
        <time>2026-09-10T10:08:39.000Z</time>
        <extensions>
          <ns3:TrackPointExtension>
            <ns3:atemp>30.0</ns3:atemp>
            <ns3:hr>102</ns3:hr>
          </ns3:TrackPointExtension>
        </extensions>
      </trkpt>
      <trkpt lat="24.49037301354110240936279296875" lon="118.1434872932732105255126953125">
        <ele>38</ele>
        <time>2026-09-10T10:08:41.000Z</time>
        <extensions>
          <ns3:TrackPointExtension>
            <ns3:atemp>30.0</ns3:atemp>
            <ns3:hr>104</ns3:hr>
          </ns3:TrackPointExtension>
        </extensions>
      </trkpt>
      <trkpt lat="24.49037569575011730194091796875" lon="118.14347564242780208587646484375">
        <ele>37.799999237060546875</ele>
        <time>2026-09-10T10:08:45.000Z</time>
        <extensions>
          <ns3:TrackPointExtension>
            <ns3:atemp>30.0</ns3:atemp>
            <ns3:hr>103</ns3:hr>
          </ns3:TrackPointExtension>
        </extensions>
      </trkpt>
      <trkpt lat="24.4903970696032047271728515625" lon="118.143481425940990447998046875">
        <ele>38</ele>
        <time>2026-09-10T10:08:51.000Z</time>
        <extensions>
          <ns3:TrackPointExtension>
            <ns3:atemp>30.0</ns3:atemp>
            <ns3:hr>102</ns3:hr>
          </ns3:TrackPointExtension>
        </extensions>
      </trkpt>
      <trkpt lat="24.4903440959751605987548828125" lon="118.1434638239443302154541015625">
        <ele>38</ele>
        <time>2026-09-10T10:08:57.000Z</time>
        <extensions>
          <ns3:TrackPointExtension>
            <ns3:atemp>30.0</ns3:atemp>
            <ns3:hr>102</ns3:hr>
          </ns3:TrackPointExtension>
        </extensions>
      </trkpt>
      <trkpt lat="24.490342251956462860107421875" lon="118.14347346313297748565673828125">
        <ele>38</ele>
        <time>2026-09-10T10:09:01.000Z</time>
        <extensions>
          <ns3:TrackPointExtension>
            <ns3:atemp>30.0</ns3:atemp>
            <ns3:hr>102</ns3:hr>
          </ns3:TrackPointExtension>
        </extensions>
      </trkpt>
      <trkpt lat="24.49033294804394245147705078125" lon="118.1434752233326435089111328125">
        <ele>38.200000762939453125</ele>
        <time>2026-09-10T10:09:06.000Z</time>
        <extensions>
          <ns3:TrackPointExtension>
            <ns3:atemp>30.0</ns3:atemp>
            <ns3:hr>103</ns3:hr>
          </ns3:TrackPointExtension>
        </extensions>
      </trkpt>
      <trkpt lat="24.49033210985362529754638671875" lon="118.1434752233326435089111328125">
        <ele>38.200000762939453125</ele>
        <time>2026-09-10T10:09:07.000Z</time>
        <extensions>
          <ns3:TrackPointExtension>
            <ns3:atemp>30.0</ns3:atemp>
            <ns3:hr>103</ns3:hr>
          </ns3:TrackPointExtension>
        </extensions>
      </trkpt>
      <trkpt lat="24.49033177457749843597412109375" lon="118.14347078092396259307861328125">
        <ele>38.200000762939453125</ele>
        <time>2026-09-10T10:09:13.000Z</time>
        <extensions>
          <ns3:TrackPointExtension>
            <ns3:atemp>30.0</ns3:atemp>
            <ns3:hr>103</ns3:hr>
          </ns3:TrackPointExtension>
        </extensions>
      </trkpt>
      <trkpt lat="24.49032314121723175048828125" lon="118.14345384947955608367919921875">
        <ele>38.40000152587890625</ele>
        <time>2026-09-10T10:09:20.000Z</time>
        <extensions>
          <ns3:TrackPointExtension>
            <ns3:atemp>30.0</ns3:atemp>
            <ns3:hr>99</ns3:hr>
          </ns3:TrackPointExtension>
        </extensions>
      </trkpt>
      <trkpt lat="24.4903223030269145965576171875" lon="118.1434574536979198455810546875">
        <ele>38.40000152587890625</ele>
        <time>2026-09-10T10:09:21.000Z</time>
        <extensions>
          <ns3:TrackPointExtension>
            <ns3:atemp>30.0</ns3:atemp>
            <ns3:hr>98</ns3:hr>
          </ns3:TrackPointExtension>
        </extensions>
      </trkpt>
      <trkpt lat="24.4903293438255786895751953125" lon="118.14346508122980594635009765625">
        <ele>38.40000152587890625</ele>
        <time>2026-09-10T10:09:26.000Z</time>
        <extensions>
          <ns3:TrackPointExtension>
            <ns3:atemp>30.0</ns3:atemp>
            <ns3:hr>95</ns3:hr>
          </ns3:TrackPointExtension>
        </extensions>
      </trkpt>
      <trkpt lat="24.4903293438255786895751953125" lon="118.14346508122980594635009765625">
        <ele>38.59999847412109375</ele>
        <time>2026-09-10T10:09:28.000Z</time>
        <extensions>
          <ns3:TrackPointExtension>
            <ns3:atemp>30.0</ns3:atemp>
            <ns3:hr>96</ns3:hr>
          </ns3:TrackPointExtension>
        </extensions>
      </trkpt>
      <trkpt lat="24.4903283379971981048583984375" lon="118.14345267601311206817626953125">
        <ele>38.59999847412109375</ele>
        <time>2026-09-10T10:09:36.000Z</time>
        <extensions>
          <ns3:TrackPointExtension>
            <ns3:atemp>30.0</ns3:atemp>
            <ns3:hr>99</ns3:hr>
          </ns3:TrackPointExtension>
        </extensions>
      </trkpt>
      <trkpt lat="24.49033521115779876708984375" lon="118.143447227776050567626953125">
        <ele>38.59999847412109375</ele>
        <time>2026-09-10T10:09:41.000Z</time>
        <extensions>
          <ns3:TrackPointExtension>
            <ns3:atemp>30.0</ns3:atemp>
            <ns3:hr>100</ns3:hr>
          </ns3:TrackPointExtension>
        </extensions>
      </trkpt>
      <trkpt lat="24.49033898301422595977783203125" lon="118.143447227776050567626953125">
        <ele>38.799999237060546875</ele>
        <time>2026-09-10T10:09:55.000Z</time>
        <extensions>
          <ns3:TrackPointExtension>
            <ns3:atemp>30.0</ns3:atemp>
            <ns3:hr>97</ns3:hr>
          </ns3:TrackPointExtension>
        </extensions>
      </trkpt>
      <trkpt lat="24.4903434254229068756103515625" lon="118.143447227776050567626953125">
        <ele>38.799999237060546875</ele>
        <time>2026-09-10T10:09:58.000Z</time>
        <extensions>
          <ns3:TrackPointExtension>
            <ns3:atemp>30.0</ns3:atemp>
            <ns3:hr>101</ns3:hr>
          </ns3:TrackPointExtension>
        </extensions>
      </trkpt>
      <trkpt lat="24.490344263613224029541015625" lon="118.14344597049057483673095703125">
        <ele>39</ele>
        <time>2026-09-10T10:10:04.000Z</time>
        <extensions>
          <ns3:TrackPointExtension>
            <ns3:atemp>30.0</ns3:atemp>
            <ns3:hr>104</ns3:hr>
          </ns3:TrackPointExtension>
        </extensions>
      </trkpt>
      <trkpt lat="24.4903447665274143218994140625" lon="118.1434514187276363372802734375">
        <ele>39</ele>
        <time>2026-09-10T10:10:10.000Z</time>
        <extensions>
          <ns3:TrackPointExtension>
            <ns3:atemp>30.0</ns3:atemp>
            <ns3:hr>101</ns3:hr>
          </ns3:TrackPointExtension>
        </extensions>
      </trkpt>
      <trkpt lat="24.4903447665274143218994140625" lon="118.1434514187276363372802734375">
        <ele>39</ele>
        <time>2026-09-10T10:10:19.000Z</time>
        <extensions>
          <ns3:TrackPointExtension>
            <ns3:atemp>30.0</ns3:atemp>
            <ns3:hr>99</ns3:hr>
          </ns3:TrackPointExtension>
        </extensions>
      </trkpt>
      <trkpt lat="24.4903447665274143218994140625" lon="118.1434517540037631988525390625">
        <ele>39</ele>
        <time>2026-09-10T10:10:20.000Z</time>
        <extensions>
          <ns3:TrackPointExtension>
            <ns3:atemp>30.0</ns3:atemp>
            <ns3:hr>96</ns3:hr>
          </ns3:TrackPointExtension>
        </extensions>
      </trkpt>
      <trkpt lat="24.4903447665274143218994140625" lon="118.1434534303843975067138671875">
        <ele>39</ele>
        <time>2026-09-10T10:10:22.000Z</time>
        <extensions>
          <ns3:TrackPointExtension>
            <ns3:atemp>30.0</ns3:atemp>
            <ns3:hr>92</ns3:hr>
          </ns3:TrackPointExtension>
        </extensions>
      </trkpt>
      <trkpt lat="24.4903440959751605987548828125" lon="118.14345452003180980682373046875">
        <ele>39</ele>
        <time>2026-09-10T10:10:24.000Z</time>
        <extensions>
          <ns3:TrackPointExtension>
            <ns3:atemp>30.0</ns3:atemp>
            <ns3:hr>89</ns3:hr>
          </ns3:TrackPointExtension>
        </extensions>
      </trkpt>
      <trkpt lat="24.49033328332006931304931640625" lon="118.14345560967922210693359375">
        <ele>39</ele>
        <time>2026-09-10T10:10:29.000Z</time>
        <extensions>
          <ns3:TrackPointExtension>
            <ns3:atemp>30.0</ns3:atemp>
            <ns3:hr>86</ns3:hr>
          </ns3:TrackPointExtension>
        </extensions>
      </trkpt>
      <trkpt lat="24.49032691307365894317626953125" lon="118.14345695078372955322265625">
        <ele>39</ele>
        <time>2026-09-10T10:10:43.000Z</time>
        <extensions>
          <ns3:TrackPointExtension>
            <ns3:atemp>30.0</ns3:atemp>
            <ns3:hr>87</ns3:hr>
          </ns3:TrackPointExtension>
        </extensions>
      </trkpt>
      <trkpt lat="24.49032674543559551239013671875" lon="118.14345938153564929962158203125">
        <ele>39.200000762939453125</ele>
        <time>2026-09-10T10:10:47.000Z</time>
        <extensions>
          <ns3:TrackPointExtension>
            <ns3:atemp>30.0</ns3:atemp>
            <ns3:hr>85</ns3:hr>
          </ns3:TrackPointExtension>
        </extensions>
      </trkpt>
      <trkpt lat="24.490331523120403289794921875" lon="118.1435191445052623748779296875">
        <ele>39.59999847412109375</ele>
        <time>2026-09-10T10:11:14.000Z</time>
        <extensions>
          <ns3:TrackPointExtension>
            <ns3:atemp>30.0</ns3:atemp>
            <ns3:hr>82</ns3:hr>
          </ns3:TrackPointExtension>
        </extensions>
      </trkpt>
      <trkpt lat="24.49033244512975215911865234375" lon="118.14352375455200672149658203125">
        <ele>40</ele>
        <time>2026-09-10T10:11:26.000Z</time>
        <extensions>
          <ns3:TrackPointExtension>
            <ns3:atemp>30.0</ns3:atemp>
            <ns3:hr>79</ns3:hr>
          </ns3:TrackPointExtension>
        </extensions>
      </trkpt>
      <trkpt lat="24.4903300143778324127197265625" lon="118.143526352941989898681640625">
        <ele>40</ele>
        <time>2026-09-10T10:11:29.000Z</time>
        <extensions>
          <ns3:TrackPointExtension>
            <ns3:atemp>30.0</ns3:atemp>
            <ns3:hr>82</ns3:hr>
          </ns3:TrackPointExtension>
        </extensions>
      </trkpt>
      <trkpt lat="24.49033118784427642822265625" lon="118.1435251794755458831787109375">
        <ele>40</ele>
        <time>2026-09-10T10:11:31.000Z</time>
        <extensions>
          <ns3:TrackPointExtension>
            <ns3:atemp>30.0</ns3:atemp>
            <ns3:hr>78</ns3:hr>
          </ns3:TrackPointExtension>
        </extensions>
      </trkpt>
      <trkpt lat="24.49033118784427642822265625" lon="118.1435251794755458831787109375">
        <ele>40</ele>
        <time>2026-09-10T10:11:33.000Z</time>
        <extensions>
          <ns3:TrackPointExtension>
            <ns3:atemp>30.0</ns3:atemp>
            <ns3:hr>81</ns3:hr>
          </ns3:TrackPointExtension>
        </extensions>
      </trkpt>
      <trkpt lat="24.49033118784427642822265625" lon="118.1435251794755458831787109375">
        <ele>40</ele>
        <time>2026-09-10T10:11:36.000Z</time>
        <extensions>
          <ns3:TrackPointExtension>
            <ns3:atemp>30.0</ns3:atemp>
            <ns3:hr>81</ns3:hr>
          </ns3:TrackPointExtension>
        </extensions>
      </trkpt>
      <trkpt lat="24.49033118784427642822265625" lon="118.1435251794755458831787109375">
        <ele>40</ele>
        <time>2026-09-10T10:11:41.000Z</time>
        <extensions>
          <ns3:TrackPointExtension>
            <ns3:atemp>30.0</ns3:atemp>
            <ns3:hr>81</ns3:hr>
          </ns3:TrackPointExtension>
        </extensions>
      </trkpt>
      <trkpt lat="24.490325152873992919921875" lon="118.1435285322368144989013671875">
        <ele>40.200000762939453125</ele>
        <time>2026-09-10T10:11:48.000Z</time>
        <extensions>
          <ns3:TrackPointExtension>
            <ns3:atemp>30.0</ns3:atemp>
            <ns3:hr>78</ns3:hr>
          </ns3:TrackPointExtension>
        </extensions>
      </trkpt>
      <trkpt lat="24.49032641015946865081787109375" lon="118.14352375455200672149658203125">
        <ele>40.200000762939453125</ele>
        <time>2026-09-10T10:11:53.000Z</time>
        <extensions>
          <ns3:TrackPointExtension>
            <ns3:atemp>30.0</ns3:atemp>
            <ns3:hr>75</ns3:hr>
          </ns3:TrackPointExtension>
        </extensions>
      </trkpt>
      <trkpt lat="24.49032657779753208160400390625" lon="118.14352308399975299835205078125">
        <ele>40.200000762939453125</ele>
        <time>2026-09-10T10:11:55.000Z</time>
        <extensions>
          <ns3:TrackPointExtension>
            <ns3:atemp>30.0</ns3:atemp>
            <ns3:hr>78</ns3:hr>
          </ns3:TrackPointExtension>
        </extensions>
      </trkpt>
      <trkpt lat="24.49032657779753208160400390625" lon="118.14351637847721576690673828125">
        <ele>40.200000762939453125</ele>
        <time>2026-09-10T10:11:59.000Z</time>
        <extensions>
          <ns3:TrackPointExtension>
            <ns3:atemp>30.0</ns3:atemp>
            <ns3:hr>81</ns3:hr>
          </ns3:TrackPointExtension>
        </extensions>
      </trkpt>
      <trkpt lat="24.4903345406055450439453125" lon="118.14350045286118984222412109375">
        <ele>40.40000152587890625</ele>
        <time>2026-09-10T10:12:14.000Z</time>
        <extensions>
          <ns3:TrackPointExtension>
            <ns3:atemp>30.0</ns3:atemp>
            <ns3:hr>84</ns3:hr>
          </ns3:TrackPointExtension>
        </extensions>
      </trkpt>
      <trkpt lat="24.4903397373855113983154296875" lon="118.143501542508602142333984375">
        <ele>40.40000152587890625</ele>
        <time>2026-09-10T10:12:22.000Z</time>
        <extensions>
          <ns3:TrackPointExtension>
            <ns3:atemp>30.0</ns3:atemp>
            <ns3:hr>87</ns3:hr>
          </ns3:TrackPointExtension>
        </extensions>
      </trkpt>
      <trkpt lat="24.490352980792522430419921875" lon="118.14351051114499568939208984375">
        <ele>40.59999847412109375</ele>
        <time>2026-09-10T10:12:35.000Z</time>
        <extensions>
          <ns3:TrackPointExtension>
            <ns3:atemp>30.0</ns3:atemp>
            <ns3:hr>90</ns3:hr>
          </ns3:TrackPointExtension>
        </extensions>
      </trkpt>
      <trkpt lat="24.49035306461155414581298828125" lon="118.1435104273259639739990234375">
        <ele>40.59999847412109375</ele>
        <time>2026-09-10T10:12:42.000Z</time>
        <extensions>
          <ns3:TrackPointExtension>
            <ns3:atemp>30.0</ns3:atemp>
            <ns3:hr>87</ns3:hr>
          </ns3:TrackPointExtension>
        </extensions>
      </trkpt>
      <trkpt lat="24.49034099467098712921142578125" lon="118.14353280700743198394775390625">
        <ele>41</ele>
        <time>2026-09-10T10:13:15.000Z</time>
        <extensions>
          <ns3:TrackPointExtension>
            <ns3:atemp>30.0</ns3:atemp>
            <ns3:hr>90</ns3:hr>
          </ns3:TrackPointExtension>
        </extensions>
      </trkpt>
      <trkpt lat="24.49034099467098712921142578125" lon="118.14354521222412586212158203125">
        <ele>41.200000762939453125</ele>
        <time>2026-09-10T10:13:21.000Z</time>
        <extensions>
          <ns3:TrackPointExtension>
            <ns3:atemp>30.0</ns3:atemp>
            <ns3:hr>89</ns3:hr>
          </ns3:TrackPointExtension>
        </extensions>
      </trkpt>
      <trkpt lat="24.49034216813743114471435546875" lon="118.14354621805250644683837890625">
        <ele>41.200000762939453125</ele>
        <time>2026-09-10T10:13:28.000Z</time>
        <extensions>
          <ns3:TrackPointExtension>
            <ns3:atemp>30.0</ns3:atemp>
            <ns3:hr>86</ns3:hr>
          </ns3:TrackPointExtension>
        </extensions>
      </trkpt>
      <trkpt lat="24.4903417490422725677490234375" lon="118.14353565685451030731201171875">
        <ele>41</ele>
        <time>2026-09-10T10:13:45.000Z</time>
        <extensions>
          <ns3:TrackPointExtension>
            <ns3:atemp>30.0</ns3:atemp>
            <ns3:hr>89</ns3:hr>
          </ns3:TrackPointExtension>
        </extensions>
      </trkpt>
      <trkpt lat="24.49034049175679683685302734375" lon="118.14352534711360931396484375">
        <ele>41.40000152587890625</ele>
        <time>2026-09-10T10:13:51.000Z</time>
        <extensions>
          <ns3:TrackPointExtension>
            <ns3:atemp>30.0</ns3:atemp>
            <ns3:hr>92</ns3:hr>
          </ns3:TrackPointExtension>
        </extensions>
      </trkpt>
      <trkpt lat="24.4903397373855113983154296875" lon="118.14351168461143970489501953125">
        <ele>41.40000152587890625</ele>
        <time>2026-09-10T10:13:58.000Z</time>
        <extensions>
          <ns3:TrackPointExtension>
            <ns3:atemp>31.0</ns3:atemp>
            <ns3:hr>92</ns3:hr>
          </ns3:TrackPointExtension>
        </extensions>
      </trkpt>
      <trkpt lat="24.4903397373855113983154296875" lon="118.1435072422027587890625">
        <ele>41.200000762939453125</ele>
        <time>2026-09-10T10:14:06.000Z</time>
        <extensions>
          <ns3:TrackPointExtension>
            <ns3:atemp>31.0</ns3:atemp>
            <ns3:hr>89</ns3:hr>
          </ns3:TrackPointExtension>
        </extensions>
      </trkpt>
      <trkpt lat="24.4903399050235748291015625" lon="118.1435067392885684967041015625">
        <ele>41.200000762939453125</ele>
        <time>2026-09-10T10:14:08.000Z</time>
        <extensions>
          <ns3:TrackPointExtension>
            <ns3:atemp>31.0</ns3:atemp>
            <ns3:hr>86</ns3:hr>
          </ns3:TrackPointExtension>
        </extensions>
      </trkpt>
      <trkpt lat="24.49034686200320720672607421875" lon="118.14350414089858531951904296875">
        <ele>41.200000762939453125</ele>
        <time>2026-09-10T10:14:22.000Z</time>
        <extensions>
          <ns3:TrackPointExtension>
            <ns3:atemp>31.0</ns3:atemp>
            <ns3:hr>89</ns3:hr>
          </ns3:TrackPointExtension>
        </extensions>
      </trkpt>
      <trkpt lat="24.49034770019352436065673828125" lon="118.1435043923556804656982421875">
        <ele>41.200000762939453125</ele>
        <time>2026-09-10T10:14:32.000Z</time>
        <extensions>
          <ns3:TrackPointExtension>
            <ns3:atemp>31.0</ns3:atemp>
            <ns3:hr>86</ns3:hr>
          </ns3:TrackPointExtension>
        </extensions>
      </trkpt>
      <trkpt lat="24.49034434743225574493408203125" lon="118.1435074098408222198486328125">
        <ele>41.200000762939453125</ele>
        <time>2026-09-10T10:15:04.000Z</time>
        <extensions>
          <ns3:TrackPointExtension>
            <ns3:atemp>31.0</ns3:atemp>
            <ns3:hr>89</ns3:hr>
          </ns3:TrackPointExtension>
        </extensions>
      </trkpt>
      <trkpt lat="24.49034384451806545257568359375" lon="118.14350715838372707366943359375">
        <ele>41.200000762939453125</ele>
        <time>2026-09-10T10:15:12.000Z</time>
        <extensions>
          <ns3:TrackPointExtension>
            <ns3:atemp>31.0</ns3:atemp>
            <ns3:hr>86</ns3:hr>
          </ns3:TrackPointExtension>
        </extensions>
      </trkpt>
      <trkpt lat="24.4903440959751605987548828125" lon="118.14350715838372707366943359375">
        <ele>41.200000762939453125</ele>
        <time>2026-09-10T10:15:26.000Z</time>
        <extensions>
          <ns3:TrackPointExtension>
            <ns3:atemp>31.0</ns3:atemp>
            <ns3:hr>83</ns3:hr>
          </ns3:TrackPointExtension>
        </extensions>
      </trkpt>
      <trkpt lat="24.49034501798450946807861328125" lon="118.1435057334601879119873046875">
        <ele>41.200000762939453125</ele>
        <time>2026-09-10T10:15:44.000Z</time>
        <extensions>
          <ns3:TrackPointExtension>
            <ns3:atemp>31.0</ns3:atemp>
            <ns3:hr>86</ns3:hr>
          </ns3:TrackPointExtension>
        </extensions>
      </trkpt>
      <trkpt lat="24.4903685711324214935302734375" lon="118.1434638239443302154541015625">
        <ele>41.200000762939453125</ele>
        <time>2026-09-10T10:16:09.000Z</time>
        <extensions>
          <ns3:TrackPointExtension>
            <ns3:atemp>31.0</ns3:atemp>
            <ns3:hr>86</ns3:hr>
          </ns3:TrackPointExtension>
        </extensions>
      </trkpt>
      <trkpt lat="24.49037946760654449462890625" lon="118.1434427015483379364013671875">
        <ele>41.200000762939453125</ele>
        <time>2026-09-10T10:16:14.000Z</time>
        <extensions>
          <ns3:TrackPointExtension>
            <ns3:atemp>31.0</ns3:atemp>
            <ns3:hr>84</ns3:hr>
          </ns3:TrackPointExtension>
        </extensions>
      </trkpt>
      <trkpt lat="24.49037544429302215576171875" lon="118.14345133490860462188720703125">
        <ele>41.200000762939453125</ele>
        <time>2026-09-10T10:16:20.000Z</time>
        <extensions>
          <ns3:TrackPointExtension>
            <ns3:atemp>31.0</ns3:atemp>
            <ns3:hr>84</ns3:hr>
          </ns3:TrackPointExtension>
        </extensions>
      </trkpt>
      <trkpt lat="24.4903742708265781402587890625" lon="118.1434467248618602752685546875">
        <ele>41.200000762939453125</ele>
        <time>2026-09-10T10:16:45.000Z</time>
        <extensions>
          <ns3:TrackPointExtension>
            <ns3:atemp>31.0</ns3:atemp>
            <ns3:hr>81</ns3:hr>
          </ns3:TrackPointExtension>
        </extensions>
      </trkpt>
      <trkpt lat="24.49037351645529270172119140625" lon="118.14344747923314571380615234375">
        <ele>41.200000762939453125</ele>
        <time>2026-09-10T10:16:59.000Z</time>
        <extensions>
          <ns3:TrackPointExtension>
            <ns3:atemp>31.0</ns3:atemp>
            <ns3:hr>85</ns3:hr>
          </ns3:TrackPointExtension>
        </extensions>
      </trkpt>
      <trkpt lat="24.49038256891071796417236328125" lon="118.1434427015483379364013671875">
        <ele>41.200000762939453125</ele>
        <time>2026-09-10T10:17:04.000Z</time>
        <extensions>
          <ns3:TrackPointExtension>
            <ns3:atemp>31.0</ns3:atemp>
            <ns3:hr>88</ns3:hr>
          </ns3:TrackPointExtension>
        </extensions>
      </trkpt>
      <trkpt lat="24.490387849509716033935546875" lon="118.1434551067650318145751953125">
        <ele>41.200000762939453125</ele>
        <time>2026-09-10T10:17:06.000Z</time>
        <extensions>
          <ns3:TrackPointExtension>
            <ns3:atemp>31.0</ns3:atemp>
            <ns3:hr>90</ns3:hr>
          </ns3:TrackPointExtension>
        </extensions>
      </trkpt>
      <trkpt lat="24.490380473434925079345703125" lon="118.14345703460276126861572265625">
        <ele>41.200000762939453125</ele>
        <time>2026-09-10T10:17:10.000Z</time>
        <extensions>
          <ns3:TrackPointExtension>
            <ns3:atemp>31.0</ns3:atemp>
            <ns3:hr>90</ns3:hr>
          </ns3:TrackPointExtension>
        </extensions>
      </trkpt>
      <trkpt lat="24.49041073210537433624267578125" lon="118.1434718705713748931884765625">
        <ele>41.200000762939453125</ele>
        <time>2026-09-10T10:17:20.000Z</time>
        <extensions>
          <ns3:TrackPointExtension>
            <ns3:atemp>31.0</ns3:atemp>
            <ns3:hr>91</ns3:hr>
          </ns3:TrackPointExtension>
        </extensions>
      </trkpt>
      <trkpt lat="24.49044048786163330078125" lon="118.14349592663347721099853515625">
        <ele>41.200000762939453125</ele>
        <time>2026-09-10T10:17:27.000Z</time>
        <extensions>
          <ns3:TrackPointExtension>
            <ns3:atemp>31.0</ns3:atemp>
            <ns3:hr>90</ns3:hr>
          </ns3:TrackPointExtension>
        </extensions>
      </trkpt>
      <trkpt lat="24.4904416613280773162841796875" lon="118.143510259687900543212890625">
        <ele>41.200000762939453125</ele>
        <time>2026-09-10T10:17:32.000Z</time>
        <extensions>
          <ns3:TrackPointExtension>
            <ns3:atemp>31.0</ns3:atemp>
            <ns3:hr>87</ns3:hr>
          </ns3:TrackPointExtension>
        </extensions>
      </trkpt>
      <trkpt lat="24.49044241569936275482177734375" lon="118.14351084642112255096435546875">
        <ele>41.200000762939453125</ele>
        <time>2026-09-10T10:17:36.000Z</time>
        <extensions>
          <ns3:TrackPointExtension>
            <ns3:atemp>31.0</ns3:atemp>
            <ns3:hr>84</ns3:hr>
          </ns3:TrackPointExtension>
        </extensions>
      </trkpt>
      <trkpt lat="24.49044241569936275482177734375" lon="118.14351084642112255096435546875">
        <ele>41.200000762939453125</ele>
        <time>2026-09-10T10:17:41.000Z</time>
        <extensions>
          <ns3:TrackPointExtension>
            <ns3:atemp>31.0</ns3:atemp>
            <ns3:hr>84</ns3:hr>
          </ns3:TrackPointExtension>
        </extensions>
      </trkpt>
      <trkpt lat="24.49044652283191680908203125" lon="118.14353565685451030731201171875">
        <ele>41.200000762939453125</ele>
        <time>2026-09-10T10:17:57.000Z</time>
        <extensions>
          <ns3:TrackPointExtension>
            <ns3:atemp>31.0</ns3:atemp>
            <ns3:hr>87</ns3:hr>
          </ns3:TrackPointExtension>
        </extensions>
      </trkpt>
      <trkpt lat="24.4904279150068759918212890625" lon="118.1435286998748779296875">
        <ele>41.200000762939453125</ele>
        <time>2026-09-10T10:18:16.000Z</time>
        <extensions>
          <ns3:TrackPointExtension>
            <ns3:atemp>31.0</ns3:atemp>
            <ns3:hr>90</ns3:hr>
          </ns3:TrackPointExtension>
        </extensions>
      </trkpt>
      <trkpt lat="24.49042732827365398406982421875" lon="118.1435286998748779296875">
        <ele>41.200000762939453125</ele>
        <time>2026-09-10T10:18:20.000Z</time>
        <extensions>
          <ns3:TrackPointExtension>
            <ns3:atemp>31.0</ns3:atemp>
            <ns3:hr>87</ns3:hr>
          </ns3:TrackPointExtension>
        </extensions>
      </trkpt>
      <trkpt lat="24.490426741540431976318359375" lon="118.14352828077971935272216796875">
        <ele>41.200000762939453125</ele>
        <time>2026-09-10T10:18:22.000Z</time>
        <extensions>
          <ns3:TrackPointExtension>
            <ns3:atemp>31.0</ns3:atemp>
            <ns3:hr>84</ns3:hr>
          </ns3:TrackPointExtension>
        </extensions>
      </trkpt>
      <trkpt lat="24.49041659943759441375732421875" lon="118.143520317971706390380859375">
        <ele>41.200000762939453125</ele>
        <time>2026-09-10T10:18:43.000Z</time>
        <extensions>
          <ns3:TrackPointExtension>
            <ns3:atemp>31.0</ns3:atemp>
            <ns3:hr>87</ns3:hr>
          </ns3:TrackPointExtension>
        </extensions>
      </trkpt>
      <trkpt lat="24.49040628969669342041015625" lon="118.14349944703280925750732421875">
        <ele>41.200000762939453125</ele>
        <time>2026-09-10T10:19:02.000Z</time>
        <extensions>
          <ns3:TrackPointExtension>
            <ns3:atemp>31.0</ns3:atemp>
            <ns3:hr>84</ns3:hr>
          </ns3:TrackPointExtension>
        </extensions>
      </trkpt>
      <trkpt lat="24.49040050618350505828857421875" lon="118.143496848642826080322265625">
        <ele>41.200000762939453125</ele>
        <time>2026-09-10T10:19:18.000Z</time>
        <extensions>
          <ns3:TrackPointExtension>
            <ns3:atemp>31.0</ns3:atemp>
            <ns3:hr>87</ns3:hr>
          </ns3:TrackPointExtension>
        </extensions>
      </trkpt>
      <trkpt lat="24.4903803057968616485595703125" lon="118.143501542508602142333984375">
        <ele>41.200000762939453125</ele>
        <time>2026-09-10T10:19:27.000Z</time>
        <extensions>
          <ns3:TrackPointExtension>
            <ns3:atemp>31.0</ns3:atemp>
            <ns3:hr>87</ns3:hr>
          </ns3:TrackPointExtension>
        </extensions>
      </trkpt>
      <trkpt lat="24.490366391837596893310546875" lon="118.143496848642826080322265625">
        <ele>41.200000762939453125</ele>
        <time>2026-09-10T10:19:32.000Z</time>
        <extensions>
          <ns3:TrackPointExtension>
            <ns3:atemp>31.0</ns3:atemp>
            <ns3:hr>89</ns3:hr>
          </ns3:TrackPointExtension>
        </extensions>
      </trkpt>
      <trkpt lat="24.4903749413788318634033203125" lon="118.14350523054599761962890625">
        <ele>41.200000762939453125</ele>
        <time>2026-09-10T10:19:42.000Z</time>
        <extensions>
          <ns3:TrackPointExtension>
            <ns3:atemp>31.0</ns3:atemp>
            <ns3:hr>92</ns3:hr>
          </ns3:TrackPointExtension>
        </extensions>
      </trkpt>
      <trkpt lat="24.4903749413788318634033203125" lon="118.14350523054599761962890625">
        <ele>41.200000762939453125</ele>
        <time>2026-09-10T10:19:43.000Z</time>
        <extensions>
          <ns3:TrackPointExtension>
            <ns3:atemp>31.0</ns3:atemp>
            <ns3:hr>93</ns3:hr>
          </ns3:TrackPointExtension>
        </extensions>
      </trkpt>
    </trkseg>
  </trk>
</gpx>
