<?xml version="1.0" encoding="UTF-8"?>
<gpx creator="Garmin Connect" version="1.1"
  xsi:schemaLocation="http://www.topografix.com/GPX/1/1 http://www.topografix.com/GPX/11.xsd"
  xmlns:ns3="http://www.garmin.com/xmlschemas/TrackPointExtension/v1"
  xmlns="http://www.topografix.com/GPX/1/1"
  xmlns:xsi="http://www.w3.org/2001/XMLSchema-instance" xmlns:ns2="http://www.garmin.com/xmlschemas/GpxExtensions/v3">
  <metadata>
    <link href="connect.garmin.com">
      <text>Garmin Connect</text>
    </link>
    <time>2026-09-17T09:21:03.000Z</time>
  </metadata>
  <trk>
    <name>厦门市 骑行</name>
    <type>cycling</type>
    <trkseg>
      <trkpt lat="24.542065300047397613525390625" lon="118.13993462361395359039306640625">
        <ele>11.3999996185302734375</ele>
        <time>2026-09-17T09:21:17.000Z</time>
        <extensions>
          <ns3:TrackPointExtension>
            <ns3:atemp>29.0</ns3:atemp>
            <ns3:hr>72</ns3:hr>
          </ns3:TrackPointExtension>
        </extensions>
      </trkpt>
      <trkpt lat="24.54221106134355068206787109375" lon="118.1399166025221347808837890625">
        <ele>11.19999980926513671875</ele>
        <time>2026-09-17T09:21:25.000Z</time>
        <extensions>
          <ns3:TrackPointExtension>
            <ns3:atemp>30.0</ns3:atemp>
            <ns3:hr>73</ns3:hr>
          </ns3:TrackPointExtension>
        </extensions>
      </trkpt>
      <trkpt lat="24.54227618873119354248046875" lon="118.139843009412288665771484375">
        <ele>11.19999980926513671875</ele>
        <time>2026-09-17T09:21:27.000Z</time>
        <extensions>
          <ns3:TrackPointExtension>
            <ns3:atemp>30.0</ns3:atemp>
            <ns3:hr>73</ns3:hr>
          </ns3:TrackPointExtension>
        </extensions>
      </trkpt>
      <trkpt lat="24.5422934554517269134521484375" lon="118.13986337743699550628662109375">
        <ele>11.3999996185302734375</ele>
        <time>2026-09-17T09:21:29.000Z</time>
        <extensions>
          <ns3:TrackPointExtension>
            <ns3:atemp>30.0</ns3:atemp>
            <ns3:hr>72</ns3:hr>
          </ns3:TrackPointExtension>
        </extensions>
      </trkpt>
      <trkpt lat="24.54229303635656833648681640625" lon="118.1398746930062770843505859375">
        <ele>11.6000003814697265625</ele>
        <time>2026-09-17T09:21:32.000Z</time>
        <extensions>
          <ns3:TrackPointExtension>
            <ns3:atemp>30.0</ns3:atemp>
            <ns3:hr>72</ns3:hr>
          </ns3:TrackPointExtension>
        </extensions>
      </trkpt>
      <trkpt lat="24.54228398390114307403564453125" lon="118.13986270688474178314208984375">
        <ele>11.6000003814697265625</ele>
        <time>2026-09-17T09:21:35.000Z</time>
        <extensions>
          <ns3:TrackPointExtension>
            <ns3:atemp>30.0</ns3:atemp>
            <ns3:hr>68</ns3:hr>
          </ns3:TrackPointExtension>
        </extensions>
      </trkpt>
      <trkpt lat="24.54226948320865631103515625" lon="118.13987695612013339996337890625">
        <ele>11.6000003814697265625</ele>
        <time>2026-09-17T09:21:37.000Z</time>
        <extensions>
          <ns3:TrackPointExtension>
            <ns3:atemp>30.0</ns3:atemp>
            <ns3:hr>64</ns3:hr>
          </ns3:TrackPointExtension>
        </extensions>
      </trkpt>
      <trkpt lat="24.54226839356124401092529296875" lon="118.13988424837589263916015625">
        <ele>11.6000003814697265625</ele>
        <time>2026-09-17T09:21:38.000Z</time>
        <extensions>
          <ns3:TrackPointExtension>
            <ns3:atemp>30.0</ns3:atemp>
            <ns3:hr>64</ns3:hr>
          </ns3:TrackPointExtension>
        </extensions>
      </trkpt>
      <trkpt lat="24.54224224202334880828857421875" lon="118.139900676906108856201171875">
        <ele>11.6000003814697265625</ele>
        <time>2026-09-17T09:21:40.000Z</time>
        <extensions>
          <ns3:TrackPointExtension>
            <ns3:atemp>30.0</ns3:atemp>
            <ns3:hr>63</ns3:hr>
          </ns3:TrackPointExtension>
        </extensions>
      </trkpt>
      <trkpt lat="24.5421707443892955780029296875" lon="118.13989900052547454833984375">
        <ele>11.3999996185302734375</ele>
        <time>2026-09-17T09:21:44.000Z</time>
        <extensions>
          <ns3:TrackPointExtension>
            <ns3:atemp>30.0</ns3:atemp>
            <ns3:hr>64</ns3:hr>
          </ns3:TrackPointExtension>
        </extensions>
      </trkpt>
      <trkpt lat="24.5421425811946392059326171875" lon="118.13991643488407135009765625">
        <ele>11.3999996185302734375</ele>
        <time>2026-09-17T09:21:45.000Z</time>
        <extensions>
          <ns3:TrackPointExtension>
            <ns3:atemp>30.0</ns3:atemp>
            <ns3:hr>64</ns3:hr>
          </ns3:TrackPointExtension>
        </extensions>
      </trkpt>
      <trkpt lat="24.54204283654689788818359375" lon="118.1399410776793956756591796875">
        <ele>11.19999980926513671875</ele>
        <time>2026-09-17T09:21:48.000Z</time>
        <extensions>
          <ns3:TrackPointExtension>
            <ns3:atemp>29.0</ns3:atemp>
            <ns3:hr>64</ns3:hr>
          </ns3:TrackPointExtension>
        </extensions>
      </trkpt>
      <trkpt lat="24.54201945103704929351806640625" lon="118.1399390660226345062255859375">
        <ele>11.19999980926513671875</ele>
        <time>2026-09-17T09:21:49.000Z</time>
        <extensions>
          <ns3:TrackPointExtension>
            <ns3:atemp>29.0</ns3:atemp>
            <ns3:hr>64</ns3:hr>
          </ns3:TrackPointExtension>
        </extensions>
      </trkpt>
      <trkpt lat="24.54195256344974040985107421875" lon="118.13986480236053466796875">
        <ele>11</ele>
        <time>2026-09-17T09:21:52.000Z</time>
        <extensions>
          <ns3:TrackPointExtension>
            <ns3:atemp>30.0</ns3:atemp>
            <ns3:hr>65</ns3:hr>
          </ns3:TrackPointExtension>
        </extensions>
      </trkpt>
      <trkpt lat="24.54187209717929363250732421875" lon="118.13973463140428066253662109375">
        <ele>10.19999980926513671875</ele>
        <time>2026-09-17T09:21:56.000Z</time>
        <extensions>
          <ns3:TrackPointExtension>
            <ns3:atemp>30.0</ns3:atemp>
            <ns3:hr>66</ns3:hr>
          </ns3:TrackPointExtension>
        </extensions>
      </trkpt>
      <trkpt lat="24.5418046228587627410888671875" lon="118.13966070301830768585205078125">
        <ele>10</ele>
        <time>2026-09-17T09:21:59.000Z</time>
        <extensions>
          <ns3:TrackPointExtension>
            <ns3:atemp>30.0</ns3:atemp>
            <ns3:hr>69</ns3:hr>
          </ns3:TrackPointExtension>
        </extensions>
      </trkpt>
      <trkpt lat="24.54177939333021640777587890625" lon="118.13965517096221446990966796875">
        <ele>10</ele>
        <time>2026-09-17T09:22:00.000Z</time>
        <extensions>
          <ns3:TrackPointExtension>
            <ns3:atemp>30.0</ns3:atemp>
            <ns3:hr>69</ns3:hr>
          </ns3:TrackPointExtension>
        </extensions>
      </trkpt>
      <trkpt lat="24.541764557361602783203125" lon="118.1396661512553691864013671875">
        <ele>10</ele>
        <time>2026-09-17T09:22:01.000Z</time>
        <extensions>
          <ns3:TrackPointExtension>
            <ns3:atemp>30.0</ns3:atemp>
            <ns3:hr>69</ns3:hr>
          </ns3:TrackPointExtension>
        </extensions>
      </trkpt>
      <trkpt lat="24.541695825755596160888671875" lon="118.13969724811613559722900390625">
        <ele>10.80000019073486328125</ele>
        <time>2026-09-17T09:22:05.000Z</time>
        <extensions>
          <ns3:TrackPointExtension>
            <ns3:atemp>30.0</ns3:atemp>
            <ns3:hr>68</ns3:hr>
          </ns3:TrackPointExtension>
        </extensions>
      </trkpt>
      <trkpt lat="24.541640169918537139892578125" lon="118.13972197473049163818359375">
        <ele>11.3999996185302734375</ele>
        <time>2026-09-17T09:22:07.000Z</time>
        <extensions>
          <ns3:TrackPointExtension>
            <ns3:atemp>30.0</ns3:atemp>
            <ns3:hr>67</ns3:hr>
          </ns3:TrackPointExtension>
        </extensions>
      </trkpt>
      <trkpt lat="24.54154402948915958404541015625" lon="118.1397322006523609161376953125">
        <ele>11.3999996185302734375</ele>
        <time>2026-09-17T09:22:10.000Z</time>
        <extensions>
          <ns3:TrackPointExtension>
            <ns3:atemp>30.0</ns3:atemp>
            <ns3:hr>66</ns3:hr>
          </ns3:TrackPointExtension>
        </extensions>
      </trkpt>
      <trkpt lat="24.5414022915065288543701171875" lon="118.13975818455219268798828125">
        <ele>11.19999980926513671875</ele>
        <time>2026-09-17T09:22:15.000Z</time>
        <extensions>
          <ns3:TrackPointExtension>
            <ns3:atemp>30.0</ns3:atemp>
            <ns3:hr>65</ns3:hr>
          </ns3:TrackPointExtension>
        </extensions>
      </trkpt>
      <trkpt lat="24.54128469340503215789794921875" lon="118.13985474407672882080078125">
        <ele>10.6000003814697265625</ele>
        <time>2026-09-17T09:22:22.000Z</time>
        <extensions>
          <ns3:TrackPointExtension>
            <ns3:atemp>30.0</ns3:atemp>
            <ns3:hr>66</ns3:hr>
          </ns3:TrackPointExtension>
        </extensions>
      </trkpt>
      <trkpt lat="24.5411307178437709808349609375" lon="118.13990562222898006439208984375">
        <ele>10.6000003814697265625</ele>
        <time>2026-09-17T09:22:28.000Z</time>
        <extensions>
          <ns3:TrackPointExtension>
            <ns3:atemp>30.0</ns3:atemp>
            <ns3:hr>66</ns3:hr>
          </ns3:TrackPointExtension>
        </extensions>
      </trkpt>
      <trkpt lat="24.54103172756731510162353515625" lon="118.13995507545769214630126953125">
        <ele>10</ele>
        <time>2026-09-17T09:22:31.000Z</time>
        <extensions>
          <ns3:TrackPointExtension>
            <ns3:atemp>30.0</ns3:atemp>
            <ns3:hr>68</ns3:hr>
          </ns3:TrackPointExtension>
        </extensions>
      </trkpt>
      <trkpt lat="24.5409761555492877960205078125" lon="118.14000922255218029022216796875">
        <ele>9.80000019073486328125</ele>
        <time>2026-09-17T09:22:33.000Z</time>
        <extensions>
          <ns3:TrackPointExtension>
            <ns3:atemp>30.0</ns3:atemp>
            <ns3:hr>69</ns3:hr>
          </ns3:TrackPointExtension>
        </extensions>
      </trkpt>
      <trkpt lat="24.54085788689553737640380859375" lon="118.1401134096086025238037109375">
        <ele>9.80000019073486328125</ele>
        <time>2026-09-17T09:22:37.000Z</time>
        <extensions>
          <ns3:TrackPointExtension>
            <ns3:atemp>29.0</ns3:atemp>
            <ns3:hr>72</ns3:hr>
          </ns3:TrackPointExtension>
        </extensions>
      </trkpt>
      <trkpt lat="24.54072159714996814727783203125" lon="118.14023519866168498992919921875">
        <ele>9.6000003814697265625</ele>
        <time>2026-09-17T09:22:42.000Z</time>
        <extensions>
          <ns3:TrackPointExtension>
            <ns3:atemp>29.0</ns3:atemp>
            <ns3:hr>74</ns3:hr>
          </ns3:TrackPointExtension>
        </extensions>
      </trkpt>
      <trkpt lat="24.54063601791858673095703125" lon="118.1403098814189434051513671875">
        <ele>10.3999996185302734375</ele>
        <time>2026-09-17T09:22:45.000Z</time>
        <extensions>
          <ns3:TrackPointExtension>
            <ns3:atemp>30.0</ns3:atemp>
            <ns3:hr>77</ns3:hr>
          </ns3:TrackPointExtension>
        </extensions>
      </trkpt>
      <trkpt lat="24.54054574482142925262451171875" lon="118.140397556126117706298828125">
        <ele>10</ele>
        <time>2026-09-17T09:22:48.000Z</time>
        <extensions>
          <ns3:TrackPointExtension>
            <ns3:atemp>30.0</ns3:atemp>
            <ns3:hr>81</ns3:hr>
          </ns3:TrackPointExtension>
        </extensions>
      </trkpt>
      <trkpt lat="24.5404891669750213623046875" lon="118.14045547507703304290771484375">
        <ele>9.6000003814697265625</ele>
        <time>2026-09-17T09:22:50.000Z</time>
        <extensions>
          <ns3:TrackPointExtension>
            <ns3:atemp>30.0</ns3:atemp>
            <ns3:hr>85</ns3:hr>
          </ns3:TrackPointExtension>
        </extensions>
      </trkpt>
      <trkpt lat="24.54043225385248661041259765625" lon="118.140506185591220855712890625">
        <ele>9.6000003814697265625</ele>
        <time>2026-09-17T09:22:52.000Z</time>
        <extensions>
          <ns3:TrackPointExtension>
            <ns3:atemp>30.0</ns3:atemp>
            <ns3:hr>88</ns3:hr>
          </ns3:TrackPointExtension>
        </extensions>
      </trkpt>
      <trkpt lat="24.54021398909389972686767578125" lon="118.14071296714246273040771484375">
        <ele>9.80000019073486328125</ele>
        <time>2026-09-17T09:23:00.000Z</time>
        <extensions>
          <ns3:TrackPointExtension>
            <ns3:atemp>29.0</ns3:atemp>
            <ns3:hr>89</ns3:hr>
          </ns3:TrackPointExtension>
        </extensions>
      </trkpt>
      <trkpt lat="24.54010921530425548553466796875" lon="118.140888400375843048095703125">
        <ele>10.6000003814697265625</ele>
        <time>2026-09-17T09:23:06.000Z</time>
        <extensions>
          <ns3:TrackPointExtension>
            <ns3:atemp>29.0</ns3:atemp>
            <ns3:hr>88</ns3:hr>
          </ns3:TrackPointExtension>
        </extensions>
      </trkpt>
      <trkpt lat="24.540127404034137725830078125" lon="118.14106366597115993499755859375">
        <ele>11</ele>
        <time>2026-09-17T09:23:11.000Z</time>
        <extensions>
          <ns3:TrackPointExtension>
            <ns3:atemp>29.0</ns3:atemp>
            <ns3:hr>89</ns3:hr>
          </ns3:TrackPointExtension>
        </extensions>
      </trkpt>
      <trkpt lat="24.540195129811763763427734375" lon="118.1411675177514553070068359375">
        <ele>11</ele>
        <time>2026-09-17T09:23:14.000Z</time>
        <extensions>
          <ns3:TrackPointExtension>
            <ns3:atemp>29.0</ns3:atemp>
            <ns3:hr>90</ns3:hr>
          </ns3:TrackPointExtension>
        </extensions>
      </trkpt>
      <trkpt lat="24.5402968861162662506103515625" lon="118.14131009392440319061279296875">
        <ele>11.19999980926513671875</ele>
        <time>2026-09-17T09:23:18.000Z</time>
        <extensions>
          <ns3:TrackPointExtension>
            <ns3:atemp>29.0</ns3:atemp>
            <ns3:hr>92</ns3:hr>
          </ns3:TrackPointExtension>
        </extensions>
      </trkpt>
      <trkpt lat="24.54054105095565319061279296875" lon="118.14164101146161556243896484375">
        <ele>11.6000003814697265625</ele>
        <time>2026-09-17T09:23:27.000Z</time>
        <extensions>
          <ns3:TrackPointExtension>
            <ns3:atemp>29.0</ns3:atemp>
            <ns3:hr>95</ns3:hr>
          </ns3:TrackPointExtension>
        </extensions>
      </trkpt>
      <trkpt lat="24.54080340452492237091064453125" lon="118.14200344495475292205810546875">
        <ele>10.80000019073486328125</ele>
        <time>2026-09-17T09:23:36.000Z</time>
        <extensions>
          <ns3:TrackPointExtension>
            <ns3:atemp>30.0</ns3:atemp>
            <ns3:hr>93</ns3:hr>
          </ns3:TrackPointExtension>
        </extensions>
      </trkpt>
      <trkpt lat="24.541044719517230987548828125" lon="118.142350874841213226318359375">
        <ele>10.80000019073486328125</ele>
        <time>2026-09-17T09:23:44.000Z</time>
        <extensions>
          <ns3:TrackPointExtension>
            <ns3:atemp>29.0</ns3:atemp>
            <ns3:hr>93</ns3:hr>
          </ns3:TrackPointExtension>
        </extensions>
      </trkpt>
      <trkpt lat="24.54128469340503215789794921875" lon="118.1426910124719142913818359375">
        <ele>10.3999996185302734375</ele>
        <time>2026-09-17T09:23:52.000Z</time>
        <extensions>
          <ns3:TrackPointExtension>
            <ns3:atemp>30.0</ns3:atemp>
            <ns3:hr>93</ns3:hr>
          </ns3:TrackPointExtension>
        </extensions>
      </trkpt>
      <trkpt lat="24.54143070615828037261962890625" lon="118.1428915075957775115966796875">
        <ele>10</ele>
        <time>2026-09-17T09:23:57.000Z</time>
        <extensions>
          <ns3:TrackPointExtension>
            <ns3:atemp>30.0</ns3:atemp>
            <ns3:hr>91</ns3:hr>
          </ns3:TrackPointExtension>
        </extensions>
      </trkpt>
      <trkpt lat="24.5415186323225498199462890625" lon="118.14301832579076290130615234375">
        <ele>9.80000019073486328125</ele>
        <time>2026-09-17T09:24:00.000Z</time>
        <extensions>
          <ns3:TrackPointExtension>
            <ns3:atemp>30.0</ns3:atemp>
            <ns3:hr>90</ns3:hr>
          </ns3:TrackPointExtension>
        </extensions>
      </trkpt>
      <trkpt lat="24.54166456125676631927490234375" lon="118.14322452060878276824951171875">
        <ele>9.3999996185302734375</ele>
        <time>2026-09-17T09:24:05.000Z</time>
        <extensions>
          <ns3:TrackPointExtension>
            <ns3:atemp>30.0</ns3:atemp>
            <ns3:hr>86</ns3:hr>
          </ns3:TrackPointExtension>
        </extensions>
      </trkpt>
      <trkpt lat="24.54172876663506031036376953125" lon="118.14331370405852794647216796875">
        <ele>9.6000003814697265625</ele>
        <time>2026-09-17T09:24:07.000Z</time>
        <extensions>
          <ns3:TrackPointExtension>
            <ns3:atemp>30.0</ns3:atemp>
            <ns3:hr>82</ns3:hr>
          </ns3:TrackPointExtension>
        </extensions>
      </trkpt>
      <trkpt lat="24.5417546667158603668212890625" lon="118.1433531828224658966064453125">
        <ele>9.6000003814697265625</ele>
        <time>2026-09-17T09:24:08.000Z</time>
        <extensions>
          <ns3:TrackPointExtension>
            <ns3:atemp>30.0</ns3:atemp>
            <ns3:hr>82</ns3:hr>
          </ns3:TrackPointExtension>
        </extensions>
      </trkpt>
      <trkpt lat="24.5418904535472393035888671875" lon="118.14354387111961841583251953125">
        <ele>9.3999996185302734375</ele>
        <time>2026-09-17T09:24:13.000Z</time>
        <extensions>
          <ns3:TrackPointExtension>
            <ns3:atemp>30.0</ns3:atemp>
            <ns3:hr>82</ns3:hr>
          </ns3:TrackPointExtension>
        </extensions>
      </trkpt>
      <trkpt lat="24.5419672317802906036376953125" lon="118.14365518279373645782470703125">
        <ele>9.3999996185302734375</ele>
        <time>2026-09-17T09:24:16.000Z</time>
        <extensions>
          <ns3:TrackPointExtension>
            <ns3:atemp>30.0</ns3:atemp>
            <ns3:hr>82</ns3:hr>
          </ns3:TrackPointExtension>
        </extensions>
      </trkpt>
      <trkpt lat="24.541985504329204559326171875" lon="118.143687956035137176513671875">
        <ele>9.6000003814697265625</ele>
        <time>2026-09-17T09:24:17.000Z</time>
        <extensions>
          <ns3:TrackPointExtension>
            <ns3:atemp>30.0</ns3:atemp>
            <ns3:hr>81</ns3:hr>
          </ns3:TrackPointExtension>
        </extensions>
      </trkpt>
      <trkpt lat="24.5420316047966480255126953125" lon="118.14374637790024280548095703125">
        <ele>10</ele>
        <time>2026-09-17T09:24:21.000Z</time>
        <extensions>
          <ns3:TrackPointExtension>
            <ns3:atemp>30.0</ns3:atemp>
            <ns3:hr>82</ns3:hr>
          </ns3:TrackPointExtension>
        </extensions>
      </trkpt>
      <trkpt lat="24.54208281822502613067626953125" lon="118.143824078142642974853515625">
        <ele>10.19999980926513671875</ele>
        <time>2026-09-17T09:24:28.000Z</time>
        <extensions>
          <ns3:TrackPointExtension>
            <ns3:atemp>30.0</ns3:atemp>
            <ns3:hr>83</ns3:hr>
          </ns3:TrackPointExtension>
        </extensions>
      </trkpt>
      <trkpt lat="24.54208499751985073089599609375" lon="118.14383648335933685302734375">
        <ele>10.19999980926513671875</ele>
        <time>2026-09-17T09:24:29.000Z</time>
        <extensions>
          <ns3:TrackPointExtension>
            <ns3:atemp>30.0</ns3:atemp>
            <ns3:hr>83</ns3:hr>
          </ns3:TrackPointExtension>
        </extensions>
      </trkpt>
      <trkpt lat="24.54207275994122028350830078125" lon="118.14386070705950260162353515625">
        <ele>10.3999996185302734375</ele>
        <time>2026-09-17T09:24:33.000Z</time>
        <extensions>
          <ns3:TrackPointExtension>
            <ns3:atemp>30.0</ns3:atemp>
            <ns3:hr>84</ns3:hr>
          </ns3:TrackPointExtension>
        </extensions>
      </trkpt>
      <trkpt lat="24.54199313186109066009521484375" lon="118.14395626075565814971923828125">
        <ele>10.6000003814697265625</ele>
        <time>2026-09-17T09:24:38.000Z</time>
        <extensions>
          <ns3:TrackPointExtension>
            <ns3:atemp>30.0</ns3:atemp>
            <ns3:hr>85</ns3:hr>
          </ns3:TrackPointExtension>
        </extensions>
      </trkpt>
      <trkpt lat="24.54186975024640560150146484375" lon="118.14407494850456714630126953125">
        <ele>10.6000003814697265625</ele>
        <time>2026-09-17T09:24:43.000Z</time>
        <extensions>
          <ns3:TrackPointExtension>
            <ns3:atemp>30.0</ns3:atemp>
            <ns3:hr>86</ns3:hr>
          </ns3:TrackPointExtension>
        </extensions>
      </trkpt>
      <trkpt lat="24.5416403375566005706787109375" lon="118.1442865915596485137939453125">
        <ele>10.6000003814697265625</ele>
        <time>2026-09-17T09:24:51.000Z</time>
        <extensions>
          <ns3:TrackPointExtension>
            <ns3:atemp>30.0</ns3:atemp>
            <ns3:hr>88</ns3:hr>
          </ns3:TrackPointExtension>
        </extensions>
      </trkpt>
      <trkpt lat="24.5414760522544384002685546875" lon="118.144428916275501251220703125">
        <ele>10.6000003814697265625</ele>
        <time>2026-09-17T09:24:56.000Z</time>
        <extensions>
          <ns3:TrackPointExtension>
            <ns3:atemp>30.0</ns3:atemp>
            <ns3:hr>91</ns3:hr>
          </ns3:TrackPointExtension>
        </extensions>
      </trkpt>
      <trkpt lat="24.54138963483273983001708984375" lon="118.1444924511015415191650390625">
        <ele>11.80000019073486328125</ele>
        <time>2026-09-17T09:24:59.000Z</time>
        <extensions>
          <ns3:TrackPointExtension>
            <ns3:atemp>30.0</ns3:atemp>
            <ns3:hr>92</ns3:hr>
          </ns3:TrackPointExtension>
        </extensions>
      </trkpt>
      <trkpt lat="24.541346132755279541015625" lon="118.14451466314494609832763671875">
        <ele>11.80000019073486328125</ele>
        <time>2026-09-17T09:25:00.000Z</time>
        <extensions>
          <ns3:TrackPointExtension>
            <ns3:atemp>30.0</ns3:atemp>
            <ns3:hr>92</ns3:hr>
          </ns3:TrackPointExtension>
        </extensions>
      </trkpt>
      <trkpt lat="24.54116642475128173828125" lon="118.14463418908417224884033203125">
        <ele>11</ele>
        <time>2026-09-17T09:25:05.000Z</time>
        <extensions>
          <ns3:TrackPointExtension>
            <ns3:atemp>30.0</ns3:atemp>
            <ns3:hr>92</ns3:hr>
          </ns3:TrackPointExtension>
        </extensions>
      </trkpt>
      <trkpt lat="24.54091471619904041290283203125" lon="118.14477525651454925537109375">
        <ele>11.80000019073486328125</ele>
        <time>2026-09-17T09:25:12.000Z</time>
        <extensions>
          <ns3:TrackPointExtension>
            <ns3:atemp>30.0</ns3:atemp>
            <ns3:hr>94</ns3:hr>
          </ns3:TrackPointExtension>
        </extensions>
      </trkpt>
      <trkpt lat="24.54084145836532115936279296875" lon="118.14481456764042377471923828125">
        <ele>11.80000019073486328125</ele>
        <time>2026-09-17T09:25:14.000Z</time>
        <extensions>
          <ns3:TrackPointExtension>
            <ns3:atemp>30.0</ns3:atemp>
            <ns3:hr>97</ns3:hr>
          </ns3:TrackPointExtension>
        </extensions>
      </trkpt>
      <trkpt lat="24.5406345091760158538818359375" lon="118.14490878023207187652587890625">
        <ele>11.19999980926513671875</ele>
        <time>2026-09-17T09:25:20.000Z</time>
        <extensions>
          <ns3:TrackPointExtension>
            <ns3:atemp>30.0</ns3:atemp>
            <ns3:hr>99</ns3:hr>
          </ns3:TrackPointExtension>
        </extensions>
      </trkpt>
      <trkpt lat="24.54050115309655666351318359375" lon="118.14497566781938076019287109375">
        <ele>11.6000003814697265625</ele>
        <time>2026-09-17T09:25:24.000Z</time>
        <extensions>
          <ns3:TrackPointExtension>
            <ns3:atemp>30.0</ns3:atemp>
            <ns3:hr>99</ns3:hr>
          </ns3:TrackPointExtension>
        </extensions>
      </trkpt>
      <trkpt lat="24.5404678769409656524658203125" lon="118.14496812410652637481689453125">
        <ele>11.6000003814697265625</ele>
        <time>2026-09-17T09:25:25.000Z</time>
        <extensions>
          <ns3:TrackPointExtension>
            <ns3:atemp>30.0</ns3:atemp>
            <ns3:hr>99</ns3:hr>
          </ns3:TrackPointExtension>
        </extensions>
      </trkpt>
      <trkpt lat="24.5403468422591686248779296875" lon="118.14492722041904926300048828125">
        <ele>11.6000003814697265625</ele>
        <time>2026-09-17T09:25:30.000Z</time>
        <extensions>
          <ns3:TrackPointExtension>
            <ns3:atemp>30.0</ns3:atemp>
            <ns3:hr>97</ns3:hr>
          </ns3:TrackPointExtension>
        </extensions>
      </trkpt>
      <trkpt lat="24.5403424836695194244384765625" lon="118.14492504112422466278076171875">
        <ele>11.80000019073486328125</ele>
        <time>2026-09-17T09:25:34.000Z</time>
        <extensions>
          <ns3:TrackPointExtension>
            <ns3:atemp>30.0</ns3:atemp>
            <ns3:hr>99</ns3:hr>
          </ns3:TrackPointExtension>
        </extensions>
      </trkpt>
      <trkpt lat="24.5403424836695194244384765625" lon="118.14492504112422466278076171875">
        <ele>11.80000019073486328125</ele>
        <time>2026-09-17T09:25:48.000Z</time>
        <extensions>
          <ns3:TrackPointExtension>
            <ns3:atemp>30.0</ns3:atemp>
            <ns3:hr>96</ns3:hr>
          </ns3:TrackPointExtension>
        </extensions>
      </trkpt>
      <trkpt lat="24.5403424836695194244384765625" lon="118.14492504112422466278076171875">
        <ele>11.80000019073486328125</ele>
        <time>2026-09-17T09:25:53.000Z</time>
        <extensions>
          <ns3:TrackPointExtension>
            <ns3:atemp>30.0</ns3:atemp>
            <ns3:hr>99</ns3:hr>
          </ns3:TrackPointExtension>
        </extensions>
      </trkpt>
      <trkpt lat="24.5403424836695194244384765625" lon="118.14492504112422466278076171875">
        <ele>11.80000019073486328125</ele>
        <time>2026-09-17T09:25:57.000Z</time>
        <extensions>
          <ns3:TrackPointExtension>
            <ns3:atemp>30.0</ns3:atemp>
            <ns3:hr>95</ns3:hr>
          </ns3:TrackPointExtension>
        </extensions>
      </trkpt>
      <trkpt lat="24.5403424836695194244384765625" lon="118.14492504112422466278076171875">
        <ele>11.80000019073486328125</ele>
        <time>2026-09-17T09:25:59.000Z</time>
        <extensions>
          <ns3:TrackPointExtension>
            <ns3:atemp>30.0</ns3:atemp>
            <ns3:hr>92</ns3:hr>
          </ns3:TrackPointExtension>
        </extensions>
      </trkpt>
      <trkpt lat="24.54031272791326045989990234375" lon="118.1449376977980136871337890625">
        <ele>11.80000019073486328125</ele>
        <time>2026-09-17T09:26:03.000Z</time>
        <extensions>
          <ns3:TrackPointExtension>
            <ns3:atemp>30.0</ns3:atemp>
            <ns3:hr>92</ns3:hr>
          </ns3:TrackPointExtension>
        </extensions>
      </trkpt>
      <trkpt lat="24.54026780091226100921630859375" lon="118.144953958690166473388671875">
        <ele>12.19999980926513671875</ele>
        <time>2026-09-17T09:26:05.000Z</time>
        <extensions>
          <ns3:TrackPointExtension>
            <ns3:atemp>30.0</ns3:atemp>
            <ns3:hr>92</ns3:hr>
          </ns3:TrackPointExtension>
        </extensions>
      </trkpt>
      <trkpt lat="24.5401698164641857147216796875" lon="118.14501187764108180999755859375">
        <ele>11.3999996185302734375</ele>
        <time>2026-09-17T09:26:10.000Z</time>
        <extensions>
          <ns3:TrackPointExtension>
            <ns3:atemp>30.0</ns3:atemp>
            <ns3:hr>95</ns3:hr>
          </ns3:TrackPointExtension>
        </extensions>
      </trkpt>
      <trkpt lat="24.5401429943740367889404296875" lon="118.1450241990387439727783203125">
        <ele>11.3999996185302734375</ele>
        <time>2026-09-17T09:26:11.000Z</time>
        <extensions>
          <ns3:TrackPointExtension>
            <ns3:atemp>30.0</ns3:atemp>
            <ns3:hr>95</ns3:hr>
          </ns3:TrackPointExtension>
        </extensions>
      </trkpt>
      <trkpt lat="24.54000310041010379791259765625" lon="118.14508412964642047882080078125">
        <ele>12.3999996185302734375</ele>
        <time>2026-09-17T09:26:19.000Z</time>
        <extensions>
          <ns3:TrackPointExtension>
            <ns3:atemp>30.0</ns3:atemp>
            <ns3:hr>98</ns3:hr>
          </ns3:TrackPointExtension>
        </extensions>
      </trkpt>
      <trkpt lat="24.54000310041010379791259765625" lon="118.14508412964642047882080078125">
        <ele>12.6000003814697265625</ele>
        <time>2026-09-17T09:26:20.000Z</time>
        <extensions>
          <ns3:TrackPointExtension>
            <ns3:atemp>30.0</ns3:atemp>
            <ns3:hr>97</ns3:hr>
          </ns3:TrackPointExtension>
        </extensions>
      </trkpt>
      <trkpt lat="24.54000310041010379791259765625" lon="118.14508412964642047882080078125">
        <ele>12.80000019073486328125</ele>
        <time>2026-09-17T09:26:22.000Z</time>
        <extensions>
          <ns3:TrackPointExtension>
            <ns3:atemp>30.0</ns3:atemp>
            <ns3:hr>97</ns3:hr>
          </ns3:TrackPointExtension>
        </extensions>
      </trkpt>
      <trkpt lat="24.54000310041010379791259765625" lon="118.14508412964642047882080078125">
        <ele>12.6000003814697265625</ele>
        <time>2026-09-17T09:26:34.000Z</time>
        <extensions>
          <ns3:TrackPointExtension>
            <ns3:atemp>30.0</ns3:atemp>
            <ns3:hr>94</ns3:hr>
          </ns3:TrackPointExtension>
        </extensions>
      </trkpt>
      <trkpt lat="24.54000310041010379791259765625" lon="118.14508412964642047882080078125">
        <ele>12.6000003814697265625</ele>
        <time>2026-09-17T09:26:37.000Z</time>
        <extensions>
          <ns3:TrackPointExtension>
            <ns3:atemp>30.0</ns3:atemp>
            <ns3:hr>90</ns3:hr>
          </ns3:TrackPointExtension>
        </extensions>
      </trkpt>
      <trkpt lat="24.54000310041010379791259765625" lon="118.14508412964642047882080078125">
        <ele>12.6000003814697265625</ele>
        <time>2026-09-17T09:26:40.000Z</time>
        <extensions>
          <ns3:TrackPointExtension>
            <ns3:atemp>30.0</ns3:atemp>
            <ns3:hr>86</ns3:hr>
          </ns3:TrackPointExtension>
        </extensions>
      </trkpt>
      <trkpt lat="24.54000310041010379791259765625" lon="118.14508412964642047882080078125">
        <ele>12.6000003814697265625</ele>
        <time>2026-09-17T09:26:42.000Z</time>
        <extensions>
          <ns3:TrackPointExtension>
            <ns3:atemp>30.0</ns3:atemp>
            <ns3:hr>81</ns3:hr>
          </ns3:TrackPointExtension>
        </extensions>
      </trkpt>
      <trkpt lat="24.54000310041010379791259765625" lon="118.14508412964642047882080078125">
        <ele>12.6000003814697265625</ele>
        <time>2026-09-17T09:26:44.000Z</time>
        <extensions>
          <ns3:TrackPointExtension>
            <ns3:atemp>30.0</ns3:atemp>
            <ns3:hr>78</ns3:hr>
          </ns3:TrackPointExtension>
        </extensions>
      </trkpt>
      <trkpt lat="24.53999874182045459747314453125" lon="118.14508697949349880218505859375">
        <ele>12.6000003814697265625</ele>
        <time>2026-09-17T09:26:46.000Z</time>
        <extensions>
          <ns3:TrackPointExtension>
            <ns3:atemp>30.0</ns3:atemp>
            <ns3:hr>75</ns3:hr>
          </ns3:TrackPointExtension>
        </extensions>
      </trkpt>
      <trkpt lat="24.5399850793182849884033203125" lon="118.145095445215702056884765625">
        <ele>12.6000003814697265625</ele>
        <time>2026-09-17T09:26:47.000Z</time>
        <extensions>
          <ns3:TrackPointExtension>
            <ns3:atemp>30.0</ns3:atemp>
            <ns3:hr>73</ns3:hr>
          </ns3:TrackPointExtension>
        </extensions>
      </trkpt>
      <trkpt lat="24.53996890224516391754150390625" lon="118.14510961063206195831298828125">
        <ele>12.6000003814697265625</ele>
        <time>2026-09-17T09:26:48.000Z</time>
        <extensions>
          <ns3:TrackPointExtension>
            <ns3:atemp>30.0</ns3:atemp>
            <ns3:hr>72</ns3:hr>
          </ns3:TrackPointExtension>
        </extensions>
      </trkpt>
      <trkpt lat="24.5398513041436672210693359375" lon="118.1452183239161968231201171875">
        <ele>12.3999996185302734375</ele>
        <time>2026-09-17T09:26:53.000Z</time>
        <extensions>
          <ns3:TrackPointExtension>
            <ns3:atemp>30.0</ns3:atemp>
            <ns3:hr>73</ns3:hr>
          </ns3:TrackPointExtension>
        </extensions>
      </trkpt>
      <trkpt lat="24.5397086441516876220703125" lon="118.14539350569248199462890625">
        <ele>12.80000019073486328125</ele>
        <time>2026-09-17T09:26:59.000Z</time>
        <extensions>
          <ns3:TrackPointExtension>
            <ns3:atemp>30.0</ns3:atemp>
            <ns3:hr>76</ns3:hr>
          </ns3:TrackPointExtension>
        </extensions>
      </trkpt>
      <trkpt lat="24.53964234329760074615478515625" lon="118.1454352475702762603759765625">
        <ele>13</ele>
        <time>2026-09-17T09:27:01.000Z</time>
        <extensions>
          <ns3:TrackPointExtension>
            <ns3:atemp>30.0</ns3:atemp>
            <ns3:hr>80</ns3:hr>
          </ns3:TrackPointExtension>
        </extensions>
      </trkpt>
      <trkpt lat="24.53954427503049373626708984375" lon="118.14546818844974040985107421875">
        <ele>13</ele>
        <time>2026-09-17T09:27:04.000Z</time>
        <extensions>
          <ns3:TrackPointExtension>
            <ns3:atemp>30.0</ns3:atemp>
            <ns3:hr>84</ns3:hr>
          </ns3:TrackPointExtension>
        </extensions>
      </trkpt>
      <trkpt lat="24.53938904218375682830810546875" lon="118.14552283845841884613037109375">
        <ele>12.80000019073486328125</ele>
        <time>2026-09-17T09:27:08.000Z</time>
        <extensions>
          <ns3:TrackPointExtension>
            <ns3:atemp>30.0</ns3:atemp>
            <ns3:hr>87</ns3:hr>
          </ns3:TrackPointExtension>
        </extensions>
      </trkpt>
      <trkpt lat="24.53924386762082576751708984375" lon="118.1455727107822895050048828125">
        <ele>12.80000019073486328125</ele>
        <time>2026-09-17T09:27:12.000Z</time>
        <extensions>
          <ns3:TrackPointExtension>
            <ns3:atemp>30.0</ns3:atemp>
            <ns3:hr>89</ns3:hr>
          </ns3:TrackPointExtension>
        </extensions>
      </trkpt>
      <trkpt lat="24.53908838331699371337890625" lon="118.14562392421066761016845703125">
        <ele>12.6000003814697265625</ele>
        <time>2026-09-17T09:27:16.000Z</time>
        <extensions>
          <ns3:TrackPointExtension>
            <ns3:atemp>30.0</ns3:atemp>
            <ns3:hr>94</ns3:hr>
          </ns3:TrackPointExtension>
        </extensions>
      </trkpt>
      <trkpt lat="24.5390419475734233856201171875" lon="118.14563767053186893463134765625">
        <ele>12.6000003814697265625</ele>
        <time>2026-09-17T09:27:17.000Z</time>
        <extensions>
          <ns3:TrackPointExtension>
            <ns3:atemp>30.0</ns3:atemp>
            <ns3:hr>97</ns3:hr>
          </ns3:TrackPointExtension>
        </extensions>
      </trkpt>
      <trkpt lat="24.53896634280681610107421875" lon="118.14566910266876220703125">
        <ele>12.6000003814697265625</ele>
        <time>2026-09-17T09:27:19.000Z</time>
        <extensions>
          <ns3:TrackPointExtension>
            <ns3:atemp>30.0</ns3:atemp>
            <ns3:hr>100</ns3:hr>
          </ns3:TrackPointExtension>
        </extensions>
      </trkpt>
      <trkpt lat="24.53888093121349811553955078125" lon="118.1457034684717655181884765625">
        <ele>12.80000019073486328125</ele>
        <time>2026-09-17T09:27:21.000Z</time>
        <extensions>
          <ns3:TrackPointExtension>
            <ns3:atemp>30.0</ns3:atemp>
            <ns3:hr>103</ns3:hr>
          </ns3:TrackPointExtension>
        </extensions>
      </trkpt>
      <trkpt lat="24.53867741860449314117431640625" lon="118.14578603021800518035888671875">
        <ele>13</ele>
        <time>2026-09-17T09:27:26.000Z</time>
        <extensions>
          <ns3:TrackPointExtension>
            <ns3:atemp>30.0</ns3:atemp>
            <ns3:hr>104</ns3:hr>
          </ns3:TrackPointExtension>
        </extensions>
      </trkpt>
      <trkpt lat="24.5386406220495700836181640625" lon="118.14579659141600131988525390625">
        <ele>13</ele>
        <time>2026-09-17T09:27:27.000Z</time>
        <extensions>
          <ns3:TrackPointExtension>
            <ns3:atemp>30.0</ns3:atemp>
            <ns3:hr>103</ns3:hr>
          </ns3:TrackPointExtension>
        </extensions>
      </trkpt>
      <trkpt lat="24.53860952518880367279052734375" lon="118.14581519924104213714599609375">
        <ele>13</ele>
        <time>2026-09-17T09:27:28.000Z</time>
        <extensions>
          <ns3:TrackPointExtension>
            <ns3:atemp>30.0</ns3:atemp>
            <ns3:hr>103</ns3:hr>
          </ns3:TrackPointExtension>
        </extensions>
      </trkpt>
      <trkpt lat="24.5383995585143566131591796875" lon="118.14588946290314197540283203125">
        <ele>12.80000019073486328125</ele>
        <time>2026-09-17T09:27:33.000Z</time>
        <extensions>
          <ns3:TrackPointExtension>
            <ns3:atemp>30.0</ns3:atemp>
            <ns3:hr>102</ns3:hr>
          </ns3:TrackPointExtension>
        </extensions>
      </trkpt>
      <trkpt lat="24.5380716584622859954833984375" lon="118.1460270099341869354248046875">
        <ele>12.80000019073486328125</ele>
        <time>2026-09-17T09:27:41.000Z</time>
        <extensions>
          <ns3:TrackPointExtension>
            <ns3:atemp>30.0</ns3:atemp>
            <ns3:hr>101</ns3:hr>
          </ns3:TrackPointExtension>
        </extensions>
      </trkpt>
      <trkpt lat="24.53803955577313899993896484375" lon="118.146028183400630950927734375">
        <ele>12.80000019073486328125</ele>
        <time>2026-09-17T09:27:42.000Z</time>
        <extensions>
          <ns3:TrackPointExtension>
            <ns3:atemp>30.0</ns3:atemp>
            <ns3:hr>101</ns3:hr>
          </ns3:TrackPointExtension>
        </extensions>
      </trkpt>
      <trkpt lat="24.5379144139587879180908203125" lon="118.146040253341197967529296875">
        <ele>13</ele>
        <time>2026-09-17T09:27:45.000Z</time>
        <extensions>
          <ns3:TrackPointExtension>
            <ns3:atemp>30.0</ns3:atemp>
            <ns3:hr>101</ns3:hr>
          </ns3:TrackPointExtension>
        </extensions>
      </trkpt>
      <trkpt lat="24.5378396473824977874755859375" lon="118.14607470296323299407958984375">
        <ele>13.19999980926513671875</ele>
        <time>2026-09-17T09:27:47.000Z</time>
        <extensions>
          <ns3:TrackPointExtension>
            <ns3:atemp>30.0</ns3:atemp>
            <ns3:hr>101</ns3:hr>
          </ns3:TrackPointExtension>
        </extensions>
      </trkpt>
      <trkpt lat="24.53780285082757472991943359375" lon="118.14609649591147899627685546875">
        <ele>13.19999980926513671875</ele>
        <time>2026-09-17T09:27:48.000Z</time>
        <extensions>
          <ns3:TrackPointExtension>
            <ns3:atemp>30.0</ns3:atemp>
            <ns3:hr>100</ns3:hr>
          </ns3:TrackPointExtension>
        </extensions>
      </trkpt>
      <trkpt lat="24.53768734820187091827392578125" lon="118.14618165604770183563232421875">
        <ele>13.19999980926513671875</ele>
        <time>2026-09-17T09:27:52.000Z</time>
        <extensions>
          <ns3:TrackPointExtension>
            <ns3:atemp>30.0</ns3:atemp>
            <ns3:hr>97</ns3:hr>
          </ns3:TrackPointExtension>
        </extensions>
      </trkpt>
      <trkpt lat="24.5376361347734928131103515625" lon="118.1462231464684009552001953125">
        <ele>13.3999996185302734375</ele>
        <time>2026-09-17T09:27:54.000Z</time>
        <extensions>
          <ns3:TrackPointExtension>
            <ns3:atemp>30.0</ns3:atemp>
            <ns3:hr>96</ns3:hr>
          </ns3:TrackPointExtension>
        </extensions>
      </trkpt>
      <trkpt lat="24.53743672929704189300537109375" lon="118.1463007628917694091796875">
        <ele>13.3999996185302734375</ele>
        <time>2026-09-17T09:28:00.000Z</time>
        <extensions>
          <ns3:TrackPointExtension>
            <ns3:atemp>30.0</ns3:atemp>
            <ns3:hr>98</ns3:hr>
          </ns3:TrackPointExtension>
        </extensions>
      </trkpt>
      <trkpt lat="24.537231624126434326171875" lon="118.1463865935802459716796875">
        <ele>13.6000003814697265625</ele>
        <time>2026-09-17T09:28:06.000Z</time>
        <extensions>
          <ns3:TrackPointExtension>
            <ns3:atemp>30.0</ns3:atemp>
            <ns3:hr>97</ns3:hr>
          </ns3:TrackPointExtension>
        </extensions>
      </trkpt>
      <trkpt lat="24.53699667938053607940673828125" lon="118.14647569321095943450927734375">
        <ele>13.19999980926513671875</ele>
        <time>2026-09-17T09:28:12.000Z</time>
        <extensions>
          <ns3:TrackPointExtension>
            <ns3:atemp>30.0</ns3:atemp>
            <ns3:hr>97</ns3:hr>
          </ns3:TrackPointExtension>
        </extensions>
      </trkpt>
      <trkpt lat="24.5367483235895633697509765625" lon="118.14656286500394344329833984375">
        <ele>13.6000003814697265625</ele>
        <time>2026-09-17T09:28:19.000Z</time>
        <extensions>
          <ns3:TrackPointExtension>
            <ns3:atemp>29.0</ns3:atemp>
            <ns3:hr>100</ns3:hr>
          </ns3:TrackPointExtension>
        </extensions>
      </trkpt>
      <trkpt lat="24.5365548692643642425537109375" lon="118.14662606455385684967041015625">
        <ele>13.3999996185302734375</ele>
        <time>2026-09-17T09:28:24.000Z</time>
        <extensions>
          <ns3:TrackPointExtension>
            <ns3:atemp>30.0</ns3:atemp>
            <ns3:hr>100</ns3:hr>
          </ns3:TrackPointExtension>
        </extensions>
      </trkpt>
      <trkpt lat="24.53632428310811519622802734375" lon="118.1467186845839023590087890625">
        <ele>13.3999996185302734375</ele>
        <time>2026-09-17T09:28:30.000Z</time>
        <extensions>
          <ns3:TrackPointExtension>
            <ns3:atemp>29.0</ns3:atemp>
            <ns3:hr>103</ns3:hr>
          </ns3:TrackPointExtension>
        </extensions>
      </trkpt>
      <trkpt lat="24.53617290593683719635009765625" lon="118.14678481779992580413818359375">
        <ele>13.6000003814697265625</ele>
        <time>2026-09-17T09:28:34.000Z</time>
        <extensions>
          <ns3:TrackPointExtension>
            <ns3:atemp>30.0</ns3:atemp>
            <ns3:hr>106</ns3:hr>
          </ns3:TrackPointExtension>
        </extensions>
      </trkpt>
      <trkpt lat="24.53613317571580410003662109375" lon="118.14679940231144428253173828125">
        <ele>13.6000003814697265625</ele>
        <time>2026-09-17T09:28:35.000Z</time>
        <extensions>
          <ns3:TrackPointExtension>
            <ns3:atemp>30.0</ns3:atemp>
            <ns3:hr>104</ns3:hr>
          </ns3:TrackPointExtension>
        </extensions>
      </trkpt>
      <trkpt lat="24.5360566489398479461669921875" lon="118.146827481687068939208984375">
        <ele>13.80000019073486328125</ele>
        <time>2026-09-17T09:28:37.000Z</time>
        <extensions>
          <ns3:TrackPointExtension>
            <ns3:atemp>30.0</ns3:atemp>
            <ns3:hr>105</ns3:hr>
          </ns3:TrackPointExtension>
        </extensions>
      </trkpt>
      <trkpt lat="24.5359208621084690093994140625" lon="118.1469024159014225006103515625">
        <ele>13.80000019073486328125</ele>
        <time>2026-09-17T09:28:41.000Z</time>
        <extensions>
          <ns3:TrackPointExtension>
            <ns3:atemp>29.0</ns3:atemp>
            <ns3:hr>104</ns3:hr>
          </ns3:TrackPointExtension>
        </extensions>
      </trkpt>
      <trkpt lat="24.53588289208710193634033203125" lon="118.14693401567637920379638671875">
        <ele>14.6000003814697265625</ele>
        <time>2026-09-17T09:28:45.000Z</time>
        <extensions>
          <ns3:TrackPointExtension>
            <ns3:atemp>29.0</ns3:atemp>
            <ns3:hr>106</ns3:hr>
          </ns3:TrackPointExtension>
        </extensions>
      </trkpt>
      <trkpt lat="24.53588289208710193634033203125" lon="118.14693401567637920379638671875">
        <ele>14.80000019073486328125</ele>
        <time>2026-09-17T09:28:50.000Z</time>
        <extensions>
          <ns3:TrackPointExtension>
            <ns3:atemp>29.0</ns3:atemp>
            <ns3:hr>104</ns3:hr>
          </ns3:TrackPointExtension>
        </extensions>
      </trkpt>
      <trkpt lat="24.53588289208710193634033203125" lon="118.14693401567637920379638671875">
        <ele>14.80000019073486328125</ele>
        <time>2026-09-17T09:28:55.000Z</time>
        <extensions>
          <ns3:TrackPointExtension>
            <ns3:atemp>29.0</ns3:atemp>
            <ns3:hr>101</ns3:hr>
          </ns3:TrackPointExtension>
        </extensions>
      </trkpt>
      <trkpt lat="24.53588289208710193634033203125" lon="118.14693401567637920379638671875">
        <ele>14.80000019073486328125</ele>
        <time>2026-09-17T09:28:57.000Z</time>
        <extensions>
          <ns3:TrackPointExtension>
            <ns3:atemp>29.0</ns3:atemp>
            <ns3:hr>96</ns3:hr>
          </ns3:TrackPointExtension>
        </extensions>
      </trkpt>
      <trkpt lat="24.53588289208710193634033203125" lon="118.14693401567637920379638671875">
        <ele>14.80000019073486328125</ele>
        <time>2026-09-17T09:28:59.000Z</time>
        <extensions>
          <ns3:TrackPointExtension>
            <ns3:atemp>30.0</ns3:atemp>
            <ns3:hr>92</ns3:hr>
          </ns3:TrackPointExtension>
        </extensions>
      </trkpt>
      <trkpt lat="24.53588289208710193634033203125" lon="118.14693401567637920379638671875">
        <ele>14.80000019073486328125</ele>
        <time>2026-09-17T09:29:04.000Z</time>
        <extensions>
          <ns3:TrackPointExtension>
            <ns3:atemp>29.0</ns3:atemp>
            <ns3:hr>89</ns3:hr>
          </ns3:TrackPointExtension>
        </extensions>
      </trkpt>
      <trkpt lat="24.53588289208710193634033203125" lon="118.14693401567637920379638671875">
        <ele>14.80000019073486328125</ele>
        <time>2026-09-17T09:29:09.000Z</time>
        <extensions>
          <ns3:TrackPointExtension>
            <ns3:atemp>29.0</ns3:atemp>
            <ns3:hr>89</ns3:hr>
          </ns3:TrackPointExtension>
        </extensions>
      </trkpt>
      <trkpt lat="24.53588289208710193634033203125" lon="118.14693401567637920379638671875">
        <ele>14.80000019073486328125</ele>
        <time>2026-09-17T09:29:18.000Z</time>
        <extensions>
          <ns3:TrackPointExtension>
            <ns3:atemp>29.0</ns3:atemp>
            <ns3:hr>92</ns3:hr>
          </ns3:TrackPointExtension>
        </extensions>
      </trkpt>
      <trkpt lat="24.53588289208710193634033203125" lon="118.14693401567637920379638671875">
        <ele>14.80000019073486328125</ele>
        <time>2026-09-17T09:29:24.000Z</time>
        <extensions>
          <ns3:TrackPointExtension>
            <ns3:atemp>29.0</ns3:atemp>
            <ns3:hr>96</ns3:hr>
          </ns3:TrackPointExtension>
        </extensions>
      </trkpt>
      <trkpt lat="24.5358823053538799285888671875" lon="118.14693443477153778076171875">
        <ele>14.80000019073486328125</ele>
        <time>2026-09-17T09:29:25.000Z</time>
        <extensions>
          <ns3:TrackPointExtension>
            <ns3:atemp>29.0</ns3:atemp>
            <ns3:hr>92</ns3:hr>
          </ns3:TrackPointExtension>
        </extensions>
      </trkpt>
      <trkpt lat="24.53588289208710193634033203125" lon="118.14693401567637920379638671875">
        <ele>14.80000019073486328125</ele>
        <time>2026-09-17T09:29:27.000Z</time>
        <extensions>
          <ns3:TrackPointExtension>
            <ns3:atemp>30.0</ns3:atemp>
            <ns3:hr>90</ns3:hr>
          </ns3:TrackPointExtension>
        </extensions>
      </trkpt>
      <trkpt lat="24.53588289208710193634033203125" lon="118.14693401567637920379638671875">
        <ele>14.80000019073486328125</ele>
        <time>2026-09-17T09:29:29.000Z</time>
        <extensions>
          <ns3:TrackPointExtension>
            <ns3:atemp>30.0</ns3:atemp>
            <ns3:hr>86</ns3:hr>
          </ns3:TrackPointExtension>
        </extensions>
      </trkpt>
      <trkpt lat="24.535882137715816497802734375" lon="118.1469346024096012115478515625">
        <ele>14.80000019073486328125</ele>
        <time>2026-09-17T09:29:32.000Z</time>
        <extensions>
          <ns3:TrackPointExtension>
            <ns3:atemp>30.0</ns3:atemp>
            <ns3:hr>83</ns3:hr>
          </ns3:TrackPointExtension>
        </extensions>
      </trkpt>
      <trkpt lat="24.535882472991943359375" lon="118.14693435095250606536865234375">
        <ele>14.80000019073486328125</ele>
        <time>2026-09-17T09:29:34.000Z</time>
        <extensions>
          <ns3:TrackPointExtension>
            <ns3:atemp>30.0</ns3:atemp>
            <ns3:hr>80</ns3:hr>
          </ns3:TrackPointExtension>
        </extensions>
      </trkpt>
      <trkpt lat="24.53587870113551616668701171875" lon="118.14694575034081935882568359375">
        <ele>14.80000019073486328125</ele>
        <time>2026-09-17T09:29:36.000Z</time>
        <extensions>
          <ns3:TrackPointExtension>
            <ns3:atemp>30.0</ns3:atemp>
            <ns3:hr>78</ns3:hr>
          </ns3:TrackPointExtension>
        </extensions>
      </trkpt>
      <trkpt lat="24.53587383963167667388916015625" lon="118.14699335955083370208740234375">
        <ele>14.80000019073486328125</ele>
        <time>2026-09-17T09:29:38.000Z</time>
        <extensions>
          <ns3:TrackPointExtension>
            <ns3:atemp>30.0</ns3:atemp>
            <ns3:hr>78</ns3:hr>
          </ns3:TrackPointExtension>
        </extensions>
      </trkpt>
      <trkpt lat="24.53587283380329608917236328125" lon="118.147046752274036407470703125">
        <ele>15</ele>
        <time>2026-09-17T09:29:40.000Z</time>
        <extensions>
          <ns3:TrackPointExtension>
            <ns3:atemp>30.0</ns3:atemp>
            <ns3:hr>77</ns3:hr>
          </ns3:TrackPointExtension>
        </extensions>
      </trkpt>
      <trkpt lat="24.535890519618988037109375" lon="118.14718044362962245941162109375">
        <ele>15</ele>
        <time>2026-09-17T09:29:46.000Z</time>
        <extensions>
          <ns3:TrackPointExtension>
            <ns3:atemp>30.0</ns3:atemp>
            <ns3:hr>77</ns3:hr>
          </ns3:TrackPointExtension>
        </extensions>
      </trkpt>
      <trkpt lat="24.5358890108764171600341796875" lon="118.1471706368029117584228515625">
        <ele>15.19999980926513671875</ele>
        <time>2026-09-17T09:29:47.000Z</time>
        <extensions>
          <ns3:TrackPointExtension>
            <ns3:atemp>30.0</ns3:atemp>
            <ns3:hr>80</ns3:hr>
          </ns3:TrackPointExtension>
        </extensions>
      </trkpt>
      <trkpt lat="24.5358890108764171600341796875" lon="118.1471706368029117584228515625">
        <ele>15.3999996185302734375</ele>
        <time>2026-09-17T09:29:49.000Z</time>
        <extensions>
          <ns3:TrackPointExtension>
            <ns3:atemp>30.0</ns3:atemp>
            <ns3:hr>80</ns3:hr>
          </ns3:TrackPointExtension>
        </extensions>
      </trkpt>
      <trkpt lat="24.5358890108764171600341796875" lon="118.1471706368029117584228515625">
        <ele>15.3999996185302734375</ele>
        <time>2026-09-17T09:29:51.000Z</time>
        <extensions>
          <ns3:TrackPointExtension>
            <ns3:atemp>30.0</ns3:atemp>
            <ns3:hr>83</ns3:hr>
          </ns3:TrackPointExtension>
        </extensions>
      </trkpt>
      <trkpt lat="24.5358890108764171600341796875" lon="118.1471706368029117584228515625">
        <ele>15.6000003814697265625</ele>
        <time>2026-09-17T09:30:11.000Z</time>
        <extensions>
          <ns3:TrackPointExtension>
            <ns3:atemp>30.0</ns3:atemp>
            <ns3:hr>80</ns3:hr>
          </ns3:TrackPointExtension>
        </extensions>
      </trkpt>
      <trkpt lat="24.53589831478893756866455078125" lon="118.1472128815948963165283203125">
        <ele>15.6000003814697265625</ele>
        <time>2026-09-17T09:30:15.000Z</time>
        <extensions>
          <ns3:TrackPointExtension>
            <ns3:atemp>30.0</ns3:atemp>
            <ns3:hr>83</ns3:hr>
          </ns3:TrackPointExtension>
        </extensions>
      </trkpt>
      <trkpt lat="24.535900242626667022705078125" lon="118.1472433917224407196044921875">
        <ele>15.6000003814697265625</ele>
        <time>2026-09-17T09:30:16.000Z</time>
        <extensions>
          <ns3:TrackPointExtension>
            <ns3:atemp>30.0</ns3:atemp>
            <ns3:hr>80</ns3:hr>
          </ns3:TrackPointExtension>
        </extensions>
      </trkpt>
      <trkpt lat="24.53586461953818798065185546875" lon="118.1473634205758571624755859375">
        <ele>15.3999996185302734375</ele>
        <time>2026-09-17T09:30:20.000Z</time>
        <extensions>
          <ns3:TrackPointExtension>
            <ns3:atemp>30.0</ns3:atemp>
            <ns3:hr>83</ns3:hr>
          </ns3:TrackPointExtension>
        </extensions>
      </trkpt>
      <trkpt lat="24.5357872545719146728515625" lon="118.14742871560156345367431640625">
        <ele>15.19999980926513671875</ele>
        <time>2026-09-17T09:30:23.000Z</time>
        <extensions>
          <ns3:TrackPointExtension>
            <ns3:atemp>30.0</ns3:atemp>
            <ns3:hr>86</ns3:hr>
          </ns3:TrackPointExtension>
        </extensions>
      </trkpt>
      <trkpt lat="24.53573453240096569061279296875" lon="118.14746081829071044921875">
        <ele>15.3999996185302734375</ele>
        <time>2026-09-17T09:30:25.000Z</time>
        <extensions>
          <ns3:TrackPointExtension>
            <ns3:atemp>30.0</ns3:atemp>
            <ns3:hr>87</ns3:hr>
          </ns3:TrackPointExtension>
        </extensions>
      </trkpt>
      <trkpt lat="24.53557661734521389007568359375" lon="118.147614039480686187744140625">
        <ele>15.6000003814697265625</ele>
        <time>2026-09-17T09:30:32.000Z</time>
        <extensions>
          <ns3:TrackPointExtension>
            <ns3:atemp>30.0</ns3:atemp>
            <ns3:hr>87</ns3:hr>
          </ns3:TrackPointExtension>
        </extensions>
      </trkpt>
      <trkpt lat="24.5355775393545627593994140625" lon="118.147634826600551605224609375">
        <ele>15.80000019073486328125</ele>
        <time>2026-09-17T09:30:33.000Z</time>
        <extensions>
          <ns3:TrackPointExtension>
            <ns3:atemp>30.0</ns3:atemp>
            <ns3:hr>87</ns3:hr>
          </ns3:TrackPointExtension>
        </extensions>
      </trkpt>
      <trkpt lat="24.53556152991950511932373046875" lon="118.1477553583681583404541015625">
        <ele>16.6000003814697265625</ele>
        <time>2026-09-17T09:30:37.000Z</time>
        <extensions>
          <ns3:TrackPointExtension>
            <ns3:atemp>30.0</ns3:atemp>
            <ns3:hr>86</ns3:hr>
          </ns3:TrackPointExtension>
        </extensions>
      </trkpt>
      <trkpt lat="24.53551677055656909942626953125" lon="118.14780078828334808349609375">
        <ele>17</ele>
        <time>2026-09-17T09:30:40.000Z</time>
        <extensions>
          <ns3:TrackPointExtension>
            <ns3:atemp>30.0</ns3:atemp>
            <ns3:hr>86</ns3:hr>
          </ns3:TrackPointExtension>
        </extensions>
      </trkpt>
      <trkpt lat="24.535497911274433135986328125" lon="118.1478022970259189605712890625">
        <ele>17.200000762939453125</ele>
        <time>2026-09-17T09:30:41.000Z</time>
        <extensions>
          <ns3:TrackPointExtension>
            <ns3:atemp>30.0</ns3:atemp>
            <ns3:hr>87</ns3:hr>
          </ns3:TrackPointExtension>
        </extensions>
      </trkpt>
      <trkpt lat="24.53538282774388790130615234375" lon="118.14776952378451824188232421875">
        <ele>17.6000003814697265625</ele>
        <time>2026-09-17T09:30:46.000Z</time>
        <extensions>
          <ns3:TrackPointExtension>
            <ns3:atemp>30.0</ns3:atemp>
            <ns3:hr>89</ns3:hr>
          </ns3:TrackPointExtension>
        </extensions>
      </trkpt>
      <trkpt lat="24.5352952368557453155517578125" lon="118.147758878767490386962890625">
        <ele>17.799999237060546875</ele>
        <time>2026-09-17T09:30:49.000Z</time>
        <extensions>
          <ns3:TrackPointExtension>
            <ns3:atemp>30.0</ns3:atemp>
            <ns3:hr>92</ns3:hr>
          </ns3:TrackPointExtension>
        </extensions>
      </trkpt>
      <trkpt lat="24.53526615165174007415771484375" lon="118.14775577746331691741943359375">
        <ele>18.200000762939453125</ele>
        <time>2026-09-17T09:30:50.000Z</time>
        <extensions>
          <ns3:TrackPointExtension>
            <ns3:atemp>30.0</ns3:atemp>
            <ns3:hr>93</ns3:hr>
          </ns3:TrackPointExtension>
        </extensions>
      </trkpt>
      <trkpt lat="24.53524117358028888702392578125" lon="118.14775795675814151763916015625">
        <ele>18.200000762939453125</ele>
        <time>2026-09-17T09:30:51.000Z</time>
        <extensions>
          <ns3:TrackPointExtension>
            <ns3:atemp>30.0</ns3:atemp>
            <ns3:hr>93</ns3:hr>
          </ns3:TrackPointExtension>
        </extensions>
      </trkpt>
      <trkpt lat="24.53521166928112506866455078125" lon="118.14776516519486904144287109375">
        <ele>18.3999996185302734375</ele>
        <time>2026-09-17T09:30:52.000Z</time>
        <extensions>
          <ns3:TrackPointExtension>
            <ns3:atemp>30.0</ns3:atemp>
            <ns3:hr>94</ns3:hr>
          </ns3:TrackPointExtension>
        </extensions>
      </trkpt>
      <trkpt lat="24.53514126129448413848876953125" lon="118.147817216813564300537109375">
        <ele>19</ele>
        <time>2026-09-17T09:30:55.000Z</time>
        <extensions>
          <ns3:TrackPointExtension>
            <ns3:atemp>30.0</ns3:atemp>
            <ns3:hr>96</ns3:hr>
          </ns3:TrackPointExtension>
        </extensions>
      </trkpt>
      <trkpt lat="24.53511980362236499786376953125" lon="118.147840015590190887451171875">
        <ele>19.200000762939453125</ele>
        <time>2026-09-17T09:30:56.000Z</time>
        <extensions>
          <ns3:TrackPointExtension>
            <ns3:atemp>30.0</ns3:atemp>
            <ns3:hr>96</ns3:hr>
          </ns3:TrackPointExtension>
        </extensions>
      </trkpt>
      <trkpt lat="24.535016119480133056640625" lon="118.14795660786330699920654296875">
        <ele>20.3999996185302734375</ele>
        <time>2026-09-17T09:31:01.000Z</time>
        <extensions>
          <ns3:TrackPointExtension>
            <ns3:atemp>30.0</ns3:atemp>
            <ns3:hr>98</ns3:hr>
          </ns3:TrackPointExtension>
        </extensions>
      </trkpt>
      <trkpt lat="24.534994326531887054443359375" lon="118.147984184324741363525390625">
        <ele>20.3999996185302734375</ele>
        <time>2026-09-17T09:31:02.000Z</time>
        <extensions>
          <ns3:TrackPointExtension>
            <ns3:atemp>30.0</ns3:atemp>
            <ns3:hr>99</ns3:hr>
          </ns3:TrackPointExtension>
        </extensions>
      </trkpt>
      <trkpt lat="24.5349490642547607421875" lon="118.1480334699153900146484375">
        <ele>21</ele>
        <time>2026-09-17T09:31:04.000Z</time>
        <extensions>
          <ns3:TrackPointExtension>
            <ns3:atemp>29.0</ns3:atemp>
            <ns3:hr>102</ns3:hr>
          </ns3:TrackPointExtension>
        </extensions>
      </trkpt>
      <trkpt lat="24.534885697066783905029296875" lon="118.14809055067598819732666015625">
        <ele>21.3999996185302734375</ele>
        <time>2026-09-17T09:31:07.000Z</time>
        <extensions>
          <ns3:TrackPointExtension>
            <ns3:atemp>30.0</ns3:atemp>
            <ns3:hr>102</ns3:hr>
          </ns3:TrackPointExtension>
        </extensions>
      </trkpt>
      <trkpt lat="24.534824006259441375732421875" lon="118.1481219828128814697265625">
        <ele>21.6000003814697265625</ele>
        <time>2026-09-17T09:31:10.000Z</time>
        <extensions>
          <ns3:TrackPointExtension>
            <ns3:atemp>29.0</ns3:atemp>
            <ns3:hr>100</ns3:hr>
          </ns3:TrackPointExtension>
        </extensions>
      </trkpt>
      <trkpt lat="24.53473557718098163604736328125" lon="118.1481137685477733612060546875">
        <ele>22.200000762939453125</ele>
        <time>2026-09-17T09:31:14.000Z</time>
        <extensions>
          <ns3:TrackPointExtension>
            <ns3:atemp>29.0</ns3:atemp>
            <ns3:hr>103</ns3:hr>
          </ns3:TrackPointExtension>
        </extensions>
      </trkpt>
      <trkpt lat="24.5347017981112003326416015625" lon="118.14809692092239856719970703125">
        <ele>22.799999237060546875</ele>
        <time>2026-09-17T09:31:16.000Z</time>
        <extensions>
          <ns3:TrackPointExtension>
            <ns3:atemp>29.0</ns3:atemp>
            <ns3:hr>104</ns3:hr>
          </ns3:TrackPointExtension>
        </extensions>
      </trkpt>
      <trkpt lat="24.53457531519234180450439453125" lon="118.14802500419318675994873046875">
        <ele>23.3999996185302734375</ele>
        <time>2026-09-17T09:31:22.000Z</time>
        <extensions>
          <ns3:TrackPointExtension>
            <ns3:atemp>30.0</ns3:atemp>
            <ns3:hr>106</ns3:hr>
          </ns3:TrackPointExtension>
        </extensions>
      </trkpt>
      <trkpt lat="24.5343819446861743927001953125" lon="118.14810547046363353729248046875">
        <ele>23.3999996185302734375</ele>
        <time>2026-09-17T09:31:28.000Z</time>
        <extensions>
          <ns3:TrackPointExtension>
            <ns3:atemp>29.0</ns3:atemp>
            <ns3:hr>109</ns3:hr>
          </ns3:TrackPointExtension>
        </extensions>
      </trkpt>
      <trkpt lat="24.53412185423076152801513671875" lon="118.1482016108930110931396484375">
        <ele>23.3999996185302734375</ele>
        <time>2026-09-17T09:31:35.000Z</time>
        <extensions>
          <ns3:TrackPointExtension>
            <ns3:atemp>30.0</ns3:atemp>
            <ns3:hr>109</ns3:hr>
          </ns3:TrackPointExtension>
        </extensions>
      </trkpt>
      <trkpt lat="24.53392085619270801544189453125" lon="118.14820487983524799346923828125">
        <ele>24</ele>
        <time>2026-09-17T09:31:40.000Z</time>
        <extensions>
          <ns3:TrackPointExtension>
            <ns3:atemp>29.0</ns3:atemp>
            <ns3:hr>110</ns3:hr>
          </ns3:TrackPointExtension>
        </extensions>
      </trkpt>
      <trkpt lat="24.533782303333282470703125" lon="118.14812156371772289276123046875">
        <ele>24.200000762939453125</ele>
        <time>2026-09-17T09:31:44.000Z</time>
        <extensions>
          <ns3:TrackPointExtension>
            <ns3:atemp>29.0</ns3:atemp>
            <ns3:hr>110</ns3:hr>
          </ns3:TrackPointExtension>
        </extensions>
      </trkpt>
      <trkpt lat="24.53374617733061313629150390625" lon="118.148092143237590789794921875">
        <ele>24</ele>
        <time>2026-09-17T09:31:45.000Z</time>
        <extensions>
          <ns3:TrackPointExtension>
            <ns3:atemp>30.0</ns3:atemp>
            <ns3:hr>109</ns3:hr>
          </ns3:TrackPointExtension>
        </extensions>
      </trkpt>
      <trkpt lat="24.53369873575866222381591796875" lon="118.148066662251949310302734375">
        <ele>24.200000762939453125</ele>
        <time>2026-09-17T09:31:46.000Z</time>
        <extensions>
          <ns3:TrackPointExtension>
            <ns3:atemp>29.0</ns3:atemp>
            <ns3:hr>110</ns3:hr>
          </ns3:TrackPointExtension>
        </extensions>
      </trkpt>
      <trkpt lat="24.5336228795349597930908203125" lon="118.14804713241755962371826171875">
        <ele>24.200000762939453125</ele>
        <time>2026-09-17T09:31:48.000Z</time>
        <extensions>
          <ns3:TrackPointExtension>
            <ns3:atemp>29.0</ns3:atemp>
            <ns3:hr>109</ns3:hr>
          </ns3:TrackPointExtension>
        </extensions>
      </trkpt>
      <trkpt lat="24.53354299999773502349853515625" lon="118.14803791232407093048095703125">
        <ele>24.200000762939453125</ele>
        <time>2026-09-17T09:31:50.000Z</time>
        <extensions>
          <ns3:TrackPointExtension>
            <ns3:atemp>29.0</ns3:atemp>
            <ns3:hr>111</ns3:hr>
          </ns3:TrackPointExtension>
        </extensions>
      </trkpt>
      <trkpt lat="24.53342045657336711883544921875" lon="118.14808283932507038116455078125">
        <ele>24.200000762939453125</ele>
        <time>2026-09-17T09:31:54.000Z</time>
        <extensions>
          <ns3:TrackPointExtension>
            <ns3:atemp>30.0</ns3:atemp>
            <ns3:hr>112</ns3:hr>
          </ns3:TrackPointExtension>
        </extensions>
      </trkpt>
      <trkpt lat="24.53331065364181995391845703125" lon="118.14811636693775653839111328125">
        <ele>24.3999996185302734375</ele>
        <time>2026-09-17T09:31:57.000Z</time>
        <extensions>
          <ns3:TrackPointExtension>
            <ns3:atemp>29.0</ns3:atemp>
            <ns3:hr>115</ns3:hr>
          </ns3:TrackPointExtension>
        </extensions>
      </trkpt>
      <trkpt lat="24.5332802273333072662353515625" lon="118.1481335498392581939697265625">
        <ele>24.3999996185302734375</ele>
        <time>2026-09-17T09:31:58.000Z</time>
        <extensions>
          <ns3:TrackPointExtension>
            <ns3:atemp>29.0</ns3:atemp>
            <ns3:hr>114</ns3:hr>
          </ns3:TrackPointExtension>
        </extensions>
      </trkpt>
      <trkpt lat="24.53324778936803340911865234375" lon="118.14813648350536823272705078125">
        <ele>24.3999996185302734375</ele>
        <time>2026-09-17T09:31:59.000Z</time>
        <extensions>
          <ns3:TrackPointExtension>
            <ns3:atemp>29.0</ns3:atemp>
            <ns3:hr>114</ns3:hr>
          </ns3:TrackPointExtension>
        </extensions>
      </trkpt>
      <trkpt lat="24.5331434346735477447509765625" lon="118.14815341494977474212646484375">
        <ele>24.3999996185302734375</ele>
        <time>2026-09-17T09:32:02.000Z</time>
        <extensions>
          <ns3:TrackPointExtension>
            <ns3:atemp>29.0</ns3:atemp>
            <ns3:hr>113</ns3:hr>
          </ns3:TrackPointExtension>
        </extensions>
      </trkpt>
      <trkpt lat="24.53296087682247161865234375" lon="118.148208819329738616943359375">
        <ele>24.799999237060546875</ele>
        <time>2026-09-17T09:32:07.000Z</time>
        <extensions>
          <ns3:TrackPointExtension>
            <ns3:atemp>30.0</ns3:atemp>
            <ns3:hr>110</ns3:hr>
          </ns3:TrackPointExtension>
        </extensions>
      </trkpt>
      <trkpt lat="24.532733224332332611083984375" lon="118.14830160699784755706787109375">
        <ele>24.6000003814697265625</ele>
        <time>2026-09-17T09:32:12.000Z</time>
        <extensions>
          <ns3:TrackPointExtension>
            <ns3:atemp>30.0</ns3:atemp>
            <ns3:hr>110</ns3:hr>
          </ns3:TrackPointExtension>
        </extensions>
      </trkpt>
      <trkpt lat="24.5324903167784214019775390625" lon="118.14837084151804447174072265625">
        <ele>24.3999996185302734375</ele>
        <time>2026-09-17T09:32:17.000Z</time>
        <extensions>
          <ns3:TrackPointExtension>
            <ns3:atemp>30.0</ns3:atemp>
            <ns3:hr>107</ns3:hr>
          </ns3:TrackPointExtension>
        </extensions>
      </trkpt>
      <trkpt lat="24.53226241283118724822998046875" lon="118.14848215319216251373291015625">
        <ele>24.3999996185302734375</ele>
        <time>2026-09-17T09:32:22.000Z</time>
        <extensions>
          <ns3:TrackPointExtension>
            <ns3:atemp>29.0</ns3:atemp>
            <ns3:hr>107</ns3:hr>
          </ns3:TrackPointExtension>
        </extensions>
      </trkpt>
      <trkpt lat="24.53212662599980831146240234375" lon="118.1485298462212085723876953125">
        <ele>24.6000003814697265625</ele>
        <time>2026-09-17T09:32:25.000Z</time>
        <extensions>
          <ns3:TrackPointExtension>
            <ns3:atemp>30.0</ns3:atemp>
            <ns3:hr>104</ns3:hr>
          </ns3:TrackPointExtension>
        </extensions>
      </trkpt>
      <trkpt lat="24.532090835273265838623046875" lon="118.1485167704522609710693359375">
        <ele>24.6000003814697265625</ele>
        <time>2026-09-17T09:32:26.000Z</time>
        <extensions>
          <ns3:TrackPointExtension>
            <ns3:atemp>30.0</ns3:atemp>
            <ns3:hr>103</ns3:hr>
          </ns3:TrackPointExtension>
        </extensions>
      </trkpt>
      <trkpt lat="24.5320544578135013580322265625" lon="118.1485217995941638946533203125">
        <ele>24.799999237060546875</ele>
        <time>2026-09-17T09:32:27.000Z</time>
        <extensions>
          <ns3:TrackPointExtension>
            <ns3:atemp>30.0</ns3:atemp>
            <ns3:hr>103</ns3:hr>
          </ns3:TrackPointExtension>
        </extensions>
      </trkpt>
      <trkpt lat="24.532005675137042999267578125" lon="118.14851157367229461669921875">
        <ele>25</ele>
        <time>2026-09-17T09:32:28.000Z</time>
        <extensions>
          <ns3:TrackPointExtension>
            <ns3:atemp>29.0</ns3:atemp>
            <ns3:hr>100</ns3:hr>
          </ns3:TrackPointExtension>
        </extensions>
      </trkpt>
      <trkpt lat="24.5319624245166778564453125" lon="118.14853948540985584259033203125">
        <ele>25</ele>
        <time>2026-09-17T09:32:29.000Z</time>
        <extensions>
          <ns3:TrackPointExtension>
            <ns3:atemp>29.0</ns3:atemp>
            <ns3:hr>103</ns3:hr>
          </ns3:TrackPointExtension>
        </extensions>
      </trkpt>
      <trkpt lat="24.531925879418849945068359375" lon="118.14856563694775104522705078125">
        <ele>25.200000762939453125</ele>
        <time>2026-09-17T09:32:30.000Z</time>
        <extensions>
          <ns3:TrackPointExtension>
            <ns3:atemp>29.0</ns3:atemp>
            <ns3:hr>102</ns3:hr>
          </ns3:TrackPointExtension>
        </extensions>
      </trkpt>
      <trkpt lat="24.53172312118113040924072265625" lon="118.1486823968589305877685546875">
        <ele>25.799999237060546875</ele>
        <time>2026-09-17T09:32:35.000Z</time>
        <extensions>
          <ns3:TrackPointExtension>
            <ns3:atemp>29.0</ns3:atemp>
            <ns3:hr>101</ns3:hr>
          </ns3:TrackPointExtension>
        </extensions>
      </trkpt>
      <trkpt lat="24.531685821712017059326171875" lon="118.1487162597477436065673828125">
        <ele>26</ele>
        <time>2026-09-17T09:32:36.000Z</time>
        <extensions>
          <ns3:TrackPointExtension>
            <ns3:atemp>30.0</ns3:atemp>
            <ns3:hr>102</ns3:hr>
          </ns3:TrackPointExtension>
        </extensions>
      </trkpt>
      <trkpt lat="24.53151172958314418792724609375" lon="118.14878960140049457550048828125">
        <ele>26.3999996185302734375</ele>
        <time>2026-09-17T09:32:41.000Z</time>
        <extensions>
          <ns3:TrackPointExtension>
            <ns3:atemp>29.0</ns3:atemp>
            <ns3:hr>102</ns3:hr>
          </ns3:TrackPointExtension>
        </extensions>
      </trkpt>
      <trkpt lat="24.53141768462955951690673828125" lon="118.1488128192722797393798828125">
        <ele>26.799999237060546875</ele>
        <time>2026-09-17T09:32:44.000Z</time>
        <extensions>
          <ns3:TrackPointExtension>
            <ns3:atemp>29.0</ns3:atemp>
            <ns3:hr>102</ns3:hr>
          </ns3:TrackPointExtension>
        </extensions>
      </trkpt>
      <trkpt lat="24.53138700686395168304443359375" lon="118.14882212318480014801025390625">
        <ele>26.799999237060546875</ele>
        <time>2026-09-17T09:32:45.000Z</time>
        <extensions>
          <ns3:TrackPointExtension>
            <ns3:atemp>29.0</ns3:atemp>
            <ns3:hr>102</ns3:hr>
          </ns3:TrackPointExtension>
        </extensions>
      </trkpt>
      <trkpt lat="24.53134677372872829437255859375" lon="118.14887660555541515350341796875">
        <ele>27.200000762939453125</ele>
        <time>2026-09-17T09:32:47.000Z</time>
        <extensions>
          <ns3:TrackPointExtension>
            <ns3:atemp>29.0</ns3:atemp>
            <ns3:hr>102</ns3:hr>
          </ns3:TrackPointExtension>
        </extensions>
      </trkpt>
      <trkpt lat="24.5312752760946750640869140625" lon="118.14892253838479518890380859375">
        <ele>27.200000762939453125</ele>
        <time>2026-09-17T09:32:49.000Z</time>
        <extensions>
          <ns3:TrackPointExtension>
            <ns3:atemp>29.0</ns3:atemp>
            <ns3:hr>105</ns3:hr>
          </ns3:TrackPointExtension>
        </extensions>
      </trkpt>
      <trkpt lat="24.53109045512974262237548828125" lon="118.14900065772235393524169921875">
        <ele>27.3999996185302734375</ele>
        <time>2026-09-17T09:32:54.000Z</time>
        <extensions>
          <ns3:TrackPointExtension>
            <ns3:atemp>29.0</ns3:atemp>
            <ns3:hr>103</ns3:hr>
          </ns3:TrackPointExtension>
        </extensions>
      </trkpt>
      <trkpt lat="24.5310301892459392547607421875" lon="118.148994706571102142333984375">
        <ele>27.6000003814697265625</ele>
        <time>2026-09-17T09:32:56.000Z</time>
        <extensions>
          <ns3:TrackPointExtension>
            <ns3:atemp>30.0</ns3:atemp>
            <ns3:hr>104</ns3:hr>
          </ns3:TrackPointExtension>
        </extensions>
      </trkpt>
      <trkpt lat="24.530958272516727447509765625" lon="118.149000741541385650634765625">
        <ele>27.6000003814697265625</ele>
        <time>2026-09-17T09:32:58.000Z</time>
        <extensions>
          <ns3:TrackPointExtension>
            <ns3:atemp>29.0</ns3:atemp>
            <ns3:hr>103</ns3:hr>
          </ns3:TrackPointExtension>
        </extensions>
      </trkpt>
      <trkpt lat="24.53085626475512981414794921875" lon="118.14904558472335338592529296875">
        <ele>27.799999237060546875</ele>
        <time>2026-09-17T09:33:01.000Z</time>
        <extensions>
          <ns3:TrackPointExtension>
            <ns3:atemp>30.0</ns3:atemp>
            <ns3:hr>100</ns3:hr>
          </ns3:TrackPointExtension>
        </extensions>
      </trkpt>
      <trkpt lat="24.530788622796535491943359375" lon="118.14907844178378582000732421875">
        <ele>28</ele>
        <time>2026-09-17T09:33:03.000Z</time>
        <extensions>
          <ns3:TrackPointExtension>
            <ns3:atemp>29.0</ns3:atemp>
            <ns3:hr>100</ns3:hr>
          </ns3:TrackPointExtension>
        </extensions>
      </trkpt>
      <trkpt lat="24.5307527482509613037109375" lon="118.14910761080682277679443359375">
        <ele>28.200000762939453125</ele>
        <time>2026-09-17T09:33:04.000Z</time>
        <extensions>
          <ns3:TrackPointExtension>
            <ns3:atemp>30.0</ns3:atemp>
            <ns3:hr>99</ns3:hr>
          </ns3:TrackPointExtension>
        </extensions>
      </trkpt>
      <trkpt lat="24.53056625090539455413818359375" lon="118.1491809524595737457275390625">
        <ele>28.3999996185302734375</ele>
        <time>2026-09-17T09:33:10.000Z</time>
        <extensions>
          <ns3:TrackPointExtension>
            <ns3:atemp>29.0</ns3:atemp>
            <ns3:hr>99</ns3:hr>
          </ns3:TrackPointExtension>
        </extensions>
      </trkpt>
      <trkpt lat="24.53035972081124782562255859375" lon="118.14929218031466007232666015625">
        <ele>29</ele>
        <time>2026-09-17T09:33:17.000Z</time>
        <extensions>
          <ns3:TrackPointExtension>
            <ns3:atemp>29.0</ns3:atemp>
            <ns3:hr>99</ns3:hr>
          </ns3:TrackPointExtension>
        </extensions>
      </trkpt>
      <trkpt lat="24.53031009994447231292724609375" lon="118.1493090279400348663330078125">
        <ele>29.200000762939453125</ele>
        <time>2026-09-17T09:33:19.000Z</time>
        <extensions>
          <ns3:TrackPointExtension>
            <ns3:atemp>30.0</ns3:atemp>
            <ns3:hr>97</ns3:hr>
          </ns3:TrackPointExtension>
        </extensions>
      </trkpt>
      <trkpt lat="24.53024773858487606048583984375" lon="118.149329982697963714599609375">
        <ele>29.200000762939453125</ele>
        <time>2026-09-17T09:33:21.000Z</time>
        <extensions>
          <ns3:TrackPointExtension>
            <ns3:atemp>29.0</ns3:atemp>
            <ns3:hr>99</ns3:hr>
          </ns3:TrackPointExtension>
        </extensions>
      </trkpt>
      <trkpt lat="24.53004187904298305511474609375" lon="118.149413131177425384521484375">
        <ele>29.3999996185302734375</ele>
        <time>2026-09-17T09:33:27.000Z</time>
        <extensions>
          <ns3:TrackPointExtension>
            <ns3:atemp>29.0</ns3:atemp>
            <ns3:hr>99</ns3:hr>
          </ns3:TrackPointExtension>
        </extensions>
      </trkpt>
      <trkpt lat="24.5300124585628509521484375" lon="118.1494183279573917388916015625">
        <ele>29.3999996185302734375</ele>
        <time>2026-09-17T09:33:28.000Z</time>
        <extensions>
          <ns3:TrackPointExtension>
            <ns3:atemp>30.0</ns3:atemp>
            <ns3:hr>99</ns3:hr>
          </ns3:TrackPointExtension>
        </extensions>
      </trkpt>
      <trkpt lat="24.52996023930609226226806640625" lon="118.14945478923618793487548828125">
        <ele>29.3999996185302734375</ele>
        <time>2026-09-17T09:33:30.000Z</time>
        <extensions>
          <ns3:TrackPointExtension>
            <ns3:atemp>29.0</ns3:atemp>
            <ns3:hr>99</ns3:hr>
          </ns3:TrackPointExtension>
        </extensions>
      </trkpt>
      <trkpt lat="24.5299153961241245269775390625" lon="118.1494887359440326690673828125">
        <ele>29.6000003814697265625</ele>
        <time>2026-09-17T09:33:31.000Z</time>
        <extensions>
          <ns3:TrackPointExtension>
            <ns3:atemp>29.0</ns3:atemp>
            <ns3:hr>99</ns3:hr>
          </ns3:TrackPointExtension>
        </extensions>
      </trkpt>
      <trkpt lat="24.5297584868967533111572265625" lon="118.14950675703585147857666015625">
        <ele>30.200000762939453125</ele>
        <time>2026-09-17T09:33:35.000Z</time>
        <extensions>
          <ns3:TrackPointExtension>
            <ns3:atemp>29.0</ns3:atemp>
            <ns3:hr>102</ns3:hr>
          </ns3:TrackPointExtension>
        </extensions>
      </trkpt>
      <trkpt lat="24.5297256298363208770751953125" lon="118.14952000044286251068115234375">
        <ele>30.200000762939453125</ele>
        <time>2026-09-17T09:33:36.000Z</time>
        <extensions>
          <ns3:TrackPointExtension>
            <ns3:atemp>29.0</ns3:atemp>
            <ns3:hr>101</ns3:hr>
          </ns3:TrackPointExtension>
        </extensions>
      </trkpt>
      <trkpt lat="24.52956461347639560699462890625" lon="118.1495676934719085693359375">
        <ele>30.200000762939453125</ele>
        <time>2026-09-17T09:33:40.000Z</time>
        <extensions>
          <ns3:TrackPointExtension>
            <ns3:atemp>29.0</ns3:atemp>
            <ns3:hr>103</ns3:hr>
          </ns3:TrackPointExtension>
        </extensions>
      </trkpt>
      <trkpt lat="24.5295247994363307952880859375" lon="118.1495541147887706756591796875">
        <ele>30.200000762939453125</ele>
        <time>2026-09-17T09:33:41.000Z</time>
        <extensions>
          <ns3:TrackPointExtension>
            <ns3:atemp>29.0</ns3:atemp>
            <ns3:hr>102</ns3:hr>
          </ns3:TrackPointExtension>
        </extensions>
      </trkpt>
      <trkpt lat="24.529490433633327484130859375" lon="118.14955419860780239105224609375">
        <ele>30.3999996185302734375</ele>
        <time>2026-09-17T09:33:42.000Z</time>
        <extensions>
          <ns3:TrackPointExtension>
            <ns3:atemp>29.0</ns3:atemp>
            <ns3:hr>102</ns3:hr>
          </ns3:TrackPointExtension>
        </extensions>
      </trkpt>
      <trkpt lat="24.52944072894752025604248046875" lon="118.1495692022144794464111328125">
        <ele>30.3999996185302734375</ele>
        <time>2026-09-17T09:33:43.000Z</time>
        <extensions>
          <ns3:TrackPointExtension>
            <ns3:atemp>30.0</ns3:atemp>
            <ns3:hr>102</ns3:hr>
          </ns3:TrackPointExtension>
        </extensions>
      </trkpt>
      <trkpt lat="24.52930410392582416534423828125" lon="118.149704821407794952392578125">
        <ele>31</ele>
        <time>2026-09-17T09:33:48.000Z</time>
        <extensions>
          <ns3:TrackPointExtension>
            <ns3:atemp>29.0</ns3:atemp>
            <ns3:hr>105</ns3:hr>
          </ns3:TrackPointExtension>
        </extensions>
      </trkpt>
      <trkpt lat="24.52914585359394550323486328125" lon="118.14980800263583660125732421875">
        <ele>31.200000762939453125</ele>
        <time>2026-09-17T09:33:52.000Z</time>
        <extensions>
          <ns3:TrackPointExtension>
            <ns3:atemp>30.0</ns3:atemp>
            <ns3:hr>107</ns3:hr>
          </ns3:TrackPointExtension>
        </extensions>
      </trkpt>
      <trkpt lat="24.52911517582833766937255859375" lon="118.1498387642204761505126953125">
        <ele>31.200000762939453125</ele>
        <time>2026-09-17T09:33:53.000Z</time>
        <extensions>
          <ns3:TrackPointExtension>
            <ns3:atemp>29.0</ns3:atemp>
            <ns3:hr>107</ns3:hr>
          </ns3:TrackPointExtension>
        </extensions>
      </trkpt>
      <trkpt lat="24.52907896600663661956787109375" lon="118.1498766504228115081787109375">
        <ele>31.200000762939453125</ele>
        <time>2026-09-17T09:33:54.000Z</time>
        <extensions>
          <ns3:TrackPointExtension>
            <ns3:atemp>29.0</ns3:atemp>
            <ns3:hr>110</ns3:hr>
          </ns3:TrackPointExtension>
        </extensions>
      </trkpt>
      <trkpt lat="24.5290084742009639739990234375" lon="118.14990171231329441070556640625">
        <ele>31.200000762939453125</ele>
        <time>2026-09-17T09:33:56.000Z</time>
        <extensions>
          <ns3:TrackPointExtension>
            <ns3:atemp>30.0</ns3:atemp>
            <ns3:hr>108</ns3:hr>
          </ns3:TrackPointExtension>
        </extensions>
      </trkpt>
      <trkpt lat="24.528962038457393646240234375" lon="118.1499041430652141571044921875">
        <ele>31.3999996185302734375</ele>
        <time>2026-09-17T09:33:57.000Z</time>
        <extensions>
          <ns3:TrackPointExtension>
            <ns3:atemp>29.0</ns3:atemp>
            <ns3:hr>108</ns3:hr>
          </ns3:TrackPointExtension>
        </extensions>
      </trkpt>
      <trkpt lat="24.52890948392450809478759765625" lon="118.1499095074832439422607421875">
        <ele>31.3999996185302734375</ele>
        <time>2026-09-17T09:33:58.000Z</time>
        <extensions>
          <ns3:TrackPointExtension>
            <ns3:atemp>29.0</ns3:atemp>
            <ns3:hr>108</ns3:hr>
          </ns3:TrackPointExtension>
        </extensions>
      </trkpt>
      <trkpt lat="24.5287020318210124969482421875" lon="118.149918727576732635498046875">
        <ele>32</ele>
        <time>2026-09-17T09:34:04.000Z</time>
        <extensions>
          <ns3:TrackPointExtension>
            <ns3:atemp>30.0</ns3:atemp>
            <ns3:hr>109</ns3:hr>
          </ns3:TrackPointExtension>
        </extensions>
      </trkpt>
      <trkpt lat="24.5286847651004791259765625" lon="118.14992601983249187469482421875">
        <ele>32</ele>
        <time>2026-09-17T09:34:05.000Z</time>
        <extensions>
          <ns3:TrackPointExtension>
            <ns3:atemp>29.0</ns3:atemp>
            <ns3:hr>109</ns3:hr>
          </ns3:TrackPointExtension>
        </extensions>
      </trkpt>
      <trkpt lat="24.52861729077994823455810546875" lon="118.1499225832521915435791015625">
        <ele>32.40000152587890625</ele>
        <time>2026-09-17T09:34:08.000Z</time>
        <extensions>
          <ns3:TrackPointExtension>
            <ns3:atemp>30.0</ns3:atemp>
            <ns3:hr>110</ns3:hr>
          </ns3:TrackPointExtension>
        </extensions>
      </trkpt>
      <trkpt lat="24.528591893613338470458984375" lon="118.1499242596328258514404296875">
        <ele>32.40000152587890625</ele>
        <time>2026-09-17T09:34:09.000Z</time>
        <extensions>
          <ns3:TrackPointExtension>
            <ns3:atemp>29.0</ns3:atemp>
            <ns3:hr>110</ns3:hr>
          </ns3:TrackPointExtension>
        </extensions>
      </trkpt>
      <trkpt lat="24.5285417698323726654052734375" lon="118.1499634869396686553955078125">
        <ele>32.40000152587890625</ele>
        <time>2026-09-17T09:34:10.000Z</time>
        <extensions>
          <ns3:TrackPointExtension>
            <ns3:atemp>29.0</ns3:atemp>
            <ns3:hr>110</ns3:hr>
          </ns3:TrackPointExtension>
        </extensions>
      </trkpt>
      <trkpt lat="24.52841679565608501434326171875" lon="118.1500214897096157073974609375">
        <ele>33</ele>
        <time>2026-09-17T09:34:14.000Z</time>
        <extensions>
          <ns3:TrackPointExtension>
            <ns3:atemp>29.0</ns3:atemp>
            <ns3:hr>112</ns3:hr>
          </ns3:TrackPointExtension>
        </extensions>
      </trkpt>
      <trkpt lat="24.52819526195526123046875" lon="118.1501126848161220550537109375">
        <ele>33.40000152587890625</ele>
        <time>2026-09-17T09:34:20.000Z</time>
        <extensions>
          <ns3:TrackPointExtension>
            <ns3:atemp>29.0</ns3:atemp>
            <ns3:hr>114</ns3:hr>
          </ns3:TrackPointExtension>
        </extensions>
      </trkpt>
      <trkpt lat="24.5281481556594371795654296875" lon="118.15014478750526905059814453125">
        <ele>33.40000152587890625</ele>
        <time>2026-09-17T09:34:21.000Z</time>
        <extensions>
          <ns3:TrackPointExtension>
            <ns3:atemp>29.0</ns3:atemp>
            <ns3:hr>114</ns3:hr>
          </ns3:TrackPointExtension>
        </extensions>
      </trkpt>
      <trkpt lat="24.52803307212889194488525390625" lon="118.15018099732697010040283203125">
        <ele>33.40000152587890625</ele>
        <time>2026-09-17T09:34:24.000Z</time>
        <extensions>
          <ns3:TrackPointExtension>
            <ns3:atemp>29.0</ns3:atemp>
            <ns3:hr>113</ns3:hr>
          </ns3:TrackPointExtension>
        </extensions>
      </trkpt>
      <trkpt lat="24.52798940241336822509765625" lon="118.15019440837204456329345703125">
        <ele>33.40000152587890625</ele>
        <time>2026-09-17T09:34:25.000Z</time>
        <extensions>
          <ns3:TrackPointExtension>
            <ns3:atemp>29.0</ns3:atemp>
            <ns3:hr>113</ns3:hr>
          </ns3:TrackPointExtension>
        </extensions>
      </trkpt>
      <trkpt lat="24.52780835330486297607421875" lon="118.15030789934098720550537109375">
        <ele>33.799999237060546875</ele>
        <time>2026-09-17T09:34:30.000Z</time>
        <extensions>
          <ns3:TrackPointExtension>
            <ns3:atemp>29.0</ns3:atemp>
            <ns3:hr>113</ns3:hr>
          </ns3:TrackPointExtension>
        </extensions>
      </trkpt>
      <trkpt lat="24.52751842327415943145751953125" lon="118.150445781648159027099609375">
        <ele>34.40000152587890625</ele>
        <time>2026-09-17T09:34:38.000Z</time>
        <extensions>
          <ns3:TrackPointExtension>
            <ns3:atemp>29.0</ns3:atemp>
            <ns3:hr>115</ns3:hr>
          </ns3:TrackPointExtension>
        </extensions>
      </trkpt>
      <trkpt lat="24.52732530422508716583251953125" lon="118.1505428440868854522705078125">
        <ele>34.40000152587890625</ele>
        <time>2026-09-17T09:34:43.000Z</time>
        <extensions>
          <ns3:TrackPointExtension>
            <ns3:atemp>29.0</ns3:atemp>
            <ns3:hr>118</ns3:hr>
          </ns3:TrackPointExtension>
        </extensions>
      </trkpt>
      <trkpt lat="24.5272422395646572113037109375" lon="118.15057243220508098602294921875">
        <ele>34.59999847412109375</ele>
        <time>2026-09-17T09:34:45.000Z</time>
        <extensions>
          <ns3:TrackPointExtension>
            <ns3:atemp>29.0</ns3:atemp>
            <ns3:hr>119</ns3:hr>
          </ns3:TrackPointExtension>
        </extensions>
      </trkpt>
      <trkpt lat="24.5270709134638309478759765625" lon="118.1506910361349582672119140625">
        <ele>35</ele>
        <time>2026-09-17T09:34:50.000Z</time>
        <extensions>
          <ns3:TrackPointExtension>
            <ns3:atemp>29.0</ns3:atemp>
            <ns3:hr>121</ns3:hr>
          </ns3:TrackPointExtension>
        </extensions>
      </trkpt>
      <trkpt lat="24.5269482024013996124267578125" lon="118.1507098115980625152587890625">
        <ele>35.200000762939453125</ele>
        <time>2026-09-17T09:34:53.000Z</time>
        <extensions>
          <ns3:TrackPointExtension>
            <ns3:atemp>29.0</ns3:atemp>
            <ns3:hr>124</ns3:hr>
          </ns3:TrackPointExtension>
        </extensions>
      </trkpt>
      <trkpt lat="24.526835717260837554931640625" lon="118.15078248269855976104736328125">
        <ele>35.200000762939453125</ele>
        <time>2026-09-17T09:34:56.000Z</time>
        <extensions>
          <ns3:TrackPointExtension>
            <ns3:atemp>29.0</ns3:atemp>
            <ns3:hr>121</ns3:hr>
          </ns3:TrackPointExtension>
        </extensions>
      </trkpt>
      <trkpt lat="24.526717700064182281494140625" lon="118.1508187763392925262451171875">
        <ele>35.59999847412109375</ele>
        <time>2026-09-17T09:34:59.000Z</time>
        <extensions>
          <ns3:TrackPointExtension>
            <ns3:atemp>29.0</ns3:atemp>
            <ns3:hr>119</ns3:hr>
          </ns3:TrackPointExtension>
        </extensions>
      </trkpt>
      <trkpt lat="24.52649096958339214324951171875" lon="118.15089446492493152618408203125">
        <ele>36</ele>
        <time>2026-09-17T09:35:05.000Z</time>
        <extensions>
          <ns3:TrackPointExtension>
            <ns3:atemp>29.0</ns3:atemp>
            <ns3:hr>118</ns3:hr>
          </ns3:TrackPointExtension>
        </extensions>
      </trkpt>
      <trkpt lat="24.52624387107789516448974609375" lon="118.15095649100840091705322265625">
        <ele>36</ele>
        <time>2026-09-17T09:35:11.000Z</time>
        <extensions>
          <ns3:TrackPointExtension>
            <ns3:atemp>29.0</ns3:atemp>
            <ns3:hr>118</ns3:hr>
          </ns3:TrackPointExtension>
        </extensions>
      </trkpt>
      <trkpt lat="24.52615485526621341705322265625" lon="118.15100074745714664459228515625">
        <ele>36</ele>
        <time>2026-09-17T09:35:13.000Z</time>
        <extensions>
          <ns3:TrackPointExtension>
            <ns3:atemp>29.0</ns3:atemp>
            <ns3:hr>118</ns3:hr>
          </ns3:TrackPointExtension>
        </extensions>
      </trkpt>
      <trkpt lat="24.52603348530828952789306640625" lon="118.15104148350656032562255859375">
        <ele>36</ele>
        <time>2026-09-17T09:35:16.000Z</time>
        <extensions>
          <ns3:TrackPointExtension>
            <ns3:atemp>29.0</ns3:atemp>
            <ns3:hr>117</ns3:hr>
          </ns3:TrackPointExtension>
        </extensions>
      </trkpt>
      <trkpt lat="24.52596542425453662872314453125" lon="118.15106310881674289703369140625">
        <ele>36</ele>
        <time>2026-09-17T09:35:18.000Z</time>
        <extensions>
          <ns3:TrackPointExtension>
            <ns3:atemp>29.0</ns3:atemp>
            <ns3:hr>117</ns3:hr>
          </ns3:TrackPointExtension>
        </extensions>
      </trkpt>
      <trkpt lat="24.52579476870596408843994140625" lon="118.15110929310321807861328125">
        <ele>36</ele>
        <time>2026-09-17T09:35:22.000Z</time>
        <extensions>
          <ns3:TrackPointExtension>
            <ns3:atemp>29.0</ns3:atemp>
            <ns3:hr>118</ns3:hr>
          </ns3:TrackPointExtension>
        </extensions>
      </trkpt>
      <trkpt lat="24.5255561359226703643798828125" lon="118.15119646489620208740234375">
        <ele>36.40000152587890625</ele>
        <time>2026-09-17T09:35:27.000Z</time>
        <extensions>
          <ns3:TrackPointExtension>
            <ns3:atemp>29.0</ns3:atemp>
            <ns3:hr>121</ns3:hr>
          </ns3:TrackPointExtension>
        </extensions>
      </trkpt>
      <trkpt lat="24.52546251006424427032470703125" lon="118.15121649764478206634521484375">
        <ele>36.59999847412109375</ele>
        <time>2026-09-17T09:35:29.000Z</time>
        <extensions>
          <ns3:TrackPointExtension>
            <ns3:atemp>29.0</ns3:atemp>
            <ns3:hr>123</ns3:hr>
          </ns3:TrackPointExtension>
        </extensions>
      </trkpt>
      <trkpt lat="24.52540115453302860260009765625" lon="118.15126108936965465545654296875">
        <ele>36.59999847412109375</ele>
        <time>2026-09-17T09:35:31.000Z</time>
        <extensions>
          <ns3:TrackPointExtension>
            <ns3:atemp>29.0</ns3:atemp>
            <ns3:hr>124</ns3:hr>
          </ns3:TrackPointExtension>
        </extensions>
      </trkpt>
      <trkpt lat="24.525361172854900360107421875" lon="118.151357062160968780517578125">
        <ele>36.59999847412109375</ele>
        <time>2026-09-17T09:35:33.000Z</time>
        <extensions>
          <ns3:TrackPointExtension>
            <ns3:atemp>29.0</ns3:atemp>
            <ns3:hr>125</ns3:hr>
          </ns3:TrackPointExtension>
        </extensions>
      </trkpt>
      <trkpt lat="24.52534072101116180419921875" lon="118.15144247375428676605224609375">
        <ele>36.59999847412109375</ele>
        <time>2026-09-17T09:35:34.000Z</time>
        <extensions>
          <ns3:TrackPointExtension>
            <ns3:atemp>29.0</ns3:atemp>
            <ns3:hr>125</ns3:hr>
          </ns3:TrackPointExtension>
        </extensions>
      </trkpt>
      <trkpt lat="24.52532856725156307220458984375" lon="118.151495866477489471435546875">
        <ele>36.59999847412109375</ele>
        <time>2026-09-17T09:35:35.000Z</time>
        <extensions>
          <ns3:TrackPointExtension>
            <ns3:atemp>29.0</ns3:atemp>
            <ns3:hr>126</ns3:hr>
          </ns3:TrackPointExtension>
        </extensions>
      </trkpt>
      <trkpt lat="24.525325298309326171875" lon="118.151620924472808837890625">
        <ele>36.40000152587890625</ele>
        <time>2026-09-17T09:35:37.000Z</time>
        <extensions>
          <ns3:TrackPointExtension>
            <ns3:atemp>29.0</ns3:atemp>
            <ns3:hr>126</ns3:hr>
          </ns3:TrackPointExtension>
        </extensions>
      </trkpt>
      <trkpt lat="24.5253301598131656646728515625" lon="118.15167733468115329742431640625">
        <ele>36.59999847412109375</ele>
        <time>2026-09-17T09:35:38.000Z</time>
        <extensions>
          <ns3:TrackPointExtension>
            <ns3:atemp>29.0</ns3:atemp>
            <ns3:hr>126</ns3:hr>
          </ns3:TrackPointExtension>
        </extensions>
      </trkpt>
      <trkpt lat="24.5253435708582401275634765625" lon="118.1517939269542694091796875">
        <ele>36.59999847412109375</ele>
        <time>2026-09-17T09:35:40.000Z</time>
        <extensions>
          <ns3:TrackPointExtension>
            <ns3:atemp>29.0</ns3:atemp>
            <ns3:hr>126</ns3:hr>
          </ns3:TrackPointExtension>
        </extensions>
      </trkpt>
      <trkpt lat="24.52533326111733913421630859375" lon="118.15189526416361331939697265625">
        <ele>36.40000152587890625</ele>
        <time>2026-09-17T09:35:42.000Z</time>
        <extensions>
          <ns3:TrackPointExtension>
            <ns3:atemp>29.0</ns3:atemp>
            <ns3:hr>125</ns3:hr>
          </ns3:TrackPointExtension>
        </extensions>
      </trkpt>
      <trkpt lat="24.52530895359814167022705078125" lon="118.1519379280507564544677734375">
        <ele>36.40000152587890625</ele>
        <time>2026-09-17T09:35:43.000Z</time>
        <extensions>
          <ns3:TrackPointExtension>
            <ns3:atemp>29.0</ns3:atemp>
            <ns3:hr>125</ns3:hr>
          </ns3:TrackPointExtension>
        </extensions>
      </trkpt>
      <trkpt lat="24.52528062276542186737060546875" lon="118.15197606571018695831298828125">
        <ele>36.59999847412109375</ele>
        <time>2026-09-17T09:35:44.000Z</time>
        <extensions>
          <ns3:TrackPointExtension>
            <ns3:atemp>29.0</ns3:atemp>
            <ns3:hr>125</ns3:hr>
          </ns3:TrackPointExtension>
        </extensions>
      </trkpt>
      <trkpt lat="24.52516444958746433258056640625" lon="118.1520656682550907135009765625">
        <ele>36.59999847412109375</ele>
        <time>2026-09-17T09:35:47.000Z</time>
        <extensions>
          <ns3:TrackPointExtension>
            <ns3:atemp>29.0</ns3:atemp>
            <ns3:hr>125</ns3:hr>
          </ns3:TrackPointExtension>
        </extensions>
      </trkpt>
      <trkpt lat="24.52502681873738765716552734375" lon="118.1520901434123516082763671875">
        <ele>37.200000762939453125</ele>
        <time>2026-09-17T09:35:50.000Z</time>
        <extensions>
          <ns3:TrackPointExtension>
            <ns3:atemp>29.0</ns3:atemp>
            <ns3:hr>124</ns3:hr>
          </ns3:TrackPointExtension>
        </extensions>
      </trkpt>
      <trkpt lat="24.5249927043914794921875" lon="118.152091316878795623779296875">
        <ele>37.200000762939453125</ele>
        <time>2026-09-17T09:35:51.000Z</time>
        <extensions>
          <ns3:TrackPointExtension>
            <ns3:atemp>29.0</ns3:atemp>
            <ns3:hr>124</ns3:hr>
          </ns3:TrackPointExtension>
        </extensions>
      </trkpt>
      <trkpt lat="24.52494417317211627960205078125" lon="118.1520981900393962860107421875">
        <ele>37.200000762939453125</ele>
        <time>2026-09-17T09:35:52.000Z</time>
        <extensions>
          <ns3:TrackPointExtension>
            <ns3:atemp>29.0</ns3:atemp>
            <ns3:hr>124</ns3:hr>
          </ns3:TrackPointExtension>
        </extensions>
      </trkpt>
      <trkpt lat="24.524736888706684112548828125" lon="118.15213800407946109771728515625">
        <ele>36.40000152587890625</ele>
        <time>2026-09-17T09:35:57.000Z</time>
        <extensions>
          <ns3:TrackPointExtension>
            <ns3:atemp>29.0</ns3:atemp>
            <ns3:hr>125</ns3:hr>
          </ns3:TrackPointExtension>
        </extensions>
      </trkpt>
      <trkpt lat="24.52463337220251560211181640625" lon="118.15216046757996082305908203125">
        <ele>35.59999847412109375</ele>
        <time>2026-09-17T09:35:59.000Z</time>
        <extensions>
          <ns3:TrackPointExtension>
            <ns3:atemp>29.0</ns3:atemp>
            <ns3:hr>125</ns3:hr>
          </ns3:TrackPointExtension>
        </extensions>
      </trkpt>
      <trkpt lat="24.52459297142922878265380859375" lon="118.15217320807278156280517578125">
        <ele>35.59999847412109375</ele>
        <time>2026-09-17T09:36:00.000Z</time>
        <extensions>
          <ns3:TrackPointExtension>
            <ns3:atemp>29.0</ns3:atemp>
            <ns3:hr>126</ns3:hr>
          </ns3:TrackPointExtension>
        </extensions>
      </trkpt>
      <trkpt lat="24.52454821206629276275634765625" lon="118.1521721184253692626953125">
        <ele>35.40000152587890625</ele>
        <time>2026-09-17T09:36:01.000Z</time>
        <extensions>
          <ns3:TrackPointExtension>
            <ns3:atemp>29.0</ns3:atemp>
            <ns3:hr>126</ns3:hr>
          </ns3:TrackPointExtension>
        </extensions>
      </trkpt>
      <trkpt lat="24.52444997616112232208251953125" lon="118.1521694362163543701171875">
        <ele>35.40000152587890625</ele>
        <time>2026-09-17T09:36:03.000Z</time>
        <extensions>
          <ns3:TrackPointExtension>
            <ns3:atemp>29.0</ns3:atemp>
            <ns3:hr>126</ns3:hr>
          </ns3:TrackPointExtension>
        </extensions>
      </trkpt>
      <trkpt lat="24.5243422687053680419921875" lon="118.1521219946444034576416015625">
        <ele>35.40000152587890625</ele>
        <time>2026-09-17T09:36:05.000Z</time>
        <extensions>
          <ns3:TrackPointExtension>
            <ns3:atemp>29.0</ns3:atemp>
            <ns3:hr>125</ns3:hr>
          </ns3:TrackPointExtension>
        </extensions>
      </trkpt>
      <trkpt lat="24.524297676980495452880859375" lon="118.15206692554056644439697265625">
        <ele>35.40000152587890625</ele>
        <time>2026-09-17T09:36:06.000Z</time>
        <extensions>
          <ns3:TrackPointExtension>
            <ns3:atemp>29.0</ns3:atemp>
            <ns3:hr>125</ns3:hr>
          </ns3:TrackPointExtension>
        </extensions>
      </trkpt>
      <trkpt lat="24.52427278272807598114013671875" lon="118.15202551893889904022216796875">
        <ele>35.40000152587890625</ele>
        <time>2026-09-17T09:36:07.000Z</time>
        <extensions>
          <ns3:TrackPointExtension>
            <ns3:atemp>29.0</ns3:atemp>
            <ns3:hr>125</ns3:hr>
          </ns3:TrackPointExtension>
        </extensions>
      </trkpt>
      <trkpt lat="24.52418628148734569549560546875" lon="118.15186743624508380889892578125">
        <ele>34.799999237060546875</ele>
        <time>2026-09-17T09:36:10.000Z</time>
        <extensions>
          <ns3:TrackPointExtension>
            <ns3:atemp>29.0</ns3:atemp>
            <ns3:hr>125</ns3:hr>
          </ns3:TrackPointExtension>
        </extensions>
      </trkpt>
      <trkpt lat="24.52414202503859996795654296875" lon="118.151825778186321258544921875">
        <ele>34.59999847412109375</ele>
        <time>2026-09-17T09:36:11.000Z</time>
        <extensions>
          <ns3:TrackPointExtension>
            <ns3:atemp>29.0</ns3:atemp>
            <ns3:hr>124</ns3:hr>
          </ns3:TrackPointExtension>
        </extensions>
      </trkpt>
      <trkpt lat="24.52409206889569759368896484375" lon="118.15178965218365192413330078125">
        <ele>34.40000152587890625</ele>
        <time>2026-09-17T09:36:12.000Z</time>
        <extensions>
          <ns3:TrackPointExtension>
            <ns3:atemp>29.0</ns3:atemp>
            <ns3:hr>124</ns3:hr>
          </ns3:TrackPointExtension>
        </extensions>
      </trkpt>
      <trkpt lat="24.52403758652508258819580078125" lon="118.15176081843674182891845703125">
        <ele>34.200000762939453125</ele>
        <time>2026-09-17T09:36:13.000Z</time>
        <extensions>
          <ns3:TrackPointExtension>
            <ns3:atemp>29.0</ns3:atemp>
            <ns3:hr>123</ns3:hr>
          </ns3:TrackPointExtension>
        </extensions>
      </trkpt>
      <trkpt lat="24.5239783264696598052978515625" lon="118.1517474912106990814208984375">
        <ele>34</ele>
        <time>2026-09-17T09:36:14.000Z</time>
        <extensions>
          <ns3:TrackPointExtension>
            <ns3:atemp>29.0</ns3:atemp>
            <ns3:hr>122</ns3:hr>
          </ns3:TrackPointExtension>
        </extensions>
      </trkpt>
      <trkpt lat="24.52386709861457347869873046875" lon="118.15174765884876251220703125">
        <ele>33.40000152587890625</ele>
        <time>2026-09-17T09:36:16.000Z</time>
        <extensions>
          <ns3:TrackPointExtension>
            <ns3:atemp>29.0</ns3:atemp>
            <ns3:hr>121</ns3:hr>
          </ns3:TrackPointExtension>
        </extensions>
      </trkpt>
      <trkpt lat="24.52382334508001804351806640625" lon="118.1517617404460906982421875">
        <ele>33.40000152587890625</ele>
        <time>2026-09-17T09:36:17.000Z</time>
        <extensions>
          <ns3:TrackPointExtension>
            <ns3:atemp>29.0</ns3:atemp>
            <ns3:hr>120</ns3:hr>
          </ns3:TrackPointExtension>
        </extensions>
      </trkpt>
      <trkpt lat="24.52349938452243804931640625" lon="118.15184555947780609130859375">
        <ele>33</ele>
        <time>2026-09-17T09:36:22.000Z</time>
        <extensions>
          <ns3:TrackPointExtension>
            <ns3:atemp>29.0</ns3:atemp>
            <ns3:hr>117</ns3:hr>
          </ns3:TrackPointExtension>
        </extensions>
      </trkpt>
      <trkpt lat="24.52330266125500202178955078125" lon="118.15189107321202754974365234375">
        <ele>32.59999847412109375</ele>
        <time>2026-09-17T09:36:25.000Z</time>
        <extensions>
          <ns3:TrackPointExtension>
            <ns3:atemp>29.0</ns3:atemp>
            <ns3:hr>117</ns3:hr>
          </ns3:TrackPointExtension>
        </extensions>
      </trkpt>
      <trkpt lat="24.523246251046657562255859375" lon="118.15190733410418033599853515625">
        <ele>32.40000152587890625</ele>
        <time>2026-09-17T09:36:26.000Z</time>
        <extensions>
          <ns3:TrackPointExtension>
            <ns3:atemp>29.0</ns3:atemp>
            <ns3:hr>118</ns3:hr>
          </ns3:TrackPointExtension>
        </extensions>
      </trkpt>
      <trkpt lat="24.52316922135651111602783203125" lon="118.15193516202270984649658203125">
        <ele>32.40000152587890625</ele>
        <time>2026-09-17T09:36:27.000Z</time>
        <extensions>
          <ns3:TrackPointExtension>
            <ns3:atemp>29.0</ns3:atemp>
            <ns3:hr>118</ns3:hr>
          </ns3:TrackPointExtension>
        </extensions>
      </trkpt>
      <trkpt lat="24.5228484459221363067626953125" lon="118.152017556130886077880859375">
        <ele>31.3999996185302734375</ele>
        <time>2026-09-17T09:36:32.000Z</time>
        <extensions>
          <ns3:TrackPointExtension>
            <ns3:atemp>29.0</ns3:atemp>
            <ns3:hr>117</ns3:hr>
          </ns3:TrackPointExtension>
        </extensions>
      </trkpt>
      <trkpt lat="24.5225795544683933258056640625" lon="118.152085281908512115478515625">
        <ele>30.200000762939453125</ele>
        <time>2026-09-17T09:36:36.000Z</time>
        <extensions>
          <ns3:TrackPointExtension>
            <ns3:atemp>29.0</ns3:atemp>
            <ns3:hr>115</ns3:hr>
          </ns3:TrackPointExtension>
        </extensions>
      </trkpt>
      <trkpt lat="24.52228073962032794952392578125" lon="118.152157701551914215087890625">
        <ele>29.6000003814697265625</ele>
        <time>2026-09-17T09:36:41.000Z</time>
        <extensions>
          <ns3:TrackPointExtension>
            <ns3:atemp>29.0</ns3:atemp>
            <ns3:hr>114</ns3:hr>
          </ns3:TrackPointExtension>
        </extensions>
      </trkpt>
      <trkpt lat="24.522102288901805877685546875" lon="118.15220288001000881195068359375">
        <ele>29.200000762939453125</ele>
        <time>2026-09-17T09:36:44.000Z</time>
        <extensions>
          <ns3:TrackPointExtension>
            <ns3:atemp>29.0</ns3:atemp>
            <ns3:hr>113</ns3:hr>
          </ns3:TrackPointExtension>
        </extensions>
      </trkpt>
      <trkpt lat="24.521915204823017120361328125" lon="118.1522480584681034088134765625">
        <ele>28.799999237060546875</ele>
        <time>2026-09-17T09:36:47.000Z</time>
        <extensions>
          <ns3:TrackPointExtension>
            <ns3:atemp>29.0</ns3:atemp>
            <ns3:hr>117</ns3:hr>
          </ns3:TrackPointExtension>
        </extensions>
      </trkpt>
      <trkpt lat="24.52172820456326007843017578125" lon="118.1522970087826251983642578125">
        <ele>28.200000762939453125</ele>
        <time>2026-09-17T09:36:50.000Z</time>
        <extensions>
          <ns3:TrackPointExtension>
            <ns3:atemp>29.0</ns3:atemp>
            <ns3:hr>115</ns3:hr>
          </ns3:TrackPointExtension>
        </extensions>
      </trkpt>
      <trkpt lat="24.5216682739555835723876953125" lon="118.1523151136934757232666015625">
        <ele>28</ele>
        <time>2026-09-17T09:36:51.000Z</time>
        <extensions>
          <ns3:TrackPointExtension>
            <ns3:atemp>29.0</ns3:atemp>
            <ns3:hr>116</ns3:hr>
          </ns3:TrackPointExtension>
        </extensions>
      </trkpt>
      <trkpt lat="24.52135219238698482513427734375" lon="118.15239868126809597015380859375">
        <ele>27.3999996185302734375</ele>
        <time>2026-09-17T09:36:56.000Z</time>
        <extensions>
          <ns3:TrackPointExtension>
            <ns3:atemp>29.0</ns3:atemp>
            <ns3:hr>119</ns3:hr>
          </ns3:TrackPointExtension>
        </extensions>
      </trkpt>
      <trkpt lat="24.52123920433223247528076171875" lon="118.1524415127933025360107421875">
        <ele>27.200000762939453125</ele>
        <time>2026-09-17T09:36:58.000Z</time>
        <extensions>
          <ns3:TrackPointExtension>
            <ns3:atemp>29.0</ns3:atemp>
            <ns3:hr>121</ns3:hr>
          </ns3:TrackPointExtension>
        </extensions>
      </trkpt>
      <trkpt lat="24.5211905054748058319091796875" lon="118.15246892161667346954345703125">
        <ele>27</ele>
        <time>2026-09-17T09:36:59.000Z</time>
        <extensions>
          <ns3:TrackPointExtension>
            <ns3:atemp>29.0</ns3:atemp>
            <ns3:hr>122</ns3:hr>
          </ns3:TrackPointExtension>
        </extensions>
      </trkpt>
      <trkpt lat="24.52113577164709568023681640625" lon="118.1524939835071563720703125">
        <ele>26.799999237060546875</ele>
        <time>2026-09-17T09:37:00.000Z</time>
        <extensions>
          <ns3:TrackPointExtension>
            <ns3:atemp>29.0</ns3:atemp>
            <ns3:hr>123</ns3:hr>
          </ns3:TrackPointExtension>
        </extensions>
      </trkpt>
      <trkpt lat="24.52108246274292469024658203125" lon="118.1525099091231822967529296875">
        <ele>26.6000003814697265625</ele>
        <time>2026-09-17T09:37:01.000Z</time>
        <extensions>
          <ns3:TrackPointExtension>
            <ns3:atemp>29.0</ns3:atemp>
            <ns3:hr>123</ns3:hr>
          </ns3:TrackPointExtension>
        </extensions>
      </trkpt>
      <trkpt lat="24.52083519659936428070068359375" lon="118.15257914364337921142578125">
        <ele>26.200000762939453125</ele>
        <time>2026-09-17T09:37:06.000Z</time>
        <extensions>
          <ns3:TrackPointExtension>
            <ns3:atemp>29.0</ns3:atemp>
            <ns3:hr>123</ns3:hr>
          </ns3:TrackPointExtension>
        </extensions>
      </trkpt>
      <trkpt lat="24.52078926376998424530029296875" lon="118.15259565599262714385986328125">
        <ele>26</ele>
        <time>2026-09-17T09:37:07.000Z</time>
        <extensions>
          <ns3:TrackPointExtension>
            <ns3:atemp>29.0</ns3:atemp>
            <ns3:hr>123</ns3:hr>
          </ns3:TrackPointExtension>
        </extensions>
      </trkpt>
      <trkpt lat="24.52055037952959537506103515625" lon="118.1526487134397029876708984375">
        <ele>26</ele>
        <time>2026-09-17T09:37:12.000Z</time>
        <extensions>
          <ns3:TrackPointExtension>
            <ns3:atemp>29.0</ns3:atemp>
            <ns3:hr>120</ns3:hr>
          </ns3:TrackPointExtension>
        </extensions>
      </trkpt>
      <trkpt lat="24.5204917900264263153076171875" lon="118.15265365876257419586181640625">
        <ele>25.799999237060546875</ele>
        <time>2026-09-17T09:37:13.000Z</time>
        <extensions>
          <ns3:TrackPointExtension>
            <ns3:atemp>29.0</ns3:atemp>
            <ns3:hr>119</ns3:hr>
          </ns3:TrackPointExtension>
        </extensions>
      </trkpt>
      <trkpt lat="24.52032792381942272186279296875" lon="118.1527003459632396697998046875">
        <ele>25.6000003814697265625</ele>
        <time>2026-09-17T09:37:16.000Z</time>
        <extensions>
          <ns3:TrackPointExtension>
            <ns3:atemp>29.0</ns3:atemp>
            <ns3:hr>120</ns3:hr>
          </ns3:TrackPointExtension>
        </extensions>
      </trkpt>
      <trkpt lat="24.52017344534397125244140625" lon="118.152767904102802276611328125">
        <ele>25.3999996185302734375</ele>
        <time>2026-09-17T09:37:20.000Z</time>
        <extensions>
          <ns3:TrackPointExtension>
            <ns3:atemp>29.0</ns3:atemp>
            <ns3:hr>119</ns3:hr>
          </ns3:TrackPointExtension>
        </extensions>
      </trkpt>
      <trkpt lat="24.52014201320707798004150390625" lon="118.15278894267976284027099609375">
        <ele>25.3999996185302734375</ele>
        <time>2026-09-17T09:37:21.000Z</time>
        <extensions>
          <ns3:TrackPointExtension>
            <ns3:atemp>29.0</ns3:atemp>
            <ns3:hr>119</ns3:hr>
          </ns3:TrackPointExtension>
        </extensions>
      </trkpt>
      <trkpt lat="24.5199972577393054962158203125" lon="118.15283671952784061431884765625">
        <ele>25.200000762939453125</ele>
        <time>2026-09-17T09:37:24.000Z</time>
        <extensions>
          <ns3:TrackPointExtension>
            <ns3:atemp>29.0</ns3:atemp>
            <ns3:hr>117</ns3:hr>
          </ns3:TrackPointExtension>
        </extensions>
      </trkpt>
      <trkpt lat="24.51987169682979583740234375" lon="118.15286521799862384796142578125">
        <ele>24.799999237060546875</ele>
        <time>2026-09-17T09:37:26.000Z</time>
        <extensions>
          <ns3:TrackPointExtension>
            <ns3:atemp>29.0</ns3:atemp>
            <ns3:hr>117</ns3:hr>
          </ns3:TrackPointExtension>
        </extensions>
      </trkpt>
      <trkpt lat="24.51980304904282093048095703125" lon="118.15287661738693714141845703125">
        <ele>24.799999237060546875</ele>
        <time>2026-09-17T09:37:27.000Z</time>
        <extensions>
          <ns3:TrackPointExtension>
            <ns3:atemp>29.0</ns3:atemp>
            <ns3:hr>117</ns3:hr>
          </ns3:TrackPointExtension>
        </extensions>
      </trkpt>
      <trkpt lat="24.519590400159358978271484375" lon="118.1528991647064685821533203125">
        <ele>24.200000762939453125</ele>
        <time>2026-09-17T09:37:30.000Z</time>
        <extensions>
          <ns3:TrackPointExtension>
            <ns3:atemp>29.0</ns3:atemp>
            <ns3:hr>117</ns3:hr>
          </ns3:TrackPointExtension>
        </extensions>
      </trkpt>
      <trkpt lat="24.5194564573466777801513671875" lon="118.1529142521321773529052734375">
        <ele>23.799999237060546875</ele>
        <time>2026-09-17T09:37:32.000Z</time>
        <extensions>
          <ns3:TrackPointExtension>
            <ns3:atemp>29.0</ns3:atemp>
            <ns3:hr>118</ns3:hr>
          </ns3:TrackPointExtension>
        </extensions>
      </trkpt>
      <trkpt lat="24.519306756556034088134765625" lon="118.1529209576547145843505859375">
        <ele>23.799999237060546875</ele>
        <time>2026-09-17T09:37:34.000Z</time>
        <extensions>
          <ns3:TrackPointExtension>
            <ns3:atemp>29.0</ns3:atemp>
            <ns3:hr>119</ns3:hr>
          </ns3:TrackPointExtension>
        </extensions>
      </trkpt>
      <trkpt lat="24.51909729279577732086181640625" lon="118.1529672257602214813232421875">
        <ele>23.6000003814697265625</ele>
        <time>2026-09-17T09:37:37.000Z</time>
        <extensions>
          <ns3:TrackPointExtension>
            <ns3:atemp>29.0</ns3:atemp>
            <ns3:hr>120</ns3:hr>
          </ns3:TrackPointExtension>
        </extensions>
      </trkpt>
      <trkpt lat="24.51860913075506687164306640625" lon="118.15307677723467350006103515625">
        <ele>23.3999996185302734375</ele>
        <time>2026-09-17T09:37:44.000Z</time>
        <extensions>
          <ns3:TrackPointExtension>
            <ns3:atemp>29.0</ns3:atemp>
            <ns3:hr>122</ns3:hr>
          </ns3:TrackPointExtension>
        </extensions>
      </trkpt>
      <trkpt lat="24.51856143772602081298828125" lon="118.15310276113450527191162109375">
        <ele>23.3999996185302734375</ele>
        <time>2026-09-17T09:37:45.000Z</time>
        <extensions>
          <ns3:TrackPointExtension>
            <ns3:atemp>29.0</ns3:atemp>
            <ns3:hr>122</ns3:hr>
          </ns3:TrackPointExtension>
        </extensions>
      </trkpt>
      <trkpt lat="24.5184333622455596923828125" lon="118.15313695929944515228271484375">
        <ele>23.3999996185302734375</ele>
        <time>2026-09-17T09:37:47.000Z</time>
        <extensions>
          <ns3:TrackPointExtension>
            <ns3:atemp>29.0</ns3:atemp>
            <ns3:hr>122</ns3:hr>
          </ns3:TrackPointExtension>
        </extensions>
      </trkpt>
      <trkpt lat="24.518371336162090301513671875" lon="118.153150789439678192138671875">
        <ele>23.3999996185302734375</ele>
        <time>2026-09-17T09:37:48.000Z</time>
        <extensions>
          <ns3:TrackPointExtension>
            <ns3:atemp>29.0</ns3:atemp>
            <ns3:hr>122</ns3:hr>
          </ns3:TrackPointExtension>
        </extensions>
      </trkpt>
      <trkpt lat="24.5181877724826335906982421875" lon="118.1532002426683902740478515625">
        <ele>23.6000003814697265625</ele>
        <time>2026-09-17T09:37:51.000Z</time>
        <extensions>
          <ns3:TrackPointExtension>
            <ns3:atemp>29.0</ns3:atemp>
            <ns3:hr>121</ns3:hr>
          </ns3:TrackPointExtension>
        </extensions>
      </trkpt>
      <trkpt lat="24.5180865190923213958740234375" lon="118.1532153300940990447998046875">
        <ele>23.799999237060546875</ele>
        <time>2026-09-17T09:37:53.000Z</time>
        <extensions>
          <ns3:TrackPointExtension>
            <ns3:atemp>29.0</ns3:atemp>
            <ns3:hr>119</ns3:hr>
          </ns3:TrackPointExtension>
        </extensions>
      </trkpt>
      <trkpt lat="24.51788493432104587554931640625" lon="118.153282888233661651611328125">
        <ele>24.200000762939453125</ele>
        <time>2026-09-17T09:37:57.000Z</time>
        <extensions>
          <ns3:TrackPointExtension>
            <ns3:atemp>29.0</ns3:atemp>
            <ns3:hr>118</ns3:hr>
          </ns3:TrackPointExtension>
        </extensions>
      </trkpt>
      <trkpt lat="24.5177281089127063751220703125" lon="118.1533361971378326416015625">
        <ele>24.200000762939453125</ele>
        <time>2026-09-17T09:38:00.000Z</time>
        <extensions>
          <ns3:TrackPointExtension>
            <ns3:atemp>29.0</ns3:atemp>
            <ns3:hr>118</ns3:hr>
          </ns3:TrackPointExtension>
        </extensions>
      </trkpt>
      <trkpt lat="24.517678655683994293212890625" lon="118.153347261250019073486328125">
        <ele>24.200000762939453125</ele>
        <time>2026-09-17T09:38:01.000Z</time>
        <extensions>
          <ns3:TrackPointExtension>
            <ns3:atemp>29.0</ns3:atemp>
            <ns3:hr>118</ns3:hr>
          </ns3:TrackPointExtension>
        </extensions>
      </trkpt>
      <trkpt lat="24.5175339840352535247802734375" lon="118.15339948050677776336669921875">
        <ele>24</ele>
        <time>2026-09-17T09:38:04.000Z</time>
        <extensions>
          <ns3:TrackPointExtension>
            <ns3:atemp>29.0</ns3:atemp>
            <ns3:hr>117</ns3:hr>
          </ns3:TrackPointExtension>
        </extensions>
      </trkpt>
      <trkpt lat="24.51739375479519367218017578125" lon="118.1534315831959247589111328125">
        <ele>23.799999237060546875</ele>
        <time>2026-09-17T09:38:07.000Z</time>
        <extensions>
          <ns3:TrackPointExtension>
            <ns3:atemp>29.0</ns3:atemp>
            <ns3:hr>120</ns3:hr>
          </ns3:TrackPointExtension>
        </extensions>
      </trkpt>
      <trkpt lat="24.517214298248291015625" lon="118.1534944474697113037109375">
        <ele>23.3999996185302734375</ele>
        <time>2026-09-17T09:38:11.000Z</time>
        <extensions>
          <ns3:TrackPointExtension>
            <ns3:atemp>29.0</ns3:atemp>
            <ns3:hr>119</ns3:hr>
          </ns3:TrackPointExtension>
        </extensions>
      </trkpt>
      <trkpt lat="24.51674331910908222198486328125" lon="118.1535891629755496978759765625">
        <ele>23</ele>
        <time>2026-09-17T09:38:20.000Z</time>
        <extensions>
          <ns3:TrackPointExtension>
            <ns3:atemp>29.0</ns3:atemp>
            <ns3:hr>120</ns3:hr>
          </ns3:TrackPointExtension>
        </extensions>
      </trkpt>
      <trkpt lat="24.51669596135616302490234375" lon="118.1535915099084377288818359375">
        <ele>23</ele>
        <time>2026-09-17T09:38:21.000Z</time>
        <extensions>
          <ns3:TrackPointExtension>
            <ns3:atemp>29.0</ns3:atemp>
            <ns3:hr>119</ns3:hr>
          </ns3:TrackPointExtension>
        </extensions>
      </trkpt>
      <trkpt lat="24.51662312261760234832763671875" lon="118.1535965390503406524658203125">
        <ele>23.200000762939453125</ele>
        <time>2026-09-17T09:38:23.000Z</time>
        <extensions>
          <ns3:TrackPointExtension>
            <ns3:atemp>29.0</ns3:atemp>
            <ns3:hr>118</ns3:hr>
          </ns3:TrackPointExtension>
        </extensions>
      </trkpt>
      <trkpt lat="24.516527317464351654052734375" lon="118.1536166556179523468017578125">
        <ele>23.200000762939453125</ele>
        <time>2026-09-17T09:38:25.000Z</time>
        <extensions>
          <ns3:TrackPointExtension>
            <ns3:atemp>29.0</ns3:atemp>
            <ns3:hr>117</ns3:hr>
          </ns3:TrackPointExtension>
        </extensions>
      </trkpt>
      <trkpt lat="24.516476690769195556640625" lon="118.15362394787371158599853515625">
        <ele>23.200000762939453125</ele>
        <time>2026-09-17T09:38:26.000Z</time>
        <extensions>
          <ns3:TrackPointExtension>
            <ns3:atemp>29.0</ns3:atemp>
            <ns3:hr>116</ns3:hr>
          </ns3:TrackPointExtension>
        </extensions>
      </trkpt>
      <trkpt lat="24.51632237993180751800537109375" lon="118.1536692939698696136474609375">
        <ele>23.200000762939453125</ele>
        <time>2026-09-17T09:38:30.000Z</time>
        <extensions>
          <ns3:TrackPointExtension>
            <ns3:atemp>29.0</ns3:atemp>
            <ns3:hr>114</ns3:hr>
          </ns3:TrackPointExtension>
        </extensions>
      </trkpt>
      <trkpt lat="24.51628164388239383697509765625" lon="118.1536773405969142913818359375">
        <ele>23</ele>
        <time>2026-09-17T09:38:31.000Z</time>
        <extensions>
          <ns3:TrackPointExtension>
            <ns3:atemp>29.0</ns3:atemp>
            <ns3:hr>114</ns3:hr>
          </ns3:TrackPointExtension>
        </extensions>
      </trkpt>
      <trkpt lat="24.51617502607405185699462890625" lon="118.15370391122996807098388671875">
        <ele>23</ele>
        <time>2026-09-17T09:38:33.000Z</time>
        <extensions>
          <ns3:TrackPointExtension>
            <ns3:atemp>29.0</ns3:atemp>
            <ns3:hr>114</ns3:hr>
          </ns3:TrackPointExtension>
        </extensions>
      </trkpt>
      <trkpt lat="24.51605751179158687591552734375" lon="118.153714723885059356689453125">
        <ele>23.200000762939453125</ele>
        <time>2026-09-17T09:38:35.000Z</time>
        <extensions>
          <ns3:TrackPointExtension>
            <ns3:atemp>29.0</ns3:atemp>
            <ns3:hr>114</ns3:hr>
          </ns3:TrackPointExtension>
        </extensions>
      </trkpt>
      <trkpt lat="24.515803791582584381103515625" lon="118.15375931560993194580078125">
        <ele>23.200000762939453125</ele>
        <time>2026-09-17T09:38:39.000Z</time>
        <extensions>
          <ns3:TrackPointExtension>
            <ns3:atemp>29.0</ns3:atemp>
            <ns3:hr>115</ns3:hr>
          </ns3:TrackPointExtension>
        </extensions>
      </trkpt>
      <trkpt lat="24.51574352569878101348876953125" lon="118.1537841260433197021484375">
        <ele>23</ele>
        <time>2026-09-17T09:38:40.000Z</time>
        <extensions>
          <ns3:TrackPointExtension>
            <ns3:atemp>29.0</ns3:atemp>
            <ns3:hr>116</ns3:hr>
          </ns3:TrackPointExtension>
        </extensions>
      </trkpt>
      <trkpt lat="24.51561243273317813873291015625" lon="118.15383039414882659912109375">
        <ele>22.799999237060546875</ele>
        <time>2026-09-17T09:38:42.000Z</time>
        <extensions>
          <ns3:TrackPointExtension>
            <ns3:atemp>29.0</ns3:atemp>
            <ns3:hr>116</ns3:hr>
          </ns3:TrackPointExtension>
        </extensions>
      </trkpt>
      <trkpt lat="24.515553675591945648193359375" lon="118.1538362614810466766357421875">
        <ele>22.799999237060546875</ele>
        <time>2026-09-17T09:38:43.000Z</time>
        <extensions>
          <ns3:TrackPointExtension>
            <ns3:atemp>29.0</ns3:atemp>
            <ns3:hr>115</ns3:hr>
          </ns3:TrackPointExtension>
        </extensions>
      </trkpt>
      <trkpt lat="24.51526961289346218109130859375" lon="118.15388579852879047393798828125">
        <ele>23</ele>
        <time>2026-09-17T09:38:48.000Z</time>
        <extensions>
          <ns3:TrackPointExtension>
            <ns3:atemp>29.0</ns3:atemp>
            <ns3:hr>115</ns3:hr>
          </ns3:TrackPointExtension>
        </extensions>
      </trkpt>
      <trkpt lat="24.51521404087543487548828125" lon="118.1539264507591724395751953125">
        <ele>23.200000762939453125</ele>
        <time>2026-09-17T09:38:50.000Z</time>
        <extensions>
          <ns3:TrackPointExtension>
            <ns3:atemp>29.0</ns3:atemp>
            <ns3:hr>115</ns3:hr>
          </ns3:TrackPointExtension>
        </extensions>
      </trkpt>
      <trkpt lat="24.51516115106642246246337890625" lon="118.15401588566601276397705078125">
        <ele>23</ele>
        <time>2026-09-17T09:38:52.000Z</time>
        <extensions>
          <ns3:TrackPointExtension>
            <ns3:atemp>29.0</ns3:atemp>
            <ns3:hr>115</ns3:hr>
          </ns3:TrackPointExtension>
        </extensions>
      </trkpt>
      <trkpt lat="24.51501295901834964752197265625" lon="118.154264576733112335205078125">
        <ele>23.200000762939453125</ele>
        <time>2026-09-17T09:38:56.000Z</time>
        <extensions>
          <ns3:TrackPointExtension>
            <ns3:atemp>29.0</ns3:atemp>
            <ns3:hr>114</ns3:hr>
          </ns3:TrackPointExtension>
        </extensions>
      </trkpt>
      <trkpt lat="24.51484548859298229217529296875" lon="118.154412098228931427001953125">
        <ele>23.200000762939453125</ele>
        <time>2026-09-17T09:39:00.000Z</time>
        <extensions>
          <ns3:TrackPointExtension>
            <ns3:atemp>29.0</ns3:atemp>
            <ns3:hr>115</ns3:hr>
          </ns3:TrackPointExtension>
        </extensions>
      </trkpt>
      <trkpt lat="24.51480424962937831878662109375" lon="118.15443933941423892974853515625">
        <ele>23.3999996185302734375</ele>
        <time>2026-09-17T09:39:01.000Z</time>
        <extensions>
          <ns3:TrackPointExtension>
            <ns3:atemp>29.0</ns3:atemp>
            <ns3:hr>115</ns3:hr>
          </ns3:TrackPointExtension>
        </extensions>
      </trkpt>
      <trkpt lat="24.51471657492220401763916015625" lon="118.1544793210923671722412109375">
        <ele>23.200000762939453125</ele>
        <time>2026-09-17T09:39:03.000Z</time>
        <extensions>
          <ns3:TrackPointExtension>
            <ns3:atemp>29.0</ns3:atemp>
            <ns3:hr>114</ns3:hr>
          </ns3:TrackPointExtension>
        </extensions>
      </trkpt>
      <trkpt lat="24.51457257382571697235107421875" lon="118.15450136549770832061767578125">
        <ele>23.200000762939453125</ele>
        <time>2026-09-17T09:39:06.000Z</time>
        <extensions>
          <ns3:TrackPointExtension>
            <ns3:atemp>29.0</ns3:atemp>
            <ns3:hr>115</ns3:hr>
          </ns3:TrackPointExtension>
        </extensions>
      </trkpt>
      <trkpt lat="24.51435414142906665802001953125" lon="118.154555596411228179931640625">
        <ele>23</ele>
        <time>2026-09-17T09:39:11.000Z</time>
        <extensions>
          <ns3:TrackPointExtension>
            <ns3:atemp>29.0</ns3:atemp>
            <ns3:hr>114</ns3:hr>
          </ns3:TrackPointExtension>
        </extensions>
      </trkpt>
      <trkpt lat="24.51430837623775005340576171875" lon="118.154558278620243072509765625">
        <ele>23</ele>
        <time>2026-09-17T09:39:12.000Z</time>
        <extensions>
          <ns3:TrackPointExtension>
            <ns3:atemp>29.0</ns3:atemp>
            <ns3:hr>115</ns3:hr>
          </ns3:TrackPointExtension>
        </extensions>
      </trkpt>
      <trkpt lat="24.51427367515861988067626953125" lon="118.154566995799541473388671875">
        <ele>23</ele>
        <time>2026-09-17T09:39:13.000Z</time>
        <extensions>
          <ns3:TrackPointExtension>
            <ns3:atemp>29.0</ns3:atemp>
            <ns3:hr>115</ns3:hr>
          </ns3:TrackPointExtension>
        </extensions>
      </trkpt>
      <trkpt lat="24.51414325274527072906494140625" lon="118.1546010263264179229736328125">
        <ele>22.799999237060546875</ele>
        <time>2026-09-17T09:39:16.000Z</time>
        <extensions>
          <ns3:TrackPointExtension>
            <ns3:atemp>29.0</ns3:atemp>
            <ns3:hr>117</ns3:hr>
          </ns3:TrackPointExtension>
        </extensions>
      </trkpt>
      <trkpt lat="24.514088518917560577392578125" lon="118.15461636520922183990478515625">
        <ele>22.799999237060546875</ele>
        <time>2026-09-17T09:39:17.000Z</time>
        <extensions>
          <ns3:TrackPointExtension>
            <ns3:atemp>29.0</ns3:atemp>
            <ns3:hr>117</ns3:hr>
          </ns3:TrackPointExtension>
        </extensions>
      </trkpt>
      <trkpt lat="24.5139116607606410980224609375" lon="118.1546452827751636505126953125">
        <ele>23</ele>
        <time>2026-09-17T09:39:21.000Z</time>
        <extensions>
          <ns3:TrackPointExtension>
            <ns3:atemp>29.0</ns3:atemp>
            <ns3:hr>116</ns3:hr>
          </ns3:TrackPointExtension>
        </extensions>
      </trkpt>
      <trkpt lat="24.51381769962608814239501953125" lon="118.1546633876860141754150390625">
        <ele>23</ele>
        <time>2026-09-17T09:39:23.000Z</time>
        <extensions>
          <ns3:TrackPointExtension>
            <ns3:atemp>29.0</ns3:atemp>
            <ns3:hr>117</ns3:hr>
          </ns3:TrackPointExtension>
        </extensions>
      </trkpt>
      <trkpt lat="24.5136348903179168701171875" lon="118.15471015870571136474609375">
        <ele>23.200000762939453125</ele>
        <time>2026-09-17T09:39:27.000Z</time>
        <extensions>
          <ns3:TrackPointExtension>
            <ns3:atemp>29.0</ns3:atemp>
            <ns3:hr>119</ns3:hr>
          </ns3:TrackPointExtension>
        </extensions>
      </trkpt>
      <trkpt lat="24.51353472657501697540283203125" lon="118.15473002381622791290283203125">
        <ele>23.6000003814697265625</ele>
        <time>2026-09-17T09:39:29.000Z</time>
        <extensions>
          <ns3:TrackPointExtension>
            <ns3:atemp>29.0</ns3:atemp>
            <ns3:hr>118</ns3:hr>
          </ns3:TrackPointExtension>
        </extensions>
      </trkpt>
      <trkpt lat="24.513478986918926239013671875" lon="118.15473572351038455963134765625">
        <ele>23.799999237060546875</ele>
        <time>2026-09-17T09:39:30.000Z</time>
        <extensions>
          <ns3:TrackPointExtension>
            <ns3:atemp>29.0</ns3:atemp>
            <ns3:hr>118</ns3:hr>
          </ns3:TrackPointExtension>
        </extensions>
      </trkpt>
      <trkpt lat="24.513338170945644378662109375" lon="118.15474544651806354522705078125">
        <ele>24</ele>
        <time>2026-09-17T09:39:33.000Z</time>
        <extensions>
          <ns3:TrackPointExtension>
            <ns3:atemp>29.0</ns3:atemp>
            <ns3:hr>119</ns3:hr>
          </ns3:TrackPointExtension>
        </extensions>
      </trkpt>
      <trkpt lat="24.513182938098907470703125" lon="118.15473957918584346771240234375">
        <ele>24.200000762939453125</ele>
        <time>2026-09-17T09:39:36.000Z</time>
        <extensions>
          <ns3:TrackPointExtension>
            <ns3:atemp>29.0</ns3:atemp>
            <ns3:hr>119</ns3:hr>
          </ns3:TrackPointExtension>
        </extensions>
      </trkpt>
      <trkpt lat="24.51276459731161594390869140625" lon="118.154786936938762664794921875">
        <ele>24.200000762939453125</ele>
        <time>2026-09-17T09:39:44.000Z</time>
        <extensions>
          <ns3:TrackPointExtension>
            <ns3:atemp>29.0</ns3:atemp>
            <ns3:hr>118</ns3:hr>
          </ns3:TrackPointExtension>
        </extensions>
      </trkpt>
      <trkpt lat="24.51266057789325714111328125" lon="118.1548008508980274200439453125">
        <ele>24.3999996185302734375</ele>
        <time>2026-09-17T09:39:46.000Z</time>
        <extensions>
          <ns3:TrackPointExtension>
            <ns3:atemp>29.0</ns3:atemp>
            <ns3:hr>118</ns3:hr>
          </ns3:TrackPointExtension>
        </extensions>
      </trkpt>
      <trkpt lat="24.51256460510194301605224609375" lon="118.15476355142891407012939453125">
        <ele>24.6000003814697265625</ele>
        <time>2026-09-17T09:39:48.000Z</time>
        <extensions>
          <ns3:TrackPointExtension>
            <ns3:atemp>29.0</ns3:atemp>
            <ns3:hr>119</ns3:hr>
          </ns3:TrackPointExtension>
        </extensions>
      </trkpt>
      <trkpt lat="24.5124605856835842132568359375" lon="118.1547255814075469970703125">
        <ele>24.3999996185302734375</ele>
        <time>2026-09-17T09:39:50.000Z</time>
        <extensions>
          <ns3:TrackPointExtension>
            <ns3:atemp>29.0</ns3:atemp>
            <ns3:hr>119</ns3:hr>
          </ns3:TrackPointExtension>
        </extensions>
      </trkpt>
      <trkpt lat="24.5123217813670635223388671875" lon="118.1547056324779987335205078125">
        <ele>24.200000762939453125</ele>
        <time>2026-09-17T09:39:53.000Z</time>
        <extensions>
          <ns3:TrackPointExtension>
            <ns3:atemp>29.0</ns3:atemp>
            <ns3:hr>120</ns3:hr>
          </ns3:TrackPointExtension>
        </extensions>
      </trkpt>
      <trkpt lat="24.5122776925563812255859375" lon="118.154719211161136627197265625">
        <ele>24.200000762939453125</ele>
        <time>2026-09-17T09:39:54.000Z</time>
        <extensions>
          <ns3:TrackPointExtension>
            <ns3:atemp>29.0</ns3:atemp>
            <ns3:hr>121</ns3:hr>
          </ns3:TrackPointExtension>
        </extensions>
      </trkpt>
      <trkpt lat="24.51214718632400035858154296875" lon="118.15472784452140331268310546875">
        <ele>24.200000762939453125</ele>
        <time>2026-09-17T09:39:57.000Z</time>
        <extensions>
          <ns3:TrackPointExtension>
            <ns3:atemp>29.0</ns3:atemp>
            <ns3:hr>122</ns3:hr>
          </ns3:TrackPointExtension>
        </extensions>
      </trkpt>
      <trkpt lat="24.51204593293368816375732421875" lon="118.15473706461489200592041015625">
        <ele>24.200000762939453125</ele>
        <time>2026-09-17T09:39:59.000Z</time>
        <extensions>
          <ns3:TrackPointExtension>
            <ns3:atemp>29.0</ns3:atemp>
            <ns3:hr>123</ns3:hr>
          </ns3:TrackPointExtension>
        </extensions>
      </trkpt>
      <trkpt lat="24.51197200454771518707275390625" lon="118.154675960540771484375">
        <ele>23.799999237060546875</ele>
        <time>2026-09-17T09:40:01.000Z</time>
        <extensions>
          <ns3:TrackPointExtension>
            <ns3:atemp>29.0</ns3:atemp>
            <ns3:hr>123</ns3:hr>
          </ns3:TrackPointExtension>
        </extensions>
      </trkpt>
      <trkpt lat="24.5117933861911296844482421875" lon="118.15467269159853458404541015625">
        <ele>23.3999996185302734375</ele>
        <time>2026-09-17T09:40:04.000Z</time>
        <extensions>
          <ns3:TrackPointExtension>
            <ns3:atemp>29.0</ns3:atemp>
            <ns3:hr>124</ns3:hr>
          </ns3:TrackPointExtension>
        </extensions>
      </trkpt>
      <trkpt lat="24.51167176477611064910888671875" lon="118.15465559251606464385986328125">
        <ele>23.200000762939453125</ele>
        <time>2026-09-17T09:40:06.000Z</time>
        <extensions>
          <ns3:TrackPointExtension>
            <ns3:atemp>29.0</ns3:atemp>
            <ns3:hr>125</ns3:hr>
          </ns3:TrackPointExtension>
        </extensions>
      </trkpt>
      <trkpt lat="24.5116125047206878662109375" lon="118.15466766245663166046142578125">
        <ele>23.200000762939453125</ele>
        <time>2026-09-17T09:40:07.000Z</time>
        <extensions>
          <ns3:TrackPointExtension>
            <ns3:atemp>29.0</ns3:atemp>
            <ns3:hr>125</ns3:hr>
          </ns3:TrackPointExtension>
        </extensions>
      </trkpt>
      <trkpt lat="24.51136372983455657958984375" lon="118.1548006832599639892578125">
        <ele>23.6000003814697265625</ele>
        <time>2026-09-17T09:40:11.000Z</time>
        <extensions>
          <ns3:TrackPointExtension>
            <ns3:atemp>29.0</ns3:atemp>
            <ns3:hr>127</ns3:hr>
          </ns3:TrackPointExtension>
        </extensions>
      </trkpt>
      <trkpt lat="24.5110497437417507171630859375" lon="118.1549106538295745849609375">
        <ele>22.799999237060546875</ele>
        <time>2026-09-17T09:40:16.000Z</time>
        <extensions>
          <ns3:TrackPointExtension>
            <ns3:atemp>29.0</ns3:atemp>
            <ns3:hr>128</ns3:hr>
          </ns3:TrackPointExtension>
        </extensions>
      </trkpt>
      <trkpt lat="24.51094890944659709930419921875" lon="118.15493152476847171783447265625">
        <ele>22.799999237060546875</ele>
        <time>2026-09-17T09:40:18.000Z</time>
        <extensions>
          <ns3:TrackPointExtension>
            <ns3:atemp>29.0</ns3:atemp>
            <ns3:hr>128</ns3:hr>
          </ns3:TrackPointExtension>
        </extensions>
      </trkpt>
      <trkpt lat="24.510849751532077789306640625" lon="118.15496086142957210540771484375">
        <ele>22.3999996185302734375</ele>
        <time>2026-09-17T09:40:20.000Z</time>
        <extensions>
          <ns3:TrackPointExtension>
            <ns3:atemp>29.0</ns3:atemp>
            <ns3:hr>128</ns3:hr>
          </ns3:TrackPointExtension>
        </extensions>
      </trkpt>
      <trkpt lat="24.51072360388934612274169921875" lon="118.1549795530736446380615234375">
        <ele>22</ele>
        <time>2026-09-17T09:40:22.000Z</time>
        <extensions>
          <ns3:TrackPointExtension>
            <ns3:atemp>29.0</ns3:atemp>
            <ns3:hr>128</ns3:hr>
          </ns3:TrackPointExtension>
        </extensions>
      </trkpt>
      <trkpt lat="24.51061447151005268096923828125" lon="118.1550114043056964874267578125">
        <ele>21.799999237060546875</ele>
        <time>2026-09-17T09:40:24.000Z</time>
        <extensions>
          <ns3:TrackPointExtension>
            <ns3:atemp>29.0</ns3:atemp>
            <ns3:hr>127</ns3:hr>
          </ns3:TrackPointExtension>
        </extensions>
      </trkpt>
      <trkpt lat="24.51040106825530529022216796875" lon="118.1550603546202182769775390625">
        <ele>21.6000003814697265625</ele>
        <time>2026-09-17T09:40:28.000Z</time>
        <extensions>
          <ns3:TrackPointExtension>
            <ns3:atemp>29.0</ns3:atemp>
            <ns3:hr>125</ns3:hr>
          </ns3:TrackPointExtension>
        </extensions>
      </trkpt>
      <trkpt lat="24.510348848998546600341796875" lon="118.15508591942489147186279296875">
        <ele>21.6000003814697265625</ele>
        <time>2026-09-17T09:40:29.000Z</time>
        <extensions>
          <ns3:TrackPointExtension>
            <ns3:atemp>29.0</ns3:atemp>
            <ns3:hr>125</ns3:hr>
          </ns3:TrackPointExtension>
        </extensions>
      </trkpt>
      <trkpt lat="24.51025052927434444427490234375" lon="118.15509949810802936553955078125">
        <ele>21.6000003814697265625</ele>
        <time>2026-09-17T09:40:31.000Z</time>
        <extensions>
          <ns3:TrackPointExtension>
            <ns3:atemp>29.0</ns3:atemp>
            <ns3:hr>123</ns3:hr>
          </ns3:TrackPointExtension>
        </extensions>
      </trkpt>
      <trkpt lat="24.51012186706066131591796875" lon="118.15509363077580928802490234375">
        <ele>21.6000003814697265625</ele>
        <time>2026-09-17T09:40:33.000Z</time>
        <extensions>
          <ns3:TrackPointExtension>
            <ns3:atemp>29.0</ns3:atemp>
            <ns3:hr>124</ns3:hr>
          </ns3:TrackPointExtension>
        </extensions>
      </trkpt>
      <trkpt lat="24.5099946297705173492431640625" lon="118.15512799657881259918212890625">
        <ele>21.799999237060546875</ele>
        <time>2026-09-17T09:40:35.000Z</time>
        <extensions>
          <ns3:TrackPointExtension>
            <ns3:atemp>29.0</ns3:atemp>
            <ns3:hr>125</ns3:hr>
          </ns3:TrackPointExtension>
        </extensions>
      </trkpt>
      <trkpt lat="24.5097334496676921844482421875" lon="118.15516672097146511077880859375">
        <ele>22.200000762939453125</ele>
        <time>2026-09-17T09:40:40.000Z</time>
        <extensions>
          <ns3:TrackPointExtension>
            <ns3:atemp>29.0</ns3:atemp>
            <ns3:hr>124</ns3:hr>
          </ns3:TrackPointExtension>
        </extensions>
      </trkpt>
      <trkpt lat="24.50967527925968170166015625" lon="118.15517175011336803436279296875">
        <ele>22.3999996185302734375</ele>
        <time>2026-09-17T09:40:41.000Z</time>
        <extensions>
          <ns3:TrackPointExtension>
            <ns3:atemp>29.0</ns3:atemp>
            <ns3:hr>123</ns3:hr>
          </ns3:TrackPointExtension>
        </extensions>
      </trkpt>
      <trkpt lat="24.5093458704650402069091796875" lon="118.1551937945187091827392578125">
        <ele>22.200000762939453125</ele>
        <time>2026-09-17T09:40:47.000Z</time>
        <extensions>
          <ns3:TrackPointExtension>
            <ns3:atemp>29.0</ns3:atemp>
            <ns3:hr>123</ns3:hr>
          </ns3:TrackPointExtension>
        </extensions>
      </trkpt>
      <trkpt lat="24.50909734703600406646728515625" lon="118.155204020440578460693359375">
        <ele>21.3999996185302734375</ele>
        <time>2026-09-17T09:40:51.000Z</time>
        <extensions>
          <ns3:TrackPointExtension>
            <ns3:atemp>29.0</ns3:atemp>
            <ns3:hr>123</ns3:hr>
          </ns3:TrackPointExtension>
        </extensions>
      </trkpt>
      <trkpt lat="24.50890322215855121612548828125" lon="118.1552548147737979888916015625">
        <ele>21.200000762939453125</ele>
        <time>2026-09-17T09:40:54.000Z</time>
        <extensions>
          <ns3:TrackPointExtension>
            <ns3:atemp>29.0</ns3:atemp>
            <ns3:hr>123</ns3:hr>
          </ns3:TrackPointExtension>
        </extensions>
      </trkpt>
      <trkpt lat="24.50883951969444751739501953125" lon="118.15530435182154178619384765625">
        <ele>21.3999996185302734375</ele>
        <time>2026-09-17T09:40:55.000Z</time>
        <extensions>
          <ns3:TrackPointExtension>
            <ns3:atemp>29.0</ns3:atemp>
            <ns3:hr>123</ns3:hr>
          </ns3:TrackPointExtension>
        </extensions>
      </trkpt>
      <trkpt lat="24.50872116722166538238525390625" lon="118.1554174236953258514404296875">
        <ele>21.3999996185302734375</ele>
        <time>2026-09-17T09:40:57.000Z</time>
        <extensions>
          <ns3:TrackPointExtension>
            <ns3:atemp>29.0</ns3:atemp>
            <ns3:hr>122</ns3:hr>
          </ns3:TrackPointExtension>
        </extensions>
      </trkpt>
      <trkpt lat="24.50866148807108402252197265625" lon="118.15546796657145023345947265625">
        <ele>21.6000003814697265625</ele>
        <time>2026-09-17T09:40:58.000Z</time>
        <extensions>
          <ns3:TrackPointExtension>
            <ns3:atemp>29.0</ns3:atemp>
            <ns3:hr>122</ns3:hr>
          </ns3:TrackPointExtension>
        </extensions>
      </trkpt>
      <trkpt lat="24.508563838899135589599609375" lon="118.15553384833037853240966796875">
        <ele>22</ele>
        <time>2026-09-17T09:41:00.000Z</time>
        <extensions>
          <ns3:TrackPointExtension>
            <ns3:atemp>29.0</ns3:atemp>
            <ns3:hr>122</ns3:hr>
          </ns3:TrackPointExtension>
        </extensions>
      </trkpt>
      <trkpt lat="24.5084563829004764556884765625" lon="118.15555480308830738067626953125">
        <ele>22</ele>
        <time>2026-09-17T09:41:02.000Z</time>
        <extensions>
          <ns3:TrackPointExtension>
            <ns3:atemp>29.0</ns3:atemp>
            <ns3:hr>123</ns3:hr>
          </ns3:TrackPointExtension>
        </extensions>
      </trkpt>
      <trkpt lat="24.50824105180799961090087890625" lon="118.155514486134052276611328125">
        <ele>22.200000762939453125</ele>
        <time>2026-09-17T09:41:07.000Z</time>
        <extensions>
          <ns3:TrackPointExtension>
            <ns3:atemp>29.0</ns3:atemp>
            <ns3:hr>123</ns3:hr>
          </ns3:TrackPointExtension>
        </extensions>
      </trkpt>
      <trkpt lat="24.508200399577617645263671875" lon="118.15551440231502056121826171875">
        <ele>22.3999996185302734375</ele>
        <time>2026-09-17T09:41:08.000Z</time>
        <extensions>
          <ns3:TrackPointExtension>
            <ns3:atemp>29.0</ns3:atemp>
            <ns3:hr>122</ns3:hr>
          </ns3:TrackPointExtension>
        </extensions>
      </trkpt>
      <trkpt lat="24.50801943428814411163330078125" lon="118.15551741980016231536865234375">
        <ele>23.3999996185302734375</ele>
        <time>2026-09-17T09:41:12.000Z</time>
        <extensions>
          <ns3:TrackPointExtension>
            <ns3:atemp>29.0</ns3:atemp>
            <ns3:hr>122</ns3:hr>
          </ns3:TrackPointExtension>
        </extensions>
      </trkpt>
      <trkpt lat="24.50798355974256992340087890625" lon="118.1555284000933170318603515625">
        <ele>23.6000003814697265625</ele>
        <time>2026-09-17T09:41:13.000Z</time>
        <extensions>
          <ns3:TrackPointExtension>
            <ns3:atemp>29.0</ns3:atemp>
            <ns3:hr>122</ns3:hr>
          </ns3:TrackPointExtension>
        </extensions>
      </trkpt>
      <trkpt lat="24.50794315896928310394287109375" lon="118.15551876090466976165771484375">
        <ele>23.799999237060546875</ele>
        <time>2026-09-17T09:41:14.000Z</time>
        <extensions>
          <ns3:TrackPointExtension>
            <ns3:atemp>29.0</ns3:atemp>
            <ns3:hr>123</ns3:hr>
          </ns3:TrackPointExtension>
        </extensions>
      </trkpt>
      <trkpt lat="24.5078726671636104583740234375" lon="118.15551071427762508392333984375">
        <ele>24.200000762939453125</ele>
        <time>2026-09-17T09:41:16.000Z</time>
        <extensions>
          <ns3:TrackPointExtension>
            <ns3:atemp>29.0</ns3:atemp>
            <ns3:hr>123</ns3:hr>
          </ns3:TrackPointExtension>
        </extensions>
      </trkpt>
      <trkpt lat="24.507769905030727386474609375" lon="118.1554824672639369964599609375">
        <ele>24.6000003814697265625</ele>
        <time>2026-09-17T09:41:20.000Z</time>
        <extensions>
          <ns3:TrackPointExtension>
            <ns3:atemp>29.0</ns3:atemp>
            <ns3:hr>123</ns3:hr>
          </ns3:TrackPointExtension>
        </extensions>
      </trkpt>
      <trkpt lat="24.50763252563774585723876953125" lon="118.15545807592570781707763671875">
        <ele>24.799999237060546875</ele>
        <time>2026-09-17T09:41:24.000Z</time>
        <extensions>
          <ns3:TrackPointExtension>
            <ns3:atemp>29.0</ns3:atemp>
            <ns3:hr>124</ns3:hr>
          </ns3:TrackPointExtension>
        </extensions>
      </trkpt>
      <trkpt lat="24.5075870119035243988037109375" lon="118.15546394325792789459228515625">
        <ele>24.799999237060546875</ele>
        <time>2026-09-17T09:41:25.000Z</time>
        <extensions>
          <ns3:TrackPointExtension>
            <ns3:atemp>29.0</ns3:atemp>
            <ns3:hr>125</ns3:hr>
          </ns3:TrackPointExtension>
        </extensions>
      </trkpt>
      <trkpt lat="24.507325999438762664794921875" lon="118.15544835291802883148193359375">
        <ele>25.6000003814697265625</ele>
        <time>2026-09-17T09:41:31.000Z</time>
        <extensions>
          <ns3:TrackPointExtension>
            <ns3:atemp>29.0</ns3:atemp>
            <ns3:hr>123</ns3:hr>
          </ns3:TrackPointExtension>
        </extensions>
      </trkpt>
      <trkpt lat="24.50712374411523342132568359375" lon="118.1554197706282138824462890625">
        <ele>26.200000762939453125</ele>
        <time>2026-09-17T09:41:36.000Z</time>
        <extensions>
          <ns3:TrackPointExtension>
            <ns3:atemp>29.0</ns3:atemp>
            <ns3:hr>122</ns3:hr>
          </ns3:TrackPointExtension>
        </extensions>
      </trkpt>
      <trkpt lat="24.507085271179676055908203125" lon="118.15543175674974918365478515625">
        <ele>26.200000762939453125</ele>
        <time>2026-09-17T09:41:37.000Z</time>
        <extensions>
          <ns3:TrackPointExtension>
            <ns3:atemp>29.0</ns3:atemp>
            <ns3:hr>122</ns3:hr>
          </ns3:TrackPointExtension>
        </extensions>
      </trkpt>
      <trkpt lat="24.506922997534275054931640625" lon="118.15539638511836528778076171875">
        <ele>27</ele>
        <time>2026-09-17T09:41:41.000Z</time>
        <extensions>
          <ns3:TrackPointExtension>
            <ns3:atemp>29.0</ns3:atemp>
            <ns3:hr>122</ns3:hr>
          </ns3:TrackPointExtension>
        </extensions>
      </trkpt>
      <trkpt lat="24.5066750608384609222412109375" lon="118.15534190274775028228759765625">
        <ele>27.3999996185302734375</ele>
        <time>2026-09-17T09:41:47.000Z</time>
        <extensions>
          <ns3:TrackPointExtension>
            <ns3:atemp>29.0</ns3:atemp>
            <ns3:hr>124</ns3:hr>
          </ns3:TrackPointExtension>
        </extensions>
      </trkpt>
      <trkpt lat="24.50663273222744464874267578125" lon="118.15533150918781757354736328125">
        <ele>27.3999996185302734375</ele>
        <time>2026-09-17T09:41:48.000Z</time>
        <extensions>
          <ns3:TrackPointExtension>
            <ns3:atemp>29.0</ns3:atemp>
            <ns3:hr>123</ns3:hr>
          </ns3:TrackPointExtension>
        </extensions>
      </trkpt>
      <trkpt lat="24.5065637491643428802490234375" lon="118.15532698296010494232177734375">
        <ele>28</ele>
        <time>2026-09-17T09:41:50.000Z</time>
        <extensions>
          <ns3:TrackPointExtension>
            <ns3:atemp>29.0</ns3:atemp>
            <ns3:hr>123</ns3:hr>
          </ns3:TrackPointExtension>
        </extensions>
      </trkpt>
      <trkpt lat="24.506389237940311431884765625" lon="118.1552890129387378692626953125">
        <ele>28.3999996185302734375</ele>
        <time>2026-09-17T09:41:55.000Z</time>
        <extensions>
          <ns3:TrackPointExtension>
            <ns3:atemp>29.0</ns3:atemp>
            <ns3:hr>123</ns3:hr>
          </ns3:TrackPointExtension>
        </extensions>
      </trkpt>
      <trkpt lat="24.506200142204761505126953125" lon="118.1552581675350666046142578125">
        <ele>29.200000762939453125</ele>
        <time>2026-09-17T09:42:01.000Z</time>
        <extensions>
          <ns3:TrackPointExtension>
            <ns3:atemp>29.0</ns3:atemp>
            <ns3:hr>123</ns3:hr>
          </ns3:TrackPointExtension>
        </extensions>
      </trkpt>
      <trkpt lat="24.5059771835803985595703125" lon="118.15520041622221469879150390625">
        <ele>29.3999996185302734375</ele>
        <time>2026-09-17T09:42:07.000Z</time>
        <extensions>
          <ns3:TrackPointExtension>
            <ns3:atemp>29.0</ns3:atemp>
            <ns3:hr>122</ns3:hr>
          </ns3:TrackPointExtension>
        </extensions>
      </trkpt>
      <trkpt lat="24.50577811338007450103759765625" lon="118.1551723368465900421142578125">
        <ele>30.200000762939453125</ele>
        <time>2026-09-17T09:42:13.000Z</time>
        <extensions>
          <ns3:TrackPointExtension>
            <ns3:atemp>29.0</ns3:atemp>
            <ns3:hr>121</ns3:hr>
          </ns3:TrackPointExtension>
        </extensions>
      </trkpt>
      <trkpt lat="24.50574626214802265167236328125" lon="118.15516135655343532562255859375">
        <ele>30.200000762939453125</ele>
        <time>2026-09-17T09:42:14.000Z</time>
        <extensions>
          <ns3:TrackPointExtension>
            <ns3:atemp>29.0</ns3:atemp>
            <ns3:hr>121</ns3:hr>
          </ns3:TrackPointExtension>
        </extensions>
      </trkpt>
      <trkpt lat="24.50565841980278491973876953125" lon="118.15516035072505474090576171875">
        <ele>30.3999996185302734375</ele>
        <time>2026-09-17T09:42:17.000Z</time>
        <extensions>
          <ns3:TrackPointExtension>
            <ns3:atemp>29.0</ns3:atemp>
            <ns3:hr>119</ns3:hr>
          </ns3:TrackPointExtension>
        </extensions>
      </trkpt>
      <trkpt lat="24.5055461861193180084228515625" lon="118.1551428325474262237548828125">
        <ele>30.6000003814697265625</ele>
        <time>2026-09-17T09:42:21.000Z</time>
        <extensions>
          <ns3:TrackPointExtension>
            <ns3:atemp>29.0</ns3:atemp>
            <ns3:hr>116</ns3:hr>
          </ns3:TrackPointExtension>
        </extensions>
      </trkpt>
      <trkpt lat="24.5054073818027973175048828125" lon="118.1551324389874935150146484375">
        <ele>30.799999237060546875</ele>
        <time>2026-09-17T09:42:25.000Z</time>
        <extensions>
          <ns3:TrackPointExtension>
            <ns3:atemp>29.0</ns3:atemp>
            <ns3:hr>116</ns3:hr>
          </ns3:TrackPointExtension>
        </extensions>
      </trkpt>
      <trkpt lat="24.5053443498909473419189453125" lon="118.1551240570843219757080078125">
        <ele>30.799999237060546875</ele>
        <time>2026-09-17T09:42:27.000Z</time>
        <extensions>
          <ns3:TrackPointExtension>
            <ns3:atemp>29.0</ns3:atemp>
            <ns3:hr>117</ns3:hr>
          </ns3:TrackPointExtension>
        </extensions>
      </trkpt>
      <trkpt lat="24.5052531547844409942626953125" lon="118.15511249005794525146484375">
        <ele>30.799999237060546875</ele>
        <time>2026-09-17T09:42:29.000Z</time>
        <extensions>
          <ns3:TrackPointExtension>
            <ns3:atemp>29.0</ns3:atemp>
            <ns3:hr>117</ns3:hr>
          </ns3:TrackPointExtension>
        </extensions>
      </trkpt>
      <trkpt lat="24.50509616173803806304931640625" lon="118.15509329549968242645263671875">
        <ele>30.799999237060546875</ele>
        <time>2026-09-17T09:42:34.000Z</time>
        <extensions>
          <ns3:TrackPointExtension>
            <ns3:atemp>29.0</ns3:atemp>
            <ns3:hr>117</ns3:hr>
          </ns3:TrackPointExtension>
        </extensions>
      </trkpt>
      <trkpt lat="24.504905305802822113037109375" lon="118.155064880847930908203125">
        <ele>31</ele>
        <time>2026-09-17T09:42:38.000Z</time>
        <extensions>
          <ns3:TrackPointExtension>
            <ns3:atemp>29.0</ns3:atemp>
            <ns3:hr>118</ns3:hr>
          </ns3:TrackPointExtension>
        </extensions>
      </trkpt>
      <trkpt lat="24.5046389289200305938720703125" lon="118.15498508512973785400390625">
        <ele>31.200000762939453125</ele>
        <time>2026-09-17T09:42:44.000Z</time>
        <extensions>
          <ns3:TrackPointExtension>
            <ns3:atemp>29.0</ns3:atemp>
            <ns3:hr>116</ns3:hr>
          </ns3:TrackPointExtension>
        </extensions>
      </trkpt>
      <trkpt lat="24.50439124368131160736083984375" lon="118.15495868213474750518798828125">
        <ele>31</ele>
        <time>2026-09-17T09:42:49.000Z</time>
        <extensions>
          <ns3:TrackPointExtension>
            <ns3:atemp>29.0</ns3:atemp>
            <ns3:hr>114</ns3:hr>
          </ns3:TrackPointExtension>
        </extensions>
      </trkpt>
      <trkpt lat="24.5041474141180515289306640625" lon="118.1548615358769893646240234375">
        <ele>31.200000762939453125</ele>
        <time>2026-09-17T09:42:54.000Z</time>
        <extensions>
          <ns3:TrackPointExtension>
            <ns3:atemp>29.0</ns3:atemp>
            <ns3:hr>114</ns3:hr>
          </ns3:TrackPointExtension>
        </extensions>
      </trkpt>
      <trkpt lat="24.50409620068967342376708984375" lon="118.1548437662422657012939453125">
        <ele>31.200000762939453125</ele>
        <time>2026-09-17T09:42:55.000Z</time>
        <extensions>
          <ns3:TrackPointExtension>
            <ns3:atemp>29.0</ns3:atemp>
            <ns3:hr>114</ns3:hr>
          </ns3:TrackPointExtension>
        </extensions>
      </trkpt>
      <trkpt lat="24.50398229062557220458984375" lon="118.1548176147043704986572265625">
        <ele>31.200000762939453125</ele>
        <time>2026-09-17T09:42:57.000Z</time>
        <extensions>
          <ns3:TrackPointExtension>
            <ns3:atemp>29.0</ns3:atemp>
            <ns3:hr>114</ns3:hr>
          </ns3:TrackPointExtension>
        </extensions>
      </trkpt>
      <trkpt lat="24.50386963784694671630859375" lon="118.15480395220220088958740234375">
        <ele>31.3999996185302734375</ele>
        <time>2026-09-17T09:42:59.000Z</time>
        <extensions>
          <ns3:TrackPointExtension>
            <ns3:atemp>29.0</ns3:atemp>
            <ns3:hr>114</ns3:hr>
          </ns3:TrackPointExtension>
        </extensions>
      </trkpt>
      <trkpt lat="24.50365765951573848724365234375" lon="118.15477025695145130157470703125">
        <ele>31.6000003814697265625</ele>
        <time>2026-09-17T09:43:03.000Z</time>
        <extensions>
          <ns3:TrackPointExtension>
            <ns3:atemp>29.0</ns3:atemp>
            <ns3:hr>117</ns3:hr>
          </ns3:TrackPointExtension>
        </extensions>
      </trkpt>
      <trkpt lat="24.50344928540289402008056640625" lon="118.15473706461489200592041015625">
        <ele>31.6000003814697265625</ele>
        <time>2026-09-17T09:43:08.000Z</time>
        <extensions>
          <ns3:TrackPointExtension>
            <ns3:atemp>29.0</ns3:atemp>
            <ns3:hr>117</ns3:hr>
          </ns3:TrackPointExtension>
        </extensions>
      </trkpt>
      <trkpt lat="24.5030731894075870513916015625" lon="118.15467721782624721527099609375">
        <ele>31.799999237060546875</ele>
        <time>2026-09-17T09:43:17.000Z</time>
        <extensions>
          <ns3:TrackPointExtension>
            <ns3:atemp>29.0</ns3:atemp>
            <ns3:hr>117</ns3:hr>
          </ns3:TrackPointExtension>
        </extensions>
      </trkpt>
      <trkpt lat="24.5028291083872318267822265625" lon="118.15470186062157154083251953125">
        <ele>32.40000152587890625</ele>
        <time>2026-09-17T09:43:23.000Z</time>
        <extensions>
          <ns3:TrackPointExtension>
            <ns3:atemp>29.0</ns3:atemp>
            <ns3:hr>118</ns3:hr>
          </ns3:TrackPointExtension>
        </extensions>
      </trkpt>
      <trkpt lat="24.50278745032846927642822265625" lon="118.15471761859953403472900390625">
        <ele>32.40000152587890625</ele>
        <time>2026-09-17T09:43:24.000Z</time>
        <extensions>
          <ns3:TrackPointExtension>
            <ns3:atemp>28.0</ns3:atemp>
            <ns3:hr>118</ns3:hr>
          </ns3:TrackPointExtension>
        </extensions>
      </trkpt>
      <trkpt lat="24.5025558583438396453857421875" lon="118.15484485588967800140380859375">
        <ele>31.799999237060546875</ele>
        <time>2026-09-17T09:43:31.000Z</time>
        <extensions>
          <ns3:TrackPointExtension>
            <ns3:atemp>29.0</ns3:atemp>
            <ns3:hr>119</ns3:hr>
          </ns3:TrackPointExtension>
        </extensions>
      </trkpt>
      <trkpt lat="24.50243532657623291015625" lon="118.154958598315715789794921875">
        <ele>33.40000152587890625</ele>
        <time>2026-09-17T09:43:36.000Z</time>
        <extensions>
          <ns3:TrackPointExtension>
            <ns3:atemp>28.0</ns3:atemp>
            <ns3:hr>120</ns3:hr>
          </ns3:TrackPointExtension>
        </extensions>
      </trkpt>
      <trkpt lat="24.5022866316139698028564453125" lon="118.15521818585693836212158203125">
        <ele>33.799999237060546875</ele>
        <time>2026-09-17T09:43:44.000Z</time>
        <extensions>
          <ns3:TrackPointExtension>
            <ns3:atemp>29.0</ns3:atemp>
            <ns3:hr>117</ns3:hr>
          </ns3:TrackPointExtension>
        </extensions>
      </trkpt>
      <trkpt lat="24.5022765733301639556884765625" lon="118.1552528031170368194580078125">
        <ele>33.799999237060546875</ele>
        <time>2026-09-17T09:43:45.000Z</time>
        <extensions>
          <ns3:TrackPointExtension>
            <ns3:atemp>28.0</ns3:atemp>
            <ns3:hr>116</ns3:hr>
          </ns3:TrackPointExtension>
        </extensions>
      </trkpt>
      <trkpt lat="24.50224648229777812957763671875" lon="118.15539856441318988800048828125">
        <ele>34.200000762939453125</ele>
        <time>2026-09-17T09:43:49.000Z</time>
        <extensions>
          <ns3:TrackPointExtension>
            <ns3:atemp>28.0</ns3:atemp>
            <ns3:hr>113</ns3:hr>
          </ns3:TrackPointExtension>
        </extensions>
      </trkpt>
      <trkpt lat="24.50224380008876323699951171875" lon="118.1554462574422359466552734375">
        <ele>34.799999237060546875</ele>
        <time>2026-09-17T09:43:50.000Z</time>
        <extensions>
          <ns3:TrackPointExtension>
            <ns3:atemp>28.0</ns3:atemp>
            <ns3:hr>114</ns3:hr>
          </ns3:TrackPointExtension>
        </extensions>
      </trkpt>
      <trkpt lat="24.50224346481263637542724609375" lon="118.1554781086742877960205078125">
        <ele>35</ele>
        <time>2026-09-17T09:43:51.000Z</time>
        <extensions>
          <ns3:TrackPointExtension>
            <ns3:atemp>28.0</ns3:atemp>
            <ns3:hr>114</ns3:hr>
          </ns3:TrackPointExtension>
        </extensions>
      </trkpt>
      <trkpt lat="24.50226492248475551605224609375" lon="118.15566041506826877593994140625">
        <ele>36</ele>
        <time>2026-09-17T09:43:56.000Z</time>
        <extensions>
          <ns3:TrackPointExtension>
            <ns3:atemp>28.0</ns3:atemp>
            <ns3:hr>113</ns3:hr>
          </ns3:TrackPointExtension>
        </extensions>
      </trkpt>
      <trkpt lat="24.502286799252033233642578125" lon="118.15573400817811489105224609375">
        <ele>36</ele>
        <time>2026-09-17T09:43:58.000Z</time>
        <extensions>
          <ns3:TrackPointExtension>
            <ns3:atemp>28.0</ns3:atemp>
            <ns3:hr>112</ns3:hr>
          </ns3:TrackPointExtension>
        </extensions>
      </trkpt>
      <trkpt lat="24.50229325331747531890869140625" lon="118.15576971508562564849853515625">
        <ele>36.200000762939453125</ele>
        <time>2026-09-17T09:43:59.000Z</time>
        <extensions>
          <ns3:TrackPointExtension>
            <ns3:atemp>29.0</ns3:atemp>
            <ns3:hr>112</ns3:hr>
          </ns3:TrackPointExtension>
        </extensions>
      </trkpt>
      <trkpt lat="24.502244889736175537109375" lon="118.15598462708294391632080078125">
        <ele>36.200000762939453125</ele>
        <time>2026-09-17T09:44:05.000Z</time>
        <extensions>
          <ns3:TrackPointExtension>
            <ns3:atemp>28.0</ns3:atemp>
            <ns3:hr>113</ns3:hr>
          </ns3:TrackPointExtension>
        </extensions>
      </trkpt>
      <trkpt lat="24.50214221142232418060302734375" lon="118.15610281191766262054443359375">
        <ele>37</ele>
        <time>2026-09-17T09:44:09.000Z</time>
        <extensions>
          <ns3:TrackPointExtension>
            <ns3:atemp>28.0</ns3:atemp>
            <ns3:hr>113</ns3:hr>
          </ns3:TrackPointExtension>
        </extensions>
      </trkpt>
      <trkpt lat="24.50208127498626708984375" lon="118.1561318971216678619384765625">
        <ele>37</ele>
        <time>2026-09-17T09:44:11.000Z</time>
        <extensions>
          <ns3:TrackPointExtension>
            <ns3:atemp>28.0</ns3:atemp>
            <ns3:hr>113</ns3:hr>
          </ns3:TrackPointExtension>
        </extensions>
      </trkpt>
      <trkpt lat="24.5018403790891170501708984375" lon="118.156147487461566925048828125">
        <ele>36.40000152587890625</ele>
        <time>2026-09-17T09:44:17.000Z</time>
        <extensions>
          <ns3:TrackPointExtension>
            <ns3:atemp>29.0</ns3:atemp>
            <ns3:hr>113</ns3:hr>
          </ns3:TrackPointExtension>
        </extensions>
      </trkpt>
      <trkpt lat="24.5017853938043117523193359375" lon="118.1561231799423694610595703125">
        <ele>36.59999847412109375</ele>
        <time>2026-09-17T09:44:18.000Z</time>
        <extensions>
          <ns3:TrackPointExtension>
            <ns3:atemp>28.0</ns3:atemp>
            <ns3:hr>114</ns3:hr>
          </ns3:TrackPointExtension>
        </extensions>
      </trkpt>
      <trkpt lat="24.5017111301422119140625" lon="118.15607498399913311004638671875">
        <ele>36.59999847412109375</ele>
        <time>2026-09-17T09:44:20.000Z</time>
        <extensions>
          <ns3:TrackPointExtension>
            <ns3:atemp>28.0</ns3:atemp>
            <ns3:hr>114</ns3:hr>
          </ns3:TrackPointExtension>
        </extensions>
      </trkpt>
      <trkpt lat="24.50167684815824031829833984375" lon="118.15604061819612979888916015625">
        <ele>36.59999847412109375</ele>
        <time>2026-09-17T09:44:21.000Z</time>
        <extensions>
          <ns3:TrackPointExtension>
            <ns3:atemp>28.0</ns3:atemp>
            <ns3:hr>114</ns3:hr>
          </ns3:TrackPointExtension>
        </extensions>
      </trkpt>
      <trkpt lat="24.5016509480774402618408203125" lon="118.15600038506090641021728515625">
        <ele>36.59999847412109375</ele>
        <time>2026-09-17T09:44:22.000Z</time>
        <extensions>
          <ns3:TrackPointExtension>
            <ns3:atemp>29.0</ns3:atemp>
            <ns3:hr>114</ns3:hr>
          </ns3:TrackPointExtension>
        </extensions>
      </trkpt>
      <trkpt lat="24.50160593725740909576416015625" lon="118.1558896601200103759765625">
        <ele>36.59999847412109375</ele>
        <time>2026-09-17T09:44:24.000Z</time>
        <extensions>
          <ns3:TrackPointExtension>
            <ns3:atemp>28.0</ns3:atemp>
            <ns3:hr>113</ns3:hr>
          </ns3:TrackPointExtension>
        </extensions>
      </trkpt>
      <trkpt lat="24.501593112945556640625" lon="118.15583475865423679351806640625">
        <ele>36.59999847412109375</ele>
        <time>2026-09-17T09:44:25.000Z</time>
        <extensions>
          <ns3:TrackPointExtension>
            <ns3:atemp>28.0</ns3:atemp>
            <ns3:hr>113</ns3:hr>
          </ns3:TrackPointExtension>
        </extensions>
      </trkpt>
      <trkpt lat="24.5015848986804485321044921875" lon="118.15577491186559200286865234375">
        <ele>36.59999847412109375</ele>
        <time>2026-09-17T09:44:26.000Z</time>
        <extensions>
          <ns3:TrackPointExtension>
            <ns3:atemp>28.0</ns3:atemp>
            <ns3:hr>113</ns3:hr>
          </ns3:TrackPointExtension>
        </extensions>
      </trkpt>
      <trkpt lat="24.5015738345682621002197265625" lon="118.15565991215407848358154296875">
        <ele>36.40000152587890625</ele>
        <time>2026-09-17T09:44:28.000Z</time>
        <extensions>
          <ns3:TrackPointExtension>
            <ns3:atemp>28.0</ns3:atemp>
            <ns3:hr>114</ns3:hr>
          </ns3:TrackPointExtension>
        </extensions>
      </trkpt>
      <trkpt lat="24.50157928280532360076904296875" lon="118.15552831627428531646728515625">
        <ele>36.40000152587890625</ele>
        <time>2026-09-17T09:44:30.000Z</time>
        <extensions>
          <ns3:TrackPointExtension>
            <ns3:atemp>28.0</ns3:atemp>
            <ns3:hr>114</ns3:hr>
          </ns3:TrackPointExtension>
        </extensions>
      </trkpt>
      <trkpt lat="24.5015976391732692718505859375" lon="118.15526512451469898223876953125">
        <ele>36</ele>
        <time>2026-09-17T09:44:34.000Z</time>
        <extensions>
          <ns3:TrackPointExtension>
            <ns3:atemp>28.0</ns3:atemp>
            <ns3:hr>112</ns3:hr>
          </ns3:TrackPointExtension>
        </extensions>
      </trkpt>
      <trkpt lat="24.5015703141689300537109375" lon="118.154914341866970062255859375">
        <ele>35.200000762939453125</ele>
        <time>2026-09-17T09:44:39.000Z</time>
        <extensions>
          <ns3:TrackPointExtension>
            <ns3:atemp>28.0</ns3:atemp>
            <ns3:hr>111</ns3:hr>
          </ns3:TrackPointExtension>
        </extensions>
      </trkpt>
      <trkpt lat="24.5015486888587474822998046875" lon="118.15484535880386829376220703125">
        <ele>35.200000762939453125</ele>
        <time>2026-09-17T09:44:40.000Z</time>
        <extensions>
          <ns3:TrackPointExtension>
            <ns3:atemp>28.0</ns3:atemp>
            <ns3:hr>110</ns3:hr>
          </ns3:TrackPointExtension>
        </extensions>
      </trkpt>
      <trkpt lat="24.501480124890804290771484375" lon="118.15472222864627838134765625">
        <ele>34.799999237060546875</ele>
        <time>2026-09-17T09:44:42.000Z</time>
        <extensions>
          <ns3:TrackPointExtension>
            <ns3:atemp>28.0</ns3:atemp>
            <ns3:hr>109</ns3:hr>
          </ns3:TrackPointExtension>
        </extensions>
      </trkpt>
      <trkpt lat="24.50143863447010517120361328125" lon="118.15466992557048797607421875">
        <ele>34.59999847412109375</ele>
        <time>2026-09-17T09:44:43.000Z</time>
        <extensions>
          <ns3:TrackPointExtension>
            <ns3:atemp>28.0</ns3:atemp>
            <ns3:hr>108</ns3:hr>
          </ns3:TrackPointExtension>
        </extensions>
      </trkpt>
      <trkpt lat="24.50139186345040798187255859375" lon="118.1546261720359325408935546875">
        <ele>34.40000152587890625</ele>
        <time>2026-09-17T09:44:44.000Z</time>
        <extensions>
          <ns3:TrackPointExtension>
            <ns3:atemp>28.0</ns3:atemp>
            <ns3:hr>107</ns3:hr>
          </ns3:TrackPointExtension>
        </extensions>
      </trkpt>
      <trkpt lat="24.50129044242203235626220703125" lon="118.15454922616481781005859375">
        <ele>34.200000762939453125</ele>
        <time>2026-09-17T09:44:46.000Z</time>
        <extensions>
          <ns3:TrackPointExtension>
            <ns3:atemp>28.0</ns3:atemp>
            <ns3:hr>105</ns3:hr>
          </ns3:TrackPointExtension>
        </extensions>
      </trkpt>
      <trkpt lat="24.50123612768948078155517578125" lon="118.15451779402792453765869140625">
        <ele>34</ele>
        <time>2026-09-17T09:44:47.000Z</time>
        <extensions>
          <ns3:TrackPointExtension>
            <ns3:atemp>28.0</ns3:atemp>
            <ns3:hr>104</ns3:hr>
          </ns3:TrackPointExtension>
        </extensions>
      </trkpt>
      <trkpt lat="24.50113135389983654022216796875" lon="118.154466412961483001708984375">
        <ele>34</ele>
        <time>2026-09-17T09:44:49.000Z</time>
        <extensions>
          <ns3:TrackPointExtension>
            <ns3:atemp>28.0</ns3:atemp>
            <ns3:hr>104</ns3:hr>
          </ns3:TrackPointExtension>
        </extensions>
      </trkpt>
      <trkpt lat="24.5010400749742984771728515625" lon="118.15441913902759552001953125">
        <ele>34</ele>
        <time>2026-09-17T09:44:51.000Z</time>
        <extensions>
          <ns3:TrackPointExtension>
            <ns3:atemp>28.0</ns3:atemp>
            <ns3:hr>105</ns3:hr>
          </ns3:TrackPointExtension>
        </extensions>
      </trkpt>
      <trkpt lat="24.50099523179233074188232421875" lon="118.1543951667845249176025390625">
        <ele>33.799999237060546875</ele>
        <time>2026-09-17T09:44:52.000Z</time>
        <extensions>
          <ns3:TrackPointExtension>
            <ns3:atemp>28.0</ns3:atemp>
            <ns3:hr>105</ns3:hr>
          </ns3:TrackPointExtension>
        </extensions>
      </trkpt>
      <trkpt lat="24.500862546265125274658203125" lon="118.15432727336883544921875">
        <ele>33.799999237060546875</ele>
        <time>2026-09-17T09:44:55.000Z</time>
        <extensions>
          <ns3:TrackPointExtension>
            <ns3:atemp>28.0</ns3:atemp>
            <ns3:hr>108</ns3:hr>
          </ns3:TrackPointExtension>
        </extensions>
      </trkpt>
      <trkpt lat="24.50070773251354694366455078125" lon="118.15422375686466693878173828125">
        <ele>33.40000152587890625</ele>
        <time>2026-09-17T09:44:59.000Z</time>
        <extensions>
          <ns3:TrackPointExtension>
            <ns3:atemp>28.0</ns3:atemp>
            <ns3:hr>108</ns3:hr>
          </ns3:TrackPointExtension>
        </extensions>
      </trkpt>
      <trkpt lat="24.5005398429930210113525390625" lon="118.15412166528403759002685546875">
        <ele>33.40000152587890625</ele>
        <time>2026-09-17T09:45:03.000Z</time>
        <extensions>
          <ns3:TrackPointExtension>
            <ns3:atemp>28.0</ns3:atemp>
            <ns3:hr>105</ns3:hr>
          </ns3:TrackPointExtension>
        </extensions>
      </trkpt>
      <trkpt lat="24.5004305429756641387939453125" lon="118.15406265668570995330810546875">
        <ele>33.200000762939453125</ele>
        <time>2026-09-17T09:45:05.000Z</time>
        <extensions>
          <ns3:TrackPointExtension>
            <ns3:atemp>28.0</ns3:atemp>
            <ns3:hr>102</ns3:hr>
          </ns3:TrackPointExtension>
        </extensions>
      </trkpt>
      <trkpt lat="24.50030623935163021087646484375" lon="118.15397850237786769866943359375">
        <ele>33</ele>
        <time>2026-09-17T09:45:08.000Z</time>
        <extensions>
          <ns3:TrackPointExtension>
            <ns3:atemp>28.0</ns3:atemp>
            <ns3:hr>99</ns3:hr>
          </ns3:TrackPointExtension>
        </extensions>
      </trkpt>
      <trkpt lat="24.500253014266490936279296875" lon="118.15393977798521518707275390625">
        <ele>33</ele>
        <time>2026-09-17T09:45:09.000Z</time>
        <extensions>
          <ns3:TrackPointExtension>
            <ns3:atemp>28.0</ns3:atemp>
            <ns3:hr>99</ns3:hr>
          </ns3:TrackPointExtension>
        </extensions>
      </trkpt>
      <trkpt lat="24.5001572929322719573974609375" lon="118.153893090784549713134765625">
        <ele>32.799999237060546875</ele>
        <time>2026-09-17T09:45:11.000Z</time>
        <extensions>
          <ns3:TrackPointExtension>
            <ns3:atemp>28.0</ns3:atemp>
            <ns3:hr>99</ns3:hr>
          </ns3:TrackPointExtension>
        </extensions>
      </trkpt>
      <trkpt lat="24.50010515749454498291015625" lon="118.15386526286602020263671875">
        <ele>32.799999237060546875</ele>
        <time>2026-09-17T09:45:12.000Z</time>
        <extensions>
          <ns3:TrackPointExtension>
            <ns3:atemp>28.0</ns3:atemp>
            <ns3:hr>99</ns3:hr>
          </ns3:TrackPointExtension>
        </extensions>
      </trkpt>
      <trkpt lat="24.4998994655907154083251953125" lon="118.153739534318447113037109375">
        <ele>32.799999237060546875</ele>
        <time>2026-09-17T09:45:17.000Z</time>
        <extensions>
          <ns3:TrackPointExtension>
            <ns3:atemp>28.0</ns3:atemp>
            <ns3:hr>98</ns3:hr>
          </ns3:TrackPointExtension>
        </extensions>
      </trkpt>
      <trkpt lat="24.499862082302570343017578125" lon="118.15372151322662830352783203125">
        <ele>32.799999237060546875</ele>
        <time>2026-09-17T09:45:18.000Z</time>
        <extensions>
          <ns3:TrackPointExtension>
            <ns3:atemp>28.0</ns3:atemp>
            <ns3:hr>98</ns3:hr>
          </ns3:TrackPointExtension>
        </extensions>
      </trkpt>
      <trkpt lat="24.49981908313930034637451171875" lon="118.1536880694329738616943359375">
        <ele>32.799999237060546875</ele>
        <time>2026-09-17T09:45:19.000Z</time>
        <extensions>
          <ns3:TrackPointExtension>
            <ns3:atemp>28.0</ns3:atemp>
            <ns3:hr>98</ns3:hr>
          </ns3:TrackPointExtension>
        </extensions>
      </trkpt>
      <trkpt lat="24.4996986351907253265380859375" lon="118.15362176857888698577880859375">
        <ele>32.799999237060546875</ele>
        <time>2026-09-17T09:45:21.000Z</time>
        <extensions>
          <ns3:TrackPointExtension>
            <ns3:atemp>28.0</ns3:atemp>
            <ns3:hr>98</ns3:hr>
          </ns3:TrackPointExtension>
        </extensions>
      </trkpt>
      <trkpt lat="24.499631412327289581298828125" lon="118.1535802781581878662109375">
        <ele>33</ele>
        <time>2026-09-17T09:45:22.000Z</time>
        <extensions>
          <ns3:TrackPointExtension>
            <ns3:atemp>28.0</ns3:atemp>
            <ns3:hr>98</ns3:hr>
          </ns3:TrackPointExtension>
        </extensions>
      </trkpt>
      <trkpt lat="24.49956226162612438201904296875" lon="118.1535465829074382781982421875">
        <ele>33</ele>
        <time>2026-09-17T09:45:23.000Z</time>
        <extensions>
          <ns3:TrackPointExtension>
            <ns3:atemp>28.0</ns3:atemp>
            <ns3:hr>98</ns3:hr>
          </ns3:TrackPointExtension>
        </extensions>
      </trkpt>
      <trkpt lat="24.49948598630726337432861328125" lon="118.15347206778824329376220703125">
        <ele>33.200000762939453125</ele>
        <time>2026-09-17T09:45:25.000Z</time>
        <extensions>
          <ns3:TrackPointExtension>
            <ns3:atemp>28.0</ns3:atemp>
            <ns3:hr>99</ns3:hr>
          </ns3:TrackPointExtension>
        </extensions>
      </trkpt>
      <trkpt lat="24.499460756778717041015625" lon="118.15343535505235195159912109375">
        <ele>33.200000762939453125</ele>
        <time>2026-09-17T09:45:26.000Z</time>
        <extensions>
          <ns3:TrackPointExtension>
            <ns3:atemp>28.0</ns3:atemp>
            <ns3:hr>99</ns3:hr>
          </ns3:TrackPointExtension>
        </extensions>
      </trkpt>
      <trkpt lat="24.49924861080944538116455078125" lon="118.15324366092681884765625">
        <ele>32.799999237060546875</ele>
        <time>2026-09-17T09:45:30.000Z</time>
        <extensions>
          <ns3:TrackPointExtension>
            <ns3:atemp>28.0</ns3:atemp>
            <ns3:hr>100</ns3:hr>
          </ns3:TrackPointExtension>
        </extensions>
      </trkpt>
      <trkpt lat="24.49912615120410919189453125" lon="118.1532317586243152618408203125">
        <ele>32.59999847412109375</ele>
        <time>2026-09-17T09:45:32.000Z</time>
        <extensions>
          <ns3:TrackPointExtension>
            <ns3:atemp>28.0</ns3:atemp>
            <ns3:hr>100</ns3:hr>
          </ns3:TrackPointExtension>
        </extensions>
      </trkpt>
      <trkpt lat="24.499072171747684478759765625" lon="118.15321750938892364501953125">
        <ele>32.59999847412109375</ele>
        <time>2026-09-17T09:45:33.000Z</time>
        <extensions>
          <ns3:TrackPointExtension>
            <ns3:atemp>28.0</ns3:atemp>
            <ns3:hr>100</ns3:hr>
          </ns3:TrackPointExtension>
        </extensions>
      </trkpt>
      <trkpt lat="24.49900167994201183319091796875" lon="118.15322061069309711456298828125">
        <ele>32.59999847412109375</ele>
        <time>2026-09-17T09:45:34.000Z</time>
        <extensions>
          <ns3:TrackPointExtension>
            <ns3:atemp>28.0</ns3:atemp>
            <ns3:hr>100</ns3:hr>
          </ns3:TrackPointExtension>
        </extensions>
      </trkpt>
      <trkpt lat="24.4988705031573772430419921875" lon="118.1531657092273235321044921875">
        <ele>32.40000152587890625</ele>
        <time>2026-09-17T09:45:36.000Z</time>
        <extensions>
          <ns3:TrackPointExtension>
            <ns3:atemp>28.0</ns3:atemp>
            <ns3:hr>100</ns3:hr>
          </ns3:TrackPointExtension>
        </extensions>
      </trkpt>
      <trkpt lat="24.49848636053502559661865234375" lon="118.1528528966009616851806640625">
        <ele>31.3999996185302734375</ele>
        <time>2026-09-17T09:45:43.000Z</time>
        <extensions>
          <ns3:TrackPointExtension>
            <ns3:atemp>28.0</ns3:atemp>
            <ns3:hr>101</ns3:hr>
          </ns3:TrackPointExtension>
        </extensions>
      </trkpt>
      <trkpt lat="24.4983275234699249267578125" lon="118.15268064849078655242919921875">
        <ele>31.3999996185302734375</ele>
        <time>2026-09-17T09:45:47.000Z</time>
        <extensions>
          <ns3:TrackPointExtension>
            <ns3:atemp>28.0</ns3:atemp>
            <ns3:hr>104</ns3:hr>
          </ns3:TrackPointExtension>
        </extensions>
      </trkpt>
      <trkpt lat="24.49825384654104709625244140625" lon="118.15258006565272808074951171875">
        <ele>31.3999996185302734375</ele>
        <time>2026-09-17T09:45:49.000Z</time>
        <extensions>
          <ns3:TrackPointExtension>
            <ns3:atemp>28.0</ns3:atemp>
            <ns3:hr>104</ns3:hr>
          </ns3:TrackPointExtension>
        </extensions>
      </trkpt>
      <trkpt lat="24.4982361607253551483154296875" lon="118.15253094770014286041259765625">
        <ele>31.3999996185302734375</ele>
        <time>2026-09-17T09:45:50.000Z</time>
        <extensions>
          <ns3:TrackPointExtension>
            <ns3:atemp>28.0</ns3:atemp>
            <ns3:hr>104</ns3:hr>
          </ns3:TrackPointExtension>
        </extensions>
      </trkpt>
      <trkpt lat="24.49821830727159976959228515625" lon="118.152457438409328460693359375">
        <ele>31.3999996185302734375</ele>
        <time>2026-09-17T09:45:51.000Z</time>
        <extensions>
          <ns3:TrackPointExtension>
            <ns3:atemp>28.0</ns3:atemp>
            <ns3:hr>104</ns3:hr>
          </ns3:TrackPointExtension>
        </extensions>
      </trkpt>
      <trkpt lat="24.498211853206157684326171875" lon="118.15232693217694759368896484375">
        <ele>31.3999996185302734375</ele>
        <time>2026-09-17T09:45:53.000Z</time>
        <extensions>
          <ns3:TrackPointExtension>
            <ns3:atemp>28.0</ns3:atemp>
            <ns3:hr>103</ns3:hr>
          </ns3:TrackPointExtension>
        </extensions>
      </trkpt>
      <trkpt lat="24.49822199530899524688720703125" lon="118.15227882005274295806884765625">
        <ele>31.3999996185302734375</ele>
        <time>2026-09-17T09:45:54.000Z</time>
        <extensions>
          <ns3:TrackPointExtension>
            <ns3:atemp>28.0</ns3:atemp>
            <ns3:hr>103</ns3:hr>
          </ns3:TrackPointExtension>
        </extensions>
      </trkpt>
      <trkpt lat="24.49821596033871173858642578125" lon="118.15208938904106616973876953125">
        <ele>31.3999996185302734375</ele>
        <time>2026-09-17T09:45:57.000Z</time>
        <extensions>
          <ns3:TrackPointExtension>
            <ns3:atemp>28.0</ns3:atemp>
            <ns3:hr>103</ns3:hr>
          </ns3:TrackPointExtension>
        </extensions>
      </trkpt>
      <trkpt lat="24.49819148518145084381103515625" lon="118.15203574486076831817626953125">
        <ele>31.3999996185302734375</ele>
        <time>2026-09-17T09:45:59.000Z</time>
        <extensions>
          <ns3:TrackPointExtension>
            <ns3:atemp>28.0</ns3:atemp>
            <ns3:hr>103</ns3:hr>
          </ns3:TrackPointExtension>
        </extensions>
      </trkpt>
      <trkpt lat="24.49808822013437747955322265625" lon="118.15188235603272914886474609375">
        <ele>31.6000003814697265625</ele>
        <time>2026-09-17T09:46:04.000Z</time>
        <extensions>
          <ns3:TrackPointExtension>
            <ns3:atemp>28.0</ns3:atemp>
            <ns3:hr>105</ns3:hr>
          </ns3:TrackPointExtension>
        </extensions>
      </trkpt>
      <trkpt lat="24.4980551116168498992919921875" lon="118.151831142604351043701171875">
        <ele>32</ele>
        <time>2026-09-17T09:46:08.000Z</time>
        <extensions>
          <ns3:TrackPointExtension>
            <ns3:atemp>28.0</ns3:atemp>
            <ns3:hr>105</ns3:hr>
          </ns3:TrackPointExtension>
        </extensions>
      </trkpt>
      <trkpt lat="24.49802468530833721160888671875" lon="118.1517377682030200958251953125">
        <ele>32</ele>
        <time>2026-09-17T09:46:14.000Z</time>
        <extensions>
          <ns3:TrackPointExtension>
            <ns3:atemp>28.0</ns3:atemp>
            <ns3:hr>106</ns3:hr>
          </ns3:TrackPointExtension>
        </extensions>
      </trkpt>
      <trkpt lat="24.49796433560550212860107421875" lon="118.151627965271472930908203125">
        <ele>31.799999237060546875</ele>
        <time>2026-09-17T09:46:17.000Z</time>
        <extensions>
          <ns3:TrackPointExtension>
            <ns3:atemp>28.0</ns3:atemp>
            <ns3:hr>107</ns3:hr>
          </ns3:TrackPointExtension>
        </extensions>
      </trkpt>
      <trkpt lat="24.49788655154407024383544921875" lon="118.1515329144895076751708984375">
        <ele>31.6000003814697265625</ele>
        <time>2026-09-17T09:46:19.000Z</time>
        <extensions>
          <ns3:TrackPointExtension>
            <ns3:atemp>28.0</ns3:atemp>
            <ns3:hr>108</ns3:hr>
          </ns3:TrackPointExtension>
        </extensions>
      </trkpt>
      <trkpt lat="24.49774439446628093719482421875" lon="118.15131238661706447601318359375">
        <ele>31.200000762939453125</ele>
        <time>2026-09-17T09:46:23.000Z</time>
        <extensions>
          <ns3:TrackPointExtension>
            <ns3:atemp>28.0</ns3:atemp>
            <ns3:hr>108</ns3:hr>
          </ns3:TrackPointExtension>
        </extensions>
      </trkpt>
      <trkpt lat="24.497670046985149383544921875" lon="118.151186741888523101806640625">
        <ele>30.799999237060546875</ele>
        <time>2026-09-17T09:46:26.000Z</time>
        <extensions>
          <ns3:TrackPointExtension>
            <ns3:atemp>28.0</ns3:atemp>
            <ns3:hr>105</ns3:hr>
          </ns3:TrackPointExtension>
        </extensions>
      </trkpt>
      <trkpt lat="24.4976081885397434234619140625" lon="118.151094205677509307861328125">
        <ele>30.6000003814697265625</ele>
        <time>2026-09-17T09:46:28.000Z</time>
        <extensions>
          <ns3:TrackPointExtension>
            <ns3:atemp>28.0</ns3:atemp>
            <ns3:hr>105</ns3:hr>
          </ns3:TrackPointExtension>
        </extensions>
      </trkpt>
      <trkpt lat="24.49754892848432064056396484375" lon="118.15099270083010196685791015625">
        <ele>30.6000003814697265625</ele>
        <time>2026-09-17T09:46:30.000Z</time>
        <extensions>
          <ns3:TrackPointExtension>
            <ns3:atemp>28.0</ns3:atemp>
            <ns3:hr>102</ns3:hr>
          </ns3:TrackPointExtension>
        </extensions>
      </trkpt>
      <trkpt lat="24.49751942418515682220458984375" lon="118.1509522162377834320068359375">
        <ele>30.6000003814697265625</ele>
        <time>2026-09-17T09:46:31.000Z</time>
        <extensions>
          <ns3:TrackPointExtension>
            <ns3:atemp>28.0</ns3:atemp>
            <ns3:hr>101</ns3:hr>
          </ns3:TrackPointExtension>
        </extensions>
      </trkpt>
      <trkpt lat="24.4974861480295658111572265625" lon="118.1508955545723438262939453125">
        <ele>30.3999996185302734375</ele>
        <time>2026-09-17T09:46:32.000Z</time>
        <extensions>
          <ns3:TrackPointExtension>
            <ns3:atemp>28.0</ns3:atemp>
            <ns3:hr>101</ns3:hr>
          </ns3:TrackPointExtension>
        </extensions>
      </trkpt>
      <trkpt lat="24.49744842946529388427734375" lon="118.1508445926010608673095703125">
        <ele>30.3999996185302734375</ele>
        <time>2026-09-17T09:46:33.000Z</time>
        <extensions>
          <ns3:TrackPointExtension>
            <ns3:atemp>28.0</ns3:atemp>
            <ns3:hr>101</ns3:hr>
          </ns3:TrackPointExtension>
        </extensions>
      </trkpt>
      <trkpt lat="24.49740543030202388763427734375" lon="118.150802515447139739990234375">
        <ele>30.3999996185302734375</ele>
        <time>2026-09-17T09:46:34.000Z</time>
        <extensions>
          <ns3:TrackPointExtension>
            <ns3:atemp>28.0</ns3:atemp>
            <ns3:hr>101</ns3:hr>
          </ns3:TrackPointExtension>
        </extensions>
      </trkpt>
      <trkpt lat="24.49737944640219211578369140625" lon="118.15077963285148143768310546875">
        <ele>30.3999996185302734375</ele>
        <time>2026-09-17T09:46:35.000Z</time>
        <extensions>
          <ns3:TrackPointExtension>
            <ns3:atemp>28.0</ns3:atemp>
            <ns3:hr>101</ns3:hr>
          </ns3:TrackPointExtension>
        </extensions>
      </trkpt>
      <trkpt lat="24.497387744486331939697265625" lon="118.15078876912593841552734375">
        <ele>30.3999996185302734375</ele>
        <time>2026-09-17T09:46:37.000Z</time>
        <extensions>
          <ns3:TrackPointExtension>
            <ns3:atemp>28.0</ns3:atemp>
            <ns3:hr>100</ns3:hr>
          </ns3:TrackPointExtension>
        </extensions>
      </trkpt>
      <trkpt lat="24.49730400927364826202392578125" lon="118.150731436908245086669921875">
        <ele>30.799999237060546875</ele>
        <time>2026-09-17T09:46:42.000Z</time>
        <extensions>
          <ns3:TrackPointExtension>
            <ns3:atemp>28.0</ns3:atemp>
            <ns3:hr>99</ns3:hr>
          </ns3:TrackPointExtension>
        </extensions>
      </trkpt>
      <trkpt lat="24.49713100679218769073486328125" lon="118.15058969892561435699462890625">
        <ele>30.6000003814697265625</ele>
        <time>2026-09-17T09:46:45.000Z</time>
        <extensions>
          <ns3:TrackPointExtension>
            <ns3:atemp>28.0</ns3:atemp>
            <ns3:hr>101</ns3:hr>
          </ns3:TrackPointExtension>
        </extensions>
      </trkpt>
      <trkpt lat="24.4968266598880290985107421875" lon="118.1503138504922389984130859375">
        <ele>30.3999996185302734375</ele>
        <time>2026-09-17T09:46:51.000Z</time>
        <extensions>
          <ns3:TrackPointExtension>
            <ns3:atemp>28.0</ns3:atemp>
            <ns3:hr>101</ns3:hr>
          </ns3:TrackPointExtension>
        </extensions>
      </trkpt>
      <trkpt lat="24.496479146182537078857421875" lon="118.15009416081011295318603515625">
        <ele>30</ele>
        <time>2026-09-17T09:46:57.000Z</time>
        <extensions>
          <ns3:TrackPointExtension>
            <ns3:atemp>28.0</ns3:atemp>
            <ns3:hr>101</ns3:hr>
          </ns3:TrackPointExtension>
        </extensions>
      </trkpt>
      <trkpt lat="24.49622374959290027618408203125" lon="118.14998888410627841949462890625">
        <ele>29.799999237060546875</ele>
        <time>2026-09-17T09:47:02.000Z</time>
        <extensions>
          <ns3:TrackPointExtension>
            <ns3:atemp>28.0</ns3:atemp>
            <ns3:hr>101</ns3:hr>
          </ns3:TrackPointExtension>
        </extensions>
      </trkpt>
      <trkpt lat="24.496084190905094146728515625" lon="118.14991344697773456573486328125">
        <ele>30</ele>
        <time>2026-09-17T09:47:06.000Z</time>
        <extensions>
          <ns3:TrackPointExtension>
            <ns3:atemp>28.0</ns3:atemp>
            <ns3:hr>101</ns3:hr>
          </ns3:TrackPointExtension>
        </extensions>
      </trkpt>
      <trkpt lat="24.49609391391277313232421875" lon="118.1499168835580348968505859375">
        <ele>30</ele>
        <time>2026-09-17T09:47:09.000Z</time>
        <extensions>
          <ns3:TrackPointExtension>
            <ns3:atemp>28.0</ns3:atemp>
            <ns3:hr>101</ns3:hr>
          </ns3:TrackPointExtension>
        </extensions>
      </trkpt>
      <trkpt lat="24.49604555033147335052490234375" lon="118.1499182246625423431396484375">
        <ele>29.799999237060546875</ele>
        <time>2026-09-17T09:47:14.000Z</time>
        <extensions>
          <ns3:TrackPointExtension>
            <ns3:atemp>28.0</ns3:atemp>
            <ns3:hr>102</ns3:hr>
          </ns3:TrackPointExtension>
        </extensions>
      </trkpt>
      <trkpt lat="24.4960387609899044036865234375" lon="118.1499235890805721282958984375">
        <ele>29.799999237060546875</ele>
        <time>2026-09-17T09:47:16.000Z</time>
        <extensions>
          <ns3:TrackPointExtension>
            <ns3:atemp>28.0</ns3:atemp>
            <ns3:hr>102</ns3:hr>
          </ns3:TrackPointExtension>
        </extensions>
      </trkpt>
      <trkpt lat="24.4960394315421581268310546875" lon="118.149926103651523590087890625">
        <ele>29.799999237060546875</ele>
        <time>2026-09-17T09:47:17.000Z</time>
        <extensions>
          <ns3:TrackPointExtension>
            <ns3:atemp>28.0</ns3:atemp>
            <ns3:hr>103</ns3:hr>
          </ns3:TrackPointExtension>
        </extensions>
      </trkpt>
      <trkpt lat="24.4959926605224609375" lon="118.14993859268724918365478515625">
        <ele>30</ele>
        <time>2026-09-17T09:47:19.000Z</time>
        <extensions>
          <ns3:TrackPointExtension>
            <ns3:atemp>28.0</ns3:atemp>
            <ns3:hr>104</ns3:hr>
          </ns3:TrackPointExtension>
        </extensions>
      </trkpt>
      <trkpt lat="24.49570105411112308502197265625" lon="118.14992400817573070526123046875">
        <ele>29.799999237060546875</ele>
        <time>2026-09-17T09:47:24.000Z</time>
        <extensions>
          <ns3:TrackPointExtension>
            <ns3:atemp>28.0</ns3:atemp>
            <ns3:hr>105</ns3:hr>
          </ns3:TrackPointExtension>
        </extensions>
      </trkpt>
      <trkpt lat="24.4955881498754024505615234375" lon="118.14992845058441162109375">
        <ele>29.799999237060546875</ele>
        <time>2026-09-17T09:47:26.000Z</time>
        <extensions>
          <ns3:TrackPointExtension>
            <ns3:atemp>28.0</ns3:atemp>
            <ns3:hr>107</ns3:hr>
          </ns3:TrackPointExtension>
        </extensions>
      </trkpt>
      <trkpt lat="24.49517450295388698577880859375" lon="118.1499029695987701416015625">
        <ele>29.6000003814697265625</ele>
        <time>2026-09-17T09:47:31.000Z</time>
        <extensions>
          <ns3:TrackPointExtension>
            <ns3:atemp>28.0</ns3:atemp>
            <ns3:hr>110</ns3:hr>
          </ns3:TrackPointExtension>
        </extensions>
      </trkpt>
      <trkpt lat="24.49504005722701549530029296875" lon="118.14986047334969043731689453125">
        <ele>29.6000003814697265625</ele>
        <time>2026-09-17T09:47:33.000Z</time>
        <extensions>
          <ns3:TrackPointExtension>
            <ns3:atemp>28.0</ns3:atemp>
            <ns3:hr>113</ns3:hr>
          </ns3:TrackPointExtension>
        </extensions>
      </trkpt>
      <trkpt lat="24.49476244859397411346435546875" lon="118.14982987940311431884765625">
        <ele>29.3999996185302734375</ele>
        <time>2026-09-17T09:47:37.000Z</time>
        <extensions>
          <ns3:TrackPointExtension>
            <ns3:atemp>28.0</ns3:atemp>
            <ns3:hr>117</ns3:hr>
          </ns3:TrackPointExtension>
        </extensions>
      </trkpt>
      <trkpt lat="24.494723975658416748046875" lon="118.149832226336002349853515625">
        <ele>29.3999996185302734375</ele>
        <time>2026-09-17T09:47:38.000Z</time>
        <extensions>
          <ns3:TrackPointExtension>
            <ns3:atemp>28.0</ns3:atemp>
            <ns3:hr>114</ns3:hr>
          </ns3:TrackPointExtension>
        </extensions>
      </trkpt>
      <trkpt lat="24.49464795179665088653564453125" lon="118.14983231015503406524658203125">
        <ele>29.3999996185302734375</ele>
        <time>2026-09-17T09:47:39.000Z</time>
        <extensions>
          <ns3:TrackPointExtension>
            <ns3:atemp>28.0</ns3:atemp>
            <ns3:hr>115</ns3:hr>
          </ns3:TrackPointExtension>
        </extensions>
      </trkpt>
      <trkpt lat="24.49419650249183177947998046875" lon="118.14973692409694194793701171875">
        <ele>29.3999996185302734375</ele>
        <time>2026-09-17T09:47:46.000Z</time>
        <extensions>
          <ns3:TrackPointExtension>
            <ns3:atemp>28.0</ns3:atemp>
            <ns3:hr>114</ns3:hr>
          </ns3:TrackPointExtension>
        </extensions>
      </trkpt>
      <trkpt lat="24.49397002346813678741455078125" lon="118.149731643497943878173828125">
        <ele>29.3999996185302734375</ele>
        <time>2026-09-17T09:47:50.000Z</time>
        <extensions>
          <ns3:TrackPointExtension>
            <ns3:atemp>28.0</ns3:atemp>
            <ns3:hr>116</ns3:hr>
          </ns3:TrackPointExtension>
        </extensions>
      </trkpt>
      <trkpt lat="24.49382149614393711090087890625" lon="118.14975745975971221923828125">
        <ele>29.3999996185302734375</ele>
        <time>2026-09-17T09:47:54.000Z</time>
        <extensions>
          <ns3:TrackPointExtension>
            <ns3:atemp>28.0</ns3:atemp>
            <ns3:hr>120</ns3:hr>
          </ns3:TrackPointExtension>
        </extensions>
      </trkpt>
      <trkpt lat="24.49343048036098480224609375" lon="118.14965729601681232452392578125">
        <ele>29.200000762939453125</ele>
        <time>2026-09-17T09:48:00.000Z</time>
        <extensions>
          <ns3:TrackPointExtension>
            <ns3:atemp>28.0</ns3:atemp>
            <ns3:hr>122</ns3:hr>
          </ns3:TrackPointExtension>
        </extensions>
      </trkpt>
      <trkpt lat="24.4932133890688419342041015625" lon="118.149582110345363616943359375">
        <ele>29</ele>
        <time>2026-09-17T09:48:04.000Z</time>
        <extensions>
          <ns3:TrackPointExtension>
            <ns3:atemp>28.0</ns3:atemp>
            <ns3:hr>121</ns3:hr>
          </ns3:TrackPointExtension>
        </extensions>
      </trkpt>
      <trkpt lat="24.49301205575466156005859375" lon="118.14960331656038761138916015625">
        <ele>29.200000762939453125</ele>
        <time>2026-09-17T09:48:08.000Z</time>
        <extensions>
          <ns3:TrackPointExtension>
            <ns3:atemp>28.0</ns3:atemp>
            <ns3:hr>119</ns3:hr>
          </ns3:TrackPointExtension>
        </extensions>
      </trkpt>
      <trkpt lat="24.4928113929927349090576171875" lon="118.1496080942451953887939453125">
        <ele>29.3999996185302734375</ele>
        <time>2026-09-17T09:48:12.000Z</time>
        <extensions>
          <ns3:TrackPointExtension>
            <ns3:atemp>28.0</ns3:atemp>
            <ns3:hr>118</ns3:hr>
          </ns3:TrackPointExtension>
        </extensions>
      </trkpt>
      <trkpt lat="24.49254426173865795135498046875" lon="118.14954028464853763580322265625">
        <ele>29.200000762939453125</ele>
        <time>2026-09-17T09:48:17.000Z</time>
        <extensions>
          <ns3:TrackPointExtension>
            <ns3:atemp>28.0</ns3:atemp>
            <ns3:hr>118</ns3:hr>
          </ns3:TrackPointExtension>
        </extensions>
      </trkpt>
      <trkpt lat="24.4923741929233074188232421875" lon="118.1494947709143161773681640625">
        <ele>29.200000762939453125</ele>
        <time>2026-09-17T09:48:21.000Z</time>
        <extensions>
          <ns3:TrackPointExtension>
            <ns3:atemp>28.0</ns3:atemp>
            <ns3:hr>118</ns3:hr>
          </ns3:TrackPointExtension>
        </extensions>
      </trkpt>
      <trkpt lat="24.49215316213667392730712890625" lon="118.1494927592575550079345703125">
        <ele>28.6000003814697265625</ele>
        <time>2026-09-17T09:48:26.000Z</time>
        <extensions>
          <ns3:TrackPointExtension>
            <ns3:atemp>28.0</ns3:atemp>
            <ns3:hr>115</ns3:hr>
          </ns3:TrackPointExtension>
        </extensions>
      </trkpt>
      <trkpt lat="24.49200061149895191192626953125" lon="118.14941908232867717742919921875">
        <ele>28.6000003814697265625</ele>
        <time>2026-09-17T09:48:29.000Z</time>
        <extensions>
          <ns3:TrackPointExtension>
            <ns3:atemp>28.0</ns3:atemp>
            <ns3:hr>114</ns3:hr>
          </ns3:TrackPointExtension>
        </extensions>
      </trkpt>
      <trkpt lat="24.491898603737354278564453125" lon="118.1493987143039703369140625">
        <ele>28.6000003814697265625</ele>
        <time>2026-09-17T09:48:31.000Z</time>
        <extensions>
          <ns3:TrackPointExtension>
            <ns3:atemp>28.0</ns3:atemp>
            <ns3:hr>111</ns3:hr>
          </ns3:TrackPointExtension>
        </extensions>
      </trkpt>
      <trkpt lat="24.491832219064235687255859375" lon="118.14939670264720916748046875">
        <ele>28.6000003814697265625</ele>
        <time>2026-09-17T09:48:33.000Z</time>
        <extensions>
          <ns3:TrackPointExtension>
            <ns3:atemp>28.0</ns3:atemp>
            <ns3:hr>108</ns3:hr>
          </ns3:TrackPointExtension>
        </extensions>
      </trkpt>
      <trkpt lat="24.49176139198243618011474609375" lon="118.14936812035739421844482421875">
        <ele>28.6000003814697265625</ele>
        <time>2026-09-17T09:48:34.000Z</time>
        <extensions>
          <ns3:TrackPointExtension>
            <ns3:atemp>28.0</ns3:atemp>
            <ns3:hr>108</ns3:hr>
          </ns3:TrackPointExtension>
        </extensions>
      </trkpt>
      <trkpt lat="24.4917051494121551513671875" lon="118.14932872541248798370361328125">
        <ele>28.6000003814697265625</ele>
        <time>2026-09-17T09:48:38.000Z</time>
        <extensions>
          <ns3:TrackPointExtension>
            <ns3:atemp>28.0</ns3:atemp>
            <ns3:hr>107</ns3:hr>
          </ns3:TrackPointExtension>
        </extensions>
      </trkpt>
      <trkpt lat="24.4916412793099880218505859375" lon="118.14921992830932140350341796875">
        <ele>28.6000003814697265625</ele>
        <time>2026-09-17T09:48:40.000Z</time>
        <extensions>
          <ns3:TrackPointExtension>
            <ns3:atemp>28.0</ns3:atemp>
            <ns3:hr>107</ns3:hr>
          </ns3:TrackPointExtension>
        </extensions>
      </trkpt>
      <trkpt lat="24.49159316718578338623046875" lon="118.1491048447787761688232421875">
        <ele>28.3999996185302734375</ele>
        <time>2026-09-17T09:48:42.000Z</time>
        <extensions>
          <ns3:TrackPointExtension>
            <ns3:atemp>28.0</ns3:atemp>
            <ns3:hr>107</ns3:hr>
          </ns3:TrackPointExtension>
        </extensions>
      </trkpt>
      <trkpt lat="24.49155050329864025115966796875" lon="118.1489831395447254180908203125">
        <ele>28.3999996185302734375</ele>
        <time>2026-09-17T09:48:44.000Z</time>
        <extensions>
          <ns3:TrackPointExtension>
            <ns3:atemp>28.0</ns3:atemp>
            <ns3:hr>107</ns3:hr>
          </ns3:TrackPointExtension>
        </extensions>
      </trkpt>
      <trkpt lat="24.4914746470749378204345703125" lon="118.14890426583588123321533203125">
        <ele>28.3999996185302734375</ele>
        <time>2026-09-17T09:48:46.000Z</time>
        <extensions>
          <ns3:TrackPointExtension>
            <ns3:atemp>28.0</ns3:atemp>
            <ns3:hr>107</ns3:hr>
          </ns3:TrackPointExtension>
        </extensions>
      </trkpt>
      <trkpt lat="24.49135805480182170867919921875" lon="118.1488336063921451568603515625">
        <ele>28.3999996185302734375</ele>
        <time>2026-09-17T09:48:48.000Z</time>
        <extensions>
          <ns3:TrackPointExtension>
            <ns3:atemp>28.0</ns3:atemp>
            <ns3:hr>106</ns3:hr>
          </ns3:TrackPointExtension>
        </extensions>
      </trkpt>
      <trkpt lat="24.49122193269431591033935546875" lon="118.148778788745403289794921875">
        <ele>28.200000762939453125</ele>
        <time>2026-09-17T09:48:50.000Z</time>
        <extensions>
          <ns3:TrackPointExtension>
            <ns3:atemp>28.0</ns3:atemp>
            <ns3:hr>106</ns3:hr>
          </ns3:TrackPointExtension>
        </extensions>
      </trkpt>
      <trkpt lat="24.491110034286975860595703125" lon="118.14873880706727504730224609375">
        <ele>28.3999996185302734375</ele>
        <time>2026-09-17T09:48:52.000Z</time>
        <extensions>
          <ns3:TrackPointExtension>
            <ns3:atemp>28.0</ns3:atemp>
            <ns3:hr>105</ns3:hr>
          </ns3:TrackPointExtension>
        </extensions>
      </trkpt>
      <trkpt lat="24.49094315059483051300048828125" lon="118.148656748235225677490234375">
        <ele>28.200000762939453125</ele>
        <time>2026-09-17T09:48:55.000Z</time>
        <extensions>
          <ns3:TrackPointExtension>
            <ns3:atemp>28.0</ns3:atemp>
            <ns3:hr>103</ns3:hr>
          </ns3:TrackPointExtension>
        </extensions>
      </trkpt>
      <trkpt lat="24.49088313616812229156494140625" lon="118.14863151870667934417724609375">
        <ele>28.200000762939453125</ele>
        <time>2026-09-17T09:48:56.000Z</time>
        <extensions>
          <ns3:TrackPointExtension>
            <ns3:atemp>28.0</ns3:atemp>
            <ns3:hr>103</ns3:hr>
          </ns3:TrackPointExtension>
        </extensions>
      </trkpt>
      <trkpt lat="24.4908275641500949859619140625" lon="118.14862146042287349700927734375">
        <ele>28.200000762939453125</ele>
        <time>2026-09-17T09:48:57.000Z</time>
        <extensions>
          <ns3:TrackPointExtension>
            <ns3:atemp>28.0</ns3:atemp>
            <ns3:hr>102</ns3:hr>
          </ns3:TrackPointExtension>
        </extensions>
      </trkpt>
      <trkpt lat="24.490747265517711639404296875" lon="118.14860721118748188018798828125">
        <ele>28.3999996185302734375</ele>
        <time>2026-09-17T09:48:59.000Z</time>
        <extensions>
          <ns3:TrackPointExtension>
            <ns3:atemp>28.0</ns3:atemp>
            <ns3:hr>102</ns3:hr>
          </ns3:TrackPointExtension>
        </extensions>
      </trkpt>
      <trkpt lat="24.4906994886696338653564453125" lon="118.1486141681671142578125">
        <ele>28.3999996185302734375</ele>
        <time>2026-09-17T09:49:00.000Z</time>
        <extensions>
          <ns3:TrackPointExtension>
            <ns3:atemp>28.0</ns3:atemp>
            <ns3:hr>102</ns3:hr>
          </ns3:TrackPointExtension>
        </extensions>
      </trkpt>
      <trkpt lat="24.49055087752640247344970703125" lon="118.148667812347412109375">
        <ele>28</ele>
        <time>2026-09-17T09:49:03.000Z</time>
        <extensions>
          <ns3:TrackPointExtension>
            <ns3:atemp>28.0</ns3:atemp>
            <ns3:hr>105</ns3:hr>
          </ns3:TrackPointExtension>
        </extensions>
      </trkpt>
      <trkpt lat="24.49045700021088123321533203125" lon="118.1487286649644374847412109375">
        <ele>27.799999237060546875</ele>
        <time>2026-09-17T09:49:05.000Z</time>
        <extensions>
          <ns3:TrackPointExtension>
            <ns3:atemp>28.0</ns3:atemp>
            <ns3:hr>105</ns3:hr>
          </ns3:TrackPointExtension>
        </extensions>
      </trkpt>
      <trkpt lat="24.49040184728801250457763671875" lon="118.14874802716076374053955078125">
        <ele>27.799999237060546875</ele>
        <time>2026-09-17T09:49:06.000Z</time>
        <extensions>
          <ns3:TrackPointExtension>
            <ns3:atemp>28.0</ns3:atemp>
            <ns3:hr>105</ns3:hr>
          </ns3:TrackPointExtension>
        </extensions>
      </trkpt>
      <trkpt lat="24.49028567411005496978759765625" lon="118.148756325244903564453125">
        <ele>27.6000003814697265625</ele>
        <time>2026-09-17T09:49:08.000Z</time>
        <extensions>
          <ns3:TrackPointExtension>
            <ns3:atemp>28.0</ns3:atemp>
            <ns3:hr>104</ns3:hr>
          </ns3:TrackPointExtension>
        </extensions>
      </trkpt>
      <trkpt lat="24.4902352988719940185546875" lon="118.14874626696109771728515625">
        <ele>27.3999996185302734375</ele>
        <time>2026-09-17T09:49:09.000Z</time>
        <extensions>
          <ns3:TrackPointExtension>
            <ns3:atemp>28.0</ns3:atemp>
            <ns3:hr>104</ns3:hr>
          </ns3:TrackPointExtension>
        </extensions>
      </trkpt>
      <trkpt lat="24.490139745175838470458984375" lon="118.14871366135776042938232421875">
        <ele>27.3999996185302734375</ele>
        <time>2026-09-17T09:49:11.000Z</time>
        <extensions>
          <ns3:TrackPointExtension>
            <ns3:atemp>28.0</ns3:atemp>
            <ns3:hr>104</ns3:hr>
          </ns3:TrackPointExtension>
        </extensions>
      </trkpt>
      <trkpt lat="24.49002298526465892791748046875" lon="118.14865632914006710052490234375">
        <ele>27.3999996185302734375</ele>
        <time>2026-09-17T09:49:14.000Z</time>
        <extensions>
          <ns3:TrackPointExtension>
            <ns3:atemp>28.0</ns3:atemp>
            <ns3:hr>103</ns3:hr>
          </ns3:TrackPointExtension>
        </extensions>
      </trkpt>
      <trkpt lat="24.48981293477118015289306640625" lon="118.14854367636144161224365234375">
        <ele>28</ele>
        <time>2026-09-17T09:49:19.000Z</time>
        <extensions>
          <ns3:TrackPointExtension>
            <ns3:atemp>28.0</ns3:atemp>
            <ns3:hr>104</ns3:hr>
          </ns3:TrackPointExtension>
        </extensions>
      </trkpt>
      <trkpt lat="24.4897154532372951507568359375" lon="118.14851383678615093231201171875">
        <ele>28.3999996185302734375</ele>
        <time>2026-09-17T09:49:21.000Z</time>
        <extensions>
          <ns3:TrackPointExtension>
            <ns3:atemp>28.0</ns3:atemp>
            <ns3:hr>104</ns3:hr>
          </ns3:TrackPointExtension>
        </extensions>
      </trkpt>
      <trkpt lat="24.48962585069239139556884765625" lon="118.1484705023467540740966796875">
        <ele>28.3999996185302734375</ele>
        <time>2026-09-17T09:49:24.000Z</time>
        <extensions>
          <ns3:TrackPointExtension>
            <ns3:atemp>28.0</ns3:atemp>
            <ns3:hr>105</ns3:hr>
          </ns3:TrackPointExtension>
        </extensions>
      </trkpt>
      <trkpt lat="24.4894100166857242584228515625" lon="118.148316778242588043212890625">
        <ele>28.799999237060546875</ele>
        <time>2026-09-17T09:49:31.000Z</time>
        <extensions>
          <ns3:TrackPointExtension>
            <ns3:atemp>28.0</ns3:atemp>
            <ns3:hr>108</ns3:hr>
          </ns3:TrackPointExtension>
        </extensions>
      </trkpt>
      <trkpt lat="24.489359892904758453369140625" lon="118.14825969748198986053466796875">
        <ele>29.3999996185302734375</ele>
        <time>2026-09-17T09:49:33.000Z</time>
        <extensions>
          <ns3:TrackPointExtension>
            <ns3:atemp>28.0</ns3:atemp>
            <ns3:hr>108</ns3:hr>
          </ns3:TrackPointExtension>
        </extensions>
      </trkpt>
      <trkpt lat="24.489247240126132965087890625" lon="118.14816950820386409759521484375">
        <ele>29.799999237060546875</ele>
        <time>2026-09-17T09:49:36.000Z</time>
        <extensions>
          <ns3:TrackPointExtension>
            <ns3:atemp>28.0</ns3:atemp>
            <ns3:hr>108</ns3:hr>
          </ns3:TrackPointExtension>
        </extensions>
      </trkpt>
      <trkpt lat="24.48896988295018672943115234375" lon="118.148024082183837890625">
        <ele>30.3999996185302734375</ele>
        <time>2026-09-17T09:49:43.000Z</time>
        <extensions>
          <ns3:TrackPointExtension>
            <ns3:atemp>28.0</ns3:atemp>
            <ns3:hr>108</ns3:hr>
          </ns3:TrackPointExtension>
        </extensions>
      </trkpt>
      <trkpt lat="24.48893249966204166412353515625" lon="118.14801536500453948974609375">
        <ele>30.3999996185302734375</ele>
        <time>2026-09-17T09:49:44.000Z</time>
        <extensions>
          <ns3:TrackPointExtension>
            <ns3:atemp>28.0</ns3:atemp>
            <ns3:hr>107</ns3:hr>
          </ns3:TrackPointExtension>
        </extensions>
      </trkpt>
      <trkpt lat="24.4886874966323375701904296875" lon="118.1479142792522907257080078125">
        <ele>31</ele>
        <time>2026-09-17T09:49:50.000Z</time>
        <extensions>
          <ns3:TrackPointExtension>
            <ns3:atemp>28.0</ns3:atemp>
            <ns3:hr>108</ns3:hr>
          </ns3:TrackPointExtension>
        </extensions>
      </trkpt>
      <trkpt lat="24.48862957768142223358154296875" lon="118.14789089374244213104248046875">
        <ele>31.3999996185302734375</ele>
        <time>2026-09-17T09:49:52.000Z</time>
        <extensions>
          <ns3:TrackPointExtension>
            <ns3:atemp>28.0</ns3:atemp>
            <ns3:hr>108</ns3:hr>
          </ns3:TrackPointExtension>
        </extensions>
      </trkpt>
      <trkpt lat="24.48856763541698455810546875" lon="118.14786641858518123626708984375">
        <ele>31.799999237060546875</ele>
        <time>2026-09-17T09:49:54.000Z</time>
        <extensions>
          <ns3:TrackPointExtension>
            <ns3:atemp>28.0</ns3:atemp>
            <ns3:hr>108</ns3:hr>
          </ns3:TrackPointExtension>
        </extensions>
      </trkpt>
      <trkpt lat="24.4884652085602283477783203125" lon="118.14788938499987125396728515625">
        <ele>32.40000152587890625</ele>
        <time>2026-09-17T09:49:57.000Z</time>
        <extensions>
          <ns3:TrackPointExtension>
            <ns3:atemp>28.0</ns3:atemp>
            <ns3:hr>109</ns3:hr>
          </ns3:TrackPointExtension>
        </extensions>
      </trkpt>
      <trkpt lat="24.48829379864037036895751953125" lon="118.14790648408234119415283203125">
        <ele>33</ele>
        <time>2026-09-17T09:50:01.000Z</time>
        <extensions>
          <ns3:TrackPointExtension>
            <ns3:atemp>28.0</ns3:atemp>
            <ns3:hr>111</ns3:hr>
          </ns3:TrackPointExtension>
        </extensions>
      </trkpt>
      <trkpt lat="24.48818483389914035797119140625" lon="118.14789055846631526947021484375">
        <ele>33.59999847412109375</ele>
        <time>2026-09-17T09:50:05.000Z</time>
        <extensions>
          <ns3:TrackPointExtension>
            <ns3:atemp>28.0</ns3:atemp>
            <ns3:hr>113</ns3:hr>
          </ns3:TrackPointExtension>
        </extensions>
      </trkpt>
      <trkpt lat="24.48810252360999584197998046875" lon="118.147880248725414276123046875">
        <ele>33.799999237060546875</ele>
        <time>2026-09-17T09:50:08.000Z</time>
        <extensions>
          <ns3:TrackPointExtension>
            <ns3:atemp>28.0</ns3:atemp>
            <ns3:hr>115</ns3:hr>
          </ns3:TrackPointExtension>
        </extensions>
      </trkpt>
      <trkpt lat="24.4878717698156833648681640625" lon="118.1478385068476200103759765625">
        <ele>34.799999237060546875</ele>
        <time>2026-09-17T09:50:16.000Z</time>
        <extensions>
          <ns3:TrackPointExtension>
            <ns3:atemp>28.0</ns3:atemp>
            <ns3:hr>116</ns3:hr>
          </ns3:TrackPointExtension>
        </extensions>
      </trkpt>
      <trkpt lat="24.4876410998404026031494140625" lon="118.14783942885696887969970703125">
        <ele>35.59999847412109375</ele>
        <time>2026-09-17T09:50:24.000Z</time>
        <extensions>
          <ns3:TrackPointExtension>
            <ns3:atemp>28.0</ns3:atemp>
            <ns3:hr>115</ns3:hr>
          </ns3:TrackPointExtension>
        </extensions>
      </trkpt>
      <trkpt lat="24.4875602982938289642333984375" lon="118.14785636030137538909912109375">
        <ele>35.59999847412109375</ele>
        <time>2026-09-17T09:50:27.000Z</time>
        <extensions>
          <ns3:TrackPointExtension>
            <ns3:atemp>28.0</ns3:atemp>
            <ns3:hr>113</ns3:hr>
          </ns3:TrackPointExtension>
        </extensions>
      </trkpt>
      <trkpt lat="24.4875021278858184814453125" lon="118.14790145494043827056884765625">
        <ele>35.59999847412109375</ele>
        <time>2026-09-17T09:50:29.000Z</time>
        <extensions>
          <ns3:TrackPointExtension>
            <ns3:atemp>28.0</ns3:atemp>
            <ns3:hr>113</ns3:hr>
          </ns3:TrackPointExtension>
        </extensions>
      </trkpt>
      <trkpt lat="24.4874288700520992279052734375" lon="118.14797705970704555511474609375">
        <ele>36</ele>
        <time>2026-09-17T09:50:32.000Z</time>
        <extensions>
          <ns3:TrackPointExtension>
            <ns3:atemp>28.0</ns3:atemp>
            <ns3:hr>112</ns3:hr>
          </ns3:TrackPointExtension>
        </extensions>
      </trkpt>
      <trkpt lat="24.48734412901103496551513671875" lon="118.14805584959685802459716796875">
        <ele>36.40000152587890625</ele>
        <time>2026-09-17T09:50:35.000Z</time>
        <extensions>
          <ns3:TrackPointExtension>
            <ns3:atemp>28.0</ns3:atemp>
            <ns3:hr>113</ns3:hr>
          </ns3:TrackPointExtension>
        </extensions>
      </trkpt>
      <trkpt lat="24.48724455200135707855224609375" lon="118.148110248148441314697265625">
        <ele>37</ele>
        <time>2026-09-17T09:50:38.000Z</time>
        <extensions>
          <ns3:TrackPointExtension>
            <ns3:atemp>28.0</ns3:atemp>
            <ns3:hr>113</ns3:hr>
          </ns3:TrackPointExtension>
        </extensions>
      </trkpt>
      <trkpt lat="24.487133659422397613525390625" lon="118.14813681878149509429931640625">
        <ele>37</ele>
        <time>2026-09-17T09:50:41.000Z</time>
        <extensions>
          <ns3:TrackPointExtension>
            <ns3:atemp>28.0</ns3:atemp>
            <ns3:hr>112</ns3:hr>
          </ns3:TrackPointExtension>
        </extensions>
      </trkpt>
      <trkpt lat="24.4869608245790004730224609375" lon="118.14810781739652156829833984375">
        <ele>37.40000152587890625</ele>
        <time>2026-09-17T09:50:46.000Z</time>
        <extensions>
          <ns3:TrackPointExtension>
            <ns3:atemp>28.0</ns3:atemp>
            <ns3:hr>110</ns3:hr>
          </ns3:TrackPointExtension>
        </extensions>
      </trkpt>
      <trkpt lat="24.48695017956197261810302734375" lon="118.1480768881738185882568359375">
        <ele>37.59999847412109375</ele>
        <time>2026-09-17T09:50:47.000Z</time>
        <extensions>
          <ns3:TrackPointExtension>
            <ns3:atemp>28.0</ns3:atemp>
            <ns3:hr>109</ns3:hr>
          </ns3:TrackPointExtension>
        </extensions>
      </trkpt>
      <trkpt lat="24.48694917373359203338623046875" lon="118.14801938831806182861328125">
        <ele>38</ele>
        <time>2026-09-17T09:50:49.000Z</time>
        <extensions>
          <ns3:TrackPointExtension>
            <ns3:atemp>28.0</ns3:atemp>
            <ns3:hr>109</ns3:hr>
          </ns3:TrackPointExtension>
        </extensions>
      </trkpt>
      <trkpt lat="24.4869598187506198883056640625" lon="118.14781025983393192291259765625">
        <ele>38.59999847412109375</ele>
        <time>2026-09-17T09:50:56.000Z</time>
        <extensions>
          <ns3:TrackPointExtension>
            <ns3:atemp>28.0</ns3:atemp>
            <ns3:hr>107</ns3:hr>
          </ns3:TrackPointExtension>
        </extensions>
      </trkpt>
      <trkpt lat="24.486988484859466552734375" lon="118.1476071663200855255126953125">
        <ele>38.40000152587890625</ele>
        <time>2026-09-17T09:51:02.000Z</time>
        <extensions>
          <ns3:TrackPointExtension>
            <ns3:atemp>28.0</ns3:atemp>
            <ns3:hr>107</ns3:hr>
          </ns3:TrackPointExtension>
        </extensions>
      </trkpt>
      <trkpt lat="24.4869772531092166900634765625" lon="118.14756751991808414459228515625">
        <ele>38.200000762939453125</ele>
        <time>2026-09-17T09:51:03.000Z</time>
        <extensions>
          <ns3:TrackPointExtension>
            <ns3:atemp>28.0</ns3:atemp>
            <ns3:hr>107</ns3:hr>
          </ns3:TrackPointExtension>
        </extensions>
      </trkpt>
      <trkpt lat="24.48694565333425998687744140625" lon="118.14754907973110675811767578125">
        <ele>38</ele>
        <time>2026-09-17T09:51:05.000Z</time>
        <extensions>
          <ns3:TrackPointExtension>
            <ns3:atemp>28.0</ns3:atemp>
            <ns3:hr>107</ns3:hr>
          </ns3:TrackPointExtension>
        </extensions>
      </trkpt>
      <trkpt lat="24.48695252649486064910888671875" lon="118.14754690043628215789794921875">
        <ele>38.200000762939453125</ele>
        <time>2026-09-17T09:51:08.000Z</time>
        <extensions>
          <ns3:TrackPointExtension>
            <ns3:atemp>28.0</ns3:atemp>
            <ns3:hr>107</ns3:hr>
          </ns3:TrackPointExtension>
        </extensions>
      </trkpt>
      <trkpt lat="24.4869122095406055450439453125" lon="118.1475479900836944580078125">
        <ele>38</ele>
        <time>2026-09-17T09:51:14.000Z</time>
        <extensions>
          <ns3:TrackPointExtension>
            <ns3:atemp>28.0</ns3:atemp>
            <ns3:hr>106</ns3:hr>
          </ns3:TrackPointExtension>
        </extensions>
      </trkpt>
      <trkpt lat="24.48687457479536533355712890625" lon="118.14754237420856952667236328125">
        <ele>37</ele>
        <time>2026-09-17T09:51:19.000Z</time>
        <extensions>
          <ns3:TrackPointExtension>
            <ns3:atemp>28.0</ns3:atemp>
            <ns3:hr>108</ns3:hr>
          </ns3:TrackPointExtension>
        </extensions>
      </trkpt>
      <trkpt lat="24.4868555478751659393310546875" lon="118.14753793179988861083984375">
        <ele>36.799999237060546875</ele>
        <time>2026-09-17T09:51:21.000Z</time>
        <extensions>
          <ns3:TrackPointExtension>
            <ns3:atemp>28.0</ns3:atemp>
            <ns3:hr>111</ns3:hr>
          </ns3:TrackPointExtension>
        </extensions>
      </trkpt>
      <trkpt lat="24.48684808798134326934814453125" lon="118.1475354172289371490478515625">
        <ele>36.59999847412109375</ele>
        <time>2026-09-17T09:51:22.000Z</time>
        <extensions>
          <ns3:TrackPointExtension>
            <ns3:atemp>28.0</ns3:atemp>
            <ns3:hr>108</ns3:hr>
          </ns3:TrackPointExtension>
        </extensions>
      </trkpt>
      <trkpt lat="24.48684473522007465362548828125" lon="118.14753315411508083343505859375">
        <ele>36.40000152587890625</ele>
        <time>2026-09-17T09:51:23.000Z</time>
        <extensions>
          <ns3:TrackPointExtension>
            <ns3:atemp>28.0</ns3:atemp>
            <ns3:hr>108</ns3:hr>
          </ns3:TrackPointExtension>
        </extensions>
      </trkpt>
      <trkpt lat="24.48682864196598529815673828125" lon="118.14752460457384586334228515625">
        <ele>35.799999237060546875</ele>
        <time>2026-09-17T09:51:26.000Z</time>
        <extensions>
          <ns3:TrackPointExtension>
            <ns3:atemp>28.0</ns3:atemp>
            <ns3:hr>109</ns3:hr>
          </ns3:TrackPointExtension>
        </extensions>
      </trkpt>
      <trkpt lat="24.4867940247058868408203125" lon="118.14752175472676753997802734375">
        <ele>35.200000762939453125</ele>
        <time>2026-09-17T09:51:30.000Z</time>
        <extensions>
          <ns3:TrackPointExtension>
            <ns3:atemp>28.0</ns3:atemp>
            <ns3:hr>112</ns3:hr>
          </ns3:TrackPointExtension>
        </extensions>
      </trkpt>
      <trkpt lat="24.486786313354969024658203125" lon="118.1475220061838626861572265625">
        <ele>34.799999237060546875</ele>
        <time>2026-09-17T09:51:33.000Z</time>
        <extensions>
          <ns3:TrackPointExtension>
            <ns3:atemp>28.0</ns3:atemp>
            <ns3:hr>112</ns3:hr>
          </ns3:TrackPointExtension>
        </extensions>
      </trkpt>
      <trkpt lat="24.48677080683410167694091796875" lon="118.14753298647701740264892578125">
        <ele>34.200000762939453125</ele>
        <time>2026-09-17T09:51:39.000Z</time>
        <extensions>
          <ns3:TrackPointExtension>
            <ns3:atemp>28.0</ns3:atemp>
            <ns3:hr>114</ns3:hr>
          </ns3:TrackPointExtension>
        </extensions>
      </trkpt>
      <trkpt lat="24.4867888279259204864501953125" lon="118.1475337408483028411865234375">
        <ele>34.200000762939453125</ele>
        <time>2026-09-17T09:51:41.000Z</time>
        <extensions>
          <ns3:TrackPointExtension>
            <ns3:atemp>28.0</ns3:atemp>
            <ns3:hr>113</ns3:hr>
          </ns3:TrackPointExtension>
        </extensions>
      </trkpt>
      <trkpt lat="24.48684490285813808441162109375" lon="118.14753466285765171051025390625">
        <ele>34.200000762939453125</ele>
        <time>2026-09-17T09:51:44.000Z</time>
        <extensions>
          <ns3:TrackPointExtension>
            <ns3:atemp>28.0</ns3:atemp>
            <ns3:hr>113</ns3:hr>
          </ns3:TrackPointExtension>
        </extensions>
      </trkpt>
      <trkpt lat="24.486945569515228271484375" lon="118.147544972598552703857421875">
        <ele>33.59999847412109375</ele>
        <time>2026-09-17T09:51:48.000Z</time>
        <extensions>
          <ns3:TrackPointExtension>
            <ns3:atemp>28.0</ns3:atemp>
            <ns3:hr>113</ns3:hr>
          </ns3:TrackPointExtension>
        </extensions>
      </trkpt>
      <trkpt lat="24.487001560628414154052734375" lon="118.14755645580589771270751953125">
        <ele>33</ele>
        <time>2026-09-17T09:51:49.000Z</time>
        <extensions>
          <ns3:TrackPointExtension>
            <ns3:atemp>28.0</ns3:atemp>
            <ns3:hr>113</ns3:hr>
          </ns3:TrackPointExtension>
        </extensions>
      </trkpt>
      <trkpt lat="24.48709451593458652496337890625" lon="118.1475702859461307525634765625">
        <ele>32.200000762939453125</ele>
        <time>2026-09-17T09:51:51.000Z</time>
        <extensions>
          <ns3:TrackPointExtension>
            <ns3:atemp>28.0</ns3:atemp>
            <ns3:hr>113</ns3:hr>
          </ns3:TrackPointExtension>
        </extensions>
      </trkpt>
      <trkpt lat="24.48721974156796932220458984375" lon="118.1475853733718395233154296875">
        <ele>31.200000762939453125</ele>
        <time>2026-09-17T09:51:53.000Z</time>
        <extensions>
          <ns3:TrackPointExtension>
            <ns3:atemp>28.0</ns3:atemp>
            <ns3:hr>113</ns3:hr>
          </ns3:TrackPointExtension>
        </extensions>
      </trkpt>
      <trkpt lat="24.4872716255486011505126953125" lon="118.14758864231407642364501953125">
        <ele>31</ele>
        <time>2026-09-17T09:51:54.000Z</time>
        <extensions>
          <ns3:TrackPointExtension>
            <ns3:atemp>28.0</ns3:atemp>
            <ns3:hr>114</ns3:hr>
          </ns3:TrackPointExtension>
        </extensions>
      </trkpt>
      <trkpt lat="24.48737061582505702972412109375" lon="118.14760138280689716339111328125">
        <ele>30.799999237060546875</ele>
        <time>2026-09-17T09:51:56.000Z</time>
        <extensions>
          <ns3:TrackPointExtension>
            <ns3:atemp>28.0</ns3:atemp>
            <ns3:hr>113</ns3:hr>
          </ns3:TrackPointExtension>
        </extensions>
      </trkpt>
      <trkpt lat="24.487464912235736846923828125" lon="118.14762200228869915008544921875">
        <ele>30.3999996185302734375</ele>
        <time>2026-09-17T09:51:58.000Z</time>
        <extensions>
          <ns3:TrackPointExtension>
            <ns3:atemp>28.0</ns3:atemp>
            <ns3:hr>111</ns3:hr>
          </ns3:TrackPointExtension>
        </extensions>
      </trkpt>
      <trkpt lat="24.4875101745128631591796875" lon="118.14763306640088558197021484375">
        <ele>30.200000762939453125</ele>
        <time>2026-09-17T09:51:59.000Z</time>
        <extensions>
          <ns3:TrackPointExtension>
            <ns3:atemp>28.0</ns3:atemp>
            <ns3:hr>110</ns3:hr>
          </ns3:TrackPointExtension>
        </extensions>
      </trkpt>
      <trkpt lat="24.48755510151386260986328125" lon="118.1476386822760105133056640625">
        <ele>30</ele>
        <time>2026-09-17T09:52:00.000Z</time>
        <extensions>
          <ns3:TrackPointExtension>
            <ns3:atemp>28.0</ns3:atemp>
            <ns3:hr>109</ns3:hr>
          </ns3:TrackPointExtension>
        </extensions>
      </trkpt>
      <trkpt lat="24.48763665743172168731689453125" lon="118.14764647744596004486083984375">
        <ele>30.200000762939453125</ele>
        <time>2026-09-17T09:52:03.000Z</time>
        <extensions>
          <ns3:TrackPointExtension>
            <ns3:atemp>28.0</ns3:atemp>
            <ns3:hr>111</ns3:hr>
          </ns3:TrackPointExtension>
        </extensions>
      </trkpt>
      <trkpt lat="24.48768577538430690765380859375" lon="118.147637508809566497802734375">
        <ele>30</ele>
        <time>2026-09-17T09:52:05.000Z</time>
        <extensions>
          <ns3:TrackPointExtension>
            <ns3:atemp>28.0</ns3:atemp>
            <ns3:hr>107</ns3:hr>
          </ns3:TrackPointExtension>
        </extensions>
      </trkpt>
      <trkpt lat="24.48771628551185131072998046875" lon="118.14761009998619556427001953125">
        <ele>30</ele>
        <time>2026-09-17T09:52:06.000Z</time>
        <extensions>
          <ns3:TrackPointExtension>
            <ns3:atemp>28.0</ns3:atemp>
            <ns3:hr>106</ns3:hr>
          </ns3:TrackPointExtension>
        </extensions>
      </trkpt>
      <trkpt lat="24.48773355223238468170166015625" lon="118.14757221378386020660400390625">
        <ele>30.200000762939453125</ele>
        <time>2026-09-17T09:52:07.000Z</time>
        <extensions>
          <ns3:TrackPointExtension>
            <ns3:atemp>28.0</ns3:atemp>
            <ns3:hr>106</ns3:hr>
          </ns3:TrackPointExtension>
        </extensions>
      </trkpt>
      <trkpt lat="24.48778199963271617889404296875" lon="118.1474777497351169586181640625">
        <ele>30.6000003814697265625</ele>
        <time>2026-09-17T09:52:11.000Z</time>
        <extensions>
          <ns3:TrackPointExtension>
            <ns3:atemp>28.0</ns3:atemp>
            <ns3:hr>103</ns3:hr>
          </ns3:TrackPointExtension>
        </extensions>
      </trkpt>
      <trkpt lat="24.4878078997135162353515625" lon="118.14743659459054470062255859375">
        <ele>31</ele>
        <time>2026-09-17T09:52:13.000Z</time>
        <extensions>
          <ns3:TrackPointExtension>
            <ns3:atemp>28.0</ns3:atemp>
            <ns3:hr>103</ns3:hr>
          </ns3:TrackPointExtension>
        </extensions>
      </trkpt>
      <trkpt lat="24.48797176592051982879638671875" lon="118.147165775299072265625">
        <ele>31</ele>
        <time>2026-09-17T09:52:22.000Z</time>
        <extensions>
          <ns3:TrackPointExtension>
            <ns3:atemp>28.0</ns3:atemp>
            <ns3:hr>103</ns3:hr>
          </ns3:TrackPointExtension>
        </extensions>
      </trkpt>
      <trkpt lat="24.48806195519864559173583984375" lon="118.147038035094738006591796875">
        <ele>31.200000762939453125</ele>
        <time>2026-09-17T09:52:26.000Z</time>
        <extensions>
          <ns3:TrackPointExtension>
            <ns3:atemp>28.0</ns3:atemp>
            <ns3:hr>107</ns3:hr>
          </ns3:TrackPointExtension>
        </extensions>
      </trkpt>
      <trkpt lat="24.48813873343169689178466796875" lon="118.1469081155955791473388671875">
        <ele>31.799999237060546875</ele>
        <time>2026-09-17T09:52:30.000Z</time>
        <extensions>
          <ns3:TrackPointExtension>
            <ns3:atemp>28.0</ns3:atemp>
            <ns3:hr>108</ns3:hr>
          </ns3:TrackPointExtension>
        </extensions>
      </trkpt>
      <trkpt lat="24.488266892731189727783203125" lon="118.14666780643165111541748046875">
        <ele>32</ele>
        <time>2026-09-17T09:52:38.000Z</time>
        <extensions>
          <ns3:TrackPointExtension>
            <ns3:atemp>28.0</ns3:atemp>
            <ns3:hr>111</ns3:hr>
          </ns3:TrackPointExtension>
        </extensions>
      </trkpt>
      <trkpt lat="24.48828491382300853729248046875" lon="118.1466333568096160888671875">
        <ele>31.6000003814697265625</ele>
        <time>2026-09-17T09:52:39.000Z</time>
        <extensions>
          <ns3:TrackPointExtension>
            <ns3:atemp>28.0</ns3:atemp>
            <ns3:hr>110</ns3:hr>
          </ns3:TrackPointExtension>
        </extensions>
      </trkpt>
      <trkpt lat="24.488305114209651947021484375" lon="118.14660075120627880096435546875">
        <ele>31.6000003814697265625</ele>
        <time>2026-09-17T09:52:40.000Z</time>
        <extensions>
          <ns3:TrackPointExtension>
            <ns3:atemp>28.0</ns3:atemp>
            <ns3:hr>110</ns3:hr>
          </ns3:TrackPointExtension>
        </extensions>
      </trkpt>
      <trkpt lat="24.48839471675455570220947265625" lon="118.14646630547940731048583984375">
        <ele>31.6000003814697265625</ele>
        <time>2026-09-17T09:52:45.000Z</time>
        <extensions>
          <ns3:TrackPointExtension>
            <ns3:atemp>28.0</ns3:atemp>
            <ns3:hr>113</ns3:hr>
          </ns3:TrackPointExtension>
        </extensions>
      </trkpt>
      <trkpt lat="24.4884645380079746246337890625" lon="118.1463247351348400115966796875">
        <ele>31.3999996185302734375</ele>
        <time>2026-09-17T09:52:50.000Z</time>
        <extensions>
          <ns3:TrackPointExtension>
            <ns3:atemp>28.0</ns3:atemp>
            <ns3:hr>112</ns3:hr>
          </ns3:TrackPointExtension>
        </extensions>
      </trkpt>
      <trkpt lat="24.48852731846272945404052734375" lon="118.14622700214385986328125">
        <ele>31.6000003814697265625</ele>
        <time>2026-09-17T09:52:54.000Z</time>
        <extensions>
          <ns3:TrackPointExtension>
            <ns3:atemp>28.0</ns3:atemp>
            <ns3:hr>115</ns3:hr>
          </ns3:TrackPointExtension>
        </extensions>
      </trkpt>
      <trkpt lat="24.4885423220694065093994140625" lon="118.14619909040629863739013671875">
        <ele>31.6000003814697265625</ele>
        <time>2026-09-17T09:52:55.000Z</time>
        <extensions>
          <ns3:TrackPointExtension>
            <ns3:atemp>28.0</ns3:atemp>
            <ns3:hr>112</ns3:hr>
          </ns3:TrackPointExtension>
        </extensions>
      </trkpt>
      <trkpt lat="24.48858280666172504425048828125" lon="118.14611242152750492095947265625">
        <ele>31.799999237060546875</ele>
        <time>2026-09-17T09:52:58.000Z</time>
        <extensions>
          <ns3:TrackPointExtension>
            <ns3:atemp>28.0</ns3:atemp>
            <ns3:hr>111</ns3:hr>
          </ns3:TrackPointExtension>
        </extensions>
      </trkpt>
      <trkpt lat="24.4886207766830921173095703125" lon="118.14601837657392024993896484375">
        <ele>31.799999237060546875</ele>
        <time>2026-09-17T09:53:01.000Z</time>
        <extensions>
          <ns3:TrackPointExtension>
            <ns3:atemp>28.0</ns3:atemp>
            <ns3:hr>108</ns3:hr>
          </ns3:TrackPointExtension>
        </extensions>
      </trkpt>
      <trkpt lat="24.48869814164936542510986328125" lon="118.1458099186420440673828125">
        <ele>31.6000003814697265625</ele>
        <time>2026-09-17T09:53:07.000Z</time>
        <extensions>
          <ns3:TrackPointExtension>
            <ns3:atemp>28.0</ns3:atemp>
            <ns3:hr>109</ns3:hr>
          </ns3:TrackPointExtension>
        </extensions>
      </trkpt>
      <trkpt lat="24.488732926547527313232421875" lon="118.1456753052771091461181640625">
        <ele>32</ele>
        <time>2026-09-17T09:53:12.000Z</time>
        <extensions>
          <ns3:TrackPointExtension>
            <ns3:atemp>28.0</ns3:atemp>
            <ns3:hr>108</ns3:hr>
          </ns3:TrackPointExtension>
        </extensions>
      </trkpt>
      <trkpt lat="24.48875027708709239959716796875" lon="118.145522587001323699951171875">
        <ele>31.799999237060546875</ele>
        <time>2026-09-17T09:53:17.000Z</time>
        <extensions>
          <ns3:TrackPointExtension>
            <ns3:atemp>28.0</ns3:atemp>
            <ns3:hr>109</ns3:hr>
          </ns3:TrackPointExtension>
        </extensions>
      </trkpt>
      <trkpt lat="24.488784559071063995361328125" lon="118.14527439884841442108154296875">
        <ele>32.40000152587890625</ele>
        <time>2026-09-17T09:53:24.000Z</time>
        <extensions>
          <ns3:TrackPointExtension>
            <ns3:atemp>28.0</ns3:atemp>
            <ns3:hr>109</ns3:hr>
          </ns3:TrackPointExtension>
        </extensions>
      </trkpt>
      <trkpt lat="24.48878732509911060333251953125" lon="118.14523198641836643218994140625">
        <ele>32.40000152587890625</ele>
        <time>2026-09-17T09:53:25.000Z</time>
        <extensions>
          <ns3:TrackPointExtension>
            <ns3:atemp>28.0</ns3:atemp>
            <ns3:hr>108</ns3:hr>
          </ns3:TrackPointExtension>
        </extensions>
      </trkpt>
      <trkpt lat="24.4888029992580413818359375" lon="118.14486988820135593414306640625">
        <ele>32.40000152587890625</ele>
        <time>2026-09-17T09:53:33.000Z</time>
        <extensions>
          <ns3:TrackPointExtension>
            <ns3:atemp>28.0</ns3:atemp>
            <ns3:hr>110</ns3:hr>
          </ns3:TrackPointExtension>
        </extensions>
      </trkpt>
      <trkpt lat="24.48880366981029510498046875" lon="118.14471582882106304168701171875">
        <ele>32.59999847412109375</ele>
        <time>2026-09-17T09:53:38.000Z</time>
        <extensions>
          <ns3:TrackPointExtension>
            <ns3:atemp>28.0</ns3:atemp>
            <ns3:hr>111</ns3:hr>
          </ns3:TrackPointExtension>
        </extensions>
      </trkpt>
      <trkpt lat="24.4888003170490264892578125" lon="118.14441223628818988800048828125">
        <ele>32.799999237060546875</ele>
        <time>2026-09-17T09:53:47.000Z</time>
        <extensions>
          <ns3:TrackPointExtension>
            <ns3:atemp>28.0</ns3:atemp>
            <ns3:hr>110</ns3:hr>
          </ns3:TrackPointExtension>
        </extensions>
      </trkpt>
      <trkpt lat="24.48878757655620574951171875" lon="118.14418810419738292694091796875">
        <ele>33</ele>
        <time>2026-09-17T09:53:54.000Z</time>
        <extensions>
          <ns3:TrackPointExtension>
            <ns3:atemp>28.0</ns3:atemp>
            <ns3:hr>112</ns3:hr>
          </ns3:TrackPointExtension>
        </extensions>
      </trkpt>
      <trkpt lat="24.4887884147465229034423828125" lon="118.1441923789680004119873046875">
        <ele>33</ele>
        <time>2026-09-17T09:53:55.000Z</time>
        <extensions>
          <ns3:TrackPointExtension>
            <ns3:atemp>28.0</ns3:atemp>
            <ns3:hr>108</ns3:hr>
          </ns3:TrackPointExtension>
        </extensions>
      </trkpt>
      <trkpt lat="24.4887884147465229034423828125" lon="118.1441923789680004119873046875">
        <ele>33</ele>
        <time>2026-09-17T09:53:58.000Z</time>
        <extensions>
          <ns3:TrackPointExtension>
            <ns3:atemp>28.0</ns3:atemp>
            <ns3:hr>107</ns3:hr>
          </ns3:TrackPointExtension>
        </extensions>
      </trkpt>
      <trkpt lat="24.4887884147465229034423828125" lon="118.1441923789680004119873046875">
        <ele>33</ele>
        <time>2026-09-17T09:54:02.000Z</time>
        <extensions>
          <ns3:TrackPointExtension>
            <ns3:atemp>28.0</ns3:atemp>
            <ns3:hr>103</ns3:hr>
          </ns3:TrackPointExtension>
        </extensions>
      </trkpt>
      <trkpt lat="24.4887884147465229034423828125" lon="118.1441923789680004119873046875">
        <ele>33.40000152587890625</ele>
        <time>2026-09-17T09:54:13.000Z</time>
        <extensions>
          <ns3:TrackPointExtension>
            <ns3:atemp>28.0</ns3:atemp>
            <ns3:hr>100</ns3:hr>
          </ns3:TrackPointExtension>
        </extensions>
      </trkpt>
      <trkpt lat="24.4887884147465229034423828125" lon="118.1441923789680004119873046875">
        <ele>33.40000152587890625</ele>
        <time>2026-09-17T09:54:15.000Z</time>
        <extensions>
          <ns3:TrackPointExtension>
            <ns3:atemp>28.0</ns3:atemp>
            <ns3:hr>97</ns3:hr>
          </ns3:TrackPointExtension>
        </extensions>
      </trkpt>
      <trkpt lat="24.48878833092749118804931640625" lon="118.14419229514896869659423828125">
        <ele>33.59999847412109375</ele>
        <time>2026-09-17T09:54:17.000Z</time>
        <extensions>
          <ns3:TrackPointExtension>
            <ns3:atemp>28.0</ns3:atemp>
            <ns3:hr>94</ns3:hr>
          </ns3:TrackPointExtension>
        </extensions>
      </trkpt>
      <trkpt lat="24.48878766037523746490478515625" lon="118.1441876851022243499755859375">
        <ele>33.59999847412109375</ele>
        <time>2026-09-17T09:54:18.000Z</time>
        <extensions>
          <ns3:TrackPointExtension>
            <ns3:atemp>28.0</ns3:atemp>
            <ns3:hr>91</ns3:hr>
          </ns3:TrackPointExtension>
        </extensions>
      </trkpt>
      <trkpt lat="24.4887817092239856719970703125" lon="118.1441675685346126556396484375">
        <ele>33.59999847412109375</ele>
        <time>2026-09-17T09:54:20.000Z</time>
        <extensions>
          <ns3:TrackPointExtension>
            <ns3:atemp>28.0</ns3:atemp>
            <ns3:hr>88</ns3:hr>
          </ns3:TrackPointExtension>
        </extensions>
      </trkpt>
      <trkpt lat="24.48878112249076366424560546875" lon="118.144114427268505096435546875">
        <ele>33.59999847412109375</ele>
        <time>2026-09-17T09:54:23.000Z</time>
        <extensions>
          <ns3:TrackPointExtension>
            <ns3:atemp>28.0</ns3:atemp>
            <ns3:hr>86</ns3:hr>
          </ns3:TrackPointExtension>
        </extensions>
      </trkpt>
      <trkpt lat="24.48880928568542003631591796875" lon="118.143993057310581207275390625">
        <ele>33.799999237060546875</ele>
        <time>2026-09-17T09:54:29.000Z</time>
        <extensions>
          <ns3:TrackPointExtension>
            <ns3:atemp>28.0</ns3:atemp>
            <ns3:hr>86</ns3:hr>
          </ns3:TrackPointExtension>
        </extensions>
      </trkpt>
      <trkpt lat="24.4888065196573734283447265625" lon="118.1439982540905475616455078125">
        <ele>33.799999237060546875</ele>
        <time>2026-09-17T09:54:34.000Z</time>
        <extensions>
          <ns3:TrackPointExtension>
            <ns3:atemp>28.0</ns3:atemp>
            <ns3:hr>87</ns3:hr>
          </ns3:TrackPointExtension>
        </extensions>
      </trkpt>
      <trkpt lat="24.48880459181964397430419921875" lon="118.1439811550080776214599609375">
        <ele>33.59999847412109375</ele>
        <time>2026-09-17T09:54:52.000Z</time>
        <extensions>
          <ns3:TrackPointExtension>
            <ns3:atemp>28.0</ns3:atemp>
            <ns3:hr>85</ns3:hr>
          </ns3:TrackPointExtension>
        </extensions>
      </trkpt>
      <trkpt lat="24.48880006559193134307861328125" lon="118.1439484655857086181640625">
        <ele>33.59999847412109375</ele>
        <time>2026-09-17T09:54:54.000Z</time>
        <extensions>
          <ns3:TrackPointExtension>
            <ns3:atemp>28.0</ns3:atemp>
            <ns3:hr>85</ns3:hr>
          </ns3:TrackPointExtension>
        </extensions>
      </trkpt>
      <trkpt lat="24.4887998141348361968994140625" lon="118.14384461380541324615478515625">
        <ele>33.799999237060546875</ele>
        <time>2026-09-17T09:54:58.000Z</time>
        <extensions>
          <ns3:TrackPointExtension>
            <ns3:atemp>28.0</ns3:atemp>
            <ns3:hr>85</ns3:hr>
          </ns3:TrackPointExtension>
        </extensions>
      </trkpt>
      <trkpt lat="24.48878598399460315704345703125" lon="118.1436586193740367889404296875">
        <ele>33.799999237060546875</ele>
        <time>2026-09-17T09:55:04.000Z</time>
        <extensions>
          <ns3:TrackPointExtension>
            <ns3:atemp>28.0</ns3:atemp>
            <ns3:hr>87</ns3:hr>
          </ns3:TrackPointExtension>
        </extensions>
      </trkpt>
      <trkpt lat="24.48878891766071319580078125" lon="118.14344798214733600616455078125">
        <ele>34</ele>
        <time>2026-09-17T09:55:10.000Z</time>
        <extensions>
          <ns3:TrackPointExtension>
            <ns3:atemp>28.0</ns3:atemp>
            <ns3:hr>88</ns3:hr>
          </ns3:TrackPointExtension>
        </extensions>
      </trkpt>
      <trkpt lat="24.488804005086421966552734375" lon="118.1431674398481845855712890625">
        <ele>34</ele>
        <time>2026-09-17T09:55:17.000Z</time>
        <extensions>
          <ns3:TrackPointExtension>
            <ns3:atemp>28.0</ns3:atemp>
            <ns3:hr>86</ns3:hr>
          </ns3:TrackPointExtension>
        </extensions>
      </trkpt>
      <trkpt lat="24.48879185132682323455810546875" lon="118.14286015927791595458984375">
        <ele>34.200000762939453125</ele>
        <time>2026-09-17T09:55:24.000Z</time>
        <extensions>
          <ns3:TrackPointExtension>
            <ns3:atemp>28.0</ns3:atemp>
            <ns3:hr>89</ns3:hr>
          </ns3:TrackPointExtension>
        </extensions>
      </trkpt>
      <trkpt lat="24.4887894205749034881591796875" lon="118.14276603050529956817626953125">
        <ele>34.200000762939453125</ele>
        <time>2026-09-17T09:55:26.000Z</time>
        <extensions>
          <ns3:TrackPointExtension>
            <ns3:atemp>28.0</ns3:atemp>
            <ns3:hr>93</ns3:hr>
          </ns3:TrackPointExtension>
        </extensions>
      </trkpt>
      <trkpt lat="24.4888008199632167816162109375" lon="118.14250619150698184967041015625">
        <ele>34.40000152587890625</ele>
        <time>2026-09-17T09:55:32.000Z</time>
        <extensions>
          <ns3:TrackPointExtension>
            <ns3:atemp>28.0</ns3:atemp>
            <ns3:hr>96</ns3:hr>
          </ns3:TrackPointExtension>
        </extensions>
      </trkpt>
      <trkpt lat="24.4888199307024478912353515625" lon="118.14246646128594875335693359375">
        <ele>34.59999847412109375</ele>
        <time>2026-09-17T09:55:33.000Z</time>
        <extensions>
          <ns3:TrackPointExtension>
            <ns3:atemp>28.0</ns3:atemp>
            <ns3:hr>96</ns3:hr>
          </ns3:TrackPointExtension>
        </extensions>
      </trkpt>
      <trkpt lat="24.4888792745769023895263671875" lon="118.14240158535540103912353515625">
        <ele>34.59999847412109375</ele>
        <time>2026-09-17T09:55:35.000Z</time>
        <extensions>
          <ns3:TrackPointExtension>
            <ns3:atemp>28.0</ns3:atemp>
            <ns3:hr>97</ns3:hr>
          </ns3:TrackPointExtension>
        </extensions>
      </trkpt>
      <trkpt lat="24.48905152268707752227783203125" lon="118.142359592020511627197265625">
        <ele>33.59999847412109375</ele>
        <time>2026-09-17T09:55:39.000Z</time>
        <extensions>
          <ns3:TrackPointExtension>
            <ns3:atemp>28.0</ns3:atemp>
            <ns3:hr>99</ns3:hr>
          </ns3:TrackPointExtension>
        </extensions>
      </trkpt>
      <trkpt lat="24.4893774949014186859130859375" lon="118.14239219762384891510009765625">
        <ele>32.799999237060546875</ele>
        <time>2026-09-17T09:55:46.000Z</time>
        <extensions>
          <ns3:TrackPointExtension>
            <ns3:atemp>28.0</ns3:atemp>
            <ns3:hr>100</ns3:hr>
          </ns3:TrackPointExtension>
        </extensions>
      </trkpt>
      <trkpt lat="24.4895320571959018707275390625" lon="118.14241348765790462493896484375">
        <ele>32.59999847412109375</ele>
        <time>2026-09-17T09:55:49.000Z</time>
        <extensions>
          <ns3:TrackPointExtension>
            <ns3:atemp>28.0</ns3:atemp>
            <ns3:hr>101</ns3:hr>
          </ns3:TrackPointExtension>
        </extensions>
      </trkpt>
      <trkpt lat="24.48988384567201137542724609375" lon="118.14245740883052349090576171875">
        <ele>32.200000762939453125</ele>
        <time>2026-09-17T09:55:56.000Z</time>
        <extensions>
          <ns3:TrackPointExtension>
            <ns3:atemp>28.0</ns3:atemp>
            <ns3:hr>102</ns3:hr>
          </ns3:TrackPointExtension>
        </extensions>
      </trkpt>
      <trkpt lat="24.49026941321790218353271484375" lon="118.14250434748828411102294921875">
        <ele>31.6000003814697265625</ele>
        <time>2026-09-17T09:56:04.000Z</time>
        <extensions>
          <ns3:TrackPointExtension>
            <ns3:atemp>28.0</ns3:atemp>
            <ns3:hr>101</ns3:hr>
          </ns3:TrackPointExtension>
        </extensions>
      </trkpt>
      <trkpt lat="24.49036496691405773162841796875" lon="118.14252111129462718963623046875">
        <ele>31.3999996185302734375</ele>
        <time>2026-09-17T09:56:06.000Z</time>
        <extensions>
          <ns3:TrackPointExtension>
            <ns3:atemp>28.0</ns3:atemp>
            <ns3:hr>100</ns3:hr>
          </ns3:TrackPointExtension>
        </extensions>
      </trkpt>
      <trkpt lat="24.49065498076379299163818359375" lon="118.14256486482918262481689453125">
        <ele>31.200000762939453125</ele>
        <time>2026-09-17T09:56:12.000Z</time>
        <extensions>
          <ns3:TrackPointExtension>
            <ns3:atemp>28.0</ns3:atemp>
            <ns3:hr>97</ns3:hr>
          </ns3:TrackPointExtension>
        </extensions>
      </trkpt>
      <trkpt lat="24.49074517004191875457763671875" lon="118.14257576130330562591552734375">
        <ele>31.3999996185302734375</ele>
        <time>2026-09-17T09:56:15.000Z</time>
        <extensions>
          <ns3:TrackPointExtension>
            <ns3:atemp>28.0</ns3:atemp>
            <ns3:hr>99</ns3:hr>
          </ns3:TrackPointExtension>
        </extensions>
      </trkpt>
      <trkpt lat="24.49084055610001087188720703125" lon="118.14262538217008113861083984375">
        <ele>31.200000762939453125</ele>
        <time>2026-09-17T09:56:20.000Z</time>
        <extensions>
          <ns3:TrackPointExtension>
            <ns3:atemp>28.0</ns3:atemp>
            <ns3:hr>100</ns3:hr>
          </ns3:TrackPointExtension>
        </extensions>
      </trkpt>
      <trkpt lat="24.49084357358515262603759765625" lon="118.142629154026508331298828125">
        <ele>31</ele>
        <time>2026-09-17T09:56:24.000Z</time>
        <extensions>
          <ns3:TrackPointExtension>
            <ns3:atemp>28.0</ns3:atemp>
            <ns3:hr>101</ns3:hr>
          </ns3:TrackPointExtension>
        </extensions>
      </trkpt>
      <trkpt lat="24.490841813385486602783203125" lon="118.14263124950230121612548828125">
        <ele>31.3999996185302734375</ele>
        <time>2026-09-17T09:56:34.000Z</time>
        <extensions>
          <ns3:TrackPointExtension>
            <ns3:atemp>28.0</ns3:atemp>
            <ns3:hr>100</ns3:hr>
          </ns3:TrackPointExtension>
        </extensions>
      </trkpt>
      <trkpt lat="24.49084541760385036468505859375" lon="118.1426397152245044708251953125">
        <ele>31.3999996185302734375</ele>
        <time>2026-09-17T09:56:43.000Z</time>
        <extensions>
          <ns3:TrackPointExtension>
            <ns3:atemp>28.0</ns3:atemp>
            <ns3:hr>98</ns3:hr>
          </ns3:TrackPointExtension>
        </extensions>
      </trkpt>
      <trkpt lat="24.49084575287997722625732421875" lon="118.14263644628226757049560546875">
        <ele>31.200000762939453125</ele>
        <time>2026-09-17T09:56:49.000Z</time>
        <extensions>
          <ns3:TrackPointExtension>
            <ns3:atemp>28.0</ns3:atemp>
            <ns3:hr>96</ns3:hr>
          </ns3:TrackPointExtension>
        </extensions>
      </trkpt>
      <trkpt lat="24.490846507251262664794921875" lon="118.142637871205806732177734375">
        <ele>30.799999237060546875</ele>
        <time>2026-09-17T09:57:00.000Z</time>
        <extensions>
          <ns3:TrackPointExtension>
            <ns3:atemp>28.0</ns3:atemp>
            <ns3:hr>94</ns3:hr>
          </ns3:TrackPointExtension>
        </extensions>
      </trkpt>
      <trkpt lat="24.49085983447730541229248046875" lon="118.14261632971465587615966796875">
        <ele>31</ele>
        <time>2026-09-17T09:57:05.000Z</time>
        <extensions>
          <ns3:TrackPointExtension>
            <ns3:atemp>28.0</ns3:atemp>
            <ns3:hr>96</ns3:hr>
          </ns3:TrackPointExtension>
        </extensions>
      </trkpt>
      <trkpt lat="24.490893445909023284912109375" lon="118.1426232866942882537841796875">
        <ele>30.799999237060546875</ele>
        <time>2026-09-17T09:57:11.000Z</time>
        <extensions>
          <ns3:TrackPointExtension>
            <ns3:atemp>28.0</ns3:atemp>
            <ns3:hr>95</ns3:hr>
          </ns3:TrackPointExtension>
        </extensions>
      </trkpt>
      <trkpt lat="24.49091984890401363372802734375" lon="118.14263074658811092376708984375">
        <ele>30.799999237060546875</ele>
        <time>2026-09-17T09:57:16.000Z</time>
        <extensions>
          <ns3:TrackPointExtension>
            <ns3:atemp>28.0</ns3:atemp>
            <ns3:hr>98</ns3:hr>
          </ns3:TrackPointExtension>
        </extensions>
      </trkpt>
      <trkpt lat="24.4909308291971683502197265625" lon="118.14263728447258472442626953125">
        <ele>30.799999237060546875</ele>
        <time>2026-09-17T09:57:17.000Z</time>
        <extensions>
          <ns3:TrackPointExtension>
            <ns3:atemp>28.0</ns3:atemp>
            <ns3:hr>98</ns3:hr>
          </ns3:TrackPointExtension>
        </extensions>
      </trkpt>
      <trkpt lat="24.49097692966461181640625" lon="118.14267986454069614410400390625">
        <ele>30.6000003814697265625</ele>
        <time>2026-09-17T09:57:23.000Z</time>
        <extensions>
          <ns3:TrackPointExtension>
            <ns3:atemp>28.0</ns3:atemp>
            <ns3:hr>101</ns3:hr>
          </ns3:TrackPointExtension>
        </extensions>
      </trkpt>
      <trkpt lat="24.4909764267504215240478515625" lon="118.142692856490612030029296875">
        <ele>30.6000003814697265625</ele>
        <time>2026-09-17T09:57:25.000Z</time>
        <extensions>
          <ns3:TrackPointExtension>
            <ns3:atemp>28.0</ns3:atemp>
            <ns3:hr>101</ns3:hr>
          </ns3:TrackPointExtension>
        </extensions>
      </trkpt>
      <trkpt lat="24.49098489247262477874755859375" lon="118.142723031342029571533203125">
        <ele>30.799999237060546875</ele>
        <time>2026-09-17T09:57:30.000Z</time>
        <extensions>
          <ns3:TrackPointExtension>
            <ns3:atemp>28.0</ns3:atemp>
            <ns3:hr>101</ns3:hr>
          </ns3:TrackPointExtension>
        </extensions>
      </trkpt>
      <trkpt lat="24.4909844733774662017822265625" lon="118.14273275434970855712890625">
        <ele>30.799999237060546875</ele>
        <time>2026-09-17T09:57:37.000Z</time>
        <extensions>
          <ns3:TrackPointExtension>
            <ns3:atemp>28.0</ns3:atemp>
            <ns3:hr>100</ns3:hr>
          </ns3:TrackPointExtension>
        </extensions>
      </trkpt>
      <trkpt lat="24.49103920720517635345458984375" lon="118.1427104584872722625732421875">
        <ele>31</ele>
        <time>2026-09-17T09:57:47.000Z</time>
        <extensions>
          <ns3:TrackPointExtension>
            <ns3:atemp>28.0</ns3:atemp>
            <ns3:hr>100</ns3:hr>
          </ns3:TrackPointExtension>
        </extensions>
      </trkpt>
      <trkpt lat="24.491122104227542877197265625" lon="118.1427392922341823577880859375">
        <ele>31.200000762939453125</ele>
        <time>2026-09-17T09:57:51.000Z</time>
        <extensions>
          <ns3:TrackPointExtension>
            <ns3:atemp>28.0</ns3:atemp>
            <ns3:hr>103</ns3:hr>
          </ns3:TrackPointExtension>
        </extensions>
      </trkpt>
      <trkpt lat="24.49117968790233135223388671875" lon="118.14272143878042697906494140625">
        <ele>31.200000762939453125</ele>
        <time>2026-09-17T09:57:52.000Z</time>
        <extensions>
          <ns3:TrackPointExtension>
            <ns3:atemp>28.0</ns3:atemp>
            <ns3:hr>103</ns3:hr>
          </ns3:TrackPointExtension>
        </extensions>
      </trkpt>
      <trkpt lat="24.4912303984165191650390625" lon="118.14267106354236602783203125">
        <ele>31.200000762939453125</ele>
        <time>2026-09-17T09:57:56.000Z</time>
        <extensions>
          <ns3:TrackPointExtension>
            <ns3:atemp>28.0</ns3:atemp>
            <ns3:hr>106</ns3:hr>
          </ns3:TrackPointExtension>
        </extensions>
      </trkpt>
      <trkpt lat="24.4912469945847988128662109375" lon="118.1426502764225006103515625">
        <ele>31.200000762939453125</ele>
        <time>2026-09-17T09:58:00.000Z</time>
        <extensions>
          <ns3:TrackPointExtension>
            <ns3:atemp>28.0</ns3:atemp>
            <ns3:hr>107</ns3:hr>
          </ns3:TrackPointExtension>
        </extensions>
      </trkpt>
      <trkpt lat="24.49122059158980846405029296875" lon="118.1428321637213230133056640625">
        <ele>31.200000762939453125</ele>
        <time>2026-09-17T09:58:05.000Z</time>
        <extensions>
          <ns3:TrackPointExtension>
            <ns3:atemp>28.0</ns3:atemp>
            <ns3:hr>108</ns3:hr>
          </ns3:TrackPointExtension>
        </extensions>
      </trkpt>
      <trkpt lat="24.491162002086639404296875" lon="118.14344898797571659088134765625">
        <ele>31.200000762939453125</ele>
        <time>2026-09-17T09:58:56.000Z</time>
        <extensions>
          <ns3:TrackPointExtension>
            <ns3:atemp>28.0</ns3:atemp>
            <ns3:hr>105</ns3:hr>
          </ns3:TrackPointExtension>
        </extensions>
      </trkpt>
      <trkpt lat="24.4908426515758037567138671875" lon="118.14379415474832057952880859375">
        <ele>31.3999996185302734375</ele>
        <time>2026-09-17T09:59:00.000Z</time>
        <extensions>
          <ns3:TrackPointExtension>
            <ns3:atemp>28.0</ns3:atemp>
            <ns3:hr>107</ns3:hr>
          </ns3:TrackPointExtension>
        </extensions>
      </trkpt>
      <trkpt lat="24.49059647507965564727783203125" lon="118.14345686696469783782958984375">
        <ele>31.6000003814697265625</ele>
        <time>2026-09-17T10:02:21.000Z</time>
        <extensions>
          <ns3:TrackPointExtension>
            <ns3:atemp>28.0</ns3:atemp>
            <ns3:hr>97</ns3:hr>
          </ns3:TrackPointExtension>
        </extensions>
      </trkpt>
      <trkpt lat="24.49062623083591461181640625" lon="118.143553175032138824462890625">
        <ele>31.6000003814697265625</ele>
        <time>2026-09-17T10:02:22.000Z</time>
        <extensions>
          <ns3:TrackPointExtension>
            <ns3:atemp>28.0</ns3:atemp>
            <ns3:hr>96</ns3:hr>
          </ns3:TrackPointExtension>
        </extensions>
      </trkpt>
      <trkpt lat="24.4905248098075389862060546875" lon="118.143369443714618682861328125">
        <ele>33.40000152587890625</ele>
        <time>2026-09-17T10:02:24.000Z</time>
        <extensions>
          <ns3:TrackPointExtension>
            <ns3:atemp>28.0</ns3:atemp>
            <ns3:hr>98</ns3:hr>
          </ns3:TrackPointExtension>
        </extensions>
      </trkpt>
      <trkpt lat="24.490521289408206939697265625" lon="118.14346097409725189208984375">
        <ele>33.799999237060546875</ele>
        <time>2026-09-17T10:02:25.000Z</time>
        <extensions>
          <ns3:TrackPointExtension>
            <ns3:atemp>28.0</ns3:atemp>
            <ns3:hr>98</ns3:hr>
          </ns3:TrackPointExtension>
        </extensions>
      </trkpt>
      <trkpt lat="24.49052589945495128631591796875" lon="118.143468685448169708251953125">
        <ele>34</ele>
        <time>2026-09-17T10:02:26.000Z</time>
        <extensions>
          <ns3:TrackPointExtension>
            <ns3:atemp>28.0</ns3:atemp>
            <ns3:hr>99</ns3:hr>
          </ns3:TrackPointExtension>
        </extensions>
      </trkpt>
      <trkpt lat="24.4905103929340839385986328125" lon="118.14352811314165592193603515625">
        <ele>34.799999237060546875</ele>
        <time>2026-09-17T10:02:29.000Z</time>
        <extensions>
          <ns3:TrackPointExtension>
            <ns3:atemp>29.0</ns3:atemp>
            <ns3:hr>105</ns3:hr>
          </ns3:TrackPointExtension>
        </extensions>
      </trkpt>
      <trkpt lat="24.4904674775898456573486328125" lon="118.1435595452785491943359375">
        <ele>35.799999237060546875</ele>
        <time>2026-09-17T10:02:33.000Z</time>
        <extensions>
          <ns3:TrackPointExtension>
            <ns3:atemp>29.0</ns3:atemp>
            <ns3:hr>104</ns3:hr>
          </ns3:TrackPointExtension>
        </extensions>
      </trkpt>
      <trkpt lat="24.49040821753442287445068359375" lon="118.1435476429760456085205078125">
        <ele>36.59999847412109375</ele>
        <time>2026-09-17T10:02:38.000Z</time>
        <extensions>
          <ns3:TrackPointExtension>
            <ns3:atemp>28.0</ns3:atemp>
            <ns3:hr>105</ns3:hr>
          </ns3:TrackPointExtension>
        </extensions>
      </trkpt>
      <trkpt lat="24.49039413593709468841552734375" lon="118.143547140061855316162109375">
        <ele>36.59999847412109375</ele>
        <time>2026-09-17T10:02:39.000Z</time>
        <extensions>
          <ns3:TrackPointExtension>
            <ns3:atemp>28.0</ns3:atemp>
            <ns3:hr>104</ns3:hr>
          </ns3:TrackPointExtension>
        </extensions>
      </trkpt>
      <trkpt lat="24.49036949314177036285400390625" lon="118.14353850670158863067626953125">
        <ele>36.799999237060546875</ele>
        <time>2026-09-17T10:02:45.000Z</time>
        <extensions>
          <ns3:TrackPointExtension>
            <ns3:atemp>28.0</ns3:atemp>
            <ns3:hr>104</ns3:hr>
          </ns3:TrackPointExtension>
        </extensions>
      </trkpt>
      <trkpt lat="24.49039313010871410369873046875" lon="118.14351252280175685882568359375">
        <ele>37</ele>
        <time>2026-09-17T10:02:51.000Z</time>
        <extensions>
          <ns3:TrackPointExtension>
            <ns3:atemp>29.0</ns3:atemp>
            <ns3:hr>103</ns3:hr>
          </ns3:TrackPointExtension>
        </extensions>
      </trkpt>
      <trkpt lat="24.490350969135761260986328125" lon="118.143495507538318634033203125">
        <ele>36.799999237060546875</ele>
        <time>2026-09-17T10:02:58.000Z</time>
        <extensions>
          <ns3:TrackPointExtension>
            <ns3:atemp>29.0</ns3:atemp>
            <ns3:hr>101</ns3:hr>
          </ns3:TrackPointExtension>
        </extensions>
      </trkpt>
      <trkpt lat="24.49037418700754642486572265625" lon="118.1434789113700389862060546875">
        <ele>37</ele>
        <time>2026-09-17T10:03:02.000Z</time>
        <extensions>
          <ns3:TrackPointExtension>
            <ns3:atemp>28.0</ns3:atemp>
            <ns3:hr>104</ns3:hr>
          </ns3:TrackPointExtension>
        </extensions>
      </trkpt>
      <trkpt lat="24.49038474820554256439208984375" lon="118.14347849227488040924072265625">
        <ele>37</ele>
        <time>2026-09-17T10:03:04.000Z</time>
        <extensions>
          <ns3:TrackPointExtension>
            <ns3:atemp>29.0</ns3:atemp>
            <ns3:hr>101</ns3:hr>
          </ns3:TrackPointExtension>
        </extensions>
      </trkpt>
      <trkpt lat="24.4903860054910182952880859375" lon="118.143483102321624755859375">
        <ele>37</ele>
        <time>2026-09-17T10:03:10.000Z</time>
        <extensions>
          <ns3:TrackPointExtension>
            <ns3:atemp>28.0</ns3:atemp>
            <ns3:hr>103</ns3:hr>
          </ns3:TrackPointExtension>
        </extensions>
      </trkpt>
      <trkpt lat="24.49037854559719562530517578125" lon="118.14348771236836910247802734375">
        <ele>37.40000152587890625</ele>
        <time>2026-09-17T10:03:25.000Z</time>
        <extensions>
          <ns3:TrackPointExtension>
            <ns3:atemp>29.0</ns3:atemp>
            <ns3:hr>104</ns3:hr>
          </ns3:TrackPointExtension>
        </extensions>
      </trkpt>
      <trkpt lat="24.4903796352446079254150390625" lon="118.143488802015781402587890625">
        <ele>37.799999237060546875</ele>
        <time>2026-09-17T10:03:40.000Z</time>
        <extensions>
          <ns3:TrackPointExtension>
            <ns3:atemp>29.0</ns3:atemp>
            <ns3:hr>101</ns3:hr>
          </ns3:TrackPointExtension>
        </extensions>
      </trkpt>
      <trkpt lat="24.49037142097949981689453125" lon="118.1434812583029270172119140625">
        <ele>38</ele>
        <time>2026-09-17T10:03:44.000Z</time>
        <extensions>
          <ns3:TrackPointExtension>
            <ns3:atemp>29.0</ns3:atemp>
            <ns3:hr>100</ns3:hr>
          </ns3:TrackPointExtension>
        </extensions>
      </trkpt>
      <trkpt lat="24.4903866760432720184326171875" lon="118.14348184503614902496337890625">
        <ele>38</ele>
        <time>2026-09-17T10:03:56.000Z</time>
        <extensions>
          <ns3:TrackPointExtension>
            <ns3:atemp>29.0</ns3:atemp>
            <ns3:hr>99</ns3:hr>
          </ns3:TrackPointExtension>
        </extensions>
      </trkpt>
      <trkpt lat="24.49040369130671024322509765625" lon="118.1435030512511730194091796875">
        <ele>38</ele>
        <time>2026-09-17T10:04:00.000Z</time>
        <extensions>
          <ns3:TrackPointExtension>
            <ns3:atemp>29.0</ns3:atemp>
            <ns3:hr>102</ns3:hr>
          </ns3:TrackPointExtension>
        </extensions>
      </trkpt>
      <trkpt lat="24.4904212094843387603759765625" lon="118.14352040179073810577392578125">
        <ele>38.200000762939453125</ele>
        <time>2026-09-17T10:04:04.000Z</time>
        <extensions>
          <ns3:TrackPointExtension>
            <ns3:atemp>29.0</ns3:atemp>
            <ns3:hr>103</ns3:hr>
          </ns3:TrackPointExtension>
        </extensions>
      </trkpt>
      <trkpt lat="24.49041358195245265960693359375" lon="118.14351201988756656646728515625">
        <ele>38.200000762939453125</ele>
        <time>2026-09-17T10:04:10.000Z</time>
        <extensions>
          <ns3:TrackPointExtension>
            <ns3:atemp>29.0</ns3:atemp>
            <ns3:hr>102</ns3:hr>
          </ns3:TrackPointExtension>
        </extensions>
      </trkpt>
      <trkpt lat="24.49041358195245265960693359375" lon="118.14351201988756656646728515625">
        <ele>38.200000762939453125</ele>
        <time>2026-09-17T10:04:12.000Z</time>
        <extensions>
          <ns3:TrackPointExtension>
            <ns3:atemp>28.0</ns3:atemp>
            <ns3:hr>99</ns3:hr>
          </ns3:TrackPointExtension>
        </extensions>
      </trkpt>
      <trkpt lat="24.49041358195245265960693359375" lon="118.14351201988756656646728515625">
        <ele>38.40000152587890625</ele>
        <time>2026-09-17T10:04:20.000Z</time>
        <extensions>
          <ns3:TrackPointExtension>
            <ns3:atemp>29.0</ns3:atemp>
            <ns3:hr>96</ns3:hr>
          </ns3:TrackPointExtension>
        </extensions>
      </trkpt>
      <trkpt lat="24.4904134981334209442138671875" lon="118.1435121037065982818603515625">
        <ele>38.59999847412109375</ele>
        <time>2026-09-17T10:04:27.000Z</time>
        <extensions>
          <ns3:TrackPointExtension>
            <ns3:atemp>28.0</ns3:atemp>
            <ns3:hr>93</ns3:hr>
          </ns3:TrackPointExtension>
        </extensions>
      </trkpt>
      <trkpt lat="24.4904134981334209442138671875" lon="118.14351595938205718994140625">
        <ele>38.59999847412109375</ele>
        <time>2026-09-17T10:04:30.000Z</time>
        <extensions>
          <ns3:TrackPointExtension>
            <ns3:atemp>28.0</ns3:atemp>
            <ns3:hr>90</ns3:hr>
          </ns3:TrackPointExtension>
        </extensions>
      </trkpt>
      <trkpt lat="24.4904128275811672210693359375" lon="118.14351730048656463623046875">
        <ele>38.59999847412109375</ele>
        <time>2026-09-17T10:04:33.000Z</time>
        <extensions>
          <ns3:TrackPointExtension>
            <ns3:atemp>28.0</ns3:atemp>
            <ns3:hr>93</ns3:hr>
          </ns3:TrackPointExtension>
        </extensions>
      </trkpt>
      <trkpt lat="24.4904165156185626983642578125" lon="118.143520317971706390380859375">
        <ele>38.59999847412109375</ele>
        <time>2026-09-17T10:04:46.000Z</time>
        <extensions>
          <ns3:TrackPointExtension>
            <ns3:atemp>28.0</ns3:atemp>
            <ns3:hr>90</ns3:hr>
          </ns3:TrackPointExtension>
        </extensions>
      </trkpt>
      <trkpt lat="24.49041777290403842926025390625" lon="118.143520317971706390380859375">
        <ele>38.59999847412109375</ele>
        <time>2026-09-17T10:04:49.000Z</time>
        <extensions>
          <ns3:TrackPointExtension>
            <ns3:atemp>28.0</ns3:atemp>
            <ns3:hr>87</ns3:hr>
          </ns3:TrackPointExtension>
        </extensions>
      </trkpt>
      <trkpt lat="24.490418024361133575439453125" lon="118.14351989887654781341552734375">
        <ele>38.59999847412109375</ele>
        <time>2026-09-17T10:04:51.000Z</time>
        <extensions>
          <ns3:TrackPointExtension>
            <ns3:atemp>28.0</ns3:atemp>
            <ns3:hr>83</ns3:hr>
          </ns3:TrackPointExtension>
        </extensions>
      </trkpt>
      <trkpt lat="24.49042045511305332183837890625" lon="118.14351872541010379791259765625">
        <ele>38.799999237060546875</ele>
        <time>2026-09-17T10:04:54.000Z</time>
        <extensions>
          <ns3:TrackPointExtension>
            <ns3:atemp>28.0</ns3:atemp>
            <ns3:hr>80</ns3:hr>
          </ns3:TrackPointExtension>
        </extensions>
      </trkpt>
      <trkpt lat="24.49043755419552326202392578125" lon="118.1435131095349788665771484375">
        <ele>39</ele>
        <time>2026-09-17T10:05:07.000Z</time>
        <extensions>
          <ns3:TrackPointExtension>
            <ns3:atemp>28.0</ns3:atemp>
            <ns3:hr>81</ns3:hr>
          </ns3:TrackPointExtension>
        </extensions>
      </trkpt>
      <trkpt lat="24.4904242269694805145263671875" lon="118.14350313507020473480224609375">
        <ele>39</ele>
        <time>2026-09-17T10:05:41.000Z</time>
        <extensions>
          <ns3:TrackPointExtension>
            <ns3:atemp>28.0</ns3:atemp>
            <ns3:hr>84</ns3:hr>
          </ns3:TrackPointExtension>
        </extensions>
      </trkpt>
      <trkpt lat="24.49042975902557373046875" lon="118.14350514672696590423583984375">
        <ele>39</ele>
        <time>2026-09-17T10:05:52.000Z</time>
        <extensions>
          <ns3:TrackPointExtension>
            <ns3:atemp>28.0</ns3:atemp>
            <ns3:hr>81</ns3:hr>
          </ns3:TrackPointExtension>
        </extensions>
      </trkpt>
      <trkpt lat="24.49043369852006435394287109375" lon="118.14349844120442867279052734375">
        <ele>39</ele>
        <time>2026-09-17T10:06:11.000Z</time>
        <extensions>
          <ns3:TrackPointExtension>
            <ns3:atemp>28.0</ns3:atemp>
            <ns3:hr>84</ns3:hr>
          </ns3:TrackPointExtension>
        </extensions>
      </trkpt>
      <trkpt lat="24.49043436907231807708740234375" lon="118.1434963457286357879638671875">
        <ele>39</ele>
        <time>2026-09-17T10:06:21.000Z</time>
        <extensions>
          <ns3:TrackPointExtension>
            <ns3:atemp>29.0</ns3:atemp>
            <ns3:hr>87</ns3:hr>
          </ns3:TrackPointExtension>
        </extensions>
      </trkpt>
      <trkpt lat="24.4904279150068759918212890625" lon="118.14348871819674968719482421875">
        <ele>39</ele>
        <time>2026-09-17T10:07:06.000Z</time>
        <extensions>
          <ns3:TrackPointExtension>
            <ns3:atemp>29.0</ns3:atemp>
            <ns3:hr>84</ns3:hr>
          </ns3:TrackPointExtension>
        </extensions>
      </trkpt>
      <trkpt lat="24.4904282502830028533935546875" lon="118.1434872932732105255126953125">
        <ele>39</ele>
        <time>2026-09-17T10:07:09.000Z</time>
        <extensions>
          <ns3:TrackPointExtension>
            <ns3:atemp>29.0</ns3:atemp>
            <ns3:hr>81</ns3:hr>
          </ns3:TrackPointExtension>
        </extensions>
      </trkpt>
      <trkpt lat="24.490386508405208587646484375" lon="118.14346642233431339263916015625">
        <ele>39</ele>
        <time>2026-09-17T10:07:14.000Z</time>
        <extensions>
          <ns3:TrackPointExtension>
            <ns3:atemp>29.0</ns3:atemp>
            <ns3:hr>83</ns3:hr>
          </ns3:TrackPointExtension>
        </extensions>
      </trkpt>
      <trkpt lat="24.49037988670170307159423828125" lon="118.14346508122980594635009765625">
        <ele>39</ele>
        <time>2026-09-17T10:07:16.000Z</time>
        <extensions>
          <ns3:TrackPointExtension>
            <ns3:atemp>29.0</ns3:atemp>
            <ns3:hr>86</ns3:hr>
          </ns3:TrackPointExtension>
        </extensions>
      </trkpt>
      <trkpt lat="24.49037435464560985565185546875" lon="118.14346633851528167724609375">
        <ele>39</ele>
        <time>2026-09-17T10:07:20.000Z</time>
        <extensions>
          <ns3:TrackPointExtension>
            <ns3:atemp>29.0</ns3:atemp>
            <ns3:hr>87</ns3:hr>
          </ns3:TrackPointExtension>
        </extensions>
      </trkpt>
      <trkpt lat="24.49037435464560985565185546875" lon="118.14346633851528167724609375">
        <ele>39</ele>
        <time>2026-09-17T10:07:28.000Z</time>
        <extensions>
          <ns3:TrackPointExtension>
            <ns3:atemp>29.0</ns3:atemp>
            <ns3:hr>91</ns3:hr>
          </ns3:TrackPointExtension>
        </extensions>
      </trkpt>
      <trkpt lat="24.4903385639190673828125" lon="118.14346658997237682342529296875">
        <ele>39</ele>
        <time>2026-09-17T10:07:34.000Z</time>
        <extensions>
          <ns3:TrackPointExtension>
            <ns3:atemp>29.0</ns3:atemp>
            <ns3:hr>89</ns3:hr>
          </ns3:TrackPointExtension>
        </extensions>
      </trkpt>
      <trkpt lat="24.4903256557881832122802734375" lon="118.14346893690526485443115234375">
        <ele>39</ele>
        <time>2026-09-17T10:07:41.000Z</time>
        <extensions>
          <ns3:TrackPointExtension>
            <ns3:atemp>29.0</ns3:atemp>
            <ns3:hr>87</ns3:hr>
          </ns3:TrackPointExtension>
        </extensions>
      </trkpt>
      <trkpt lat="24.49032288976013660430908203125" lon="118.14345804043114185333251953125">
        <ele>39</ele>
        <time>2026-09-17T10:07:44.000Z</time>
        <extensions>
          <ns3:TrackPointExtension>
            <ns3:atemp>29.0</ns3:atemp>
            <ns3:hr>88</ns3:hr>
          </ns3:TrackPointExtension>
        </extensions>
      </trkpt>
    </trkseg>
  </trk>
</gpx>
