<?xml version="1.0" encoding="UTF-8"?>
<gpx creator="Garmin Connect" version="1.1"
  xsi:schemaLocation="http://www.topografix.com/GPX/1/1 http://www.topografix.com/GPX/11.xsd"
  xmlns:ns3="http://www.garmin.com/xmlschemas/TrackPointExtension/v1"
  xmlns="http://www.topografix.com/GPX/1/1"
  xmlns:xsi="http://www.w3.org/2001/XMLSchema-instance" xmlns:ns2="http://www.garmin.com/xmlschemas/GpxExtensions/v3">
  <metadata>
    <link href="connect.garmin.com">
      <text>Garmin Connect</text>
    </link>
    <time>2026-09-23T09:51:46.000Z</time>
  </metadata>
  <trk>
    <name>厦门市 登山</name>
    <desc>夜爬五谷</desc>
    <type>mountaineering</type>
    <trkseg>
      <trkpt lat="24.4793812371790409088134765625" lon="118.1454677693545818328857421875">
        <ele>52.200000762939453125</ele>
        <time>2026-09-23T09:52:27.000Z</time>
        <extensions>
          <ns3:TrackPointExtension>
            <ns3:atemp>29.0</ns3:atemp>
            <ns3:hr>115</ns3:hr>
          </ns3:TrackPointExtension>
        </extensions>
      </trkpt>
      <trkpt lat="24.47937428019940853118896484375" lon="118.14547321759164333343505859375">
        <ele>51</ele>
        <time>2026-09-23T09:52:29.000Z</time>
        <extensions>
          <ns3:TrackPointExtension>
            <ns3:atemp>29.0</ns3:atemp>
            <ns3:hr>116</ns3:hr>
          </ns3:TrackPointExtension>
        </extensions>
      </trkpt>
      <trkpt lat="24.479374699294567108154296875" lon="118.145534656941890716552734375">
        <ele>49.799999237060546875</ele>
        <time>2026-09-23T09:52:33.000Z</time>
        <extensions>
          <ns3:TrackPointExtension>
            <ns3:atemp>29.0</ns3:atemp>
            <ns3:hr>116</ns3:hr>
          </ns3:TrackPointExtension>
        </extensions>
      </trkpt>
      <trkpt lat="24.4793741963803768157958984375" lon="118.145548738539218902587890625">
        <ele>49.40000152587890625</ele>
        <time>2026-09-23T09:52:34.000Z</time>
        <extensions>
          <ns3:TrackPointExtension>
            <ns3:atemp>29.0</ns3:atemp>
            <ns3:hr>115</ns3:hr>
          </ns3:TrackPointExtension>
        </extensions>
      </trkpt>
      <trkpt lat="24.47937293909490108489990234375" lon="118.14557212404906749725341796875">
        <ele>48.59999847412109375</ele>
        <time>2026-09-23T09:52:36.000Z</time>
        <extensions>
          <ns3:TrackPointExtension>
            <ns3:atemp>29.0</ns3:atemp>
            <ns3:hr>116</ns3:hr>
          </ns3:TrackPointExtension>
        </extensions>
      </trkpt>
      <trkpt lat="24.47935885749757289886474609375" lon="118.14560405910015106201171875">
        <ele>47.59999847412109375</ele>
        <time>2026-09-23T09:52:40.000Z</time>
        <extensions>
          <ns3:TrackPointExtension>
            <ns3:atemp>29.0</ns3:atemp>
            <ns3:hr>115</ns3:hr>
          </ns3:TrackPointExtension>
        </extensions>
      </trkpt>
      <trkpt lat="24.479355923831462860107421875" lon="118.1456216610968112945556640625">
        <ele>47.200000762939453125</ele>
        <time>2026-09-23T09:52:42.000Z</time>
        <extensions>
          <ns3:TrackPointExtension>
            <ns3:atemp>29.0</ns3:atemp>
            <ns3:hr>115</ns3:hr>
          </ns3:TrackPointExtension>
        </extensions>
      </trkpt>
      <trkpt lat="24.47935265488922595977783203125" lon="118.1456303782761096954345703125">
        <ele>46.59999847412109375</ele>
        <time>2026-09-23T09:52:44.000Z</time>
        <extensions>
          <ns3:TrackPointExtension>
            <ns3:atemp>29.0</ns3:atemp>
            <ns3:hr>114</ns3:hr>
          </ns3:TrackPointExtension>
        </extensions>
      </trkpt>
      <trkpt lat="24.4793383218348026275634765625" lon="118.14567991532385349273681640625">
        <ele>45.40000152587890625</ele>
        <time>2026-09-23T09:52:48.000Z</time>
        <extensions>
          <ns3:TrackPointExtension>
            <ns3:atemp>29.0</ns3:atemp>
            <ns3:hr>114</ns3:hr>
          </ns3:TrackPointExtension>
        </extensions>
      </trkpt>
      <trkpt lat="24.47934092022478580474853515625" lon="118.14568695612251758575439453125">
        <ele>45</ele>
        <time>2026-09-23T09:52:49.000Z</time>
        <extensions>
          <ns3:TrackPointExtension>
            <ns3:atemp>29.0</ns3:atemp>
            <ns3:hr>114</ns3:hr>
          </ns3:TrackPointExtension>
        </extensions>
      </trkpt>
      <trkpt lat="24.47934544645249843597412109375" lon="118.14568812958896160125732421875">
        <ele>45</ele>
        <time>2026-09-23T09:52:50.000Z</time>
        <extensions>
          <ns3:TrackPointExtension>
            <ns3:atemp>29.0</ns3:atemp>
            <ns3:hr>113</ns3:hr>
          </ns3:TrackPointExtension>
        </extensions>
      </trkpt>
      <trkpt lat="24.47929968126118183135986328125" lon="118.145698271691799163818359375">
        <ele>45</ele>
        <time>2026-09-23T09:52:55.000Z</time>
        <extensions>
          <ns3:TrackPointExtension>
            <ns3:atemp>29.0</ns3:atemp>
            <ns3:hr>113</ns3:hr>
          </ns3:TrackPointExtension>
        </extensions>
      </trkpt>
      <trkpt lat="24.4792732782661914825439453125" lon="118.1456811726093292236328125">
        <ele>45.40000152587890625</ele>
        <time>2026-09-23T09:53:01.000Z</time>
        <extensions>
          <ns3:TrackPointExtension>
            <ns3:atemp>29.0</ns3:atemp>
            <ns3:hr>112</ns3:hr>
          </ns3:TrackPointExtension>
        </extensions>
      </trkpt>
      <trkpt lat="24.47927084751427173614501953125" lon="118.14568913541734218597412109375">
        <ele>45.40000152587890625</ele>
        <time>2026-09-23T09:53:02.000Z</time>
        <extensions>
          <ns3:TrackPointExtension>
            <ns3:atemp>29.0</ns3:atemp>
            <ns3:hr>112</ns3:hr>
          </ns3:TrackPointExtension>
        </extensions>
      </trkpt>
      <trkpt lat="24.47920429520308971405029296875" lon="118.14572366885840892791748046875">
        <ele>45.40000152587890625</ele>
        <time>2026-09-23T09:53:06.000Z</time>
        <extensions>
          <ns3:TrackPointExtension>
            <ns3:atemp>29.0</ns3:atemp>
            <ns3:hr>113</ns3:hr>
          </ns3:TrackPointExtension>
        </extensions>
      </trkpt>
      <trkpt lat="24.47917051613330841064453125" lon="118.14579290337860584259033203125">
        <ele>45.59999847412109375</ele>
        <time>2026-09-23T09:53:11.000Z</time>
        <extensions>
          <ns3:TrackPointExtension>
            <ns3:atemp>29.0</ns3:atemp>
            <ns3:hr>112</ns3:hr>
          </ns3:TrackPointExtension>
        </extensions>
      </trkpt>
      <trkpt lat="24.47910237126052379608154296875" lon="118.1458461284637451171875">
        <ele>45.200000762939453125</ele>
        <time>2026-09-23T09:53:15.000Z</time>
        <extensions>
          <ns3:TrackPointExtension>
            <ns3:atemp>29.0</ns3:atemp>
            <ns3:hr>112</ns3:hr>
          </ns3:TrackPointExtension>
        </extensions>
      </trkpt>
      <trkpt lat="24.4790892116725444793701171875" lon="118.14586113207042217254638671875">
        <ele>45.200000762939453125</ele>
        <time>2026-09-23T09:53:16.000Z</time>
        <extensions>
          <ns3:TrackPointExtension>
            <ns3:atemp>29.0</ns3:atemp>
            <ns3:hr>112</ns3:hr>
          </ns3:TrackPointExtension>
        </extensions>
      </trkpt>
      <trkpt lat="24.47902509011328220367431640625" lon="118.14587387256324291229248046875">
        <ele>45.200000762939453125</ele>
        <time>2026-09-23T09:53:22.000Z</time>
        <extensions>
          <ns3:TrackPointExtension>
            <ns3:atemp>29.0</ns3:atemp>
            <ns3:hr>111</ns3:hr>
          </ns3:TrackPointExtension>
        </extensions>
      </trkpt>
      <trkpt lat="24.47893917560577392578125" lon="118.1458841823041439056396484375">
        <ele>45.40000152587890625</ele>
        <time>2026-09-23T09:53:28.000Z</time>
        <extensions>
          <ns3:TrackPointExtension>
            <ns3:atemp>29.0</ns3:atemp>
            <ns3:hr>111</ns3:hr>
          </ns3:TrackPointExtension>
        </extensions>
      </trkpt>
      <trkpt lat="24.47892132215201854705810546875" lon="118.1458935700356960296630859375">
        <ele>46.40000152587890625</ele>
        <time>2026-09-23T09:53:30.000Z</time>
        <extensions>
          <ns3:TrackPointExtension>
            <ns3:atemp>29.0</ns3:atemp>
            <ns3:hr>111</ns3:hr>
          </ns3:TrackPointExtension>
        </extensions>
      </trkpt>
      <trkpt lat="24.4788709469139575958251953125" lon="118.145897090435028076171875">
        <ele>46.799999237060546875</ele>
        <time>2026-09-23T09:53:34.000Z</time>
        <extensions>
          <ns3:TrackPointExtension>
            <ns3:atemp>29.0</ns3:atemp>
            <ns3:hr>114</ns3:hr>
          </ns3:TrackPointExtension>
        </extensions>
      </trkpt>
      <trkpt lat="24.47884974069893360137939453125" lon="118.14590672962367534637451171875">
        <ele>46.799999237060546875</ele>
        <time>2026-09-23T09:53:35.000Z</time>
        <extensions>
          <ns3:TrackPointExtension>
            <ns3:atemp>29.0</ns3:atemp>
            <ns3:hr>111</ns3:hr>
          </ns3:TrackPointExtension>
        </extensions>
      </trkpt>
      <trkpt lat="24.47867254726588726043701171875" lon="118.1459384970366954803466796875">
        <ele>46.59999847412109375</ele>
        <time>2026-09-23T09:53:44.000Z</time>
        <extensions>
          <ns3:TrackPointExtension>
            <ns3:atemp>29.0</ns3:atemp>
            <ns3:hr>114</ns3:hr>
          </ns3:TrackPointExtension>
        </extensions>
      </trkpt>
      <trkpt lat="24.478553943336009979248046875" lon="118.1459475494921207427978515625">
        <ele>46.799999237060546875</ele>
        <time>2026-09-23T09:53:55.000Z</time>
        <extensions>
          <ns3:TrackPointExtension>
            <ns3:atemp>29.0</ns3:atemp>
            <ns3:hr>115</ns3:hr>
          </ns3:TrackPointExtension>
        </extensions>
      </trkpt>
      <trkpt lat="24.478521086275577545166015625" lon="118.1459458731114864349365234375">
        <ele>46.799999237060546875</ele>
        <time>2026-09-23T09:53:58.000Z</time>
        <extensions>
          <ns3:TrackPointExtension>
            <ns3:atemp>29.0</ns3:atemp>
            <ns3:hr>114</ns3:hr>
          </ns3:TrackPointExtension>
        </extensions>
      </trkpt>
      <trkpt lat="24.47848680429160594940185546875" lon="118.14597445540130138397216796875">
        <ele>46.59999847412109375</ele>
        <time>2026-09-23T09:54:01.000Z</time>
        <extensions>
          <ns3:TrackPointExtension>
            <ns3:atemp>29.0</ns3:atemp>
            <ns3:hr>113</ns3:hr>
          </ns3:TrackPointExtension>
        </extensions>
      </trkpt>
      <trkpt lat="24.47848596610128879547119140625" lon="118.14596205018460750579833984375">
        <ele>46.59999847412109375</ele>
        <time>2026-09-23T09:54:03.000Z</time>
        <extensions>
          <ns3:TrackPointExtension>
            <ns3:atemp>29.0</ns3:atemp>
            <ns3:hr>113</ns3:hr>
          </ns3:TrackPointExtension>
        </extensions>
      </trkpt>
      <trkpt lat="24.47849459946155548095703125" lon="118.1459534168243408203125">
        <ele>46.40000152587890625</ele>
        <time>2026-09-23T09:54:05.000Z</time>
        <extensions>
          <ns3:TrackPointExtension>
            <ns3:atemp>29.0</ns3:atemp>
            <ns3:hr>112</ns3:hr>
          </ns3:TrackPointExtension>
        </extensions>
      </trkpt>
      <trkpt lat="24.4785044901072978973388671875" lon="118.1459669955074787139892578125">
        <ele>46.40000152587890625</ele>
        <time>2026-09-23T09:54:07.000Z</time>
        <extensions>
          <ns3:TrackPointExtension>
            <ns3:atemp>29.0</ns3:atemp>
            <ns3:hr>112</ns3:hr>
          </ns3:TrackPointExtension>
        </extensions>
      </trkpt>
      <trkpt lat="24.4785048253834247589111328125" lon="118.145998679101467132568359375">
        <ele>46.200000762939453125</ele>
        <time>2026-09-23T09:54:12.000Z</time>
        <extensions>
          <ns3:TrackPointExtension>
            <ns3:atemp>29.0</ns3:atemp>
            <ns3:hr>113</ns3:hr>
          </ns3:TrackPointExtension>
        </extensions>
      </trkpt>
      <trkpt lat="24.47850742377340793609619140625" lon="118.14599289558827877044677734375">
        <ele>46.799999237060546875</ele>
        <time>2026-09-23T09:54:21.000Z</time>
        <extensions>
          <ns3:TrackPointExtension>
            <ns3:atemp>29.0</ns3:atemp>
            <ns3:hr>113</ns3:hr>
          </ns3:TrackPointExtension>
        </extensions>
      </trkpt>
      <trkpt lat="24.478507339954376220703125" lon="118.1459810771048069000244140625">
        <ele>46.799999237060546875</ele>
        <time>2026-09-23T09:54:30.000Z</time>
        <extensions>
          <ns3:TrackPointExtension>
            <ns3:atemp>29.0</ns3:atemp>
            <ns3:hr>110</ns3:hr>
          </ns3:TrackPointExtension>
        </extensions>
      </trkpt>
      <trkpt lat="24.47850708849728107452392578125" lon="118.14597688615322113037109375">
        <ele>46.799999237060546875</ele>
        <time>2026-09-23T09:54:33.000Z</time>
        <extensions>
          <ns3:TrackPointExtension>
            <ns3:atemp>29.0</ns3:atemp>
            <ns3:hr>107</ns3:hr>
          </ns3:TrackPointExtension>
        </extensions>
      </trkpt>
      <trkpt lat="24.47850692085921764373779296875" lon="118.145972527563571929931640625">
        <ele>46.799999237060546875</ele>
        <time>2026-09-23T09:54:35.000Z</time>
        <extensions>
          <ns3:TrackPointExtension>
            <ns3:atemp>29.0</ns3:atemp>
            <ns3:hr>104</ns3:hr>
          </ns3:TrackPointExtension>
        </extensions>
      </trkpt>
      <trkpt lat="24.47850666940212249755859375" lon="118.1459626369178295135498046875">
        <ele>46.799999237060546875</ele>
        <time>2026-09-23T09:54:39.000Z</time>
        <extensions>
          <ns3:TrackPointExtension>
            <ns3:atemp>29.0</ns3:atemp>
            <ns3:hr>101</ns3:hr>
          </ns3:TrackPointExtension>
        </extensions>
      </trkpt>
      <trkpt lat="24.47850608266890048980712890625" lon="118.14595903269946575164794921875">
        <ele>46.799999237060546875</ele>
        <time>2026-09-23T09:54:41.000Z</time>
        <extensions>
          <ns3:TrackPointExtension>
            <ns3:atemp>29.0</ns3:atemp>
            <ns3:hr>98</ns3:hr>
          </ns3:TrackPointExtension>
        </extensions>
      </trkpt>
      <trkpt lat="24.47849350981414318084716796875" lon="118.14595635049045085906982421875">
        <ele>46.59999847412109375</ele>
        <time>2026-09-23T09:54:44.000Z</time>
        <extensions>
          <ns3:TrackPointExtension>
            <ns3:atemp>29.0</ns3:atemp>
            <ns3:hr>95</ns3:hr>
          </ns3:TrackPointExtension>
        </extensions>
      </trkpt>
      <trkpt lat="24.478464759886264801025390625" lon="118.14597696997225284576416015625">
        <ele>46.59999847412109375</ele>
        <time>2026-09-23T09:54:47.000Z</time>
        <extensions>
          <ns3:TrackPointExtension>
            <ns3:atemp>29.0</ns3:atemp>
            <ns3:hr>93</ns3:hr>
          </ns3:TrackPointExtension>
        </extensions>
      </trkpt>
      <trkpt lat="24.4783365167677402496337890625" lon="118.1459579430520534515380859375">
        <ele>47.200000762939453125</ele>
        <time>2026-09-23T09:54:56.000Z</time>
        <extensions>
          <ns3:TrackPointExtension>
            <ns3:atemp>29.0</ns3:atemp>
            <ns3:hr>95</ns3:hr>
          </ns3:TrackPointExtension>
        </extensions>
      </trkpt>
      <trkpt lat="24.478307850658893585205078125" lon="118.14595819450914859771728515625">
        <ele>47.200000762939453125</ele>
        <time>2026-09-23T09:54:58.000Z</time>
        <extensions>
          <ns3:TrackPointExtension>
            <ns3:atemp>29.0</ns3:atemp>
            <ns3:hr>96</ns3:hr>
          </ns3:TrackPointExtension>
        </extensions>
      </trkpt>
      <trkpt lat="24.47825579904019832611083984375" lon="118.14595140516757965087890625">
        <ele>47</ele>
        <time>2026-09-23T09:55:01.000Z</time>
        <extensions>
          <ns3:TrackPointExtension>
            <ns3:atemp>29.0</ns3:atemp>
            <ns3:hr>97</ns3:hr>
          </ns3:TrackPointExtension>
        </extensions>
      </trkpt>
      <trkpt lat="24.47824188508093357086181640625" lon="118.1459535844624042510986328125">
        <ele>46.799999237060546875</ele>
        <time>2026-09-23T09:55:02.000Z</time>
        <extensions>
          <ns3:TrackPointExtension>
            <ns3:atemp>29.0</ns3:atemp>
            <ns3:hr>97</ns3:hr>
          </ns3:TrackPointExtension>
        </extensions>
      </trkpt>
      <trkpt lat="24.47819662280380725860595703125" lon="118.1459534168243408203125">
        <ele>46.799999237060546875</ele>
        <time>2026-09-23T09:55:05.000Z</time>
        <extensions>
          <ns3:TrackPointExtension>
            <ns3:atemp>29.0</ns3:atemp>
            <ns3:hr>98</ns3:hr>
          </ns3:TrackPointExtension>
        </extensions>
      </trkpt>
      <trkpt lat="24.47814398445188999176025390625" lon="118.1459770537912845611572265625">
        <ele>46.59999847412109375</ele>
        <time>2026-09-23T09:55:09.000Z</time>
        <extensions>
          <ns3:TrackPointExtension>
            <ns3:atemp>29.0</ns3:atemp>
            <ns3:hr>100</ns3:hr>
          </ns3:TrackPointExtension>
        </extensions>
      </trkpt>
      <trkpt lat="24.47812386788427829742431640625" lon="118.14598384313285350799560546875">
        <ele>46.59999847412109375</ele>
        <time>2026-09-23T09:55:11.000Z</time>
        <extensions>
          <ns3:TrackPointExtension>
            <ns3:atemp>29.0</ns3:atemp>
            <ns3:hr>99</ns3:hr>
          </ns3:TrackPointExtension>
        </extensions>
      </trkpt>
      <trkpt lat="24.47810039855539798736572265625" lon="118.14598183147609233856201171875">
        <ele>46.59999847412109375</ele>
        <time>2026-09-23T09:55:13.000Z</time>
        <extensions>
          <ns3:TrackPointExtension>
            <ns3:atemp>29.0</ns3:atemp>
            <ns3:hr>101</ns3:hr>
          </ns3:TrackPointExtension>
        </extensions>
      </trkpt>
      <trkpt lat="24.47807609103620052337646484375" lon="118.1459817476570606231689453125">
        <ele>46.59999847412109375</ele>
        <time>2026-09-23T09:55:15.000Z</time>
        <extensions>
          <ns3:TrackPointExtension>
            <ns3:atemp>29.0</ns3:atemp>
            <ns3:hr>101</ns3:hr>
          </ns3:TrackPointExtension>
        </extensions>
      </trkpt>
      <trkpt lat="24.478038959205150604248046875" lon="118.145990632474422454833984375">
        <ele>46.59999847412109375</ele>
        <time>2026-09-23T09:55:18.000Z</time>
        <extensions>
          <ns3:TrackPointExtension>
            <ns3:atemp>29.0</ns3:atemp>
            <ns3:hr>104</ns3:hr>
          </ns3:TrackPointExtension>
        </extensions>
      </trkpt>
      <trkpt lat="24.47799361310899257659912109375" lon="118.14601443707942962646484375">
        <ele>46.40000152587890625</ele>
        <time>2026-09-23T09:55:21.000Z</time>
        <extensions>
          <ns3:TrackPointExtension>
            <ns3:atemp>29.0</ns3:atemp>
            <ns3:hr>107</ns3:hr>
          </ns3:TrackPointExtension>
        </extensions>
      </trkpt>
      <trkpt lat="24.47796662338078022003173828125" lon="118.146041594445705413818359375">
        <ele>46.40000152587890625</ele>
        <time>2026-09-23T09:55:23.000Z</time>
        <extensions>
          <ns3:TrackPointExtension>
            <ns3:atemp>29.0</ns3:atemp>
            <ns3:hr>109</ns3:hr>
          </ns3:TrackPointExtension>
        </extensions>
      </trkpt>
      <trkpt lat="24.47795589454472064971923828125" lon="118.14604201354086399078369140625">
        <ele>46.40000152587890625</ele>
        <time>2026-09-23T09:55:24.000Z</time>
        <extensions>
          <ns3:TrackPointExtension>
            <ns3:atemp>29.0</ns3:atemp>
            <ns3:hr>112</ns3:hr>
          </ns3:TrackPointExtension>
        </extensions>
      </trkpt>
      <trkpt lat="24.477945081889629364013671875" lon="118.14603832550346851348876953125">
        <ele>46.40000152587890625</ele>
        <time>2026-09-23T09:55:25.000Z</time>
        <extensions>
          <ns3:TrackPointExtension>
            <ns3:atemp>29.0</ns3:atemp>
            <ns3:hr>115</ns3:hr>
          </ns3:TrackPointExtension>
        </extensions>
      </trkpt>
      <trkpt lat="24.47792639024555683135986328125" lon="118.14603648148477077484130859375">
        <ele>46.40000152587890625</ele>
        <time>2026-09-23T09:55:27.000Z</time>
        <extensions>
          <ns3:TrackPointExtension>
            <ns3:atemp>29.0</ns3:atemp>
            <ns3:hr>118</ns3:hr>
          </ns3:TrackPointExtension>
        </extensions>
      </trkpt>
      <trkpt lat="24.4778755120933055877685546875" lon="118.14606028608977794647216796875">
        <ele>46.59999847412109375</ele>
        <time>2026-09-23T09:55:31.000Z</time>
        <extensions>
          <ns3:TrackPointExtension>
            <ns3:atemp>29.0</ns3:atemp>
            <ns3:hr>120</ns3:hr>
          </ns3:TrackPointExtension>
        </extensions>
      </trkpt>
      <trkpt lat="24.47784475050866603851318359375" lon="118.146071098744869232177734375">
        <ele>46.59999847412109375</ele>
        <time>2026-09-23T09:55:33.000Z</time>
        <extensions>
          <ns3:TrackPointExtension>
            <ns3:atemp>29.0</ns3:atemp>
            <ns3:hr>120</ns3:hr>
          </ns3:TrackPointExtension>
        </extensions>
      </trkpt>
      <trkpt lat="24.4778309203684329986572265625" lon="118.146060369908809661865234375">
        <ele>46.59999847412109375</ele>
        <time>2026-09-23T09:55:34.000Z</time>
        <extensions>
          <ns3:TrackPointExtension>
            <ns3:atemp>29.0</ns3:atemp>
            <ns3:hr>120</ns3:hr>
          </ns3:TrackPointExtension>
        </extensions>
      </trkpt>
      <trkpt lat="24.47778691537678241729736328125" lon="118.14606447704136371612548828125">
        <ele>46.59999847412109375</ele>
        <time>2026-09-23T09:55:37.000Z</time>
        <extensions>
          <ns3:TrackPointExtension>
            <ns3:atemp>29.0</ns3:atemp>
            <ns3:hr>120</ns3:hr>
          </ns3:TrackPointExtension>
        </extensions>
      </trkpt>
      <trkpt lat="24.4777715764939785003662109375" lon="118.146069087088108062744140625">
        <ele>46.59999847412109375</ele>
        <time>2026-09-23T09:55:38.000Z</time>
        <extensions>
          <ns3:TrackPointExtension>
            <ns3:atemp>29.0</ns3:atemp>
            <ns3:hr>120</ns3:hr>
          </ns3:TrackPointExtension>
        </extensions>
      </trkpt>
      <trkpt lat="24.47771097533404827117919921875" lon="118.14605441875755786895751953125">
        <ele>46.40000152587890625</ele>
        <time>2026-09-23T09:55:43.000Z</time>
        <extensions>
          <ns3:TrackPointExtension>
            <ns3:atemp>29.0</ns3:atemp>
            <ns3:hr>120</ns3:hr>
          </ns3:TrackPointExtension>
        </extensions>
      </trkpt>
      <trkpt lat="24.4777051918208599090576171875" lon="118.14606330357491970062255859375">
        <ele>46.200000762939453125</ele>
        <time>2026-09-23T09:55:45.000Z</time>
        <extensions>
          <ns3:TrackPointExtension>
            <ns3:atemp>29.0</ns3:atemp>
            <ns3:hr>120</ns3:hr>
          </ns3:TrackPointExtension>
        </extensions>
      </trkpt>
      <trkpt lat="24.4776669703423976898193359375" lon="118.1461654789745807647705078125">
        <ele>46.40000152587890625</ele>
        <time>2026-09-23T09:55:52.000Z</time>
        <extensions>
          <ns3:TrackPointExtension>
            <ns3:atemp>29.0</ns3:atemp>
            <ns3:hr>121</ns3:hr>
          </ns3:TrackPointExtension>
        </extensions>
      </trkpt>
      <trkpt lat="24.47757057845592498779296875" lon="118.14620663411915302276611328125">
        <ele>46</ele>
        <time>2026-09-23T09:55:57.000Z</time>
        <extensions>
          <ns3:TrackPointExtension>
            <ns3:atemp>29.0</ns3:atemp>
            <ns3:hr>120</ns3:hr>
          </ns3:TrackPointExtension>
        </extensions>
      </trkpt>
      <trkpt lat="24.4775489531457424163818359375" lon="118.14621602185070514678955078125">
        <ele>45.799999237060546875</ele>
        <time>2026-09-23T09:55:58.000Z</time>
        <extensions>
          <ns3:TrackPointExtension>
            <ns3:atemp>29.0</ns3:atemp>
            <ns3:hr>121</ns3:hr>
          </ns3:TrackPointExtension>
        </extensions>
      </trkpt>
      <trkpt lat="24.4774088077247142791748046875" lon="118.14620210789144039154052734375">
        <ele>45.799999237060546875</ele>
        <time>2026-09-23T09:56:06.000Z</time>
        <extensions>
          <ns3:TrackPointExtension>
            <ns3:atemp>29.0</ns3:atemp>
            <ns3:hr>123</ns3:hr>
          </ns3:TrackPointExtension>
        </extensions>
      </trkpt>
      <trkpt lat="24.47740319184958934783935546875" lon="118.14624703489243984222412109375">
        <ele>45.799999237060546875</ele>
        <time>2026-09-23T09:56:12.000Z</time>
        <extensions>
          <ns3:TrackPointExtension>
            <ns3:atemp>29.0</ns3:atemp>
            <ns3:hr>123</ns3:hr>
          </ns3:TrackPointExtension>
        </extensions>
      </trkpt>
      <trkpt lat="24.477420710027217864990234375" lon="118.1463743560016155242919921875">
        <ele>45.59999847412109375</ele>
        <time>2026-09-23T09:56:21.000Z</time>
        <extensions>
          <ns3:TrackPointExtension>
            <ns3:atemp>29.0</ns3:atemp>
            <ns3:hr>122</ns3:hr>
          </ns3:TrackPointExtension>
        </extensions>
      </trkpt>
      <trkpt lat="24.47746337391436100006103515625" lon="118.14656387083232402801513671875">
        <ele>45.200000762939453125</ele>
        <time>2026-09-23T09:56:32.000Z</time>
        <extensions>
          <ns3:TrackPointExtension>
            <ns3:atemp>29.0</ns3:atemp>
            <ns3:hr>123</ns3:hr>
          </ns3:TrackPointExtension>
        </extensions>
      </trkpt>
      <trkpt lat="24.47750159539282321929931640625" lon="118.1466647051274776458740234375">
        <ele>45</ele>
        <time>2026-09-23T09:56:39.000Z</time>
        <extensions>
          <ns3:TrackPointExtension>
            <ns3:atemp>29.0</ns3:atemp>
            <ns3:hr>123</ns3:hr>
          </ns3:TrackPointExtension>
        </extensions>
      </trkpt>
      <trkpt lat="24.4775301776826381683349609375" lon="118.14674525521695613861083984375">
        <ele>44.799999237060546875</ele>
        <time>2026-09-23T09:56:46.000Z</time>
        <extensions>
          <ns3:TrackPointExtension>
            <ns3:atemp>29.0</ns3:atemp>
            <ns3:hr>123</ns3:hr>
          </ns3:TrackPointExtension>
        </extensions>
      </trkpt>
      <trkpt lat="24.47756211273372173309326171875" lon="118.146819435060024261474609375">
        <ele>44.799999237060546875</ele>
        <time>2026-09-23T09:56:52.000Z</time>
        <extensions>
          <ns3:TrackPointExtension>
            <ns3:atemp>29.0</ns3:atemp>
            <ns3:hr>122</ns3:hr>
          </ns3:TrackPointExtension>
        </extensions>
      </trkpt>
      <trkpt lat="24.47755792178213596343994140625" lon="118.14683242700994014739990234375">
        <ele>44.59999847412109375</ele>
        <time>2026-09-23T09:56:53.000Z</time>
        <extensions>
          <ns3:TrackPointExtension>
            <ns3:atemp>29.0</ns3:atemp>
            <ns3:hr>122</ns3:hr>
          </ns3:TrackPointExtension>
        </extensions>
      </trkpt>
      <trkpt lat="24.477520622313022613525390625" lon="118.1469372846186161041259765625">
        <ele>44</ele>
        <time>2026-09-23T09:57:00.000Z</time>
        <extensions>
          <ns3:TrackPointExtension>
            <ns3:atemp>29.0</ns3:atemp>
            <ns3:hr>123</ns3:hr>
          </ns3:TrackPointExtension>
        </extensions>
      </trkpt>
      <trkpt lat="24.47748198173940181732177734375" lon="118.14705220051109790802001953125">
        <ele>43.799999237060546875</ele>
        <time>2026-09-23T09:57:07.000Z</time>
        <extensions>
          <ns3:TrackPointExtension>
            <ns3:atemp>29.0</ns3:atemp>
            <ns3:hr>123</ns3:hr>
          </ns3:TrackPointExtension>
        </extensions>
      </trkpt>
      <trkpt lat="24.4774564169347286224365234375" lon="118.14705790020525455474853515625">
        <ele>43.59999847412109375</ele>
        <time>2026-09-23T09:57:08.000Z</time>
        <extensions>
          <ns3:TrackPointExtension>
            <ns3:atemp>29.0</ns3:atemp>
            <ns3:hr>123</ns3:hr>
          </ns3:TrackPointExtension>
        </extensions>
      </trkpt>
      <trkpt lat="24.47735558263957500457763671875" lon="118.14704080112278461456298828125">
        <ele>43.40000152587890625</ele>
        <time>2026-09-23T09:57:14.000Z</time>
        <extensions>
          <ns3:TrackPointExtension>
            <ns3:atemp>29.0</ns3:atemp>
            <ns3:hr>123</ns3:hr>
          </ns3:TrackPointExtension>
        </extensions>
      </trkpt>
      <trkpt lat="24.47714301757514476776123046875" lon="118.14695597626268863677978515625">
        <ele>43.200000762939453125</ele>
        <time>2026-09-23T09:57:27.000Z</time>
        <extensions>
          <ns3:TrackPointExtension>
            <ns3:atemp>29.0</ns3:atemp>
            <ns3:hr>122</ns3:hr>
          </ns3:TrackPointExtension>
        </extensions>
      </trkpt>
      <trkpt lat="24.47694704867899417877197265625" lon="118.14688405953347682952880859375">
        <ele>43.200000762939453125</ele>
        <time>2026-09-23T09:57:39.000Z</time>
        <extensions>
          <ns3:TrackPointExtension>
            <ns3:atemp>29.0</ns3:atemp>
            <ns3:hr>125</ns3:hr>
          </ns3:TrackPointExtension>
        </extensions>
      </trkpt>
      <trkpt lat="24.476898014545440673828125" lon="118.14686142839491367340087890625">
        <ele>43.200000762939453125</ele>
        <time>2026-09-23T09:57:42.000Z</time>
        <extensions>
          <ns3:TrackPointExtension>
            <ns3:atemp>30.0</ns3:atemp>
            <ns3:hr>128</ns3:hr>
          </ns3:TrackPointExtension>
        </extensions>
      </trkpt>
      <trkpt lat="24.47676566429436206817626953125" lon="118.14681985415518283843994140625">
        <ele>43.40000152587890625</ele>
        <time>2026-09-23T09:57:50.000Z</time>
        <extensions>
          <ns3:TrackPointExtension>
            <ns3:atemp>29.0</ns3:atemp>
            <ns3:hr>129</ns3:hr>
          </ns3:TrackPointExtension>
        </extensions>
      </trkpt>
      <trkpt lat="24.47670313529670238494873046875" lon="118.146796636283397674560546875">
        <ele>43.40000152587890625</ele>
        <time>2026-09-23T09:57:54.000Z</time>
        <extensions>
          <ns3:TrackPointExtension>
            <ns3:atemp>29.0</ns3:atemp>
            <ns3:hr>126</ns3:hr>
          </ns3:TrackPointExtension>
        </extensions>
      </trkpt>
      <trkpt lat="24.4766437076032161712646484375" lon="118.1467716582119464874267578125">
        <ele>43.40000152587890625</ele>
        <time>2026-09-23T09:57:58.000Z</time>
        <extensions>
          <ns3:TrackPointExtension>
            <ns3:atemp>30.0</ns3:atemp>
            <ns3:hr>123</ns3:hr>
          </ns3:TrackPointExtension>
        </extensions>
      </trkpt>
      <trkpt lat="24.47663121856749057769775390625" lon="118.14676587469875812530517578125">
        <ele>43.40000152587890625</ele>
        <time>2026-09-23T09:57:59.000Z</time>
        <extensions>
          <ns3:TrackPointExtension>
            <ns3:atemp>30.0</ns3:atemp>
            <ns3:hr>122</ns3:hr>
          </ns3:TrackPointExtension>
        </extensions>
      </trkpt>
      <trkpt lat="24.4765635766088962554931640625" lon="118.14673997461795806884765625">
        <ele>43.40000152587890625</ele>
        <time>2026-09-23T09:58:04.000Z</time>
        <extensions>
          <ns3:TrackPointExtension>
            <ns3:atemp>29.0</ns3:atemp>
            <ns3:hr>119</ns3:hr>
          </ns3:TrackPointExtension>
        </extensions>
      </trkpt>
      <trkpt lat="24.47651102207601070404052734375" lon="118.14671642147004604339599609375">
        <ele>43.40000152587890625</ele>
        <time>2026-09-23T09:58:08.000Z</time>
        <extensions>
          <ns3:TrackPointExtension>
            <ns3:atemp>30.0</ns3:atemp>
            <ns3:hr>117</ns3:hr>
          </ns3:TrackPointExtension>
        </extensions>
      </trkpt>
      <trkpt lat="24.47642200626432895660400390625" lon="118.14666579477488994598388671875">
        <ele>43.59999847412109375</ele>
        <time>2026-09-23T09:58:15.000Z</time>
        <extensions>
          <ns3:TrackPointExtension>
            <ns3:atemp>29.0</ns3:atemp>
            <ns3:hr>118</ns3:hr>
          </ns3:TrackPointExtension>
        </extensions>
      </trkpt>
      <trkpt lat="24.476401805877685546875" lon="118.14664634875953197479248046875">
        <ele>43.59999847412109375</ele>
        <time>2026-09-23T09:58:17.000Z</time>
        <extensions>
          <ns3:TrackPointExtension>
            <ns3:atemp>29.0</ns3:atemp>
            <ns3:hr>118</ns3:hr>
          </ns3:TrackPointExtension>
        </extensions>
      </trkpt>
      <trkpt lat="24.47629694826900959014892578125" lon="118.14658147282898426055908203125">
        <ele>43.799999237060546875</ele>
        <time>2026-09-23T09:58:27.000Z</time>
        <extensions>
          <ns3:TrackPointExtension>
            <ns3:atemp>29.0</ns3:atemp>
            <ns3:hr>118</ns3:hr>
          </ns3:TrackPointExtension>
        </extensions>
      </trkpt>
      <trkpt lat="24.47621815837919712066650390625" lon="118.14653771929442882537841796875">
        <ele>43.799999237060546875</ele>
        <time>2026-09-23T09:58:34.000Z</time>
        <extensions>
          <ns3:TrackPointExtension>
            <ns3:atemp>29.0</ns3:atemp>
            <ns3:hr>120</ns3:hr>
          </ns3:TrackPointExtension>
        </extensions>
      </trkpt>
      <trkpt lat="24.47616602294147014617919921875" lon="118.14650318585336208343505859375">
        <ele>43.799999237060546875</ele>
        <time>2026-09-23T09:58:38.000Z</time>
        <extensions>
          <ns3:TrackPointExtension>
            <ns3:atemp>30.0</ns3:atemp>
            <ns3:hr>123</ns3:hr>
          </ns3:TrackPointExtension>
        </extensions>
      </trkpt>
      <trkpt lat="24.47613987140357494354248046875" lon="118.14648516476154327392578125">
        <ele>43.799999237060546875</ele>
        <time>2026-09-23T09:58:40.000Z</time>
        <extensions>
          <ns3:TrackPointExtension>
            <ns3:atemp>30.0</ns3:atemp>
            <ns3:hr>123</ns3:hr>
          </ns3:TrackPointExtension>
        </extensions>
      </trkpt>
      <trkpt lat="24.476030655205249786376953125" lon="118.14643093384802341461181640625">
        <ele>44.200000762939453125</ele>
        <time>2026-09-23T09:58:48.000Z</time>
        <extensions>
          <ns3:TrackPointExtension>
            <ns3:atemp>29.0</ns3:atemp>
            <ns3:hr>123</ns3:hr>
          </ns3:TrackPointExtension>
        </extensions>
      </trkpt>
      <trkpt lat="24.475994110107421875" lon="118.1464092247188091278076171875">
        <ele>44.200000762939453125</ele>
        <time>2026-09-23T09:58:51.000Z</time>
        <extensions>
          <ns3:TrackPointExtension>
            <ns3:atemp>30.0</ns3:atemp>
            <ns3:hr>126</ns3:hr>
          </ns3:TrackPointExtension>
        </extensions>
      </trkpt>
      <trkpt lat="24.47595161385834217071533203125" lon="118.14636371098458766937255859375">
        <ele>44.200000762939453125</ele>
        <time>2026-09-23T09:58:55.000Z</time>
        <extensions>
          <ns3:TrackPointExtension>
            <ns3:atemp>30.0</ns3:atemp>
            <ns3:hr>128</ns3:hr>
          </ns3:TrackPointExtension>
        </extensions>
      </trkpt>
      <trkpt lat="24.47586813010275363922119140625" lon="118.14631325192749500274658203125">
        <ele>44.40000152587890625</ele>
        <time>2026-09-23T09:59:03.000Z</time>
        <extensions>
          <ns3:TrackPointExtension>
            <ns3:atemp>30.0</ns3:atemp>
            <ns3:hr>127</ns3:hr>
          </ns3:TrackPointExtension>
        </extensions>
      </trkpt>
      <trkpt lat="24.47576084174215793609619140625" lon="118.146252147853374481201171875">
        <ele>44.59999847412109375</ele>
        <time>2026-09-23T09:59:11.000Z</time>
        <extensions>
          <ns3:TrackPointExtension>
            <ns3:atemp>30.0</ns3:atemp>
            <ns3:hr>125</ns3:hr>
          </ns3:TrackPointExtension>
        </extensions>
      </trkpt>
      <trkpt lat="24.4757455028593540191650390625" lon="118.14624133519828319549560546875">
        <ele>44.59999847412109375</ele>
        <time>2026-09-23T09:59:12.000Z</time>
        <extensions>
          <ns3:TrackPointExtension>
            <ns3:atemp>29.0</ns3:atemp>
            <ns3:hr>124</ns3:hr>
          </ns3:TrackPointExtension>
        </extensions>
      </trkpt>
      <trkpt lat="24.475692696869373321533203125" lon="118.1462090648710727691650390625">
        <ele>44.59999847412109375</ele>
        <time>2026-09-23T09:59:16.000Z</time>
        <extensions>
          <ns3:TrackPointExtension>
            <ns3:atemp>30.0</ns3:atemp>
            <ns3:hr>122</ns3:hr>
          </ns3:TrackPointExtension>
        </extensions>
      </trkpt>
      <trkpt lat="24.47562396526336669921875" lon="118.14616640098392963409423828125">
        <ele>44.59999847412109375</ele>
        <time>2026-09-23T09:59:21.000Z</time>
        <extensions>
          <ns3:TrackPointExtension>
            <ns3:atemp>30.0</ns3:atemp>
            <ns3:hr>119</ns3:hr>
          </ns3:TrackPointExtension>
        </extensions>
      </trkpt>
      <trkpt lat="24.4755600951611995697021484375" lon="118.14610890112817287445068359375">
        <ele>44.799999237060546875</ele>
        <time>2026-09-23T09:59:27.000Z</time>
        <extensions>
          <ns3:TrackPointExtension>
            <ns3:atemp>30.0</ns3:atemp>
            <ns3:hr>120</ns3:hr>
          </ns3:TrackPointExtension>
        </extensions>
      </trkpt>
      <trkpt lat="24.4755440019071102142333984375" lon="118.14608425833284854888916015625">
        <ele>44.799999237060546875</ele>
        <time>2026-09-23T09:59:29.000Z</time>
        <extensions>
          <ns3:TrackPointExtension>
            <ns3:atemp>30.0</ns3:atemp>
            <ns3:hr>123</ns3:hr>
          </ns3:TrackPointExtension>
        </extensions>
      </trkpt>
      <trkpt lat="24.4755198620259761810302734375" lon="118.1460337154567241668701171875">
        <ele>44.799999237060546875</ele>
        <time>2026-09-23T09:59:33.000Z</time>
        <extensions>
          <ns3:TrackPointExtension>
            <ns3:atemp>30.0</ns3:atemp>
            <ns3:hr>126</ns3:hr>
          </ns3:TrackPointExtension>
        </extensions>
      </trkpt>
      <trkpt lat="24.47551324032247066497802734375" lon="118.14602206461131572723388671875">
        <ele>44.799999237060546875</ele>
        <time>2026-09-23T09:59:34.000Z</time>
        <extensions>
          <ns3:TrackPointExtension>
            <ns3:atemp>30.0</ns3:atemp>
            <ns3:hr>126</ns3:hr>
          </ns3:TrackPointExtension>
        </extensions>
      </trkpt>
      <trkpt lat="24.4754375517368316650390625" lon="118.1459277682006359100341796875">
        <ele>44.59999847412109375</ele>
        <time>2026-09-23T09:59:42.000Z</time>
        <extensions>
          <ns3:TrackPointExtension>
            <ns3:atemp>30.0</ns3:atemp>
            <ns3:hr>129</ns3:hr>
          </ns3:TrackPointExtension>
        </extensions>
      </trkpt>
      <trkpt lat="24.4754199497401714324951171875" lon="118.14589935354888439178466796875">
        <ele>44.799999237060546875</ele>
        <time>2026-09-23T09:59:44.000Z</time>
        <extensions>
          <ns3:TrackPointExtension>
            <ns3:atemp>30.0</ns3:atemp>
            <ns3:hr>128</ns3:hr>
          </ns3:TrackPointExtension>
        </extensions>
      </trkpt>
      <trkpt lat="24.475394971668720245361328125" lon="118.145841099321842193603515625">
        <ele>44.799999237060546875</ele>
        <time>2026-09-23T09:59:48.000Z</time>
        <extensions>
          <ns3:TrackPointExtension>
            <ns3:atemp>30.0</ns3:atemp>
            <ns3:hr>125</ns3:hr>
          </ns3:TrackPointExtension>
        </extensions>
      </trkpt>
      <trkpt lat="24.4753624498844146728515625" lon="118.1457616388797760009765625">
        <ele>44.799999237060546875</ele>
        <time>2026-09-23T09:59:53.000Z</time>
        <extensions>
          <ns3:TrackPointExtension>
            <ns3:atemp>30.0</ns3:atemp>
            <ns3:hr>124</ns3:hr>
          </ns3:TrackPointExtension>
        </extensions>
      </trkpt>
      <trkpt lat="24.4752992503345012664794921875" lon="118.1456860341131687164306640625">
        <ele>45</ele>
        <time>2026-09-23T10:00:00.000Z</time>
        <extensions>
          <ns3:TrackPointExtension>
            <ns3:atemp>29.0</ns3:atemp>
            <ns3:hr>122</ns3:hr>
          </ns3:TrackPointExtension>
        </extensions>
      </trkpt>
      <trkpt lat="24.47524351067841053009033203125" lon="118.14567488618195056915283203125">
        <ele>45.200000762939453125</ele>
        <time>2026-09-23T10:00:07.000Z</time>
        <extensions>
          <ns3:TrackPointExtension>
            <ns3:atemp>30.0</ns3:atemp>
            <ns3:hr>123</ns3:hr>
          </ns3:TrackPointExtension>
        </extensions>
      </trkpt>
      <trkpt lat="24.4752244837582111358642578125" lon="118.14566633664071559906005859375">
        <ele>45.40000152587890625</ele>
        <time>2026-09-23T10:00:09.000Z</time>
        <extensions>
          <ns3:TrackPointExtension>
            <ns3:atemp>30.0</ns3:atemp>
            <ns3:hr>123</ns3:hr>
          </ns3:TrackPointExtension>
        </extensions>
      </trkpt>
      <trkpt lat="24.4751594401895999908447265625" lon="118.14565904438495635986328125">
        <ele>45.40000152587890625</ele>
        <time>2026-09-23T10:00:12.000Z</time>
        <extensions>
          <ns3:TrackPointExtension>
            <ns3:atemp>30.0</ns3:atemp>
            <ns3:hr>125</ns3:hr>
          </ns3:TrackPointExtension>
        </extensions>
      </trkpt>
      <trkpt lat="24.47503631003201007843017578125" lon="118.14564202912151813507080078125">
        <ele>45.40000152587890625</ele>
        <time>2026-09-23T10:00:20.000Z</time>
        <extensions>
          <ns3:TrackPointExtension>
            <ns3:atemp>30.0</ns3:atemp>
            <ns3:hr>127</ns3:hr>
          </ns3:TrackPointExtension>
        </extensions>
      </trkpt>
      <trkpt lat="24.47495006024837493896484375" lon="118.14561587758362293243408203125">
        <ele>45</ele>
        <time>2026-09-23T10:00:26.000Z</time>
        <extensions>
          <ns3:TrackPointExtension>
            <ns3:atemp>30.0</ns3:atemp>
            <ns3:hr>126</ns3:hr>
          </ns3:TrackPointExtension>
        </extensions>
      </trkpt>
      <trkpt lat="24.47491292841732501983642578125" lon="118.145590983331203460693359375">
        <ele>45.200000762939453125</ele>
        <time>2026-09-23T10:00:30.000Z</time>
        <extensions>
          <ns3:TrackPointExtension>
            <ns3:atemp>30.0</ns3:atemp>
            <ns3:hr>123</ns3:hr>
          </ns3:TrackPointExtension>
        </extensions>
      </trkpt>
      <trkpt lat="24.474848471581935882568359375" lon="118.1455351598560810089111328125">
        <ele>45.40000152587890625</ele>
        <time>2026-09-23T10:00:36.000Z</time>
        <extensions>
          <ns3:TrackPointExtension>
            <ns3:atemp>30.0</ns3:atemp>
            <ns3:hr>123</ns3:hr>
          </ns3:TrackPointExtension>
        </extensions>
      </trkpt>
      <trkpt lat="24.4747034646570682525634765625" lon="118.14549718983471393585205078125">
        <ele>45.799999237060546875</ele>
        <time>2026-09-23T10:00:46.000Z</time>
        <extensions>
          <ns3:TrackPointExtension>
            <ns3:atemp>30.0</ns3:atemp>
            <ns3:hr>121</ns3:hr>
          </ns3:TrackPointExtension>
        </extensions>
      </trkpt>
      <trkpt lat="24.47461746633052825927734375" lon="118.1454567052423954010009765625">
        <ele>46</ele>
        <time>2026-09-23T10:00:51.000Z</time>
        <extensions>
          <ns3:TrackPointExtension>
            <ns3:atemp>30.0</ns3:atemp>
            <ns3:hr>124</ns3:hr>
          </ns3:TrackPointExtension>
        </extensions>
      </trkpt>
      <trkpt lat="24.47458469308912754058837890625" lon="118.1454369239509105682373046875">
        <ele>46.200000762939453125</ele>
        <time>2026-09-23T10:00:53.000Z</time>
        <extensions>
          <ns3:TrackPointExtension>
            <ns3:atemp>30.0</ns3:atemp>
            <ns3:hr>124</ns3:hr>
          </ns3:TrackPointExtension>
        </extensions>
      </trkpt>
      <trkpt lat="24.4744533486664295196533203125" lon="118.14534933306276798248291015625">
        <ele>45.799999237060546875</ele>
        <time>2026-09-23T10:01:04.000Z</time>
        <extensions>
          <ns3:TrackPointExtension>
            <ns3:atemp>30.0</ns3:atemp>
            <ns3:hr>125</ns3:hr>
          </ns3:TrackPointExtension>
        </extensions>
      </trkpt>
      <trkpt lat="24.474358968436717987060546875" lon="118.14527682960033416748046875">
        <ele>45.799999237060546875</ele>
        <time>2026-09-23T10:01:13.000Z</time>
        <extensions>
          <ns3:TrackPointExtension>
            <ns3:atemp>30.0</ns3:atemp>
            <ns3:hr>122</ns3:hr>
          </ns3:TrackPointExtension>
        </extensions>
      </trkpt>
      <trkpt lat="24.47434631176292896270751953125" lon="118.14526936970651149749755859375">
        <ele>45.799999237060546875</ele>
        <time>2026-09-23T10:01:14.000Z</time>
        <extensions>
          <ns3:TrackPointExtension>
            <ns3:atemp>30.0</ns3:atemp>
            <ns3:hr>122</ns3:hr>
          </ns3:TrackPointExtension>
        </extensions>
      </trkpt>
      <trkpt lat="24.4742360897362232208251953125" lon="118.14518571831285953521728515625">
        <ele>45.799999237060546875</ele>
        <time>2026-09-23T10:01:22.000Z</time>
        <extensions>
          <ns3:TrackPointExtension>
            <ns3:atemp>29.0</ns3:atemp>
            <ns3:hr>123</ns3:hr>
          </ns3:TrackPointExtension>
        </extensions>
      </trkpt>
      <trkpt lat="24.4741177372634410858154296875" lon="118.14511028118431568145751953125">
        <ele>46</ele>
        <time>2026-09-23T10:01:31.000Z</time>
        <extensions>
          <ns3:TrackPointExtension>
            <ns3:atemp>29.0</ns3:atemp>
            <ns3:hr>125</ns3:hr>
          </ns3:TrackPointExtension>
        </extensions>
      </trkpt>
      <trkpt lat="24.4740991294384002685546875" lon="118.1450842134654521942138671875">
        <ele>46</ele>
        <time>2026-09-23T10:01:33.000Z</time>
        <extensions>
          <ns3:TrackPointExtension>
            <ns3:atemp>30.0</ns3:atemp>
            <ns3:hr>125</ns3:hr>
          </ns3:TrackPointExtension>
        </extensions>
      </trkpt>
      <trkpt lat="24.4740962795913219451904296875" lon="118.1450141407549381256103515625">
        <ele>45.59999847412109375</ele>
        <time>2026-09-23T10:01:37.000Z</time>
        <extensions>
          <ns3:TrackPointExtension>
            <ns3:atemp>29.0</ns3:atemp>
            <ns3:hr>126</ns3:hr>
          </ns3:TrackPointExtension>
        </extensions>
      </trkpt>
      <trkpt lat="24.47407205589115619659423828125" lon="118.14489469863474369049072265625">
        <ele>46</ele>
        <time>2026-09-23T10:01:42.000Z</time>
        <extensions>
          <ns3:TrackPointExtension>
            <ns3:atemp>29.0</ns3:atemp>
            <ns3:hr>127</ns3:hr>
          </ns3:TrackPointExtension>
        </extensions>
      </trkpt>
      <trkpt lat="24.47411765344440937042236328125" lon="118.14482110552489757537841796875">
        <ele>46.40000152587890625</ele>
        <time>2026-09-23T10:01:46.000Z</time>
        <extensions>
          <ns3:TrackPointExtension>
            <ns3:atemp>30.0</ns3:atemp>
            <ns3:hr>126</ns3:hr>
          </ns3:TrackPointExtension>
        </extensions>
      </trkpt>
      <trkpt lat="24.4741351716220378875732421875" lon="118.1448012404143810272216796875">
        <ele>46.799999237060546875</ele>
        <time>2026-09-23T10:01:47.000Z</time>
        <extensions>
          <ns3:TrackPointExtension>
            <ns3:atemp>30.0</ns3:atemp>
            <ns3:hr>126</ns3:hr>
          </ns3:TrackPointExtension>
        </extensions>
      </trkpt>
      <trkpt lat="24.47415076196193695068359375" lon="118.14478824846446514129638671875">
        <ele>47</ele>
        <time>2026-09-23T10:01:48.000Z</time>
        <extensions>
          <ns3:TrackPointExtension>
            <ns3:atemp>29.0</ns3:atemp>
            <ns3:hr>126</ns3:hr>
          </ns3:TrackPointExtension>
        </extensions>
      </trkpt>
      <trkpt lat="24.474155791103839874267578125" lon="118.14477165229618549346923828125">
        <ele>47.200000762939453125</ele>
        <time>2026-09-23T10:01:49.000Z</time>
        <extensions>
          <ns3:TrackPointExtension>
            <ns3:atemp>30.0</ns3:atemp>
            <ns3:hr>126</ns3:hr>
          </ns3:TrackPointExtension>
        </extensions>
      </trkpt>
      <trkpt lat="24.47419946081936359405517578125" lon="118.14471951685845851898193359375">
        <ele>47.799999237060546875</ele>
        <time>2026-09-23T10:01:52.000Z</time>
        <extensions>
          <ns3:TrackPointExtension>
            <ns3:atemp>29.0</ns3:atemp>
            <ns3:hr>127</ns3:hr>
          </ns3:TrackPointExtension>
        </extensions>
      </trkpt>
      <trkpt lat="24.4742226786911487579345703125" lon="118.144695796072483062744140625">
        <ele>48</ele>
        <time>2026-09-23T10:01:53.000Z</time>
        <extensions>
          <ns3:TrackPointExtension>
            <ns3:atemp>29.0</ns3:atemp>
            <ns3:hr>127</ns3:hr>
          </ns3:TrackPointExtension>
        </extensions>
      </trkpt>
      <trkpt lat="24.47423801757395267486572265625" lon="118.1446523778140544891357421875">
        <ele>48.59999847412109375</ele>
        <time>2026-09-23T10:01:55.000Z</time>
        <extensions>
          <ns3:TrackPointExtension>
            <ns3:atemp>29.0</ns3:atemp>
            <ns3:hr>128</ns3:hr>
          </ns3:TrackPointExtension>
        </extensions>
      </trkpt>
      <trkpt lat="24.4742625765502452850341796875" lon="118.1446044333279132843017578125">
        <ele>49</ele>
        <time>2026-09-23T10:01:57.000Z</time>
        <extensions>
          <ns3:TrackPointExtension>
            <ns3:atemp>29.0</ns3:atemp>
            <ns3:hr>129</ns3:hr>
          </ns3:TrackPointExtension>
        </extensions>
      </trkpt>
      <trkpt lat="24.47427741251885890960693359375" lon="118.14458523876965045928955078125">
        <ele>49.200000762939453125</ele>
        <time>2026-09-23T10:01:58.000Z</time>
        <extensions>
          <ns3:TrackPointExtension>
            <ns3:atemp>29.0</ns3:atemp>
            <ns3:hr>127</ns3:hr>
          </ns3:TrackPointExtension>
        </extensions>
      </trkpt>
      <trkpt lat="24.47430909611284732818603515625" lon="118.144536204636096954345703125">
        <ele>49.40000152587890625</ele>
        <time>2026-09-23T10:02:01.000Z</time>
        <extensions>
          <ns3:TrackPointExtension>
            <ns3:atemp>29.0</ns3:atemp>
            <ns3:hr>130</ns3:hr>
          </ns3:TrackPointExtension>
        </extensions>
      </trkpt>
      <trkpt lat="24.474334158003330230712890625" lon="118.1444763578474521636962890625">
        <ele>50</ele>
        <time>2026-09-23T10:02:05.000Z</time>
        <extensions>
          <ns3:TrackPointExtension>
            <ns3:atemp>29.0</ns3:atemp>
            <ns3:hr>131</ns3:hr>
          </ns3:TrackPointExtension>
        </extensions>
      </trkpt>
      <trkpt lat="24.47434329427778720855712890625" lon="118.14445079304277896881103515625">
        <ele>50.200000762939453125</ele>
        <time>2026-09-23T10:02:07.000Z</time>
        <extensions>
          <ns3:TrackPointExtension>
            <ns3:atemp>29.0</ns3:atemp>
            <ns3:hr>134</ns3:hr>
          </ns3:TrackPointExtension>
        </extensions>
      </trkpt>
      <trkpt lat="24.47434966452419757843017578125" lon="118.14443570561707019805908203125">
        <ele>50.200000762939453125</ele>
        <time>2026-09-23T10:02:08.000Z</time>
        <extensions>
          <ns3:TrackPointExtension>
            <ns3:atemp>29.0</ns3:atemp>
            <ns3:hr>132</ns3:hr>
          </ns3:TrackPointExtension>
        </extensions>
      </trkpt>
      <trkpt lat="24.47435385547578334808349609375" lon="118.14442254602909088134765625">
        <ele>50.40000152587890625</ele>
        <time>2026-09-23T10:02:09.000Z</time>
        <extensions>
          <ns3:TrackPointExtension>
            <ns3:atemp>29.0</ns3:atemp>
            <ns3:hr>135</ns3:hr>
          </ns3:TrackPointExtension>
        </extensions>
      </trkpt>
      <trkpt lat="24.47435854934155941009521484375" lon="118.14440905116498470306396484375">
        <ele>50.59999847412109375</ele>
        <time>2026-09-23T10:02:10.000Z</time>
        <extensions>
          <ns3:TrackPointExtension>
            <ns3:atemp>29.0</ns3:atemp>
            <ns3:hr>132</ns3:hr>
          </ns3:TrackPointExtension>
        </extensions>
      </trkpt>
      <trkpt lat="24.47436408139765262603759765625" lon="118.14439304172992706298828125">
        <ele>51</ele>
        <time>2026-09-23T10:02:13.000Z</time>
        <extensions>
          <ns3:TrackPointExtension>
            <ns3:atemp>29.0</ns3:atemp>
            <ns3:hr>130</ns3:hr>
          </ns3:TrackPointExtension>
        </extensions>
      </trkpt>
      <trkpt lat="24.4743658415973186492919921875" lon="118.14437015913426876068115234375">
        <ele>51.200000762939453125</ele>
        <time>2026-09-23T10:02:15.000Z</time>
        <extensions>
          <ns3:TrackPointExtension>
            <ns3:atemp>29.0</ns3:atemp>
            <ns3:hr>127</ns3:hr>
          </ns3:TrackPointExtension>
        </extensions>
      </trkpt>
      <trkpt lat="24.4743702001869678497314453125" lon="118.14435683190822601318359375">
        <ele>51.40000152587890625</ele>
        <time>2026-09-23T10:02:16.000Z</time>
        <extensions>
          <ns3:TrackPointExtension>
            <ns3:atemp>29.0</ns3:atemp>
            <ns3:hr>128</ns3:hr>
          </ns3:TrackPointExtension>
        </extensions>
      </trkpt>
      <trkpt lat="24.47436927817761898040771484375" lon="118.14432590268552303314208984375">
        <ele>51.799999237060546875</ele>
        <time>2026-09-23T10:02:18.000Z</time>
        <extensions>
          <ns3:TrackPointExtension>
            <ns3:atemp>29.0</ns3:atemp>
            <ns3:hr>129</ns3:hr>
          </ns3:TrackPointExtension>
        </extensions>
      </trkpt>
      <trkpt lat="24.47436022572219371795654296875" lon="118.1443144194781780242919921875">
        <ele>52</ele>
        <time>2026-09-23T10:02:19.000Z</time>
        <extensions>
          <ns3:TrackPointExtension>
            <ns3:atemp>29.0</ns3:atemp>
            <ns3:hr>128</ns3:hr>
          </ns3:TrackPointExtension>
        </extensions>
      </trkpt>
      <trkpt lat="24.4743460603058338165283203125" lon="118.14430050551891326904296875">
        <ele>52.40000152587890625</ele>
        <time>2026-09-23T10:02:21.000Z</time>
        <extensions>
          <ns3:TrackPointExtension>
            <ns3:atemp>29.0</ns3:atemp>
            <ns3:hr>128</ns3:hr>
          </ns3:TrackPointExtension>
        </extensions>
      </trkpt>
      <trkpt lat="24.4743259437382221221923828125" lon="118.1442926265299320220947265625">
        <ele>52.799999237060546875</ele>
        <time>2026-09-23T10:02:23.000Z</time>
        <extensions>
          <ns3:TrackPointExtension>
            <ns3:atemp>29.0</ns3:atemp>
            <ns3:hr>125</ns3:hr>
          </ns3:TrackPointExtension>
        </extensions>
      </trkpt>
      <trkpt lat="24.47431764565408229827880859375" lon="118.1442815624177455902099609375">
        <ele>52.799999237060546875</ele>
        <time>2026-09-23T10:02:24.000Z</time>
        <extensions>
          <ns3:TrackPointExtension>
            <ns3:atemp>29.0</ns3:atemp>
            <ns3:hr>125</ns3:hr>
          </ns3:TrackPointExtension>
        </extensions>
      </trkpt>
      <trkpt lat="24.47430959902703762054443359375" lon="118.14430008642375469207763671875">
        <ele>53</ele>
        <time>2026-09-23T10:02:26.000Z</time>
        <extensions>
          <ns3:TrackPointExtension>
            <ns3:atemp>29.0</ns3:atemp>
            <ns3:hr>124</ns3:hr>
          </ns3:TrackPointExtension>
        </extensions>
      </trkpt>
      <trkpt lat="24.47429685853421688079833984375" lon="118.1443228013813495635986328125">
        <ele>53.59999847412109375</ele>
        <time>2026-09-23T10:02:29.000Z</time>
        <extensions>
          <ns3:TrackPointExtension>
            <ns3:atemp>29.0</ns3:atemp>
            <ns3:hr>124</ns3:hr>
          </ns3:TrackPointExtension>
        </extensions>
      </trkpt>
      <trkpt lat="24.47426986880600452423095703125" lon="118.144380636513233184814453125">
        <ele>54.59999847412109375</ele>
        <time>2026-09-23T10:02:34.000Z</time>
        <extensions>
          <ns3:TrackPointExtension>
            <ns3:atemp>29.0</ns3:atemp>
            <ns3:hr>121</ns3:hr>
          </ns3:TrackPointExtension>
        </extensions>
      </trkpt>
      <trkpt lat="24.47426752187311649322509765625" lon="118.1443908624351024627685546875">
        <ele>54.799999237060546875</ele>
        <time>2026-09-23T10:02:35.000Z</time>
        <extensions>
          <ns3:TrackPointExtension>
            <ns3:atemp>29.0</ns3:atemp>
            <ns3:hr>120</ns3:hr>
          </ns3:TrackPointExtension>
        </extensions>
      </trkpt>
      <trkpt lat="24.47425360791385173797607421875" lon="118.14444140531122684478759765625">
        <ele>55.40000152587890625</ele>
        <time>2026-09-23T10:02:41.000Z</time>
        <extensions>
          <ns3:TrackPointExtension>
            <ns3:atemp>29.0</ns3:atemp>
            <ns3:hr>118</ns3:hr>
          </ns3:TrackPointExtension>
        </extensions>
      </trkpt>
      <trkpt lat="24.4742441363632678985595703125" lon="118.144450373947620391845703125">
        <ele>55.40000152587890625</ele>
        <time>2026-09-23T10:02:42.000Z</time>
        <extensions>
          <ns3:TrackPointExtension>
            <ns3:atemp>29.0</ns3:atemp>
            <ns3:hr>118</ns3:hr>
          </ns3:TrackPointExtension>
        </extensions>
      </trkpt>
      <trkpt lat="24.4742421247065067291259765625" lon="118.14446873031556606292724609375">
        <ele>56.200000762939453125</ele>
        <time>2026-09-23T10:02:44.000Z</time>
        <extensions>
          <ns3:TrackPointExtension>
            <ns3:atemp>29.0</ns3:atemp>
            <ns3:hr>119</ns3:hr>
          </ns3:TrackPointExtension>
        </extensions>
      </trkpt>
      <trkpt lat="24.474229551851749420166015625" lon="118.14450410194694995880126953125">
        <ele>56.200000762939453125</ele>
        <time>2026-09-23T10:02:47.000Z</time>
        <extensions>
          <ns3:TrackPointExtension>
            <ns3:atemp>29.0</ns3:atemp>
            <ns3:hr>119</ns3:hr>
          </ns3:TrackPointExtension>
        </extensions>
      </trkpt>
      <trkpt lat="24.47421672753989696502685546875" lon="118.14451717771589756011962890625">
        <ele>56</ele>
        <time>2026-09-23T10:02:49.000Z</time>
        <extensions>
          <ns3:TrackPointExtension>
            <ns3:atemp>29.0</ns3:atemp>
            <ns3:hr>119</ns3:hr>
          </ns3:TrackPointExtension>
        </extensions>
      </trkpt>
      <trkpt lat="24.47415051050484180450439453125" lon="118.144534192979335784912109375">
        <ele>56.40000152587890625</ele>
        <time>2026-09-23T10:02:54.000Z</time>
        <extensions>
          <ns3:TrackPointExtension>
            <ns3:atemp>29.0</ns3:atemp>
            <ns3:hr>118</ns3:hr>
          </ns3:TrackPointExtension>
        </extensions>
      </trkpt>
      <trkpt lat="24.47412687353789806365966796875" lon="118.1445477716624736785888671875">
        <ele>57.200000762939453125</ele>
        <time>2026-09-23T10:02:56.000Z</time>
        <extensions>
          <ns3:TrackPointExtension>
            <ns3:atemp>29.0</ns3:atemp>
            <ns3:hr>116</ns3:hr>
          </ns3:TrackPointExtension>
        </extensions>
      </trkpt>
      <trkpt lat="24.47411463595926761627197265625" lon="118.1445534713566303253173828125">
        <ele>57.200000762939453125</ele>
        <time>2026-09-23T10:02:57.000Z</time>
        <extensions>
          <ns3:TrackPointExtension>
            <ns3:atemp>29.0</ns3:atemp>
            <ns3:hr>116</ns3:hr>
          </ns3:TrackPointExtension>
        </extensions>
      </trkpt>
      <trkpt lat="24.474029727280139923095703125" lon="118.14457585103809833526611328125">
        <ele>58.40000152587890625</ele>
        <time>2026-09-23T10:03:03.000Z</time>
        <extensions>
          <ns3:TrackPointExtension>
            <ns3:atemp>29.0</ns3:atemp>
            <ns3:hr>118</ns3:hr>
          </ns3:TrackPointExtension>
        </extensions>
      </trkpt>
      <trkpt lat="24.474000893533229827880859375" lon="118.144577778875827789306640625">
        <ele>58.59999847412109375</ele>
        <time>2026-09-23T10:03:05.000Z</time>
        <extensions>
          <ns3:TrackPointExtension>
            <ns3:atemp>29.0</ns3:atemp>
            <ns3:hr>118</ns3:hr>
          </ns3:TrackPointExtension>
        </extensions>
      </trkpt>
      <trkpt lat="24.4739715568721294403076171875" lon="118.14458942972123622894287109375">
        <ele>59.799999237060546875</ele>
        <time>2026-09-23T10:03:08.000Z</time>
        <extensions>
          <ns3:TrackPointExtension>
            <ns3:atemp>29.0</ns3:atemp>
            <ns3:hr>117</ns3:hr>
          </ns3:TrackPointExtension>
        </extensions>
      </trkpt>
      <trkpt lat="24.47391632013022899627685546875" lon="118.1445823051035404205322265625">
        <ele>60.799999237060546875</ele>
        <time>2026-09-23T10:03:12.000Z</time>
        <extensions>
          <ns3:TrackPointExtension>
            <ns3:atemp>29.0</ns3:atemp>
            <ns3:hr>117</ns3:hr>
          </ns3:TrackPointExtension>
        </extensions>
      </trkpt>
      <trkpt lat="24.4737814553081989288330078125" lon="118.14453528262674808502197265625">
        <ele>60.799999237060546875</ele>
        <time>2026-09-23T10:03:20.000Z</time>
        <extensions>
          <ns3:TrackPointExtension>
            <ns3:atemp>29.0</ns3:atemp>
            <ns3:hr>117</ns3:hr>
          </ns3:TrackPointExtension>
        </extensions>
      </trkpt>
      <trkpt lat="24.47370844893157482147216796875" lon="118.14450745470821857452392578125">
        <ele>60.40000152587890625</ele>
        <time>2026-09-23T10:03:27.000Z</time>
        <extensions>
          <ns3:TrackPointExtension>
            <ns3:atemp>29.0</ns3:atemp>
            <ns3:hr>116</ns3:hr>
          </ns3:TrackPointExtension>
        </extensions>
      </trkpt>
      <trkpt lat="24.4736557267606258392333984375" lon="118.14449035562574863433837890625">
        <ele>60.40000152587890625</ele>
        <time>2026-09-23T10:03:33.000Z</time>
        <extensions>
          <ns3:TrackPointExtension>
            <ns3:atemp>29.0</ns3:atemp>
            <ns3:hr>117</ns3:hr>
          </ns3:TrackPointExtension>
        </extensions>
      </trkpt>
      <trkpt lat="24.473608620464801788330078125" lon="118.14448800869286060333251953125">
        <ele>60.40000152587890625</ele>
        <time>2026-09-23T10:03:40.000Z</time>
        <extensions>
          <ns3:TrackPointExtension>
            <ns3:atemp>29.0</ns3:atemp>
            <ns3:hr>117</ns3:hr>
          </ns3:TrackPointExtension>
        </extensions>
      </trkpt>
      <trkpt lat="24.47364089079201221466064453125" lon="118.14447158016264438629150390625">
        <ele>60.40000152587890625</ele>
        <time>2026-09-23T10:03:44.000Z</time>
        <extensions>
          <ns3:TrackPointExtension>
            <ns3:atemp>29.0</ns3:atemp>
            <ns3:hr>120</ns3:hr>
          </ns3:TrackPointExtension>
        </extensions>
      </trkpt>
      <trkpt lat="24.47363384999334812164306640625" lon="118.14445607364177703857421875">
        <ele>60.59999847412109375</ele>
        <time>2026-09-23T10:03:47.000Z</time>
        <extensions>
          <ns3:TrackPointExtension>
            <ns3:atemp>29.0</ns3:atemp>
            <ns3:hr>119</ns3:hr>
          </ns3:TrackPointExtension>
        </extensions>
      </trkpt>
      <trkpt lat="24.4736091233789920806884765625" lon="118.14443050883710384368896484375">
        <ele>60.59999847412109375</ele>
        <time>2026-09-23T10:03:50.000Z</time>
        <extensions>
          <ns3:TrackPointExtension>
            <ns3:atemp>29.0</ns3:atemp>
            <ns3:hr>119</ns3:hr>
          </ns3:TrackPointExtension>
        </extensions>
      </trkpt>
      <trkpt lat="24.473590515553951263427734375" lon="118.14441072754561901092529296875">
        <ele>61</ele>
        <time>2026-09-23T10:03:52.000Z</time>
        <extensions>
          <ns3:TrackPointExtension>
            <ns3:atemp>29.0</ns3:atemp>
            <ns3:hr>124</ns3:hr>
          </ns3:TrackPointExtension>
        </extensions>
      </trkpt>
      <trkpt lat="24.47357987053692340850830078125" lon="118.1443918682634830474853515625">
        <ele>61.200000762939453125</ele>
        <time>2026-09-23T10:03:54.000Z</time>
        <extensions>
          <ns3:TrackPointExtension>
            <ns3:atemp>29.0</ns3:atemp>
            <ns3:hr>127</ns3:hr>
          </ns3:TrackPointExtension>
        </extensions>
      </trkpt>
      <trkpt lat="24.4735474325716495513916015625" lon="118.14435356296598911285400390625">
        <ele>61.799999237060546875</ele>
        <time>2026-09-23T10:03:59.000Z</time>
        <extensions>
          <ns3:TrackPointExtension>
            <ns3:atemp>29.0</ns3:atemp>
            <ns3:hr>128</ns3:hr>
          </ns3:TrackPointExtension>
        </extensions>
      </trkpt>
      <trkpt lat="24.4735209457576274871826171875" lon="118.14434015192091464996337890625">
        <ele>62.59999847412109375</ele>
        <time>2026-09-23T10:04:02.000Z</time>
        <extensions>
          <ns3:TrackPointExtension>
            <ns3:atemp>29.0</ns3:atemp>
            <ns3:hr>128</ns3:hr>
          </ns3:TrackPointExtension>
        </extensions>
      </trkpt>
      <trkpt lat="24.4735118933022022247314453125" lon="118.14432908780872821807861328125">
        <ele>62.799999237060546875</ele>
        <time>2026-09-23T10:04:03.000Z</time>
        <extensions>
          <ns3:TrackPointExtension>
            <ns3:atemp>29.0</ns3:atemp>
            <ns3:hr>128</ns3:hr>
          </ns3:TrackPointExtension>
        </extensions>
      </trkpt>
      <trkpt lat="24.47344609536230564117431640625" lon="118.1443011760711669921875">
        <ele>63.200000762939453125</ele>
        <time>2026-09-23T10:04:09.000Z</time>
        <extensions>
          <ns3:TrackPointExtension>
            <ns3:atemp>29.0</ns3:atemp>
            <ns3:hr>127</ns3:hr>
          </ns3:TrackPointExtension>
        </extensions>
      </trkpt>
      <trkpt lat="24.4734017550945281982421875" lon="118.144269324839115142822265625">
        <ele>64</ele>
        <time>2026-09-23T10:04:14.000Z</time>
        <extensions>
          <ns3:TrackPointExtension>
            <ns3:atemp>29.0</ns3:atemp>
            <ns3:hr>127</ns3:hr>
          </ns3:TrackPointExtension>
        </extensions>
      </trkpt>
      <trkpt lat="24.47338775731623172760009765625" lon="118.14426505006849765777587890625">
        <ele>64.59999847412109375</ele>
        <time>2026-09-23T10:04:16.000Z</time>
        <extensions>
          <ns3:TrackPointExtension>
            <ns3:atemp>29.0</ns3:atemp>
            <ns3:hr>126</ns3:hr>
          </ns3:TrackPointExtension>
        </extensions>
      </trkpt>
      <trkpt lat="24.473379962146282196044921875" lon="118.14425733871757984161376953125">
        <ele>65</ele>
        <time>2026-09-23T10:04:18.000Z</time>
        <extensions>
          <ns3:TrackPointExtension>
            <ns3:atemp>29.0</ns3:atemp>
            <ns3:hr>125</ns3:hr>
          </ns3:TrackPointExtension>
        </extensions>
      </trkpt>
      <trkpt lat="24.4733472727239131927490234375" lon="118.1442356295883655548095703125">
        <ele>65.59999847412109375</ele>
        <time>2026-09-23T10:04:22.000Z</time>
        <extensions>
          <ns3:TrackPointExtension>
            <ns3:atemp>29.0</ns3:atemp>
            <ns3:hr>124</ns3:hr>
          </ns3:TrackPointExtension>
        </extensions>
      </trkpt>
      <trkpt lat="24.473331682384014129638671875" lon="118.14421274699270725250244140625">
        <ele>66.1999969482421875</ele>
        <time>2026-09-23T10:04:24.000Z</time>
        <extensions>
          <ns3:TrackPointExtension>
            <ns3:atemp>29.0</ns3:atemp>
            <ns3:hr>123</ns3:hr>
          </ns3:TrackPointExtension>
        </extensions>
      </trkpt>
      <trkpt lat="24.4733278267085552215576171875" lon="118.1442171894013881683349609375">
        <ele>66.59999847412109375</ele>
        <time>2026-09-23T10:04:29.000Z</time>
        <extensions>
          <ns3:TrackPointExtension>
            <ns3:atemp>29.0</ns3:atemp>
            <ns3:hr>122</ns3:hr>
          </ns3:TrackPointExtension>
        </extensions>
      </trkpt>
      <trkpt lat="24.47331751696765422821044921875" lon="118.14423202537000179290771484375">
        <ele>66.40000152587890625</ele>
        <time>2026-09-23T10:04:35.000Z</time>
        <extensions>
          <ns3:TrackPointExtension>
            <ns3:atemp>29.0</ns3:atemp>
            <ns3:hr>121</ns3:hr>
          </ns3:TrackPointExtension>
        </extensions>
      </trkpt>
      <trkpt lat="24.47331718169152736663818359375" lon="118.14423101954162120819091796875">
        <ele>66.1999969482421875</ele>
        <time>2026-09-23T10:04:44.000Z</time>
        <extensions>
          <ns3:TrackPointExtension>
            <ns3:atemp>29.0</ns3:atemp>
            <ns3:hr>120</ns3:hr>
          </ns3:TrackPointExtension>
        </extensions>
      </trkpt>
      <trkpt lat="24.47331081144511699676513671875" lon="118.1442386470735073089599609375">
        <ele>66</ele>
        <time>2026-09-23T10:05:00.000Z</time>
        <extensions>
          <ns3:TrackPointExtension>
            <ns3:atemp>29.0</ns3:atemp>
            <ns3:hr>115</ns3:hr>
          </ns3:TrackPointExtension>
        </extensions>
      </trkpt>
      <trkpt lat="24.4733093865215778350830078125" lon="118.1442453525960445404052734375">
        <ele>66.1999969482421875</ele>
        <time>2026-09-23T10:05:04.000Z</time>
        <extensions>
          <ns3:TrackPointExtension>
            <ns3:atemp>29.0</ns3:atemp>
            <ns3:hr>116</ns3:hr>
          </ns3:TrackPointExtension>
        </extensions>
      </trkpt>
      <trkpt lat="24.47329689748585224151611328125" lon="118.14425415359437465667724609375">
        <ele>66.59999847412109375</ele>
        <time>2026-09-23T10:05:27.000Z</time>
        <extensions>
          <ns3:TrackPointExtension>
            <ns3:atemp>29.0</ns3:atemp>
            <ns3:hr>119</ns3:hr>
          </ns3:TrackPointExtension>
        </extensions>
      </trkpt>
      <trkpt lat="24.47328918613493442535400390625" lon="118.1442373059689998626708984375">
        <ele>67</ele>
        <time>2026-09-23T10:05:42.000Z</time>
        <extensions>
          <ns3:TrackPointExtension>
            <ns3:atemp>29.0</ns3:atemp>
            <ns3:hr>116</ns3:hr>
          </ns3:TrackPointExtension>
        </extensions>
      </trkpt>
      <trkpt lat="24.47328516282141208648681640625" lon="118.14423588104546070098876953125">
        <ele>67</ele>
        <time>2026-09-23T10:05:45.000Z</time>
        <extensions>
          <ns3:TrackPointExtension>
            <ns3:atemp>29.0</ns3:atemp>
            <ns3:hr>119</ns3:hr>
          </ns3:TrackPointExtension>
        </extensions>
      </trkpt>
      <trkpt lat="24.47328348644077777862548828125" lon="118.14423487521708011627197265625">
        <ele>67</ele>
        <time>2026-09-23T10:05:46.000Z</time>
        <extensions>
          <ns3:TrackPointExtension>
            <ns3:atemp>29.0</ns3:atemp>
            <ns3:hr>116</ns3:hr>
          </ns3:TrackPointExtension>
        </extensions>
      </trkpt>
      <trkpt lat="24.473275355994701385498046875" lon="118.14417117275297641754150390625">
        <ele>67.1999969482421875</ele>
        <time>2026-09-23T10:06:13.000Z</time>
        <extensions>
          <ns3:TrackPointExtension>
            <ns3:atemp>29.0</ns3:atemp>
            <ns3:hr>115</ns3:hr>
          </ns3:TrackPointExtension>
        </extensions>
      </trkpt>
      <trkpt lat="24.47327845729887485504150390625" lon="118.14417737536132335662841796875">
        <ele>67.1999969482421875</ele>
        <time>2026-09-23T10:06:14.000Z</time>
        <extensions>
          <ns3:TrackPointExtension>
            <ns3:atemp>29.0</ns3:atemp>
            <ns3:hr>115</ns3:hr>
          </ns3:TrackPointExtension>
        </extensions>
      </trkpt>
      <trkpt lat="24.47328968904912471771240234375" lon="118.14416413195431232452392578125">
        <ele>67.1999969482421875</ele>
        <time>2026-09-23T10:06:21.000Z</time>
        <extensions>
          <ns3:TrackPointExtension>
            <ns3:atemp>29.0</ns3:atemp>
            <ns3:hr>117</ns3:hr>
          </ns3:TrackPointExtension>
        </extensions>
      </trkpt>
      <trkpt lat="24.473288767039775848388671875" lon="118.1441635452210903167724609375">
        <ele>67.1999969482421875</ele>
        <time>2026-09-23T10:06:26.000Z</time>
        <extensions>
          <ns3:TrackPointExtension>
            <ns3:atemp>29.0</ns3:atemp>
            <ns3:hr>120</ns3:hr>
          </ns3:TrackPointExtension>
        </extensions>
      </trkpt>
      <trkpt lat="24.473288767039775848388671875" lon="118.1441635452210903167724609375">
        <ele>67.1999969482421875</ele>
        <time>2026-09-23T10:06:28.000Z</time>
        <extensions>
          <ns3:TrackPointExtension>
            <ns3:atemp>29.0</ns3:atemp>
            <ns3:hr>121</ns3:hr>
          </ns3:TrackPointExtension>
        </extensions>
      </trkpt>
      <trkpt lat="24.47327728383243083953857421875" lon="118.1441615335643291473388671875">
        <ele>67</ele>
        <time>2026-09-23T10:06:36.000Z</time>
        <extensions>
          <ns3:TrackPointExtension>
            <ns3:atemp>29.0</ns3:atemp>
            <ns3:hr>120</ns3:hr>
          </ns3:TrackPointExtension>
        </extensions>
      </trkpt>
      <trkpt lat="24.47328365407884120941162109375" lon="118.14419749192893505096435546875">
        <ele>67</ele>
        <time>2026-09-23T10:06:43.000Z</time>
        <extensions>
          <ns3:TrackPointExtension>
            <ns3:atemp>29.0</ns3:atemp>
            <ns3:hr>120</ns3:hr>
          </ns3:TrackPointExtension>
        </extensions>
      </trkpt>
      <trkpt lat="24.47328164242208003997802734375" lon="118.14420101232826709747314453125">
        <ele>67</ele>
        <time>2026-09-23T10:06:49.000Z</time>
        <extensions>
          <ns3:TrackPointExtension>
            <ns3:atemp>29.0</ns3:atemp>
            <ns3:hr>119</ns3:hr>
          </ns3:TrackPointExtension>
        </extensions>
      </trkpt>
      <trkpt lat="24.4732569158077239990234375" lon="118.14415105618536472320556640625">
        <ele>67.8000030517578125</ele>
        <time>2026-09-23T10:07:06.000Z</time>
        <extensions>
          <ns3:TrackPointExtension>
            <ns3:atemp>29.0</ns3:atemp>
            <ns3:hr>118</ns3:hr>
          </ns3:TrackPointExtension>
        </extensions>
      </trkpt>
      <trkpt lat="24.4732554070651531219482421875" lon="118.1441415846347808837890625">
        <ele>68.40000152587890625</ele>
        <time>2026-09-23T10:07:07.000Z</time>
        <extensions>
          <ns3:TrackPointExtension>
            <ns3:atemp>29.0</ns3:atemp>
            <ns3:hr>118</ns3:hr>
          </ns3:TrackPointExtension>
        </extensions>
      </trkpt>
      <trkpt lat="24.47320260107517242431640625" lon="118.14407193101942539215087890625">
        <ele>72.40000152587890625</ele>
        <time>2026-09-23T10:07:31.000Z</time>
        <extensions>
          <ns3:TrackPointExtension>
            <ns3:atemp>29.0</ns3:atemp>
            <ns3:hr>123</ns3:hr>
          </ns3:TrackPointExtension>
        </extensions>
      </trkpt>
      <trkpt lat="24.47318893857300281524658203125" lon="118.14405717886984348297119140625">
        <ele>73</ele>
        <time>2026-09-23T10:07:34.000Z</time>
        <extensions>
          <ns3:TrackPointExtension>
            <ns3:atemp>29.0</ns3:atemp>
            <ns3:hr>124</ns3:hr>
          </ns3:TrackPointExtension>
        </extensions>
      </trkpt>
      <trkpt lat="24.4731735996901988983154296875" lon="118.14406354911625385284423828125">
        <ele>73.59999847412109375</ele>
        <time>2026-09-23T10:07:38.000Z</time>
        <extensions>
          <ns3:TrackPointExtension>
            <ns3:atemp>29.0</ns3:atemp>
            <ns3:hr>124</ns3:hr>
          </ns3:TrackPointExtension>
        </extensions>
      </trkpt>
      <trkpt lat="24.47313227690756320953369140625" lon="118.14406857825815677642822265625">
        <ele>74</ele>
        <time>2026-09-23T10:07:43.000Z</time>
        <extensions>
          <ns3:TrackPointExtension>
            <ns3:atemp>29.0</ns3:atemp>
            <ns3:hr>124</ns3:hr>
          </ns3:TrackPointExtension>
        </extensions>
      </trkpt>
      <trkpt lat="24.4731216318905353546142578125" lon="118.14404058270156383514404296875">
        <ele>74.59999847412109375</ele>
        <time>2026-09-23T10:07:45.000Z</time>
        <extensions>
          <ns3:TrackPointExtension>
            <ns3:atemp>29.0</ns3:atemp>
            <ns3:hr>124</ns3:hr>
          </ns3:TrackPointExtension>
        </extensions>
      </trkpt>
      <trkpt lat="24.47312305681407451629638671875" lon="118.14403605647385120391845703125">
        <ele>75</ele>
        <time>2026-09-23T10:07:51.000Z</time>
        <extensions>
          <ns3:TrackPointExtension>
            <ns3:atemp>29.0</ns3:atemp>
            <ns3:hr>123</ns3:hr>
          </ns3:TrackPointExtension>
        </extensions>
      </trkpt>
      <trkpt lat="24.473116099834442138671875" lon="118.1440270878374576568603515625">
        <ele>75.1999969482421875</ele>
        <time>2026-09-23T10:07:55.000Z</time>
        <extensions>
          <ns3:TrackPointExtension>
            <ns3:atemp>29.0</ns3:atemp>
            <ns3:hr>123</ns3:hr>
          </ns3:TrackPointExtension>
        </extensions>
      </trkpt>
      <trkpt lat="24.47310444898903369903564453125" lon="118.144014179706573486328125">
        <ele>75.8000030517578125</ele>
        <time>2026-09-23T10:07:58.000Z</time>
        <extensions>
          <ns3:TrackPointExtension>
            <ns3:atemp>29.0</ns3:atemp>
            <ns3:hr>124</ns3:hr>
          </ns3:TrackPointExtension>
        </extensions>
      </trkpt>
      <trkpt lat="24.47310092858970165252685546875" lon="118.1439955718815326690673828125">
        <ele>76.40000152587890625</ele>
        <time>2026-09-23T10:08:01.000Z</time>
        <extensions>
          <ns3:TrackPointExtension>
            <ns3:atemp>29.0</ns3:atemp>
            <ns3:hr>122</ns3:hr>
          </ns3:TrackPointExtension>
        </extensions>
      </trkpt>
      <trkpt lat="24.47309908457100391387939453125" lon="118.1439848430454730987548828125">
        <ele>76.8000030517578125</ele>
        <time>2026-09-23T10:08:06.000Z</time>
        <extensions>
          <ns3:TrackPointExtension>
            <ns3:atemp>29.0</ns3:atemp>
            <ns3:hr>122</ns3:hr>
          </ns3:TrackPointExtension>
        </extensions>
      </trkpt>
      <trkpt lat="24.47310377843677997589111328125" lon="118.1439824961125850677490234375">
        <ele>77.59999847412109375</ele>
        <time>2026-09-23T10:08:08.000Z</time>
        <extensions>
          <ns3:TrackPointExtension>
            <ns3:atemp>29.0</ns3:atemp>
            <ns3:hr>121</ns3:hr>
          </ns3:TrackPointExtension>
        </extensions>
      </trkpt>
      <trkpt lat="24.473090954124927520751953125" lon="118.14398123882710933685302734375">
        <ele>78</ele>
        <time>2026-09-23T10:08:13.000Z</time>
        <extensions>
          <ns3:TrackPointExtension>
            <ns3:atemp>29.0</ns3:atemp>
            <ns3:hr>122</ns3:hr>
          </ns3:TrackPointExtension>
        </extensions>
      </trkpt>
      <trkpt lat="24.47308994829654693603515625" lon="118.143986351788043975830078125">
        <ele>78.59999847412109375</ele>
        <time>2026-09-23T10:08:15.000Z</time>
        <extensions>
          <ns3:TrackPointExtension>
            <ns3:atemp>29.0</ns3:atemp>
            <ns3:hr>122</ns3:hr>
          </ns3:TrackPointExtension>
        </extensions>
      </trkpt>
      <trkpt lat="24.47307460941374301910400390625" lon="118.14397537149488925933837890625">
        <ele>79.1999969482421875</ele>
        <time>2026-09-23T10:08:19.000Z</time>
        <extensions>
          <ns3:TrackPointExtension>
            <ns3:atemp>29.0</ns3:atemp>
            <ns3:hr>121</ns3:hr>
          </ns3:TrackPointExtension>
        </extensions>
      </trkpt>
      <trkpt lat="24.4730716757476329803466796875" lon="118.14397327601909637451171875">
        <ele>79.59999847412109375</ele>
        <time>2026-09-23T10:08:21.000Z</time>
        <extensions>
          <ns3:TrackPointExtension>
            <ns3:atemp>29.0</ns3:atemp>
            <ns3:hr>120</ns3:hr>
          </ns3:TrackPointExtension>
        </extensions>
      </trkpt>
      <trkpt lat="24.47305751033127307891845703125" lon="118.143971599638462066650390625">
        <ele>80.40000152587890625</ele>
        <time>2026-09-23T10:08:27.000Z</time>
        <extensions>
          <ns3:TrackPointExtension>
            <ns3:atemp>29.0</ns3:atemp>
            <ns3:hr>121</ns3:hr>
          </ns3:TrackPointExtension>
        </extensions>
      </trkpt>
      <trkpt lat="24.47306446731090545654296875" lon="118.1439623795449733734130859375">
        <ele>80.40000152587890625</ele>
        <time>2026-09-23T10:08:36.000Z</time>
        <extensions>
          <ns3:TrackPointExtension>
            <ns3:atemp>29.0</ns3:atemp>
            <ns3:hr>122</ns3:hr>
          </ns3:TrackPointExtension>
        </extensions>
      </trkpt>
      <trkpt lat="24.4730637967586517333984375" lon="118.14396447502076625823974609375">
        <ele>80</ele>
        <time>2026-09-23T10:08:56.000Z</time>
        <extensions>
          <ns3:TrackPointExtension>
            <ns3:atemp>29.0</ns3:atemp>
            <ns3:hr>119</ns3:hr>
          </ns3:TrackPointExtension>
        </extensions>
      </trkpt>
      <trkpt lat="24.4730639643967151641845703125" lon="118.14396447502076625823974609375">
        <ele>80</ele>
        <time>2026-09-23T10:08:58.000Z</time>
        <extensions>
          <ns3:TrackPointExtension>
            <ns3:atemp>29.0</ns3:atemp>
            <ns3:hr>119</ns3:hr>
          </ns3:TrackPointExtension>
        </extensions>
      </trkpt>
      <trkpt lat="24.473064132034778594970703125" lon="118.14396447502076625823974609375">
        <ele>80</ele>
        <time>2026-09-23T10:09:03.000Z</time>
        <extensions>
          <ns3:TrackPointExtension>
            <ns3:atemp>29.0</ns3:atemp>
            <ns3:hr>116</ns3:hr>
          </ns3:TrackPointExtension>
        </extensions>
      </trkpt>
      <trkpt lat="24.4730642996728420257568359375" lon="118.14396548084914684295654296875">
        <ele>80</ele>
        <time>2026-09-23T10:09:08.000Z</time>
        <extensions>
          <ns3:TrackPointExtension>
            <ns3:atemp>29.0</ns3:atemp>
            <ns3:hr>113</ns3:hr>
          </ns3:TrackPointExtension>
        </extensions>
      </trkpt>
      <trkpt lat="24.47299204766750335693359375" lon="118.143962882459163665771484375">
        <ele>80.40000152587890625</ele>
        <time>2026-09-23T10:09:25.000Z</time>
        <extensions>
          <ns3:TrackPointExtension>
            <ns3:atemp>29.0</ns3:atemp>
            <ns3:hr>114</ns3:hr>
          </ns3:TrackPointExtension>
        </extensions>
      </trkpt>
      <trkpt lat="24.472982995212078094482421875" lon="118.1439556740224361419677734375">
        <ele>80.59999847412109375</ele>
        <time>2026-09-23T10:09:26.000Z</time>
        <extensions>
          <ns3:TrackPointExtension>
            <ns3:atemp>29.0</ns3:atemp>
            <ns3:hr>114</ns3:hr>
          </ns3:TrackPointExtension>
        </extensions>
      </trkpt>
      <trkpt lat="24.4729543291032314300537109375" lon="118.1439578533172607421875">
        <ele>81.1999969482421875</ele>
        <time>2026-09-23T10:09:29.000Z</time>
        <extensions>
          <ns3:TrackPointExtension>
            <ns3:atemp>29.0</ns3:atemp>
            <ns3:hr>113</ns3:hr>
          </ns3:TrackPointExtension>
        </extensions>
      </trkpt>
      <trkpt lat="24.47293764911592006683349609375" lon="118.14394243061542510986328125">
        <ele>82</ele>
        <time>2026-09-23T10:09:31.000Z</time>
        <extensions>
          <ns3:TrackPointExtension>
            <ns3:atemp>29.0</ns3:atemp>
            <ns3:hr>114</ns3:hr>
          </ns3:TrackPointExtension>
        </extensions>
      </trkpt>
      <trkpt lat="24.472921974956989288330078125" lon="118.143928013741970062255859375">
        <ele>82.59999847412109375</ele>
        <time>2026-09-23T10:09:33.000Z</time>
        <extensions>
          <ns3:TrackPointExtension>
            <ns3:atemp>29.0</ns3:atemp>
            <ns3:hr>111</ns3:hr>
          </ns3:TrackPointExtension>
        </extensions>
      </trkpt>
      <trkpt lat="24.4729211367666721343994140625" lon="118.1439204700291156768798828125">
        <ele>82.8000030517578125</ele>
        <time>2026-09-23T10:09:35.000Z</time>
        <extensions>
          <ns3:TrackPointExtension>
            <ns3:atemp>29.0</ns3:atemp>
            <ns3:hr>110</ns3:hr>
          </ns3:TrackPointExtension>
        </extensions>
      </trkpt>
      <trkpt lat="24.4729184545576572418212890625" lon="118.14391183666884899139404296875">
        <ele>83.1999969482421875</ele>
        <time>2026-09-23T10:09:36.000Z</time>
        <extensions>
          <ns3:TrackPointExtension>
            <ns3:atemp>29.0</ns3:atemp>
            <ns3:hr>110</ns3:hr>
          </ns3:TrackPointExtension>
        </extensions>
      </trkpt>
      <trkpt lat="24.47291350923478603363037109375" lon="118.1439016945660114288330078125">
        <ele>84</ele>
        <time>2026-09-23T10:09:41.000Z</time>
        <extensions>
          <ns3:TrackPointExtension>
            <ns3:atemp>29.0</ns3:atemp>
            <ns3:hr>112</ns3:hr>
          </ns3:TrackPointExtension>
        </extensions>
      </trkpt>
      <trkpt lat="24.4729114137589931488037109375" lon="118.14390622079372406005859375">
        <ele>84.1999969482421875</ele>
        <time>2026-09-23T10:09:42.000Z</time>
        <extensions>
          <ns3:TrackPointExtension>
            <ns3:atemp>29.0</ns3:atemp>
            <ns3:hr>112</ns3:hr>
          </ns3:TrackPointExtension>
        </extensions>
      </trkpt>
      <trkpt lat="24.47292708791792392730712890625" lon="118.14389289356768131256103515625">
        <ele>85.59999847412109375</ele>
        <time>2026-09-23T10:09:47.000Z</time>
        <extensions>
          <ns3:TrackPointExtension>
            <ns3:atemp>29.0</ns3:atemp>
            <ns3:hr>114</ns3:hr>
          </ns3:TrackPointExtension>
        </extensions>
      </trkpt>
      <trkpt lat="24.47291166521608829498291015625" lon="118.14388015307486057281494140625">
        <ele>86.8000030517578125</ele>
        <time>2026-09-23T10:09:53.000Z</time>
        <extensions>
          <ns3:TrackPointExtension>
            <ns3:atemp>29.0</ns3:atemp>
            <ns3:hr>116</ns3:hr>
          </ns3:TrackPointExtension>
        </extensions>
      </trkpt>
      <trkpt lat="24.47291283868253231048583984375" lon="118.14388166181743144989013671875">
        <ele>87.8000030517578125</ele>
        <time>2026-09-23T10:09:59.000Z</time>
        <extensions>
          <ns3:TrackPointExtension>
            <ns3:atemp>29.0</ns3:atemp>
            <ns3:hr>117</ns3:hr>
          </ns3:TrackPointExtension>
        </extensions>
      </trkpt>
      <trkpt lat="24.473100006580352783203125" lon="118.1439633853733539581298828125">
        <ele>88.59999847412109375</ele>
        <time>2026-09-23T10:10:15.000Z</time>
        <extensions>
          <ns3:TrackPointExtension>
            <ns3:atemp>29.0</ns3:atemp>
            <ns3:hr>120</ns3:hr>
          </ns3:TrackPointExtension>
        </extensions>
      </trkpt>
      <trkpt lat="24.4729623757302761077880859375" lon="118.1438426859676837921142578125">
        <ele>88.59999847412109375</ele>
        <time>2026-09-23T10:10:26.000Z</time>
        <extensions>
          <ns3:TrackPointExtension>
            <ns3:atemp>29.0</ns3:atemp>
            <ns3:hr>121</ns3:hr>
          </ns3:TrackPointExtension>
        </extensions>
      </trkpt>
      <trkpt lat="24.472921304404735565185546875" lon="118.14384092576801776885986328125">
        <ele>88.59999847412109375</ele>
        <time>2026-09-23T10:10:30.000Z</time>
        <extensions>
          <ns3:TrackPointExtension>
            <ns3:atemp>29.0</ns3:atemp>
            <ns3:hr>120</ns3:hr>
          </ns3:TrackPointExtension>
        </extensions>
      </trkpt>
      <trkpt lat="24.47287025861442089080810546875" lon="118.143832795321941375732421875">
        <ele>88.59999847412109375</ele>
        <time>2026-09-23T10:10:35.000Z</time>
        <extensions>
          <ns3:TrackPointExtension>
            <ns3:atemp>29.0</ns3:atemp>
            <ns3:hr>119</ns3:hr>
          </ns3:TrackPointExtension>
        </extensions>
      </trkpt>
      <trkpt lat="24.472889788448810577392578125" lon="118.1438128463923931121826171875">
        <ele>88.8000030517578125</ele>
        <time>2026-09-23T10:10:37.000Z</time>
        <extensions>
          <ns3:TrackPointExtension>
            <ns3:atemp>29.0</ns3:atemp>
            <ns3:hr>118</ns3:hr>
          </ns3:TrackPointExtension>
        </extensions>
      </trkpt>
      <trkpt lat="24.4728720188140869140625" lon="118.14379784278571605682373046875">
        <ele>89</ele>
        <time>2026-09-23T10:10:38.000Z</time>
        <extensions>
          <ns3:TrackPointExtension>
            <ns3:atemp>29.0</ns3:atemp>
            <ns3:hr>118</ns3:hr>
          </ns3:TrackPointExtension>
        </extensions>
      </trkpt>
      <trkpt lat="24.472849555313587188720703125" lon="118.14378141425549983978271484375">
        <ele>89.59999847412109375</ele>
        <time>2026-09-23T10:10:42.000Z</time>
        <extensions>
          <ns3:TrackPointExtension>
            <ns3:atemp>29.0</ns3:atemp>
            <ns3:hr>118</ns3:hr>
          </ns3:TrackPointExtension>
        </extensions>
      </trkpt>
      <trkpt lat="24.47286170907318592071533203125" lon="118.14378711394965648651123046875">
        <ele>90</ele>
        <time>2026-09-23T10:10:43.000Z</time>
        <extensions>
          <ns3:TrackPointExtension>
            <ns3:atemp>29.0</ns3:atemp>
            <ns3:hr>119</ns3:hr>
          </ns3:TrackPointExtension>
        </extensions>
      </trkpt>
      <trkpt lat="24.47285986505448818206787109375" lon="118.1437821686267852783203125">
        <ele>90.40000152587890625</ele>
        <time>2026-09-23T10:10:46.000Z</time>
        <extensions>
          <ns3:TrackPointExtension>
            <ns3:atemp>29.0</ns3:atemp>
            <ns3:hr>117</ns3:hr>
          </ns3:TrackPointExtension>
        </extensions>
      </trkpt>
      <trkpt lat="24.47289003990590572357177734375" lon="118.14376750029623508453369140625">
        <ele>91</ele>
        <time>2026-09-23T10:10:48.000Z</time>
        <extensions>
          <ns3:TrackPointExtension>
            <ns3:atemp>29.0</ns3:atemp>
            <ns3:hr>120</ns3:hr>
          </ns3:TrackPointExtension>
        </extensions>
      </trkpt>
      <trkpt lat="24.47288651950657367706298828125" lon="118.1437407620251178741455078125">
        <ele>92</ele>
        <time>2026-09-23T10:10:52.000Z</time>
        <extensions>
          <ns3:TrackPointExtension>
            <ns3:atemp>29.0</ns3:atemp>
            <ns3:hr>120</ns3:hr>
          </ns3:TrackPointExtension>
        </extensions>
      </trkpt>
      <trkpt lat="24.47288584895431995391845703125" lon="118.14374084584414958953857421875">
        <ele>92.40000152587890625</ele>
        <time>2026-09-23T10:10:53.000Z</time>
        <extensions>
          <ns3:TrackPointExtension>
            <ns3:atemp>29.0</ns3:atemp>
            <ns3:hr>121</ns3:hr>
          </ns3:TrackPointExtension>
        </extensions>
      </trkpt>
      <trkpt lat="24.47288853116333484649658203125" lon="118.14370849169790744781494140625">
        <ele>93.40000152587890625</ele>
        <time>2026-09-23T10:10:58.000Z</time>
        <extensions>
          <ns3:TrackPointExtension>
            <ns3:atemp>29.0</ns3:atemp>
            <ns3:hr>123</ns3:hr>
          </ns3:TrackPointExtension>
        </extensions>
      </trkpt>
      <trkpt lat="24.4728814065456390380859375" lon="118.14369323663413524627685546875">
        <ele>93.8000030517578125</ele>
        <time>2026-09-23T10:11:00.000Z</time>
        <extensions>
          <ns3:TrackPointExtension>
            <ns3:atemp>29.0</ns3:atemp>
            <ns3:hr>123</ns3:hr>
          </ns3:TrackPointExtension>
        </extensions>
      </trkpt>
      <trkpt lat="24.4728953205049037933349609375" lon="118.14367420971393585205078125">
        <ele>94.40000152587890625</ele>
        <time>2026-09-23T10:11:05.000Z</time>
        <extensions>
          <ns3:TrackPointExtension>
            <ns3:atemp>29.0</ns3:atemp>
            <ns3:hr>124</ns3:hr>
          </ns3:TrackPointExtension>
        </extensions>
      </trkpt>
      <trkpt lat="24.4728909619152545928955078125" lon="118.1436695158481597900390625">
        <ele>94.59999847412109375</ele>
        <time>2026-09-23T10:11:07.000Z</time>
        <extensions>
          <ns3:TrackPointExtension>
            <ns3:atemp>29.0</ns3:atemp>
            <ns3:hr>124</ns3:hr>
          </ns3:TrackPointExtension>
        </extensions>
      </trkpt>
      <trkpt lat="24.4728760421276092529296875" lon="118.14364629797637462615966796875">
        <ele>94.8000030517578125</ele>
        <time>2026-09-23T10:11:12.000Z</time>
        <extensions>
          <ns3:TrackPointExtension>
            <ns3:atemp>29.0</ns3:atemp>
            <ns3:hr>123</ns3:hr>
          </ns3:TrackPointExtension>
        </extensions>
      </trkpt>
      <trkpt lat="24.472883753478527069091796875" lon="118.1436307914555072784423828125">
        <ele>95.1999969482421875</ele>
        <time>2026-09-23T10:11:17.000Z</time>
        <extensions>
          <ns3:TrackPointExtension>
            <ns3:atemp>29.0</ns3:atemp>
            <ns3:hr>122</ns3:hr>
          </ns3:TrackPointExtension>
        </extensions>
      </trkpt>
      <trkpt lat="24.47288417257368564605712890625" lon="118.14359751529991626739501953125">
        <ele>95</ele>
        <time>2026-09-23T10:11:23.000Z</time>
        <extensions>
          <ns3:TrackPointExtension>
            <ns3:atemp>29.0</ns3:atemp>
            <ns3:hr>120</ns3:hr>
          </ns3:TrackPointExtension>
        </extensions>
      </trkpt>
      <trkpt lat="24.472885765135288238525390625" lon="118.1435882113873958587646484375">
        <ele>95.1999969482421875</ele>
        <time>2026-09-23T10:11:28.000Z</time>
        <extensions>
          <ns3:TrackPointExtension>
            <ns3:atemp>29.0</ns3:atemp>
            <ns3:hr>120</ns3:hr>
          </ns3:TrackPointExtension>
        </extensions>
      </trkpt>
      <trkpt lat="24.4728822447359561920166015625" lon="118.1435915641486644744873046875">
        <ele>95.8000030517578125</ele>
        <time>2026-09-23T10:11:31.000Z</time>
        <extensions>
          <ns3:TrackPointExtension>
            <ns3:atemp>29.0</ns3:atemp>
            <ns3:hr>120</ns3:hr>
          </ns3:TrackPointExtension>
        </extensions>
      </trkpt>
      <trkpt lat="24.4728819094598293304443359375" lon="118.1435935758054256439208984375">
        <ele>96</ele>
        <time>2026-09-23T10:11:33.000Z</time>
        <extensions>
          <ns3:TrackPointExtension>
            <ns3:atemp>29.0</ns3:atemp>
            <ns3:hr>120</ns3:hr>
          </ns3:TrackPointExtension>
        </extensions>
      </trkpt>
      <trkpt lat="24.4728741981089115142822265625" lon="118.14360757358372211456298828125">
        <ele>96</ele>
        <time>2026-09-23T10:11:41.000Z</time>
        <extensions>
          <ns3:TrackPointExtension>
            <ns3:atemp>29.0</ns3:atemp>
            <ns3:hr>120</ns3:hr>
          </ns3:TrackPointExtension>
        </extensions>
      </trkpt>
      <trkpt lat="24.472867660224437713623046875" lon="118.14359097741544246673583984375">
        <ele>95.1999969482421875</ele>
        <time>2026-09-23T10:12:32.000Z</time>
        <extensions>
          <ns3:TrackPointExtension>
            <ns3:atemp>29.0</ns3:atemp>
            <ns3:hr>117</ns3:hr>
          </ns3:TrackPointExtension>
        </extensions>
      </trkpt>
      <trkpt lat="24.47286305017769336700439453125" lon="118.1435667537152767181396484375">
        <ele>95.1999969482421875</ele>
        <time>2026-09-23T10:13:10.000Z</time>
        <extensions>
          <ns3:TrackPointExtension>
            <ns3:atemp>29.0</ns3:atemp>
            <ns3:hr>120</ns3:hr>
          </ns3:TrackPointExtension>
        </extensions>
      </trkpt>
      <trkpt lat="24.47285751812160015106201171875" lon="118.14359852112829685211181640625">
        <ele>95</ele>
        <time>2026-09-23T10:13:34.000Z</time>
        <extensions>
          <ns3:TrackPointExtension>
            <ns3:atemp>29.0</ns3:atemp>
            <ns3:hr>117</ns3:hr>
          </ns3:TrackPointExtension>
        </extensions>
      </trkpt>
      <trkpt lat="24.47285148315131664276123046875" lon="118.14362064935266971588134765625">
        <ele>95.59999847412109375</ele>
        <time>2026-09-23T10:13:59.000Z</time>
        <extensions>
          <ns3:TrackPointExtension>
            <ns3:atemp>29.0</ns3:atemp>
            <ns3:hr>114</ns3:hr>
          </ns3:TrackPointExtension>
        </extensions>
      </trkpt>
      <trkpt lat="24.47284729219973087310791015625" lon="118.14362433739006519317626953125">
        <ele>95.59999847412109375</ele>
        <time>2026-09-23T10:14:08.000Z</time>
        <extensions>
          <ns3:TrackPointExtension>
            <ns3:atemp>29.0</ns3:atemp>
            <ns3:hr>111</ns3:hr>
          </ns3:TrackPointExtension>
        </extensions>
      </trkpt>
      <trkpt lat="24.47284108959138393402099609375" lon="118.143626935780048370361328125">
        <ele>95.40000152587890625</ele>
        <time>2026-09-23T10:14:25.000Z</time>
        <extensions>
          <ns3:TrackPointExtension>
            <ns3:atemp>29.0</ns3:atemp>
            <ns3:hr>114</ns3:hr>
          </ns3:TrackPointExtension>
        </extensions>
      </trkpt>
      <trkpt lat="24.472840167582035064697265625" lon="118.14361997880041599273681640625">
        <ele>95.59999847412109375</ele>
        <time>2026-09-23T10:14:41.000Z</time>
        <extensions>
          <ns3:TrackPointExtension>
            <ns3:atemp>29.0</ns3:atemp>
            <ns3:hr>111</ns3:hr>
          </ns3:TrackPointExtension>
        </extensions>
      </trkpt>
      <trkpt lat="24.4728384912014007568359375" lon="118.143612854182720184326171875">
        <ele>95.59999847412109375</ele>
        <time>2026-09-23T10:14:48.000Z</time>
        <extensions>
          <ns3:TrackPointExtension>
            <ns3:atemp>29.0</ns3:atemp>
            <ns3:hr>108</ns3:hr>
          </ns3:TrackPointExtension>
        </extensions>
      </trkpt>
      <trkpt lat="24.47283723391592502593994140625" lon="118.1436106748878955841064453125">
        <ele>95.59999847412109375</ele>
        <time>2026-09-23T10:14:52.000Z</time>
        <extensions>
          <ns3:TrackPointExtension>
            <ns3:atemp>29.0</ns3:atemp>
            <ns3:hr>105</ns3:hr>
          </ns3:TrackPointExtension>
        </extensions>
      </trkpt>
      <trkpt lat="24.4728373177349567413330078125" lon="118.14360841177403926849365234375">
        <ele>95.59999847412109375</ele>
        <time>2026-09-23T10:15:14.000Z</time>
        <extensions>
          <ns3:TrackPointExtension>
            <ns3:atemp>29.0</ns3:atemp>
            <ns3:hr>108</ns3:hr>
          </ns3:TrackPointExtension>
        </extensions>
      </trkpt>
      <trkpt lat="24.47283924557268619537353515625" lon="118.14360824413597583770751953125">
        <ele>95.59999847412109375</ele>
        <time>2026-09-23T10:15:28.000Z</time>
        <extensions>
          <ns3:TrackPointExtension>
            <ns3:atemp>29.0</ns3:atemp>
            <ns3:hr>111</ns3:hr>
          </ns3:TrackPointExtension>
        </extensions>
      </trkpt>
      <trkpt lat="24.47284125722944736480712890625" lon="118.14360849559307098388671875">
        <ele>95.59999847412109375</ele>
        <time>2026-09-23T10:15:45.000Z</time>
        <extensions>
          <ns3:TrackPointExtension>
            <ns3:atemp>29.0</ns3:atemp>
            <ns3:hr>114</ns3:hr>
          </ns3:TrackPointExtension>
        </extensions>
      </trkpt>
      <trkpt lat="24.4728416763246059417724609375" lon="118.14360790885984897613525390625">
        <ele>95.59999847412109375</ele>
        <time>2026-09-23T10:15:53.000Z</time>
        <extensions>
          <ns3:TrackPointExtension>
            <ns3:atemp>29.0</ns3:atemp>
            <ns3:hr>111</ns3:hr>
          </ns3:TrackPointExtension>
        </extensions>
      </trkpt>
      <trkpt lat="24.472844861447811126708984375" lon="118.14360924996435642242431640625">
        <ele>94.59999847412109375</ele>
        <time>2026-09-23T10:16:31.000Z</time>
        <extensions>
          <ns3:TrackPointExtension>
            <ns3:atemp>29.0</ns3:atemp>
            <ns3:hr>110</ns3:hr>
          </ns3:TrackPointExtension>
        </extensions>
      </trkpt>
      <trkpt lat="24.47284578345715999603271484375" lon="118.1436100043356418609619140625">
        <ele>94.40000152587890625</ele>
        <time>2026-09-23T10:16:40.000Z</time>
        <extensions>
          <ns3:TrackPointExtension>
            <ns3:atemp>29.0</ns3:atemp>
            <ns3:hr>111</ns3:hr>
          </ns3:TrackPointExtension>
        </extensions>
      </trkpt>
      <trkpt lat="24.47284829802811145782470703125" lon="118.1436103396117687225341796875">
        <ele>95</ele>
        <time>2026-09-23T10:17:24.000Z</time>
        <extensions>
          <ns3:TrackPointExtension>
            <ns3:atemp>29.0</ns3:atemp>
            <ns3:hr>108</ns3:hr>
          </ns3:TrackPointExtension>
        </extensions>
      </trkpt>
      <trkpt lat="24.47284863330423831939697265625" lon="118.1436103396117687225341796875">
        <ele>95</ele>
        <time>2026-09-23T10:17:30.000Z</time>
        <extensions>
          <ns3:TrackPointExtension>
            <ns3:atemp>29.0</ns3:atemp>
            <ns3:hr>111</ns3:hr>
          </ns3:TrackPointExtension>
        </extensions>
      </trkpt>
      <trkpt lat="24.47284896858036518096923828125" lon="118.1436106748878955841064453125">
        <ele>94.8000030517578125</ele>
        <time>2026-09-23T10:17:39.000Z</time>
        <extensions>
          <ns3:TrackPointExtension>
            <ns3:atemp>29.0</ns3:atemp>
            <ns3:hr>108</ns3:hr>
          </ns3:TrackPointExtension>
        </extensions>
      </trkpt>
      <trkpt lat="24.47284896858036518096923828125" lon="118.14361117780208587646484375">
        <ele>94.8000030517578125</ele>
        <time>2026-09-23T10:17:48.000Z</time>
        <extensions>
          <ns3:TrackPointExtension>
            <ns3:atemp>30.0</ns3:atemp>
            <ns3:hr>111</ns3:hr>
          </ns3:TrackPointExtension>
        </extensions>
      </trkpt>
      <trkpt lat="24.47284947149455547332763671875" lon="118.143611848354339599609375">
        <ele>94.59999847412109375</ele>
        <time>2026-09-23T10:18:01.000Z</time>
        <extensions>
          <ns3:TrackPointExtension>
            <ns3:atemp>30.0</ns3:atemp>
            <ns3:hr>111</ns3:hr>
          </ns3:TrackPointExtension>
        </extensions>
      </trkpt>
      <trkpt lat="24.47284980677068233489990234375" lon="118.14361243508756160736083984375">
        <ele>94.59999847412109375</ele>
        <time>2026-09-23T10:18:12.000Z</time>
        <extensions>
          <ns3:TrackPointExtension>
            <ns3:atemp>30.0</ns3:atemp>
            <ns3:hr>114</ns3:hr>
          </ns3:TrackPointExtension>
        </extensions>
      </trkpt>
      <trkpt lat="24.47285030968487262725830078125" lon="118.1436126865446567535400390625">
        <ele>94.59999847412109375</ele>
        <time>2026-09-23T10:18:20.000Z</time>
        <extensions>
          <ns3:TrackPointExtension>
            <ns3:atemp>30.0</ns3:atemp>
            <ns3:hr>110</ns3:hr>
          </ns3:TrackPointExtension>
        </extensions>
      </trkpt>
      <trkpt lat="24.472850896418094635009765625" lon="118.1436126865446567535400390625">
        <ele>94.1999969482421875</ele>
        <time>2026-09-23T10:18:28.000Z</time>
        <extensions>
          <ns3:TrackPointExtension>
            <ns3:atemp>30.0</ns3:atemp>
            <ns3:hr>114</ns3:hr>
          </ns3:TrackPointExtension>
        </extensions>
      </trkpt>
      <trkpt lat="24.47285282425582408905029296875" lon="118.1436145305633544921875">
        <ele>94.1999969482421875</ele>
        <time>2026-09-23T10:18:51.000Z</time>
        <extensions>
          <ns3:TrackPointExtension>
            <ns3:atemp>30.0</ns3:atemp>
            <ns3:hr>111</ns3:hr>
          </ns3:TrackPointExtension>
        </extensions>
      </trkpt>
      <trkpt lat="24.472852908074855804443359375" lon="118.14361461438238620758056640625">
        <ele>94</ele>
        <time>2026-09-23T10:18:53.000Z</time>
        <extensions>
          <ns3:TrackPointExtension>
            <ns3:atemp>30.0</ns3:atemp>
            <ns3:hr>108</ns3:hr>
          </ns3:TrackPointExtension>
        </extensions>
      </trkpt>
      <trkpt lat="24.4728537462651729583740234375" lon="118.14361494965851306915283203125">
        <ele>93.40000152587890625</ele>
        <time>2026-09-23T10:19:00.000Z</time>
        <extensions>
          <ns3:TrackPointExtension>
            <ns3:atemp>30.0</ns3:atemp>
            <ns3:hr>108</ns3:hr>
          </ns3:TrackPointExtension>
        </extensions>
      </trkpt>
      <trkpt lat="24.472854919731616973876953125" lon="118.1436157040297985076904296875">
        <ele>92.40000152587890625</ele>
        <time>2026-09-23T10:19:10.000Z</time>
        <extensions>
          <ns3:TrackPointExtension>
            <ns3:atemp>30.0</ns3:atemp>
            <ns3:hr>108</ns3:hr>
          </ns3:TrackPointExtension>
        </extensions>
      </trkpt>
      <trkpt lat="24.47285525500774383544921875" lon="118.14361654222011566162109375">
        <ele>91.40000152587890625</ele>
        <time>2026-09-23T10:19:15.000Z</time>
        <extensions>
          <ns3:TrackPointExtension>
            <ns3:atemp>29.0</ns3:atemp>
            <ns3:hr>108</ns3:hr>
          </ns3:TrackPointExtension>
        </extensions>
      </trkpt>
      <trkpt lat="24.4728819094598293304443359375" lon="118.143687956035137176513671875">
        <ele>90.8000030517578125</ele>
        <time>2026-09-23T10:19:22.000Z</time>
        <extensions>
          <ns3:TrackPointExtension>
            <ns3:atemp>30.0</ns3:atemp>
            <ns3:hr>112</ns3:hr>
          </ns3:TrackPointExtension>
        </extensions>
      </trkpt>
      <trkpt lat="24.4728899560868740081787109375" lon="118.14371041953563690185546875">
        <ele>90.40000152587890625</ele>
        <time>2026-09-23T10:19:24.000Z</time>
        <extensions>
          <ns3:TrackPointExtension>
            <ns3:atemp>30.0</ns3:atemp>
            <ns3:hr>112</ns3:hr>
          </ns3:TrackPointExtension>
        </extensions>
      </trkpt>
      <trkpt lat="24.47291401214897632598876953125" lon="118.14374520443379878997802734375">
        <ele>89.40000152587890625</ele>
        <time>2026-09-23T10:19:29.000Z</time>
        <extensions>
          <ns3:TrackPointExtension>
            <ns3:atemp>30.0</ns3:atemp>
            <ns3:hr>111</ns3:hr>
          </ns3:TrackPointExtension>
        </extensions>
      </trkpt>
      <trkpt lat="24.47291334159672260284423828125" lon="118.1437431089580059051513671875">
        <ele>89</ele>
        <time>2026-09-23T10:19:30.000Z</time>
        <extensions>
          <ns3:TrackPointExtension>
            <ns3:atemp>29.0</ns3:atemp>
            <ns3:hr>112</ns3:hr>
          </ns3:TrackPointExtension>
        </extensions>
      </trkpt>
      <trkpt lat="24.47291719727218151092529296875" lon="118.14377588219940662384033203125">
        <ele>87.8000030517578125</ele>
        <time>2026-09-23T10:19:35.000Z</time>
        <extensions>
          <ns3:TrackPointExtension>
            <ns3:atemp>29.0</ns3:atemp>
            <ns3:hr>112</ns3:hr>
          </ns3:TrackPointExtension>
        </extensions>
      </trkpt>
      <trkpt lat="24.47292641736567020416259765625" lon="118.1438081525266170501708984375">
        <ele>86.59999847412109375</ele>
        <time>2026-09-23T10:19:42.000Z</time>
        <extensions>
          <ns3:TrackPointExtension>
            <ns3:atemp>29.0</ns3:atemp>
            <ns3:hr>113</ns3:hr>
          </ns3:TrackPointExtension>
        </extensions>
      </trkpt>
      <trkpt lat="24.472924657166004180908203125" lon="118.143807314336299896240234375">
        <ele>86.1999969482421875</ele>
        <time>2026-09-23T10:19:43.000Z</time>
        <extensions>
          <ns3:TrackPointExtension>
            <ns3:atemp>30.0</ns3:atemp>
            <ns3:hr>114</ns3:hr>
          </ns3:TrackPointExtension>
        </extensions>
      </trkpt>
      <trkpt lat="24.47292524389922618865966796875" lon="118.14382717944681644439697265625">
        <ele>85.59999847412109375</ele>
        <time>2026-09-23T10:19:47.000Z</time>
        <extensions>
          <ns3:TrackPointExtension>
            <ns3:atemp>29.0</ns3:atemp>
            <ns3:hr>114</ns3:hr>
          </ns3:TrackPointExtension>
        </extensions>
      </trkpt>
      <trkpt lat="24.472919963300228118896484375" lon="118.14382935874164104461669921875">
        <ele>85.1999969482421875</ele>
        <time>2026-09-23T10:19:49.000Z</time>
        <extensions>
          <ns3:TrackPointExtension>
            <ns3:atemp>29.0</ns3:atemp>
            <ns3:hr>115</ns3:hr>
          </ns3:TrackPointExtension>
        </extensions>
      </trkpt>
      <trkpt lat="24.47292088530957698822021484375" lon="118.1438457034528255462646484375">
        <ele>85.59999847412109375</ele>
        <time>2026-09-23T10:19:58.000Z</time>
        <extensions>
          <ns3:TrackPointExtension>
            <ns3:atemp>30.0</ns3:atemp>
            <ns3:hr>117</ns3:hr>
          </ns3:TrackPointExtension>
        </extensions>
      </trkpt>
      <trkpt lat="24.47289884090423583984375" lon="118.14385450445115566253662109375">
        <ele>85.40000152587890625</ele>
        <time>2026-09-23T10:20:03.000Z</time>
        <extensions>
          <ns3:TrackPointExtension>
            <ns3:atemp>30.0</ns3:atemp>
            <ns3:hr>119</ns3:hr>
          </ns3:TrackPointExtension>
        </extensions>
      </trkpt>
      <trkpt lat="24.4729030318558216094970703125" lon="118.14385551027953624725341796875">
        <ele>85.59999847412109375</ele>
        <time>2026-09-23T10:20:08.000Z</time>
        <extensions>
          <ns3:TrackPointExtension>
            <ns3:atemp>29.0</ns3:atemp>
            <ns3:hr>122</ns3:hr>
          </ns3:TrackPointExtension>
        </extensions>
      </trkpt>
      <trkpt lat="24.47290596552193164825439453125" lon="118.14386506564915180206298828125">
        <ele>85.59999847412109375</ele>
        <time>2026-09-23T10:20:09.000Z</time>
        <extensions>
          <ns3:TrackPointExtension>
            <ns3:atemp>29.0</ns3:atemp>
            <ns3:hr>121</ns3:hr>
          </ns3:TrackPointExtension>
        </extensions>
      </trkpt>
      <trkpt lat="24.472903870046138763427734375" lon="118.143875040113925933837890625">
        <ele>84.59999847412109375</ele>
        <time>2026-09-23T10:20:13.000Z</time>
        <extensions>
          <ns3:TrackPointExtension>
            <ns3:atemp>29.0</ns3:atemp>
            <ns3:hr>120</ns3:hr>
          </ns3:TrackPointExtension>
        </extensions>
      </trkpt>
      <trkpt lat="24.4729053787887096405029296875" lon="118.14391099847853183746337890625">
        <ele>83.40000152587890625</ele>
        <time>2026-09-23T10:20:19.000Z</time>
        <extensions>
          <ns3:TrackPointExtension>
            <ns3:atemp>30.0</ns3:atemp>
            <ns3:hr>120</ns3:hr>
          </ns3:TrackPointExtension>
        </extensions>
      </trkpt>
      <trkpt lat="24.4729047082364559173583984375" lon="118.14391099847853183746337890625">
        <ele>83.1999969482421875</ele>
        <time>2026-09-23T10:20:20.000Z</time>
        <extensions>
          <ns3:TrackPointExtension>
            <ns3:atemp>29.0</ns3:atemp>
            <ns3:hr>119</ns3:hr>
          </ns3:TrackPointExtension>
        </extensions>
      </trkpt>
      <trkpt lat="24.47291166521608829498291015625" lon="118.1439130939543247222900390625">
        <ele>82.8000030517578125</ele>
        <time>2026-09-23T10:20:28.000Z</time>
        <extensions>
          <ns3:TrackPointExtension>
            <ns3:atemp>30.0</ns3:atemp>
            <ns3:hr>118</ns3:hr>
          </ns3:TrackPointExtension>
        </extensions>
      </trkpt>
      <trkpt lat="24.47291468270123004913330078125" lon="118.14390630461275577545166015625">
        <ele>82.40000152587890625</ele>
        <time>2026-09-23T10:20:34.000Z</time>
        <extensions>
          <ns3:TrackPointExtension>
            <ns3:atemp>30.0</ns3:atemp>
            <ns3:hr>117</ns3:hr>
          </ns3:TrackPointExtension>
        </extensions>
      </trkpt>
      <trkpt lat="24.4729151017963886260986328125" lon="118.14390580169856548309326171875">
        <ele>82.40000152587890625</ele>
        <time>2026-09-23T10:20:35.000Z</time>
        <extensions>
          <ns3:TrackPointExtension>
            <ns3:atemp>29.0</ns3:atemp>
            <ns3:hr>115</ns3:hr>
          </ns3:TrackPointExtension>
        </extensions>
      </trkpt>
      <trkpt lat="24.4729151017963886260986328125" lon="118.1439070589840412139892578125">
        <ele>82.40000152587890625</ele>
        <time>2026-09-23T10:20:36.000Z</time>
        <extensions>
          <ns3:TrackPointExtension>
            <ns3:atemp>30.0</ns3:atemp>
            <ns3:hr>118</ns3:hr>
          </ns3:TrackPointExtension>
        </extensions>
      </trkpt>
      <trkpt lat="24.4729151017963886260986328125" lon="118.1439070589840412139892578125">
        <ele>82.40000152587890625</ele>
        <time>2026-09-23T10:20:41.000Z</time>
        <extensions>
          <ns3:TrackPointExtension>
            <ns3:atemp>30.0</ns3:atemp>
            <ns3:hr>121</ns3:hr>
          </ns3:TrackPointExtension>
        </extensions>
      </trkpt>
      <trkpt lat="24.4729151017963886260986328125" lon="118.1439070589840412139892578125">
        <ele>82</ele>
        <time>2026-09-23T10:20:44.000Z</time>
        <extensions>
          <ns3:TrackPointExtension>
            <ns3:atemp>29.0</ns3:atemp>
            <ns3:hr>124</ns3:hr>
          </ns3:TrackPointExtension>
        </extensions>
      </trkpt>
      <trkpt lat="24.4729151017963886260986328125" lon="118.1439070589840412139892578125">
        <ele>81.40000152587890625</ele>
        <time>2026-09-23T10:20:48.000Z</time>
        <extensions>
          <ns3:TrackPointExtension>
            <ns3:atemp>29.0</ns3:atemp>
            <ns3:hr>126</ns3:hr>
          </ns3:TrackPointExtension>
        </extensions>
      </trkpt>
      <trkpt lat="24.47294334881007671356201171875" lon="118.14390697516500949859619140625">
        <ele>80.59999847412109375</ele>
        <time>2026-09-23T10:21:02.000Z</time>
        <extensions>
          <ns3:TrackPointExtension>
            <ns3:atemp>29.0</ns3:atemp>
            <ns3:hr>124</ns3:hr>
          </ns3:TrackPointExtension>
        </extensions>
      </trkpt>
      <trkpt lat="24.472954161465167999267578125" lon="118.14390957355499267578125">
        <ele>80</ele>
        <time>2026-09-23T10:21:09.000Z</time>
        <extensions>
          <ns3:TrackPointExtension>
            <ns3:atemp>30.0</ns3:atemp>
            <ns3:hr>124</ns3:hr>
          </ns3:TrackPointExtension>
        </extensions>
      </trkpt>
      <trkpt lat="24.4729680754244327545166015625" lon="118.14391485415399074554443359375">
        <ele>79.40000152587890625</ele>
        <time>2026-09-23T10:21:15.000Z</time>
        <extensions>
          <ns3:TrackPointExtension>
            <ns3:atemp>29.0</ns3:atemp>
            <ns3:hr>121</ns3:hr>
          </ns3:TrackPointExtension>
        </extensions>
      </trkpt>
      <trkpt lat="24.47297863662242889404296875" lon="118.14392675645649433135986328125">
        <ele>79</ele>
        <time>2026-09-23T10:21:19.000Z</time>
        <extensions>
          <ns3:TrackPointExtension>
            <ns3:atemp>30.0</ns3:atemp>
            <ns3:hr>121</ns3:hr>
          </ns3:TrackPointExtension>
        </extensions>
      </trkpt>
      <trkpt lat="24.4729801453649997711181640625" lon="118.14392021857202053070068359375">
        <ele>79</ele>
        <time>2026-09-23T10:21:20.000Z</time>
        <extensions>
          <ns3:TrackPointExtension>
            <ns3:atemp>29.0</ns3:atemp>
            <ns3:hr>121</ns3:hr>
          </ns3:TrackPointExtension>
        </extensions>
      </trkpt>
      <trkpt lat="24.47299833409488201141357421875" lon="118.14391217194497585296630859375">
        <ele>78.8000030517578125</ele>
        <time>2026-09-23T10:21:25.000Z</time>
        <extensions>
          <ns3:TrackPointExtension>
            <ns3:atemp>30.0</ns3:atemp>
            <ns3:hr>123</ns3:hr>
          </ns3:TrackPointExtension>
        </extensions>
      </trkpt>
      <trkpt lat="24.47302850894629955291748046875" lon="118.1439162790775299072265625">
        <ele>78.1999969482421875</ele>
        <time>2026-09-23T10:21:30.000Z</time>
        <extensions>
          <ns3:TrackPointExtension>
            <ns3:atemp>30.0</ns3:atemp>
            <ns3:hr>126</ns3:hr>
          </ns3:TrackPointExtension>
        </extensions>
      </trkpt>
      <trkpt lat="24.47303001768887042999267578125" lon="118.143915273249149322509765625">
        <ele>78</ele>
        <time>2026-09-23T10:21:31.000Z</time>
        <extensions>
          <ns3:TrackPointExtension>
            <ns3:atemp>30.0</ns3:atemp>
            <ns3:hr>126</ns3:hr>
          </ns3:TrackPointExtension>
        </extensions>
      </trkpt>
      <trkpt lat="24.47303839959204196929931640625" lon="118.143921308219432830810546875">
        <ele>77.59999847412109375</ele>
        <time>2026-09-23T10:21:33.000Z</time>
        <extensions>
          <ns3:TrackPointExtension>
            <ns3:atemp>30.0</ns3:atemp>
            <ns3:hr>127</ns3:hr>
          </ns3:TrackPointExtension>
        </extensions>
      </trkpt>
      <trkpt lat="24.4730394892394542694091796875" lon="118.143934719264507293701171875">
        <ele>76.8000030517578125</ele>
        <time>2026-09-23T10:21:39.000Z</time>
        <extensions>
          <ns3:TrackPointExtension>
            <ns3:atemp>30.0</ns3:atemp>
            <ns3:hr>127</ns3:hr>
          </ns3:TrackPointExtension>
        </extensions>
      </trkpt>
      <trkpt lat="24.47303890250623226165771484375" lon="118.14393430016934871673583984375">
        <ele>76.8000030517578125</ele>
        <time>2026-09-23T10:21:40.000Z</time>
        <extensions>
          <ns3:TrackPointExtension>
            <ns3:atemp>30.0</ns3:atemp>
            <ns3:hr>128</ns3:hr>
          </ns3:TrackPointExtension>
        </extensions>
      </trkpt>
      <trkpt lat="24.47303630411624908447265625" lon="118.1439328752458095550537109375">
        <ele>76.8000030517578125</ele>
        <time>2026-09-23T10:21:45.000Z</time>
        <extensions>
          <ns3:TrackPointExtension>
            <ns3:atemp>30.0</ns3:atemp>
            <ns3:hr>131</ns3:hr>
          </ns3:TrackPointExtension>
        </extensions>
      </trkpt>
      <trkpt lat="24.47303202934563159942626953125" lon="118.14392767846584320068359375">
        <ele>76.40000152587890625</ele>
        <time>2026-09-23T10:21:48.000Z</time>
        <extensions>
          <ns3:TrackPointExtension>
            <ns3:atemp>29.0</ns3:atemp>
            <ns3:hr>132</ns3:hr>
          </ns3:TrackPointExtension>
        </extensions>
      </trkpt>
      <trkpt lat="24.47302783839404582977294921875" lon="118.14392273314297199249267578125">
        <ele>75.8000030517578125</ele>
        <time>2026-09-23T10:21:52.000Z</time>
        <extensions>
          <ns3:TrackPointExtension>
            <ns3:atemp>30.0</ns3:atemp>
            <ns3:hr>132</ns3:hr>
          </ns3:TrackPointExtension>
        </extensions>
      </trkpt>
      <trkpt lat="24.4730301015079021453857421875" lon="118.1439431011676788330078125">
        <ele>75.1999969482421875</ele>
        <time>2026-09-23T10:21:56.000Z</time>
        <extensions>
          <ns3:TrackPointExtension>
            <ns3:atemp>30.0</ns3:atemp>
            <ns3:hr>132</ns3:hr>
          </ns3:TrackPointExtension>
        </extensions>
      </trkpt>
      <trkpt lat="24.473029933869838714599609375" lon="118.14394352026283740997314453125">
        <ele>75</ele>
        <time>2026-09-23T10:21:58.000Z</time>
        <extensions>
          <ns3:TrackPointExtension>
            <ns3:atemp>30.0</ns3:atemp>
            <ns3:hr>129</ns3:hr>
          </ns3:TrackPointExtension>
        </extensions>
      </trkpt>
      <trkpt lat="24.4730294309556484222412109375" lon="118.14394502900540828704833984375">
        <ele>75</ele>
        <time>2026-09-23T10:22:06.000Z</time>
        <extensions>
          <ns3:TrackPointExtension>
            <ns3:atemp>29.0</ns3:atemp>
            <ns3:hr>126</ns3:hr>
          </ns3:TrackPointExtension>
        </extensions>
      </trkpt>
      <trkpt lat="24.4730294309556484222412109375" lon="118.14394502900540828704833984375">
        <ele>74.8000030517578125</ele>
        <time>2026-09-23T10:22:08.000Z</time>
        <extensions>
          <ns3:TrackPointExtension>
            <ns3:atemp>30.0</ns3:atemp>
            <ns3:hr>127</ns3:hr>
          </ns3:TrackPointExtension>
        </extensions>
      </trkpt>
      <trkpt lat="24.4730294309556484222412109375" lon="118.14394502900540828704833984375">
        <ele>74.1999969482421875</ele>
        <time>2026-09-23T10:22:15.000Z</time>
        <extensions>
          <ns3:TrackPointExtension>
            <ns3:atemp>29.0</ns3:atemp>
            <ns3:hr>124</ns3:hr>
          </ns3:TrackPointExtension>
        </extensions>
      </trkpt>
      <trkpt lat="24.473029933869838714599609375" lon="118.1439509801566600799560546875">
        <ele>73.8000030517578125</ele>
        <time>2026-09-23T10:22:21.000Z</time>
        <extensions>
          <ns3:TrackPointExtension>
            <ns3:atemp>30.0</ns3:atemp>
            <ns3:hr>126</ns3:hr>
          </ns3:TrackPointExtension>
        </extensions>
      </trkpt>
      <trkpt lat="24.473029933869838714599609375" lon="118.14395307563245296478271484375">
        <ele>73.59999847412109375</ele>
        <time>2026-09-23T10:22:22.000Z</time>
        <extensions>
          <ns3:TrackPointExtension>
            <ns3:atemp>29.0</ns3:atemp>
            <ns3:hr>123</ns3:hr>
          </ns3:TrackPointExtension>
        </extensions>
      </trkpt>
      <trkpt lat="24.47303018532693386077880859375" lon="118.143955506384372711181640625">
        <ele>72.59999847412109375</ele>
        <time>2026-09-23T10:22:26.000Z</time>
        <extensions>
          <ns3:TrackPointExtension>
            <ns3:atemp>30.0</ns3:atemp>
            <ns3:hr>124</ns3:hr>
          </ns3:TrackPointExtension>
        </extensions>
      </trkpt>
      <trkpt lat="24.473033286631107330322265625" lon="118.14396263100206851959228515625">
        <ele>71.40000152587890625</ele>
        <time>2026-09-23T10:22:32.000Z</time>
        <extensions>
          <ns3:TrackPointExtension>
            <ns3:atemp>30.0</ns3:atemp>
            <ns3:hr>124</ns3:hr>
          </ns3:TrackPointExtension>
        </extensions>
      </trkpt>
      <trkpt lat="24.473054409027099609375" lon="118.1439700908958911895751953125">
        <ele>70.1999969482421875</ele>
        <time>2026-09-23T10:22:38.000Z</time>
        <extensions>
          <ns3:TrackPointExtension>
            <ns3:atemp>29.0</ns3:atemp>
            <ns3:hr>125</ns3:hr>
          </ns3:TrackPointExtension>
        </extensions>
      </trkpt>
      <trkpt lat="24.473072849214076995849609375" lon="118.14397453330457210540771484375">
        <ele>69.1999969482421875</ele>
        <time>2026-09-23T10:22:42.000Z</time>
        <extensions>
          <ns3:TrackPointExtension>
            <ns3:atemp>29.0</ns3:atemp>
            <ns3:hr>124</ns3:hr>
          </ns3:TrackPointExtension>
        </extensions>
      </trkpt>
      <trkpt lat="24.47309321723878383636474609375" lon="118.14402700401842594146728515625">
        <ele>68</ele>
        <time>2026-09-23T10:22:47.000Z</time>
        <extensions>
          <ns3:TrackPointExtension>
            <ns3:atemp>30.0</ns3:atemp>
            <ns3:hr>125</ns3:hr>
          </ns3:TrackPointExtension>
        </extensions>
      </trkpt>
      <trkpt lat="24.47312238626182079315185546875" lon="118.14406656660139560699462890625">
        <ele>67.8000030517578125</ele>
        <time>2026-09-23T10:22:49.000Z</time>
        <extensions>
          <ns3:TrackPointExtension>
            <ns3:atemp>30.0</ns3:atemp>
            <ns3:hr>124</ns3:hr>
          </ns3:TrackPointExtension>
        </extensions>
      </trkpt>
      <trkpt lat="24.47315189056098461151123046875" lon="118.1441263295710086822509765625">
        <ele>67</ele>
        <time>2026-09-23T10:22:53.000Z</time>
        <extensions>
          <ns3:TrackPointExtension>
            <ns3:atemp>29.0</ns3:atemp>
            <ns3:hr>123</ns3:hr>
          </ns3:TrackPointExtension>
        </extensions>
      </trkpt>
      <trkpt lat="24.47317636571824550628662109375" lon="118.14413462765514850616455078125">
        <ele>66.1999969482421875</ele>
        <time>2026-09-23T10:22:55.000Z</time>
        <extensions>
          <ns3:TrackPointExtension>
            <ns3:atemp>29.0</ns3:atemp>
            <ns3:hr>123</ns3:hr>
          </ns3:TrackPointExtension>
        </extensions>
      </trkpt>
      <trkpt lat="24.473177455365657806396484375" lon="118.1441286765038967132568359375">
        <ele>66</ele>
        <time>2026-09-23T10:22:56.000Z</time>
        <extensions>
          <ns3:TrackPointExtension>
            <ns3:atemp>29.0</ns3:atemp>
            <ns3:hr>120</ns3:hr>
          </ns3:TrackPointExtension>
        </extensions>
      </trkpt>
      <trkpt lat="24.47321760468184947967529296875" lon="118.14411316998302936553955078125">
        <ele>66.40000152587890625</ele>
        <time>2026-09-23T10:23:01.000Z</time>
        <extensions>
          <ns3:TrackPointExtension>
            <ns3:atemp>30.0</ns3:atemp>
            <ns3:hr>122</ns3:hr>
          </ns3:TrackPointExtension>
        </extensions>
      </trkpt>
      <trkpt lat="24.473270662128925323486328125" lon="118.14413747750222682952880859375">
        <ele>66.59999847412109375</ele>
        <time>2026-09-23T10:23:06.000Z</time>
        <extensions>
          <ns3:TrackPointExtension>
            <ns3:atemp>30.0</ns3:atemp>
            <ns3:hr>121</ns3:hr>
          </ns3:TrackPointExtension>
        </extensions>
      </trkpt>
      <trkpt lat="24.4733040221035480499267578125" lon="118.14413152635097503662109375">
        <ele>66.40000152587890625</ele>
        <time>2026-09-23T10:23:10.000Z</time>
        <extensions>
          <ns3:TrackPointExtension>
            <ns3:atemp>29.0</ns3:atemp>
            <ns3:hr>120</ns3:hr>
          </ns3:TrackPointExtension>
        </extensions>
      </trkpt>
      <trkpt lat="24.4733083806931972503662109375" lon="118.14413362182676792144775390625">
        <ele>66.40000152587890625</ele>
        <time>2026-09-23T10:23:11.000Z</time>
        <extensions>
          <ns3:TrackPointExtension>
            <ns3:atemp>29.0</ns3:atemp>
            <ns3:hr>119</ns3:hr>
          </ns3:TrackPointExtension>
        </extensions>
      </trkpt>
      <trkpt lat="24.47335775010287761688232421875" lon="118.14416916109621524810791015625">
        <ele>64.8000030517578125</ele>
        <time>2026-09-23T10:23:18.000Z</time>
        <extensions>
          <ns3:TrackPointExtension>
            <ns3:atemp>29.0</ns3:atemp>
            <ns3:hr>118</ns3:hr>
          </ns3:TrackPointExtension>
        </extensions>
      </trkpt>
      <trkpt lat="24.47335925884544849395751953125" lon="118.14418089576065540313720703125">
        <ele>64.59999847412109375</ele>
        <time>2026-09-23T10:23:19.000Z</time>
        <extensions>
          <ns3:TrackPointExtension>
            <ns3:atemp>29.0</ns3:atemp>
            <ns3:hr>118</ns3:hr>
          </ns3:TrackPointExtension>
        </extensions>
      </trkpt>
      <trkpt lat="24.47337082587182521820068359375" lon="118.14424283802509307861328125">
        <ele>63.40000152587890625</ele>
        <time>2026-09-23T10:23:23.000Z</time>
        <extensions>
          <ns3:TrackPointExtension>
            <ns3:atemp>29.0</ns3:atemp>
            <ns3:hr>118</ns3:hr>
          </ns3:TrackPointExtension>
        </extensions>
      </trkpt>
      <trkpt lat="24.47338256053626537322998046875" lon="118.1442929618060588836669921875">
        <ele>62.799999237060546875</ele>
        <time>2026-09-23T10:23:27.000Z</time>
        <extensions>
          <ns3:TrackPointExtension>
            <ns3:atemp>30.0</ns3:atemp>
            <ns3:hr>118</ns3:hr>
          </ns3:TrackPointExtension>
        </extensions>
      </trkpt>
      <trkpt lat="24.4733561575412750244140625" lon="118.14435238949954509735107421875">
        <ele>62.200000762939453125</ele>
        <time>2026-09-23T10:23:31.000Z</time>
        <extensions>
          <ns3:TrackPointExtension>
            <ns3:atemp>29.0</ns3:atemp>
            <ns3:hr>118</ns3:hr>
          </ns3:TrackPointExtension>
        </extensions>
      </trkpt>
      <trkpt lat="24.4733400642871856689453125" lon="118.14439161680638790130615234375">
        <ele>61.799999237060546875</ele>
        <time>2026-09-23T10:23:34.000Z</time>
        <extensions>
          <ns3:TrackPointExtension>
            <ns3:atemp>29.0</ns3:atemp>
            <ns3:hr>116</ns3:hr>
          </ns3:TrackPointExtension>
        </extensions>
      </trkpt>
      <trkpt lat="24.47332338429987430572509765625" lon="118.14440754242241382598876953125">
        <ele>61.799999237060546875</ele>
        <time>2026-09-23T10:23:36.000Z</time>
        <extensions>
          <ns3:TrackPointExtension>
            <ns3:atemp>29.0</ns3:atemp>
            <ns3:hr>115</ns3:hr>
          </ns3:TrackPointExtension>
        </extensions>
      </trkpt>
      <trkpt lat="24.4733120687305927276611328125" lon="118.1444274075329303741455078125">
        <ele>61.59999847412109375</ele>
        <time>2026-09-23T10:23:38.000Z</time>
        <extensions>
          <ns3:TrackPointExtension>
            <ns3:atemp>29.0</ns3:atemp>
            <ns3:hr>116</ns3:hr>
          </ns3:TrackPointExtension>
        </extensions>
      </trkpt>
      <trkpt lat="24.47330695576965808868408203125" lon="118.144443333148956298828125">
        <ele>61.59999847412109375</ele>
        <time>2026-09-23T10:23:40.000Z</time>
        <extensions>
          <ns3:TrackPointExtension>
            <ns3:atemp>29.0</ns3:atemp>
            <ns3:hr>116</ns3:hr>
          </ns3:TrackPointExtension>
        </extensions>
      </trkpt>
      <trkpt lat="24.47330628521740436553955078125" lon="118.14447308890521526336669921875">
        <ele>61</ele>
        <time>2026-09-23T10:23:43.000Z</time>
        <extensions>
          <ns3:TrackPointExtension>
            <ns3:atemp>29.0</ns3:atemp>
            <ns3:hr>116</ns3:hr>
          </ns3:TrackPointExtension>
        </extensions>
      </trkpt>
      <trkpt lat="24.47329119779169559478759765625" lon="118.14450167119503021240234375">
        <ele>60.59999847412109375</ele>
        <time>2026-09-23T10:23:48.000Z</time>
        <extensions>
          <ns3:TrackPointExtension>
            <ns3:atemp>29.0</ns3:atemp>
            <ns3:hr>118</ns3:hr>
          </ns3:TrackPointExtension>
        </extensions>
      </trkpt>
      <trkpt lat="24.473297484219074249267578125" lon="118.1445189379155635833740234375">
        <ele>59.799999237060546875</ele>
        <time>2026-09-23T10:23:51.000Z</time>
        <extensions>
          <ns3:TrackPointExtension>
            <ns3:atemp>29.0</ns3:atemp>
            <ns3:hr>119</ns3:hr>
          </ns3:TrackPointExtension>
        </extensions>
      </trkpt>
      <trkpt lat="24.4733234681189060211181640625" lon="118.1445581652224063873291015625">
        <ele>58.799999237060546875</ele>
        <time>2026-09-23T10:23:56.000Z</time>
        <extensions>
          <ns3:TrackPointExtension>
            <ns3:atemp>29.0</ns3:atemp>
            <ns3:hr>119</ns3:hr>
          </ns3:TrackPointExtension>
        </extensions>
      </trkpt>
      <trkpt lat="24.4733348675072193145751953125" lon="118.144611306488513946533203125">
        <ele>57.40000152587890625</ele>
        <time>2026-09-23T10:24:01.000Z</time>
        <extensions>
          <ns3:TrackPointExtension>
            <ns3:atemp>29.0</ns3:atemp>
            <ns3:hr>120</ns3:hr>
          </ns3:TrackPointExtension>
        </extensions>
      </trkpt>
      <trkpt lat="24.47332489304244518280029296875" lon="118.14463469199836254119873046875">
        <ele>57</ele>
        <time>2026-09-23T10:24:03.000Z</time>
        <extensions>
          <ns3:TrackPointExtension>
            <ns3:atemp>29.0</ns3:atemp>
            <ns3:hr>120</ns3:hr>
          </ns3:TrackPointExtension>
        </extensions>
      </trkpt>
      <trkpt lat="24.47331257164478302001953125" lon="118.14465179108083248138427734375">
        <ele>57</ele>
        <time>2026-09-23T10:24:04.000Z</time>
        <extensions>
          <ns3:TrackPointExtension>
            <ns3:atemp>29.0</ns3:atemp>
            <ns3:hr>120</ns3:hr>
          </ns3:TrackPointExtension>
        </extensions>
      </trkpt>
      <trkpt lat="24.4732892699539661407470703125" lon="118.14469303004443645477294921875">
        <ele>56.799999237060546875</ele>
        <time>2026-09-23T10:24:08.000Z</time>
        <extensions>
          <ns3:TrackPointExtension>
            <ns3:atemp>29.0</ns3:atemp>
            <ns3:hr>121</ns3:hr>
          </ns3:TrackPointExtension>
        </extensions>
      </trkpt>
      <trkpt lat="24.47327376343309879302978515625" lon="118.144741393625736236572265625">
        <ele>56.799999237060546875</ele>
        <time>2026-09-23T10:24:12.000Z</time>
        <extensions>
          <ns3:TrackPointExtension>
            <ns3:atemp>29.0</ns3:atemp>
            <ns3:hr>122</ns3:hr>
          </ns3:TrackPointExtension>
        </extensions>
      </trkpt>
      <trkpt lat="24.47324979119002819061279296875" lon="118.14479595981538295745849609375">
        <ele>56.799999237060546875</ele>
        <time>2026-09-23T10:24:17.000Z</time>
        <extensions>
          <ns3:TrackPointExtension>
            <ns3:atemp>29.0</ns3:atemp>
            <ns3:hr>122</ns3:hr>
          </ns3:TrackPointExtension>
        </extensions>
      </trkpt>
      <trkpt lat="24.47322246618568897247314453125" lon="118.1448451615869998931884765625">
        <ele>56.59999847412109375</ele>
        <time>2026-09-23T10:24:21.000Z</time>
        <extensions>
          <ns3:TrackPointExtension>
            <ns3:atemp>29.0</ns3:atemp>
            <ns3:hr>122</ns3:hr>
          </ns3:TrackPointExtension>
        </extensions>
      </trkpt>
      <trkpt lat="24.47320436127483844757080078125" lon="118.1448766775429248809814453125">
        <ele>56.59999847412109375</ele>
        <time>2026-09-23T10:24:24.000Z</time>
        <extensions>
          <ns3:TrackPointExtension>
            <ns3:atemp>29.0</ns3:atemp>
            <ns3:hr>122</ns3:hr>
          </ns3:TrackPointExtension>
        </extensions>
      </trkpt>
      <trkpt lat="24.4731756113469600677490234375" lon="118.14491246826946735382080078125">
        <ele>56.40000152587890625</ele>
        <time>2026-09-23T10:24:27.000Z</time>
        <extensions>
          <ns3:TrackPointExtension>
            <ns3:atemp>29.0</ns3:atemp>
            <ns3:hr>122</ns3:hr>
          </ns3:TrackPointExtension>
        </extensions>
      </trkpt>
      <trkpt lat="24.47316664271056652069091796875" lon="118.14495102502405643463134765625">
        <ele>56.40000152587890625</ele>
        <time>2026-09-23T10:24:30.000Z</time>
        <extensions>
          <ns3:TrackPointExtension>
            <ns3:atemp>29.0</ns3:atemp>
            <ns3:hr>122</ns3:hr>
          </ns3:TrackPointExtension>
        </extensions>
      </trkpt>
      <trkpt lat="24.47311878204345703125" lon="118.14501942135393619537353515625">
        <ele>56.40000152587890625</ele>
        <time>2026-09-23T10:24:39.000Z</time>
        <extensions>
          <ns3:TrackPointExtension>
            <ns3:atemp>29.0</ns3:atemp>
            <ns3:hr>122</ns3:hr>
          </ns3:TrackPointExtension>
        </extensions>
      </trkpt>
      <trkpt lat="24.473078213632106781005859375" lon="118.14502109773457050323486328125">
        <ele>57.59999847412109375</ele>
        <time>2026-09-23T10:24:45.000Z</time>
        <extensions>
          <ns3:TrackPointExtension>
            <ns3:atemp>29.0</ns3:atemp>
            <ns3:hr>122</ns3:hr>
          </ns3:TrackPointExtension>
        </extensions>
      </trkpt>
      <trkpt lat="24.47305784560739994049072265625" lon="118.14500567503273487091064453125">
        <ele>58.40000152587890625</ele>
        <time>2026-09-23T10:24:50.000Z</time>
        <extensions>
          <ns3:TrackPointExtension>
            <ns3:atemp>29.0</ns3:atemp>
            <ns3:hr>122</ns3:hr>
          </ns3:TrackPointExtension>
        </extensions>
      </trkpt>
      <trkpt lat="24.4730384834110736846923828125" lon="118.14500265754759311676025390625">
        <ele>58.59999847412109375</ele>
        <time>2026-09-23T10:24:52.000Z</time>
        <extensions>
          <ns3:TrackPointExtension>
            <ns3:atemp>29.0</ns3:atemp>
            <ns3:hr>122</ns3:hr>
          </ns3:TrackPointExtension>
        </extensions>
      </trkpt>
      <trkpt lat="24.4730128347873687744140625" lon="118.1449886597692966461181640625">
        <ele>59.59999847412109375</ele>
        <time>2026-09-23T10:24:56.000Z</time>
        <extensions>
          <ns3:TrackPointExtension>
            <ns3:atemp>29.0</ns3:atemp>
            <ns3:hr>121</ns3:hr>
          </ns3:TrackPointExtension>
        </extensions>
      </trkpt>
      <trkpt lat="24.47300948202610015869140625" lon="118.1449802778661251068115234375">
        <ele>59.799999237060546875</ele>
        <time>2026-09-23T10:24:57.000Z</time>
        <extensions>
          <ns3:TrackPointExtension>
            <ns3:atemp>29.0</ns3:atemp>
            <ns3:hr>121</ns3:hr>
          </ns3:TrackPointExtension>
        </extensions>
      </trkpt>
      <trkpt lat="24.47298777289688587188720703125" lon="118.1449735723435878753662109375">
        <ele>60.59999847412109375</ele>
        <time>2026-09-23T10:25:02.000Z</time>
        <extensions>
          <ns3:TrackPointExtension>
            <ns3:atemp>29.0</ns3:atemp>
            <ns3:hr>120</ns3:hr>
          </ns3:TrackPointExtension>
        </extensions>
      </trkpt>
      <trkpt lat="24.47298794053494930267333984375" lon="118.1449730694293975830078125">
        <ele>60.799999237060546875</ele>
        <time>2026-09-23T10:25:03.000Z</time>
        <extensions>
          <ns3:TrackPointExtension>
            <ns3:atemp>29.0</ns3:atemp>
            <ns3:hr>121</ns3:hr>
          </ns3:TrackPointExtension>
        </extensions>
      </trkpt>
      <trkpt lat="24.47298123501241207122802734375" lon="118.14498446881771087646484375">
        <ele>61.200000762939453125</ele>
        <time>2026-09-23T10:25:05.000Z</time>
        <extensions>
          <ns3:TrackPointExtension>
            <ns3:atemp>29.0</ns3:atemp>
            <ns3:hr>118</ns3:hr>
          </ns3:TrackPointExtension>
        </extensions>
      </trkpt>
      <trkpt lat="24.47296916507184505462646484375" lon="118.1449970416724681854248046875">
        <ele>61.799999237060546875</ele>
        <time>2026-09-23T10:25:08.000Z</time>
        <extensions>
          <ns3:TrackPointExtension>
            <ns3:atemp>29.0</ns3:atemp>
            <ns3:hr>117</ns3:hr>
          </ns3:TrackPointExtension>
        </extensions>
      </trkpt>
      <trkpt lat="24.47296656668186187744140625" lon="118.14500190317630767822265625">
        <ele>62</ele>
        <time>2026-09-23T10:25:09.000Z</time>
        <extensions>
          <ns3:TrackPointExtension>
            <ns3:atemp>29.0</ns3:atemp>
            <ns3:hr>116</ns3:hr>
          </ns3:TrackPointExtension>
        </extensions>
      </trkpt>
      <trkpt lat="24.47294234298169612884521484375" lon="118.14501908607780933380126953125">
        <ele>62.40000152587890625</ele>
        <time>2026-09-23T10:25:15.000Z</time>
        <extensions>
          <ns3:TrackPointExtension>
            <ns3:atemp>29.0</ns3:atemp>
            <ns3:hr>114</ns3:hr>
          </ns3:TrackPointExtension>
        </extensions>
      </trkpt>
      <trkpt lat="24.47294888086616992950439453125" lon="118.14504255540668964385986328125">
        <ele>63.200000762939453125</ele>
        <time>2026-09-23T10:25:19.000Z</time>
        <extensions>
          <ns3:TrackPointExtension>
            <ns3:atemp>29.0</ns3:atemp>
            <ns3:hr>115</ns3:hr>
          </ns3:TrackPointExtension>
        </extensions>
      </trkpt>
      <trkpt lat="24.47293764911592006683349609375" lon="118.14505026675760746002197265625">
        <ele>64</ele>
        <time>2026-09-23T10:25:23.000Z</time>
        <extensions>
          <ns3:TrackPointExtension>
            <ns3:atemp>29.0</ns3:atemp>
            <ns3:hr>115</ns3:hr>
          </ns3:TrackPointExtension>
        </extensions>
      </trkpt>
      <trkpt lat="24.472932033240795135498046875" lon="118.145055882632732391357421875">
        <ele>64.40000152587890625</ele>
        <time>2026-09-23T10:25:25.000Z</time>
        <extensions>
          <ns3:TrackPointExtension>
            <ns3:atemp>29.0</ns3:atemp>
            <ns3:hr>115</ns3:hr>
          </ns3:TrackPointExtension>
        </extensions>
      </trkpt>
      <trkpt lat="24.472907222807407379150390625" lon="118.14506049267947673797607421875">
        <ele>65.40000152587890625</ele>
        <time>2026-09-23T10:25:32.000Z</time>
        <extensions>
          <ns3:TrackPointExtension>
            <ns3:atemp>29.0</ns3:atemp>
            <ns3:hr>116</ns3:hr>
          </ns3:TrackPointExtension>
        </extensions>
      </trkpt>
      <trkpt lat="24.47290747426450252532958984375" lon="118.1450642645359039306640625">
        <ele>65.59999847412109375</ele>
        <time>2026-09-23T10:25:33.000Z</time>
        <extensions>
          <ns3:TrackPointExtension>
            <ns3:atemp>29.0</ns3:atemp>
            <ns3:hr>117</ns3:hr>
          </ns3:TrackPointExtension>
        </extensions>
      </trkpt>
      <trkpt lat="24.4729050435125827789306640625" lon="118.1450862251222133636474609375">
        <ele>65.8000030517578125</ele>
        <time>2026-09-23T10:25:40.000Z</time>
        <extensions>
          <ns3:TrackPointExtension>
            <ns3:atemp>29.0</ns3:atemp>
            <ns3:hr>118</ns3:hr>
          </ns3:TrackPointExtension>
        </extensions>
      </trkpt>
      <trkpt lat="24.47289523668587207794189453125" lon="118.1451016478240489959716796875">
        <ele>65.8000030517578125</ele>
        <time>2026-09-23T10:25:47.000Z</time>
        <extensions>
          <ns3:TrackPointExtension>
            <ns3:atemp>29.0</ns3:atemp>
            <ns3:hr>121</ns3:hr>
          </ns3:TrackPointExtension>
        </extensions>
      </trkpt>
      <trkpt lat="24.47289238683879375457763671875" lon="118.14509980380535125732421875">
        <ele>66.40000152587890625</ele>
        <time>2026-09-23T10:25:49.000Z</time>
        <extensions>
          <ns3:TrackPointExtension>
            <ns3:atemp>29.0</ns3:atemp>
            <ns3:hr>121</ns3:hr>
          </ns3:TrackPointExtension>
        </extensions>
      </trkpt>
      <trkpt lat="24.4728731922805309295654296875" lon="118.1450879015028476715087890625">
        <ele>66.8000030517578125</ele>
        <time>2026-09-23T10:25:51.000Z</time>
        <extensions>
          <ns3:TrackPointExtension>
            <ns3:atemp>29.0</ns3:atemp>
            <ns3:hr>122</ns3:hr>
          </ns3:TrackPointExtension>
        </extensions>
      </trkpt>
      <trkpt lat="24.4728530757129192352294921875" lon="118.1450885720551013946533203125">
        <ele>67.40000152587890625</ele>
        <time>2026-09-23T10:25:55.000Z</time>
        <extensions>
          <ns3:TrackPointExtension>
            <ns3:atemp>29.0</ns3:atemp>
            <ns3:hr>122</ns3:hr>
          </ns3:TrackPointExtension>
        </extensions>
      </trkpt>
      <trkpt lat="24.47282440960407257080078125" lon="118.14509955234825611114501953125">
        <ele>67.40000152587890625</ele>
        <time>2026-09-23T10:26:01.000Z</time>
        <extensions>
          <ns3:TrackPointExtension>
            <ns3:atemp>29.0</ns3:atemp>
            <ns3:hr>122</ns3:hr>
          </ns3:TrackPointExtension>
        </extensions>
      </trkpt>
      <trkpt lat="24.47280437685549259185791015625" lon="118.1451086886227130889892578125">
        <ele>67.8000030517578125</ele>
        <time>2026-09-23T10:26:04.000Z</time>
        <extensions>
          <ns3:TrackPointExtension>
            <ns3:atemp>29.0</ns3:atemp>
            <ns3:hr>121</ns3:hr>
          </ns3:TrackPointExtension>
        </extensions>
      </trkpt>
      <trkpt lat="24.47278543375432491302490234375" lon="118.1451096944510936737060546875">
        <ele>69</ele>
        <time>2026-09-23T10:26:07.000Z</time>
        <extensions>
          <ns3:TrackPointExtension>
            <ns3:atemp>29.0</ns3:atemp>
            <ns3:hr>121</ns3:hr>
          </ns3:TrackPointExtension>
        </extensions>
      </trkpt>
      <trkpt lat="24.47276548482477664947509765625" lon="118.145105503499507904052734375">
        <ele>70.1999969482421875</ele>
        <time>2026-09-23T10:26:12.000Z</time>
        <extensions>
          <ns3:TrackPointExtension>
            <ns3:atemp>29.0</ns3:atemp>
            <ns3:hr>118</ns3:hr>
          </ns3:TrackPointExtension>
        </extensions>
      </trkpt>
      <trkpt lat="24.472762048244476318359375" lon="118.14511128701269626617431640625">
        <ele>70.40000152587890625</ele>
        <time>2026-09-23T10:26:13.000Z</time>
        <extensions>
          <ns3:TrackPointExtension>
            <ns3:atemp>29.0</ns3:atemp>
            <ns3:hr>118</ns3:hr>
          </ns3:TrackPointExtension>
        </extensions>
      </trkpt>
      <trkpt lat="24.47271904908120632171630859375" lon="118.14512662589550018310546875">
        <ele>71.40000152587890625</ele>
        <time>2026-09-23T10:26:20.000Z</time>
        <extensions>
          <ns3:TrackPointExtension>
            <ns3:atemp>29.0</ns3:atemp>
            <ns3:hr>117</ns3:hr>
          </ns3:TrackPointExtension>
        </extensions>
      </trkpt>
      <trkpt lat="24.47268904186785221099853515625" lon="118.1451174058020114898681640625">
        <ele>72</ele>
        <time>2026-09-23T10:26:26.000Z</time>
        <extensions>
          <ns3:TrackPointExtension>
            <ns3:atemp>29.0</ns3:atemp>
            <ns3:hr>116</ns3:hr>
          </ns3:TrackPointExtension>
        </extensions>
      </trkpt>
      <trkpt lat="24.472685940563678741455078125" lon="118.1451096944510936737060546875">
        <ele>72.1999969482421875</ele>
        <time>2026-09-23T10:26:27.000Z</time>
        <extensions>
          <ns3:TrackPointExtension>
            <ns3:atemp>29.0</ns3:atemp>
            <ns3:hr>119</ns3:hr>
          </ns3:TrackPointExtension>
        </extensions>
      </trkpt>
      <trkpt lat="24.47268627583980560302734375" lon="118.1450976245105266571044921875">
        <ele>72.59999847412109375</ele>
        <time>2026-09-23T10:26:29.000Z</time>
        <extensions>
          <ns3:TrackPointExtension>
            <ns3:atemp>29.0</ns3:atemp>
            <ns3:hr>117</ns3:hr>
          </ns3:TrackPointExtension>
        </extensions>
      </trkpt>
      <trkpt lat="24.47267781011760234832763671875" lon="118.14509955234825611114501953125">
        <ele>73.1999969482421875</ele>
        <time>2026-09-23T10:26:32.000Z</time>
        <extensions>
          <ns3:TrackPointExtension>
            <ns3:atemp>29.0</ns3:atemp>
            <ns3:hr>118</ns3:hr>
          </ns3:TrackPointExtension>
        </extensions>
      </trkpt>
      <trkpt lat="24.47266339324414730072021484375" lon="118.145091421902179718017578125">
        <ele>73.59999847412109375</ele>
        <time>2026-09-23T10:26:36.000Z</time>
        <extensions>
          <ns3:TrackPointExtension>
            <ns3:atemp>29.0</ns3:atemp>
            <ns3:hr>120</ns3:hr>
          </ns3:TrackPointExtension>
        </extensions>
      </trkpt>
      <trkpt lat="24.472650401294231414794921875" lon="118.1450919248163700103759765625">
        <ele>74.1999969482421875</ele>
        <time>2026-09-23T10:26:39.000Z</time>
        <extensions>
          <ns3:TrackPointExtension>
            <ns3:atemp>29.0</ns3:atemp>
            <ns3:hr>120</ns3:hr>
          </ns3:TrackPointExtension>
        </extensions>
      </trkpt>
      <trkpt lat="24.47261385619640350341796875" lon="118.14508195035159587860107421875">
        <ele>74.8000030517578125</ele>
        <time>2026-09-23T10:26:48.000Z</time>
        <extensions>
          <ns3:TrackPointExtension>
            <ns3:atemp>29.0</ns3:atemp>
            <ns3:hr>123</ns3:hr>
          </ns3:TrackPointExtension>
        </extensions>
      </trkpt>
      <trkpt lat="24.47259985841810703277587890625" lon="118.14508681185543537139892578125">
        <ele>76</ele>
        <time>2026-09-23T10:26:52.000Z</time>
        <extensions>
          <ns3:TrackPointExtension>
            <ns3:atemp>29.0</ns3:atemp>
            <ns3:hr>123</ns3:hr>
          </ns3:TrackPointExtension>
        </extensions>
      </trkpt>
      <trkpt lat="24.4725878722965717315673828125" lon="118.1450951099395751953125">
        <ele>77</ele>
        <time>2026-09-23T10:26:55.000Z</time>
        <extensions>
          <ns3:TrackPointExtension>
            <ns3:atemp>29.0</ns3:atemp>
            <ns3:hr>123</ns3:hr>
          </ns3:TrackPointExtension>
        </extensions>
      </trkpt>
      <trkpt lat="24.47257705964148044586181640625" lon="118.14509720541536808013916015625">
        <ele>77.40000152587890625</ele>
        <time>2026-09-23T10:26:58.000Z</time>
        <extensions>
          <ns3:TrackPointExtension>
            <ns3:atemp>29.0</ns3:atemp>
            <ns3:hr>123</ns3:hr>
          </ns3:TrackPointExtension>
        </extensions>
      </trkpt>
      <trkpt lat="24.47257068939507007598876953125" lon="118.1450959481298923492431640625">
        <ele>78.1999969482421875</ele>
        <time>2026-09-23T10:27:00.000Z</time>
        <extensions>
          <ns3:TrackPointExtension>
            <ns3:atemp>29.0</ns3:atemp>
            <ns3:hr>124</ns3:hr>
          </ns3:TrackPointExtension>
        </extensions>
      </trkpt>
      <trkpt lat="24.4725714437663555145263671875" lon="118.14509619958698749542236328125">
        <ele>78.8000030517578125</ele>
        <time>2026-09-23T10:27:10.000Z</time>
        <extensions>
          <ns3:TrackPointExtension>
            <ns3:atemp>29.0</ns3:atemp>
            <ns3:hr>125</ns3:hr>
          </ns3:TrackPointExtension>
        </extensions>
      </trkpt>
      <trkpt lat="24.4725714437663555145263671875" lon="118.14509619958698749542236328125">
        <ele>78.8000030517578125</ele>
        <time>2026-09-23T10:27:11.000Z</time>
        <extensions>
          <ns3:TrackPointExtension>
            <ns3:atemp>29.0</ns3:atemp>
            <ns3:hr>122</ns3:hr>
          </ns3:TrackPointExtension>
        </extensions>
      </trkpt>
      <trkpt lat="24.47256180457770824432373046875" lon="118.14510072581470012664794921875">
        <ele>79.40000152587890625</ele>
        <time>2026-09-23T10:27:14.000Z</time>
        <extensions>
          <ns3:TrackPointExtension>
            <ns3:atemp>29.0</ns3:atemp>
            <ns3:hr>123</ns3:hr>
          </ns3:TrackPointExtension>
        </extensions>
      </trkpt>
      <trkpt lat="24.47251754812896251678466796875" lon="118.145137019455432891845703125">
        <ele>80.40000152587890625</ele>
        <time>2026-09-23T10:27:18.000Z</time>
        <extensions>
          <ns3:TrackPointExtension>
            <ns3:atemp>29.0</ns3:atemp>
            <ns3:hr>122</ns3:hr>
          </ns3:TrackPointExtension>
        </extensions>
      </trkpt>
      <trkpt lat="24.47251520119607448577880859375" lon="118.14515051431953907012939453125">
        <ele>80.59999847412109375</ele>
        <time>2026-09-23T10:27:19.000Z</time>
        <extensions>
          <ns3:TrackPointExtension>
            <ns3:atemp>29.0</ns3:atemp>
            <ns3:hr>122</ns3:hr>
          </ns3:TrackPointExtension>
        </extensions>
      </trkpt>
      <trkpt lat="24.47249257005751132965087890625" lon="118.14518739469349384307861328125">
        <ele>81.40000152587890625</ele>
        <time>2026-09-23T10:27:23.000Z</time>
        <extensions>
          <ns3:TrackPointExtension>
            <ns3:atemp>29.0</ns3:atemp>
            <ns3:hr>121</ns3:hr>
          </ns3:TrackPointExtension>
        </extensions>
      </trkpt>
      <trkpt lat="24.4724836014211177825927734375" lon="118.14520516432821750640869140625">
        <ele>81.40000152587890625</ele>
        <time>2026-09-23T10:27:25.000Z</time>
        <extensions>
          <ns3:TrackPointExtension>
            <ns3:atemp>29.0</ns3:atemp>
            <ns3:hr>121</ns3:hr>
          </ns3:TrackPointExtension>
        </extensions>
      </trkpt>
      <trkpt lat="24.4724530912935733795166015625" lon="118.14524556510150432586669921875">
        <ele>82.59999847412109375</ele>
        <time>2026-09-23T10:27:32.000Z</time>
        <extensions>
          <ns3:TrackPointExtension>
            <ns3:atemp>29.0</ns3:atemp>
            <ns3:hr>123</ns3:hr>
          </ns3:TrackPointExtension>
        </extensions>
      </trkpt>
      <trkpt lat="24.472456276416778564453125" lon="118.14525377936661243438720703125">
        <ele>82.8000030517578125</ele>
        <time>2026-09-23T10:27:33.000Z</time>
        <extensions>
          <ns3:TrackPointExtension>
            <ns3:atemp>29.0</ns3:atemp>
            <ns3:hr>124</ns3:hr>
          </ns3:TrackPointExtension>
        </extensions>
      </trkpt>
      <trkpt lat="24.4724530912935733795166015625" lon="118.14526735804975032806396484375">
        <ele>83.59999847412109375</ele>
        <time>2026-09-23T10:27:37.000Z</time>
        <extensions>
          <ns3:TrackPointExtension>
            <ns3:atemp>29.0</ns3:atemp>
            <ns3:hr>124</ns3:hr>
          </ns3:TrackPointExtension>
        </extensions>
      </trkpt>
      <trkpt lat="24.472454600036144256591796875" lon="118.14527205191552639007568359375">
        <ele>84</ele>
        <time>2026-09-23T10:27:40.000Z</time>
        <extensions>
          <ns3:TrackPointExtension>
            <ns3:atemp>29.0</ns3:atemp>
            <ns3:hr>123</ns3:hr>
          </ns3:TrackPointExtension>
        </extensions>
      </trkpt>
      <trkpt lat="24.4724162109196186065673828125" lon="118.14531345851719379425048828125">
        <ele>84.1999969482421875</ele>
        <time>2026-09-23T10:27:51.000Z</time>
        <extensions>
          <ns3:TrackPointExtension>
            <ns3:atemp>29.0</ns3:atemp>
            <ns3:hr>125</ns3:hr>
          </ns3:TrackPointExtension>
        </extensions>
      </trkpt>
      <trkpt lat="24.47240958921611309051513671875" lon="118.14531438052654266357421875">
        <ele>85</ele>
        <time>2026-09-23T10:27:53.000Z</time>
        <extensions>
          <ns3:TrackPointExtension>
            <ns3:atemp>29.0</ns3:atemp>
            <ns3:hr>125</ns3:hr>
          </ns3:TrackPointExtension>
        </extensions>
      </trkpt>
      <trkpt lat="24.4724014587700366973876953125" lon="118.1453222595155239105224609375">
        <ele>85.1999969482421875</ele>
        <time>2026-09-23T10:27:57.000Z</time>
        <extensions>
          <ns3:TrackPointExtension>
            <ns3:atemp>29.0</ns3:atemp>
            <ns3:hr>123</ns3:hr>
          </ns3:TrackPointExtension>
        </extensions>
      </trkpt>
      <trkpt lat="24.4723813422024250030517578125" lon="118.1453433819115161895751953125">
        <ele>85.40000152587890625</ele>
        <time>2026-09-23T10:28:04.000Z</time>
        <extensions>
          <ns3:TrackPointExtension>
            <ns3:atemp>29.0</ns3:atemp>
            <ns3:hr>122</ns3:hr>
          </ns3:TrackPointExtension>
        </extensions>
      </trkpt>
      <trkpt lat="24.4723585434257984161376953125" lon="118.14542326144874095916748046875">
        <ele>84.8000030517578125</ele>
        <time>2026-09-23T10:28:13.000Z</time>
        <extensions>
          <ns3:TrackPointExtension>
            <ns3:atemp>29.0</ns3:atemp>
            <ns3:hr>124</ns3:hr>
          </ns3:TrackPointExtension>
        </extensions>
      </trkpt>
      <trkpt lat="24.47235510684549808502197265625" lon="118.1454318948090076446533203125">
        <ele>84.8000030517578125</ele>
        <time>2026-09-23T10:28:14.000Z</time>
        <extensions>
          <ns3:TrackPointExtension>
            <ns3:atemp>29.0</ns3:atemp>
            <ns3:hr>121</ns3:hr>
          </ns3:TrackPointExtension>
        </extensions>
      </trkpt>
      <trkpt lat="24.47233951650559902191162109375" lon="118.14543751068413257598876953125">
        <ele>84.59999847412109375</ele>
        <time>2026-09-23T10:28:17.000Z</time>
        <extensions>
          <ns3:TrackPointExtension>
            <ns3:atemp>29.0</ns3:atemp>
            <ns3:hr>118</ns3:hr>
          </ns3:TrackPointExtension>
        </extensions>
      </trkpt>
      <trkpt lat="24.4723310507833957672119140625" lon="118.14543751068413257598876953125">
        <ele>84.8000030517578125</ele>
        <time>2026-09-23T10:28:19.000Z</time>
        <extensions>
          <ns3:TrackPointExtension>
            <ns3:atemp>29.0</ns3:atemp>
            <ns3:hr>121</ns3:hr>
          </ns3:TrackPointExtension>
        </extensions>
      </trkpt>
      <trkpt lat="24.47232778184115886688232421875" lon="118.145436085760593414306640625">
        <ele>85</ele>
        <time>2026-09-23T10:28:20.000Z</time>
        <extensions>
          <ns3:TrackPointExtension>
            <ns3:atemp>29.0</ns3:atemp>
            <ns3:hr>121</ns3:hr>
          </ns3:TrackPointExtension>
        </extensions>
      </trkpt>
      <trkpt lat="24.47228520177304744720458984375" lon="118.14546081237494945526123046875">
        <ele>85.1999969482421875</ele>
        <time>2026-09-23T10:28:26.000Z</time>
        <extensions>
          <ns3:TrackPointExtension>
            <ns3:atemp>29.0</ns3:atemp>
            <ns3:hr>121</ns3:hr>
          </ns3:TrackPointExtension>
        </extensions>
      </trkpt>
      <trkpt lat="24.4722693599760532379150390625" lon="118.14547942019999027252197265625">
        <ele>85.1999969482421875</ele>
        <time>2026-09-23T10:28:28.000Z</time>
        <extensions>
          <ns3:TrackPointExtension>
            <ns3:atemp>29.0</ns3:atemp>
            <ns3:hr>121</ns3:hr>
          </ns3:TrackPointExtension>
        </extensions>
      </trkpt>
      <trkpt lat="24.472238011658191680908203125" lon="118.14551529474556446075439453125">
        <ele>85</ele>
        <time>2026-09-23T10:28:33.000Z</time>
        <extensions>
          <ns3:TrackPointExtension>
            <ns3:atemp>29.0</ns3:atemp>
            <ns3:hr>121</ns3:hr>
          </ns3:TrackPointExtension>
        </extensions>
      </trkpt>
      <trkpt lat="24.4721841998398303985595703125" lon="118.1455854512751102447509765625">
        <ele>84.59999847412109375</ele>
        <time>2026-09-23T10:28:42.000Z</time>
        <extensions>
          <ns3:TrackPointExtension>
            <ns3:atemp>29.0</ns3:atemp>
            <ns3:hr>120</ns3:hr>
          </ns3:TrackPointExtension>
        </extensions>
      </trkpt>
      <trkpt lat="24.4721637479960918426513671875" lon="118.14559576101601123809814453125">
        <ele>84.40000152587890625</ele>
        <time>2026-09-23T10:28:47.000Z</time>
        <extensions>
          <ns3:TrackPointExtension>
            <ns3:atemp>29.0</ns3:atemp>
            <ns3:hr>124</ns3:hr>
          </ns3:TrackPointExtension>
        </extensions>
      </trkpt>
      <trkpt lat="24.47216064669191837310791015625" lon="118.14560397528111934661865234375">
        <ele>84.40000152587890625</ele>
        <time>2026-09-23T10:28:48.000Z</time>
        <extensions>
          <ns3:TrackPointExtension>
            <ns3:atemp>29.0</ns3:atemp>
            <ns3:hr>121</ns3:hr>
          </ns3:TrackPointExtension>
        </extensions>
      </trkpt>
      <trkpt lat="24.47212460450828075408935546875" lon="118.14564756117761135101318359375">
        <ele>85.1999969482421875</ele>
        <time>2026-09-23T10:28:54.000Z</time>
        <extensions>
          <ns3:TrackPointExtension>
            <ns3:atemp>29.0</ns3:atemp>
            <ns3:hr>117</ns3:hr>
          </ns3:TrackPointExtension>
        </extensions>
      </trkpt>
      <trkpt lat="24.47211991064250469207763671875" lon="118.1456511653959751129150390625">
        <ele>85.59999847412109375</ele>
        <time>2026-09-23T10:28:55.000Z</time>
        <extensions>
          <ns3:TrackPointExtension>
            <ns3:atemp>29.0</ns3:atemp>
            <ns3:hr>115</ns3:hr>
          </ns3:TrackPointExtension>
        </extensions>
      </trkpt>
      <trkpt lat="24.47210767306387424468994140625" lon="118.14565770328044891357421875">
        <ele>86</ele>
        <time>2026-09-23T10:28:57.000Z</time>
        <extensions>
          <ns3:TrackPointExtension>
            <ns3:atemp>29.0</ns3:atemp>
            <ns3:hr>115</ns3:hr>
          </ns3:TrackPointExtension>
        </extensions>
      </trkpt>
      <trkpt lat="24.47209493257105350494384765625" lon="118.145651333034038543701171875">
        <ele>87.1999969482421875</ele>
        <time>2026-09-23T10:29:01.000Z</time>
        <extensions>
          <ns3:TrackPointExtension>
            <ns3:atemp>29.0</ns3:atemp>
            <ns3:hr>114</ns3:hr>
          </ns3:TrackPointExtension>
        </extensions>
      </trkpt>
      <trkpt lat="24.4720859639346599578857421875" lon="118.145650662481784820556640625">
        <ele>87.59999847412109375</ele>
        <time>2026-09-23T10:29:03.000Z</time>
        <extensions>
          <ns3:TrackPointExtension>
            <ns3:atemp>29.0</ns3:atemp>
            <ns3:hr>115</ns3:hr>
          </ns3:TrackPointExtension>
        </extensions>
      </trkpt>
      <trkpt lat="24.47207272052764892578125" lon="118.14566910266876220703125">
        <ele>88.40000152587890625</ele>
        <time>2026-09-23T10:29:06.000Z</time>
        <extensions>
          <ns3:TrackPointExtension>
            <ns3:atemp>29.0</ns3:atemp>
            <ns3:hr>116</ns3:hr>
          </ns3:TrackPointExtension>
        </extensions>
      </trkpt>
      <trkpt lat="24.47206241078674793243408203125" lon="118.1456887163221836090087890625">
        <ele>89.1999969482421875</ele>
        <time>2026-09-23T10:29:11.000Z</time>
        <extensions>
          <ns3:TrackPointExtension>
            <ns3:atemp>29.0</ns3:atemp>
            <ns3:hr>116</ns3:hr>
          </ns3:TrackPointExtension>
        </extensions>
      </trkpt>
      <trkpt lat="24.4720534421503543853759765625" lon="118.14569248817861080169677734375">
        <ele>89.8000030517578125</ele>
        <time>2026-09-23T10:29:14.000Z</time>
        <extensions>
          <ns3:TrackPointExtension>
            <ns3:atemp>29.0</ns3:atemp>
            <ns3:hr>116</ns3:hr>
          </ns3:TrackPointExtension>
        </extensions>
      </trkpt>
      <trkpt lat="24.47204656898975372314453125" lon="118.14570606686174869537353515625">
        <ele>90.8000030517578125</ele>
        <time>2026-09-23T10:29:19.000Z</time>
        <extensions>
          <ns3:TrackPointExtension>
            <ns3:atemp>29.0</ns3:atemp>
            <ns3:hr>115</ns3:hr>
          </ns3:TrackPointExtension>
        </extensions>
      </trkpt>
      <trkpt lat="24.47204531170427799224853515625" lon="118.1457041390240192413330078125">
        <ele>91</ele>
        <time>2026-09-23T10:29:20.000Z</time>
        <extensions>
          <ns3:TrackPointExtension>
            <ns3:atemp>29.0</ns3:atemp>
            <ns3:hr>115</ns3:hr>
          </ns3:TrackPointExtension>
        </extensions>
      </trkpt>
      <trkpt lat="24.4720246084034442901611328125" lon="118.14570195972919464111328125">
        <ele>92</ele>
        <time>2026-09-23T10:29:25.000Z</time>
        <extensions>
          <ns3:TrackPointExtension>
            <ns3:atemp>29.0</ns3:atemp>
            <ns3:hr>115</ns3:hr>
          </ns3:TrackPointExtension>
        </extensions>
      </trkpt>
      <trkpt lat="24.47200675494968891143798828125" lon="118.145699612796306610107421875">
        <ele>93</ele>
        <time>2026-09-23T10:29:30.000Z</time>
        <extensions>
          <ns3:TrackPointExtension>
            <ns3:atemp>29.0</ns3:atemp>
            <ns3:hr>117</ns3:hr>
          </ns3:TrackPointExtension>
        </extensions>
      </trkpt>
      <trkpt lat="24.4720034860074520111083984375" lon="118.14569802023470401763916015625">
        <ele>93.1999969482421875</ele>
        <time>2026-09-23T10:29:31.000Z</time>
        <extensions>
          <ns3:TrackPointExtension>
            <ns3:atemp>29.0</ns3:atemp>
            <ns3:hr>117</ns3:hr>
          </ns3:TrackPointExtension>
        </extensions>
      </trkpt>
      <trkpt lat="24.47200792841613292694091796875" lon="118.14570330083370208740234375">
        <ele>94.1999969482421875</ele>
        <time>2026-09-23T10:29:35.000Z</time>
        <extensions>
          <ns3:TrackPointExtension>
            <ns3:atemp>29.0</ns3:atemp>
            <ns3:hr>118</ns3:hr>
          </ns3:TrackPointExtension>
        </extensions>
      </trkpt>
      <trkpt lat="24.4720065034925937652587890625" lon="118.14570221118628978729248046875">
        <ele>94.1999969482421875</ele>
        <time>2026-09-23T10:29:38.000Z</time>
        <extensions>
          <ns3:TrackPointExtension>
            <ns3:atemp>29.0</ns3:atemp>
            <ns3:hr>119</ns3:hr>
          </ns3:TrackPointExtension>
        </extensions>
      </trkpt>
      <trkpt lat="24.4720065034925937652587890625" lon="118.14570221118628978729248046875">
        <ele>95</ele>
        <time>2026-09-23T10:29:44.000Z</time>
        <extensions>
          <ns3:TrackPointExtension>
            <ns3:atemp>29.0</ns3:atemp>
            <ns3:hr>116</ns3:hr>
          </ns3:TrackPointExtension>
        </extensions>
      </trkpt>
      <trkpt lat="24.4720065034925937652587890625" lon="118.14570221118628978729248046875">
        <ele>95.40000152587890625</ele>
        <time>2026-09-23T10:29:45.000Z</time>
        <extensions>
          <ns3:TrackPointExtension>
            <ns3:atemp>29.0</ns3:atemp>
            <ns3:hr>115</ns3:hr>
          </ns3:TrackPointExtension>
        </extensions>
      </trkpt>
      <trkpt lat="24.47200541384518146514892578125" lon="118.14570388756692409515380859375">
        <ele>96.59999847412109375</ele>
        <time>2026-09-23T10:29:53.000Z</time>
        <extensions>
          <ns3:TrackPointExtension>
            <ns3:atemp>29.0</ns3:atemp>
            <ns3:hr>113</ns3:hr>
          </ns3:TrackPointExtension>
        </extensions>
      </trkpt>
      <trkpt lat="24.47198764421045780181884765625" lon="118.14573070965707302093505859375">
        <ele>97.59999847412109375</ele>
        <time>2026-09-23T10:30:02.000Z</time>
        <extensions>
          <ns3:TrackPointExtension>
            <ns3:atemp>29.0</ns3:atemp>
            <ns3:hr>113</ns3:hr>
          </ns3:TrackPointExtension>
        </extensions>
      </trkpt>
      <trkpt lat="24.47196543216705322265625" lon="118.1457333080470561981201171875">
        <ele>99</ele>
        <time>2026-09-23T10:30:11.000Z</time>
        <extensions>
          <ns3:TrackPointExtension>
            <ns3:atemp>29.0</ns3:atemp>
            <ns3:hr>114</ns3:hr>
          </ns3:TrackPointExtension>
        </extensions>
      </trkpt>
      <trkpt lat="24.4719297252595424652099609375" lon="118.1457611359655857086181640625">
        <ele>100.1999969482421875</ele>
        <time>2026-09-23T10:30:22.000Z</time>
        <extensions>
          <ns3:TrackPointExtension>
            <ns3:atemp>29.0</ns3:atemp>
            <ns3:hr>113</ns3:hr>
          </ns3:TrackPointExtension>
        </extensions>
      </trkpt>
      <trkpt lat="24.47191421873867511749267578125" lon="118.1457681767642498016357421875">
        <ele>101</ele>
        <time>2026-09-23T10:30:25.000Z</time>
        <extensions>
          <ns3:TrackPointExtension>
            <ns3:atemp>29.0</ns3:atemp>
            <ns3:hr>116</ns3:hr>
          </ns3:TrackPointExtension>
        </extensions>
      </trkpt>
      <trkpt lat="24.47187867946922779083251953125" lon="118.14577840268611907958984375">
        <ele>101.1999969482421875</ele>
        <time>2026-09-23T10:30:33.000Z</time>
        <extensions>
          <ns3:TrackPointExtension>
            <ns3:atemp>29.0</ns3:atemp>
            <ns3:hr>116</ns3:hr>
          </ns3:TrackPointExtension>
        </extensions>
      </trkpt>
      <trkpt lat="24.471868537366390228271484375" lon="118.14577848650515079498291015625">
        <ele>101.59999847412109375</ele>
        <time>2026-09-23T10:30:36.000Z</time>
        <extensions>
          <ns3:TrackPointExtension>
            <ns3:atemp>29.0</ns3:atemp>
            <ns3:hr>119</ns3:hr>
          </ns3:TrackPointExtension>
        </extensions>
      </trkpt>
      <trkpt lat="24.47185688652098178863525390625" lon="118.14577848650515079498291015625">
        <ele>102</ele>
        <time>2026-09-23T10:30:41.000Z</time>
        <extensions>
          <ns3:TrackPointExtension>
            <ns3:atemp>29.0</ns3:atemp>
            <ns3:hr>122</ns3:hr>
          </ns3:TrackPointExtension>
        </extensions>
      </trkpt>
      <trkpt lat="24.471856467425823211669921875" lon="118.14577848650515079498291015625">
        <ele>102.1999969482421875</ele>
        <time>2026-09-23T10:30:42.000Z</time>
        <extensions>
          <ns3:TrackPointExtension>
            <ns3:atemp>29.0</ns3:atemp>
            <ns3:hr>121</ns3:hr>
          </ns3:TrackPointExtension>
        </extensions>
      </trkpt>
      <trkpt lat="24.47185613214969635009765625" lon="118.14577848650515079498291015625">
        <ele>102.59999847412109375</ele>
        <time>2026-09-23T10:30:44.000Z</time>
        <extensions>
          <ns3:TrackPointExtension>
            <ns3:atemp>29.0</ns3:atemp>
            <ns3:hr>124</ns3:hr>
          </ns3:TrackPointExtension>
        </extensions>
      </trkpt>
      <trkpt lat="24.4718559645116329193115234375" lon="118.14577848650515079498291015625">
        <ele>103.1999969482421875</ele>
        <time>2026-09-23T10:30:46.000Z</time>
        <extensions>
          <ns3:TrackPointExtension>
            <ns3:atemp>29.0</ns3:atemp>
            <ns3:hr>125</ns3:hr>
          </ns3:TrackPointExtension>
        </extensions>
      </trkpt>
      <trkpt lat="24.47185319848358631134033203125" lon="118.14577211625874042510986328125">
        <ele>104.1999969482421875</ele>
        <time>2026-09-23T10:30:54.000Z</time>
        <extensions>
          <ns3:TrackPointExtension>
            <ns3:atemp>29.0</ns3:atemp>
            <ns3:hr>127</ns3:hr>
          </ns3:TrackPointExtension>
        </extensions>
      </trkpt>
      <trkpt lat="24.471845068037509918212890625" lon="118.1457621417939662933349609375">
        <ele>105.40000152587890625</ele>
        <time>2026-09-23T10:30:58.000Z</time>
        <extensions>
          <ns3:TrackPointExtension>
            <ns3:atemp>29.0</ns3:atemp>
            <ns3:hr>127</ns3:hr>
          </ns3:TrackPointExtension>
        </extensions>
      </trkpt>
      <trkpt lat="24.47182939387857913970947265625" lon="118.14574730582535266876220703125">
        <ele>106.8000030517578125</ele>
        <time>2026-09-23T10:31:05.000Z</time>
        <extensions>
          <ns3:TrackPointExtension>
            <ns3:atemp>29.0</ns3:atemp>
            <ns3:hr>129</ns3:hr>
          </ns3:TrackPointExtension>
        </extensions>
      </trkpt>
      <trkpt lat="24.47182235307991504669189453125" lon="118.1457348167896270751953125">
        <ele>107.8000030517578125</ele>
        <time>2026-09-23T10:31:10.000Z</time>
        <extensions>
          <ns3:TrackPointExtension>
            <ns3:atemp>29.0</ns3:atemp>
            <ns3:hr>128</ns3:hr>
          </ns3:TrackPointExtension>
        </extensions>
      </trkpt>
      <trkpt lat="24.4717842154204845428466796875" lon="118.14570724032819271087646484375">
        <ele>109</ele>
        <time>2026-09-23T10:31:22.000Z</time>
        <extensions>
          <ns3:TrackPointExtension>
            <ns3:atemp>29.0</ns3:atemp>
            <ns3:hr>131</ns3:hr>
          </ns3:TrackPointExtension>
        </extensions>
      </trkpt>
      <trkpt lat="24.47177231311798095703125" lon="118.14570707269012928009033203125">
        <ele>110</ele>
        <time>2026-09-23T10:31:25.000Z</time>
        <extensions>
          <ns3:TrackPointExtension>
            <ns3:atemp>29.0</ns3:atemp>
            <ns3:hr>130</ns3:hr>
          </ns3:TrackPointExtension>
        </extensions>
      </trkpt>
      <trkpt lat="24.47175697423517704010009765625" lon="118.145706988871097564697265625">
        <ele>110.59999847412109375</ele>
        <time>2026-09-23T10:31:28.000Z</time>
        <extensions>
          <ns3:TrackPointExtension>
            <ns3:atemp>29.0</ns3:atemp>
            <ns3:hr>133</ns3:hr>
          </ns3:TrackPointExtension>
        </extensions>
      </trkpt>
      <trkpt lat="24.471749179065227508544921875" lon="118.145706988871097564697265625">
        <ele>111</ele>
        <time>2026-09-23T10:31:31.000Z</time>
        <extensions>
          <ns3:TrackPointExtension>
            <ns3:atemp>29.0</ns3:atemp>
            <ns3:hr>134</ns3:hr>
          </ns3:TrackPointExtension>
        </extensions>
      </trkpt>
      <trkpt lat="24.4717402942478656768798828125" lon="118.14571729861199855804443359375">
        <ele>112.1999969482421875</ele>
        <time>2026-09-23T10:31:37.000Z</time>
        <extensions>
          <ns3:TrackPointExtension>
            <ns3:atemp>29.0</ns3:atemp>
            <ns3:hr>134</ns3:hr>
          </ns3:TrackPointExtension>
        </extensions>
      </trkpt>
      <trkpt lat="24.47173006832599639892578125" lon="118.1457430310547351837158203125">
        <ele>113</ele>
        <time>2026-09-23T10:31:43.000Z</time>
        <extensions>
          <ns3:TrackPointExtension>
            <ns3:atemp>29.0</ns3:atemp>
            <ns3:hr>130</ns3:hr>
          </ns3:TrackPointExtension>
        </extensions>
      </trkpt>
      <trkpt lat="24.4717231951653957366943359375" lon="118.14575233496725559234619140625">
        <ele>113.1999969482421875</ele>
        <time>2026-09-23T10:31:48.000Z</time>
        <extensions>
          <ns3:TrackPointExtension>
            <ns3:atemp>29.0</ns3:atemp>
            <ns3:hr>130</ns3:hr>
          </ns3:TrackPointExtension>
        </extensions>
      </trkpt>
      <trkpt lat="24.47168991900980472564697265625" lon="118.14576591365039348602294921875">
        <ele>114</ele>
        <time>2026-09-23T10:31:58.000Z</time>
        <extensions>
          <ns3:TrackPointExtension>
            <ns3:atemp>29.0</ns3:atemp>
            <ns3:hr>127</ns3:hr>
          </ns3:TrackPointExtension>
        </extensions>
      </trkpt>
      <trkpt lat="24.47168673388659954071044921875" lon="118.14576633274555206298828125">
        <ele>114.40000152587890625</ele>
        <time>2026-09-23T10:32:00.000Z</time>
        <extensions>
          <ns3:TrackPointExtension>
            <ns3:atemp>29.0</ns3:atemp>
            <ns3:hr>126</ns3:hr>
          </ns3:TrackPointExtension>
        </extensions>
      </trkpt>
      <trkpt lat="24.47168086655437946319580078125" lon="118.145766668021678924560546875">
        <ele>115.40000152587890625</ele>
        <time>2026-09-23T10:32:03.000Z</time>
        <extensions>
          <ns3:TrackPointExtension>
            <ns3:atemp>29.0</ns3:atemp>
            <ns3:hr>123</ns3:hr>
          </ns3:TrackPointExtension>
        </extensions>
      </trkpt>
      <trkpt lat="24.47167416103184223175048828125" lon="118.1457668356597423553466796875">
        <ele>116.59999847412109375</ele>
        <time>2026-09-23T10:32:08.000Z</time>
        <extensions>
          <ns3:TrackPointExtension>
            <ns3:atemp>29.0</ns3:atemp>
            <ns3:hr>122</ns3:hr>
          </ns3:TrackPointExtension>
        </extensions>
      </trkpt>
      <trkpt lat="24.47166846133768558502197265625" lon="118.14576557837426662445068359375">
        <ele>117.59999847412109375</ele>
        <time>2026-09-23T10:32:13.000Z</time>
        <extensions>
          <ns3:TrackPointExtension>
            <ns3:atemp>29.0</ns3:atemp>
            <ns3:hr>119</ns3:hr>
          </ns3:TrackPointExtension>
        </extensions>
      </trkpt>
      <trkpt lat="24.4716457463800907135009765625" lon="118.14574127085506916046142578125">
        <ele>117.40000152587890625</ele>
        <time>2026-09-23T10:32:25.000Z</time>
        <extensions>
          <ns3:TrackPointExtension>
            <ns3:atemp>29.0</ns3:atemp>
            <ns3:hr>116</ns3:hr>
          </ns3:TrackPointExtension>
        </extensions>
      </trkpt>
      <trkpt lat="24.47164197452366352081298828125" lon="118.145733140408992767333984375">
        <ele>117.40000152587890625</ele>
        <time>2026-09-23T10:32:31.000Z</time>
        <extensions>
          <ns3:TrackPointExtension>
            <ns3:atemp>29.0</ns3:atemp>
            <ns3:hr>119</ns3:hr>
          </ns3:TrackPointExtension>
        </extensions>
      </trkpt>
      <trkpt lat="24.47164113633334636688232421875" lon="118.14573171548545360565185546875">
        <ele>117.40000152587890625</ele>
        <time>2026-09-23T10:32:33.000Z</time>
        <extensions>
          <ns3:TrackPointExtension>
            <ns3:atemp>29.0</ns3:atemp>
            <ns3:hr>116</ns3:hr>
          </ns3:TrackPointExtension>
        </extensions>
      </trkpt>
      <trkpt lat="24.471637196838855743408203125" lon="118.1457269378006458282470703125">
        <ele>119</ele>
        <time>2026-09-23T10:32:48.000Z</time>
        <extensions>
          <ns3:TrackPointExtension>
            <ns3:atemp>29.0</ns3:atemp>
            <ns3:hr>115</ns3:hr>
          </ns3:TrackPointExtension>
        </extensions>
      </trkpt>
      <trkpt lat="24.47163593955338001251220703125" lon="118.14572635106742382049560546875">
        <ele>120.1999969482421875</ele>
        <time>2026-09-23T10:32:52.000Z</time>
        <extensions>
          <ns3:TrackPointExtension>
            <ns3:atemp>29.0</ns3:atemp>
            <ns3:hr>117</ns3:hr>
          </ns3:TrackPointExtension>
        </extensions>
      </trkpt>
      <trkpt lat="24.4716350175440311431884765625" lon="118.14572618342936038970947265625">
        <ele>121.1999969482421875</ele>
        <time>2026-09-23T10:32:54.000Z</time>
        <extensions>
          <ns3:TrackPointExtension>
            <ns3:atemp>29.0</ns3:atemp>
            <ns3:hr>117</ns3:hr>
          </ns3:TrackPointExtension>
        </extensions>
      </trkpt>
      <trkpt lat="24.4716343469917774200439453125" lon="118.14572584815323352813720703125">
        <ele>122.40000152587890625</ele>
        <time>2026-09-23T10:32:59.000Z</time>
        <extensions>
          <ns3:TrackPointExtension>
            <ns3:atemp>29.0</ns3:atemp>
            <ns3:hr>116</ns3:hr>
          </ns3:TrackPointExtension>
        </extensions>
      </trkpt>
      <trkpt lat="24.4716320000588893890380859375" lon="118.1457245908677577972412109375">
        <ele>123.40000152587890625</ele>
        <time>2026-09-23T10:33:19.000Z</time>
        <extensions>
          <ns3:TrackPointExtension>
            <ns3:atemp>29.0</ns3:atemp>
            <ns3:hr>114</ns3:hr>
          </ns3:TrackPointExtension>
        </extensions>
      </trkpt>
      <trkpt lat="24.4716306589543819427490234375" lon="118.14572417177259922027587890625">
        <ele>124.40000152587890625</ele>
        <time>2026-09-23T10:33:26.000Z</time>
        <extensions>
          <ns3:TrackPointExtension>
            <ns3:atemp>29.0</ns3:atemp>
            <ns3:hr>111</ns3:hr>
          </ns3:TrackPointExtension>
        </extensions>
      </trkpt>
      <trkpt lat="24.47163007222115993499755859375" lon="118.1457239203155040740966796875">
        <ele>124.40000152587890625</ele>
        <time>2026-09-23T10:33:30.000Z</time>
        <extensions>
          <ns3:TrackPointExtension>
            <ns3:atemp>29.0</ns3:atemp>
            <ns3:hr>111</ns3:hr>
          </ns3:TrackPointExtension>
        </extensions>
      </trkpt>
      <trkpt lat="24.4716286472976207733154296875" lon="118.145723082125186920166015625">
        <ele>124.8000030517578125</ele>
        <time>2026-09-23T10:33:36.000Z</time>
        <extensions>
          <ns3:TrackPointExtension>
            <ns3:atemp>29.0</ns3:atemp>
            <ns3:hr>112</ns3:hr>
          </ns3:TrackPointExtension>
        </extensions>
      </trkpt>
      <trkpt lat="24.47162470780313014984130859375" lon="118.1457219086587429046630859375">
        <ele>125.59999847412109375</ele>
        <time>2026-09-23T10:33:54.000Z</time>
        <extensions>
          <ns3:TrackPointExtension>
            <ns3:atemp>29.0</ns3:atemp>
            <ns3:hr>113</ns3:hr>
          </ns3:TrackPointExtension>
        </extensions>
      </trkpt>
      <trkpt lat="24.47160668671131134033203125" lon="118.1457165442407131195068359375">
        <ele>126.8000030517578125</ele>
        <time>2026-09-23T10:33:57.000Z</time>
        <extensions>
          <ns3:TrackPointExtension>
            <ns3:atemp>29.0</ns3:atemp>
            <ns3:hr>114</ns3:hr>
          </ns3:TrackPointExtension>
        </extensions>
      </trkpt>
      <trkpt lat="24.47152613662183284759521484375" lon="118.1457078270614147186279296875">
        <ele>127.8000030517578125</ele>
        <time>2026-09-23T10:34:01.000Z</time>
        <extensions>
          <ns3:TrackPointExtension>
            <ns3:atemp>29.0</ns3:atemp>
            <ns3:hr>113</ns3:hr>
          </ns3:TrackPointExtension>
        </extensions>
      </trkpt>
      <trkpt lat="24.47149378247559070587158203125" lon="118.14570304937660694122314453125">
        <ele>128.1999969482421875</ele>
        <time>2026-09-23T10:34:03.000Z</time>
        <extensions>
          <ns3:TrackPointExtension>
            <ns3:atemp>29.0</ns3:atemp>
            <ns3:hr>112</ns3:hr>
          </ns3:TrackPointExtension>
        </extensions>
      </trkpt>
      <trkpt lat="24.47144214995205402374267578125" lon="118.1457048095762729644775390625">
        <ele>129</ele>
        <time>2026-09-23T10:34:06.000Z</time>
        <extensions>
          <ns3:TrackPointExtension>
            <ns3:atemp>29.0</ns3:atemp>
            <ns3:hr>112</ns3:hr>
          </ns3:TrackPointExtension>
        </extensions>
      </trkpt>
      <trkpt lat="24.47144416160881519317626953125" lon="118.145702965557575225830078125">
        <ele>129.1999969482421875</ele>
        <time>2026-09-23T10:34:10.000Z</time>
        <extensions>
          <ns3:TrackPointExtension>
            <ns3:atemp>29.0</ns3:atemp>
            <ns3:hr>111</ns3:hr>
          </ns3:TrackPointExtension>
        </extensions>
      </trkpt>
      <trkpt lat="24.4714442454278469085693359375" lon="118.14570304937660694122314453125">
        <ele>129.1999969482421875</ele>
        <time>2026-09-23T10:34:28.000Z</time>
        <extensions>
          <ns3:TrackPointExtension>
            <ns3:atemp>29.0</ns3:atemp>
            <ns3:hr>114</ns3:hr>
          </ns3:TrackPointExtension>
        </extensions>
      </trkpt>
      <trkpt lat="24.47144349105656147003173828125" lon="118.14570330083370208740234375">
        <ele>130</ele>
        <time>2026-09-23T10:34:34.000Z</time>
        <extensions>
          <ns3:TrackPointExtension>
            <ns3:atemp>29.0</ns3:atemp>
            <ns3:hr>113</ns3:hr>
          </ns3:TrackPointExtension>
        </extensions>
      </trkpt>
      <trkpt lat="24.471443407237529754638671875" lon="118.14570673741400241851806640625">
        <ele>130.600006103515625</ele>
        <time>2026-09-23T10:34:38.000Z</time>
        <extensions>
          <ns3:TrackPointExtension>
            <ns3:atemp>29.0</ns3:atemp>
            <ns3:hr>116</ns3:hr>
          </ns3:TrackPointExtension>
        </extensions>
      </trkpt>
      <trkpt lat="24.47143577970564365386962890625" lon="118.14571461640298366546630859375">
        <ele>130.8000030517578125</ele>
        <time>2026-09-23T10:34:42.000Z</time>
        <extensions>
          <ns3:TrackPointExtension>
            <ns3:atemp>29.0</ns3:atemp>
            <ns3:hr>113</ns3:hr>
          </ns3:TrackPointExtension>
        </extensions>
      </trkpt>
      <trkpt lat="24.47143309749662876129150390625" lon="118.14571646042168140411376953125">
        <ele>131.1999969482421875</ele>
        <time>2026-09-23T10:34:43.000Z</time>
        <extensions>
          <ns3:TrackPointExtension>
            <ns3:atemp>29.0</ns3:atemp>
            <ns3:hr>113</ns3:hr>
          </ns3:TrackPointExtension>
        </extensions>
      </trkpt>
      <trkpt lat="24.47141583077609539031982421875" lon="118.14574579708278179168701171875">
        <ele>132.399993896484375</ele>
        <time>2026-09-23T10:34:52.000Z</time>
        <extensions>
          <ns3:TrackPointExtension>
            <ns3:atemp>29.0</ns3:atemp>
            <ns3:hr>115</ns3:hr>
          </ns3:TrackPointExtension>
        </extensions>
      </trkpt>
      <trkpt lat="24.4714077003300189971923828125" lon="118.14575367607176303863525390625">
        <ele>132.8000030517578125</ele>
        <time>2026-09-23T10:34:57.000Z</time>
        <extensions>
          <ns3:TrackPointExtension>
            <ns3:atemp>29.0</ns3:atemp>
            <ns3:hr>118</ns3:hr>
          </ns3:TrackPointExtension>
        </extensions>
      </trkpt>
      <trkpt lat="24.47139973752200603485107421875" lon="118.14576088450849056243896484375">
        <ele>133.399993896484375</ele>
        <time>2026-09-23T10:35:04.000Z</time>
        <extensions>
          <ns3:TrackPointExtension>
            <ns3:atemp>29.0</ns3:atemp>
            <ns3:hr>117</ns3:hr>
          </ns3:TrackPointExtension>
        </extensions>
      </trkpt>
      <trkpt lat="24.47139839641749858856201171875" lon="118.145774044096469879150390625">
        <ele>134</ele>
        <time>2026-09-23T10:35:14.000Z</time>
        <extensions>
          <ns3:TrackPointExtension>
            <ns3:atemp>29.0</ns3:atemp>
            <ns3:hr>121</ns3:hr>
          </ns3:TrackPointExtension>
        </extensions>
      </trkpt>
      <trkpt lat="24.47139672003686428070068359375" lon="118.1457802467048168182373046875">
        <ele>134.600006103515625</ele>
        <time>2026-09-23T10:35:18.000Z</time>
        <extensions>
          <ns3:TrackPointExtension>
            <ns3:atemp>29.0</ns3:atemp>
            <ns3:hr>119</ns3:hr>
          </ns3:TrackPointExtension>
        </extensions>
      </trkpt>
      <trkpt lat="24.47139420546591281890869140625" lon="118.1457822583615779876708984375">
        <ele>135.600006103515625</ele>
        <time>2026-09-23T10:35:21.000Z</time>
        <extensions>
          <ns3:TrackPointExtension>
            <ns3:atemp>29.0</ns3:atemp>
            <ns3:hr>120</ns3:hr>
          </ns3:TrackPointExtension>
        </extensions>
      </trkpt>
      <trkpt lat="24.47139286436140537261962890625" lon="118.14578368328511714935302734375">
        <ele>136.8000030517578125</ele>
        <time>2026-09-23T10:35:24.000Z</time>
        <extensions>
          <ns3:TrackPointExtension>
            <ns3:atemp>29.0</ns3:atemp>
            <ns3:hr>121</ns3:hr>
          </ns3:TrackPointExtension>
        </extensions>
      </trkpt>
      <trkpt lat="24.471318013966083526611328125" lon="118.14582743681967258453369140625">
        <ele>136</ele>
        <time>2026-09-23T10:35:47.000Z</time>
        <extensions>
          <ns3:TrackPointExtension>
            <ns3:atemp>29.0</ns3:atemp>
            <ns3:hr>123</ns3:hr>
          </ns3:TrackPointExtension>
        </extensions>
      </trkpt>
      <trkpt lat="24.47130703367292881011962890625" lon="118.145849816501140594482421875">
        <ele>136.1999969482421875</ele>
        <time>2026-09-23T10:35:56.000Z</time>
        <extensions>
          <ns3:TrackPointExtension>
            <ns3:atemp>29.0</ns3:atemp>
            <ns3:hr>124</ns3:hr>
          </ns3:TrackPointExtension>
        </extensions>
      </trkpt>
      <trkpt lat="24.4713056087493896484375" lon="118.1458560191094875335693359375">
        <ele>135.8000030517578125</ele>
        <time>2026-09-23T10:35:59.000Z</time>
        <extensions>
          <ns3:TrackPointExtension>
            <ns3:atemp>29.0</ns3:atemp>
            <ns3:hr>122</ns3:hr>
          </ns3:TrackPointExtension>
        </extensions>
      </trkpt>
      <trkpt lat="24.47130518965423107147216796875" lon="118.1458580307662487030029296875">
        <ele>134.600006103515625</ele>
        <time>2026-09-23T10:36:03.000Z</time>
        <extensions>
          <ns3:TrackPointExtension>
            <ns3:atemp>29.0</ns3:atemp>
            <ns3:hr>122</ns3:hr>
          </ns3:TrackPointExtension>
        </extensions>
      </trkpt>
      <trkpt lat="24.47130518965423107147216796875" lon="118.14586850814521312713623046875">
        <ele>133.399993896484375</ele>
        <time>2026-09-23T10:36:10.000Z</time>
        <extensions>
          <ns3:TrackPointExtension>
            <ns3:atemp>29.0</ns3:atemp>
            <ns3:hr>123</ns3:hr>
          </ns3:TrackPointExtension>
        </extensions>
      </trkpt>
      <trkpt lat="24.47130099870264530181884765625" lon="118.14592064358294010162353515625">
        <ele>133.600006103515625</ele>
        <time>2026-09-23T10:36:20.000Z</time>
        <extensions>
          <ns3:TrackPointExtension>
            <ns3:atemp>29.0</ns3:atemp>
            <ns3:hr>126</ns3:hr>
          </ns3:TrackPointExtension>
        </extensions>
      </trkpt>
      <trkpt lat="24.47129026986658573150634765625" lon="118.14593824557960033416748046875">
        <ele>134.1999969482421875</ele>
        <time>2026-09-23T10:36:22.000Z</time>
        <extensions>
          <ns3:TrackPointExtension>
            <ns3:atemp>29.0</ns3:atemp>
            <ns3:hr>126</ns3:hr>
          </ns3:TrackPointExtension>
        </extensions>
      </trkpt>
      <trkpt lat="24.4712789542973041534423828125" lon="118.1459606252610683441162109375">
        <ele>134.600006103515625</ele>
        <time>2026-09-23T10:36:25.000Z</time>
        <extensions>
          <ns3:TrackPointExtension>
            <ns3:atemp>29.0</ns3:atemp>
            <ns3:hr>126</ns3:hr>
          </ns3:TrackPointExtension>
        </extensions>
      </trkpt>
      <trkpt lat="24.471260346472263336181640625" lon="118.145985268056392669677734375">
        <ele>135.8000030517578125</ele>
        <time>2026-09-23T10:36:28.000Z</time>
        <extensions>
          <ns3:TrackPointExtension>
            <ns3:atemp>29.0</ns3:atemp>
            <ns3:hr>128</ns3:hr>
          </ns3:TrackPointExtension>
        </extensions>
      </trkpt>
      <trkpt lat="24.4712373800575733184814453125" lon="118.146010749042034149169921875">
        <ele>136.8000030517578125</ele>
        <time>2026-09-23T10:36:35.000Z</time>
        <extensions>
          <ns3:TrackPointExtension>
            <ns3:atemp>29.0</ns3:atemp>
            <ns3:hr>128</ns3:hr>
          </ns3:TrackPointExtension>
        </extensions>
      </trkpt>
      <trkpt lat="24.47123042307794094085693359375" lon="118.14601200632750988006591796875">
        <ele>136.8000030517578125</ele>
        <time>2026-09-23T10:36:36.000Z</time>
        <extensions>
          <ns3:TrackPointExtension>
            <ns3:atemp>29.0</ns3:atemp>
            <ns3:hr>128</ns3:hr>
          </ns3:TrackPointExtension>
        </extensions>
      </trkpt>
      <trkpt lat="24.4712085463106632232666015625" lon="118.14601351507008075714111328125">
        <ele>137.600006103515625</ele>
        <time>2026-09-23T10:36:41.000Z</time>
        <extensions>
          <ns3:TrackPointExtension>
            <ns3:atemp>29.0</ns3:atemp>
            <ns3:hr>125</ns3:hr>
          </ns3:TrackPointExtension>
        </extensions>
      </trkpt>
      <trkpt lat="24.4712041877210140228271484375" lon="118.14601770602166652679443359375">
        <ele>137.600006103515625</ele>
        <time>2026-09-23T10:36:42.000Z</time>
        <extensions>
          <ns3:TrackPointExtension>
            <ns3:atemp>29.0</ns3:atemp>
            <ns3:hr>127</ns3:hr>
          </ns3:TrackPointExtension>
        </extensions>
      </trkpt>
      <trkpt lat="24.471199996769428253173828125" lon="118.14601670019328594207763671875">
        <ele>138.1999969482421875</ele>
        <time>2026-09-23T10:36:43.000Z</time>
        <extensions>
          <ns3:TrackPointExtension>
            <ns3:atemp>29.0</ns3:atemp>
            <ns3:hr>128</ns3:hr>
          </ns3:TrackPointExtension>
        </extensions>
      </trkpt>
      <trkpt lat="24.4711954705417156219482421875" lon="118.1460270099341869354248046875">
        <ele>138.600006103515625</ele>
        <time>2026-09-23T10:36:48.000Z</time>
        <extensions>
          <ns3:TrackPointExtension>
            <ns3:atemp>29.0</ns3:atemp>
            <ns3:hr>121</ns3:hr>
          </ns3:TrackPointExtension>
        </extensions>
      </trkpt>
      <trkpt lat="24.4711983203887939453125" lon="118.14603782258927822113037109375">
        <ele>138.8000030517578125</ele>
        <time>2026-09-23T10:36:49.000Z</time>
        <extensions>
          <ns3:TrackPointExtension>
            <ns3:atemp>29.0</ns3:atemp>
            <ns3:hr>124</ns3:hr>
          </ns3:TrackPointExtension>
        </extensions>
      </trkpt>
      <trkpt lat="24.4711974821984767913818359375" lon="118.14605123363435268402099609375">
        <ele>139.1999969482421875</ele>
        <time>2026-09-23T10:36:50.000Z</time>
        <extensions>
          <ns3:TrackPointExtension>
            <ns3:atemp>29.0</ns3:atemp>
            <ns3:hr>122</ns3:hr>
          </ns3:TrackPointExtension>
        </extensions>
      </trkpt>
      <trkpt lat="24.47119723074138164520263671875" lon="118.1460575200617313385009765625">
        <ele>139.1999969482421875</ele>
        <time>2026-09-23T10:36:52.000Z</time>
        <extensions>
          <ns3:TrackPointExtension>
            <ns3:atemp>29.0</ns3:atemp>
            <ns3:hr>121</ns3:hr>
          </ns3:TrackPointExtension>
        </extensions>
      </trkpt>
      <trkpt lat="24.4711971469223499298095703125" lon="118.1460612080991268157958984375">
        <ele>139.399993896484375</ele>
        <time>2026-09-23T10:36:57.000Z</time>
        <extensions>
          <ns3:TrackPointExtension>
            <ns3:atemp>29.0</ns3:atemp>
            <ns3:hr>121</ns3:hr>
          </ns3:TrackPointExtension>
        </extensions>
      </trkpt>
      <trkpt lat="24.47118734009563922882080078125" lon="118.1461027823388576507568359375">
        <ele>139.399993896484375</ele>
        <time>2026-09-23T10:37:03.000Z</time>
        <extensions>
          <ns3:TrackPointExtension>
            <ns3:atemp>29.0</ns3:atemp>
            <ns3:hr>120</ns3:hr>
          </ns3:TrackPointExtension>
        </extensions>
      </trkpt>
      <trkpt lat="24.47117292322218418121337890625" lon="118.14613287337124347686767578125">
        <ele>140.1999969482421875</ele>
        <time>2026-09-23T10:37:07.000Z</time>
        <extensions>
          <ns3:TrackPointExtension>
            <ns3:atemp>29.0</ns3:atemp>
            <ns3:hr>120</ns3:hr>
          </ns3:TrackPointExtension>
        </extensions>
      </trkpt>
      <trkpt lat="24.47116051800549030303955078125" lon="118.14615927636623382568359375">
        <ele>141</ele>
        <time>2026-09-23T10:37:11.000Z</time>
        <extensions>
          <ns3:TrackPointExtension>
            <ns3:atemp>29.0</ns3:atemp>
            <ns3:hr>120</ns3:hr>
          </ns3:TrackPointExtension>
        </extensions>
      </trkpt>
      <trkpt lat="24.471154399216175079345703125" lon="118.1461678259074687957763671875">
        <ele>141.399993896484375</ele>
        <time>2026-09-23T10:37:12.000Z</time>
        <extensions>
          <ns3:TrackPointExtension>
            <ns3:atemp>29.0</ns3:atemp>
            <ns3:hr>121</ns3:hr>
          </ns3:TrackPointExtension>
        </extensions>
      </trkpt>
      <trkpt lat="24.47114978916943073272705078125" lon="118.14617025665938854217529296875">
        <ele>141.600006103515625</ele>
        <time>2026-09-23T10:37:13.000Z</time>
        <extensions>
          <ns3:TrackPointExtension>
            <ns3:atemp>29.0</ns3:atemp>
            <ns3:hr>118</ns3:hr>
          </ns3:TrackPointExtension>
        </extensions>
      </trkpt>
      <trkpt lat="24.471137635409832000732421875" lon="118.146175704896450042724609375">
        <ele>142.399993896484375</ele>
        <time>2026-09-23T10:37:17.000Z</time>
        <extensions>
          <ns3:TrackPointExtension>
            <ns3:atemp>29.0</ns3:atemp>
            <ns3:hr>120</ns3:hr>
          </ns3:TrackPointExtension>
        </extensions>
      </trkpt>
      <trkpt lat="24.47113956324756145477294921875" lon="118.14618567936122417449951171875">
        <ele>142.600006103515625</ele>
        <time>2026-09-23T10:37:18.000Z</time>
        <extensions>
          <ns3:TrackPointExtension>
            <ns3:atemp>29.0</ns3:atemp>
            <ns3:hr>120</ns3:hr>
          </ns3:TrackPointExtension>
        </extensions>
      </trkpt>
      <trkpt lat="24.47112682275474071502685546875" lon="118.14620059914886951446533203125">
        <ele>143.399993896484375</ele>
        <time>2026-09-23T10:37:22.000Z</time>
        <extensions>
          <ns3:TrackPointExtension>
            <ns3:atemp>29.0</ns3:atemp>
            <ns3:hr>120</ns3:hr>
          </ns3:TrackPointExtension>
        </extensions>
      </trkpt>
      <trkpt lat="24.47111709974706172943115234375" lon="118.14620554447174072265625">
        <ele>143.600006103515625</ele>
        <time>2026-09-23T10:37:25.000Z</time>
        <extensions>
          <ns3:TrackPointExtension>
            <ns3:atemp>29.0</ns3:atemp>
            <ns3:hr>120</ns3:hr>
          </ns3:TrackPointExtension>
        </extensions>
      </trkpt>
      <trkpt lat="24.4711123220622539520263671875" lon="118.1462207995355129241943359375">
        <ele>144.600006103515625</ele>
        <time>2026-09-23T10:37:30.000Z</time>
        <extensions>
          <ns3:TrackPointExtension>
            <ns3:atemp>29.0</ns3:atemp>
            <ns3:hr>120</ns3:hr>
          </ns3:TrackPointExtension>
        </extensions>
      </trkpt>
      <trkpt lat="24.47110067121684551239013671875" lon="118.14622499048709869384765625">
        <ele>144.8000030517578125</ele>
        <time>2026-09-23T10:37:32.000Z</time>
        <extensions>
          <ns3:TrackPointExtension>
            <ns3:atemp>29.0</ns3:atemp>
            <ns3:hr>121</ns3:hr>
          </ns3:TrackPointExtension>
        </extensions>
      </trkpt>
      <trkpt lat="24.4710935465991497039794921875" lon="118.146224319934844970703125">
        <ele>145.399993896484375</ele>
        <time>2026-09-23T10:37:37.000Z</time>
        <extensions>
          <ns3:TrackPointExtension>
            <ns3:atemp>29.0</ns3:atemp>
            <ns3:hr>122</ns3:hr>
          </ns3:TrackPointExtension>
        </extensions>
      </trkpt>
      <trkpt lat="24.4710932113230228424072265625" lon="118.14622591249644756317138671875">
        <ele>145.600006103515625</ele>
        <time>2026-09-23T10:37:38.000Z</time>
        <extensions>
          <ns3:TrackPointExtension>
            <ns3:atemp>29.0</ns3:atemp>
            <ns3:hr>122</ns3:hr>
          </ns3:TrackPointExtension>
        </extensions>
      </trkpt>
      <trkpt lat="24.47109262458980083465576171875" lon="118.1462254934012889862060546875">
        <ele>145.8000030517578125</ele>
        <time>2026-09-23T10:37:51.000Z</time>
        <extensions>
          <ns3:TrackPointExtension>
            <ns3:atemp>29.0</ns3:atemp>
            <ns3:hr>120</ns3:hr>
          </ns3:TrackPointExtension>
        </extensions>
      </trkpt>
      <trkpt lat="24.47106831707060337066650390625" lon="118.14625960774719715118408203125">
        <ele>146.399993896484375</ele>
        <time>2026-09-23T10:37:58.000Z</time>
        <extensions>
          <ns3:TrackPointExtension>
            <ns3:atemp>29.0</ns3:atemp>
            <ns3:hr>119</ns3:hr>
          </ns3:TrackPointExtension>
        </extensions>
      </trkpt>
      <trkpt lat="24.47106362320482730865478515625" lon="118.1462650559842586517333984375">
        <ele>146.600006103515625</ele>
        <time>2026-09-23T10:37:59.000Z</time>
        <extensions>
          <ns3:TrackPointExtension>
            <ns3:atemp>29.0</ns3:atemp>
            <ns3:hr>119</ns3:hr>
          </ns3:TrackPointExtension>
        </extensions>
      </trkpt>
      <trkpt lat="24.471067897975444793701171875" lon="118.1462908722460269927978515625">
        <ele>147</ele>
        <time>2026-09-23T10:38:03.000Z</time>
        <extensions>
          <ns3:TrackPointExtension>
            <ns3:atemp>29.0</ns3:atemp>
            <ns3:hr>120</ns3:hr>
          </ns3:TrackPointExtension>
        </extensions>
      </trkpt>
      <trkpt lat="24.4710548222064971923828125" lon="118.14631107263267040252685546875">
        <ele>147.600006103515625</ele>
        <time>2026-09-23T10:38:09.000Z</time>
        <extensions>
          <ns3:TrackPointExtension>
            <ns3:atemp>29.0</ns3:atemp>
            <ns3:hr>120</ns3:hr>
          </ns3:TrackPointExtension>
        </extensions>
      </trkpt>
      <trkpt lat="24.47107552550733089447021484375" lon="118.146320879459381103515625">
        <ele>148</ele>
        <time>2026-09-23T10:38:14.000Z</time>
        <extensions>
          <ns3:TrackPointExtension>
            <ns3:atemp>29.0</ns3:atemp>
            <ns3:hr>119</ns3:hr>
          </ns3:TrackPointExtension>
        </extensions>
      </trkpt>
      <trkpt lat="24.4710647128522396087646484375" lon="118.14633764326572418212890625">
        <ele>148.600006103515625</ele>
        <time>2026-09-23T10:38:19.000Z</time>
        <extensions>
          <ns3:TrackPointExtension>
            <ns3:atemp>29.0</ns3:atemp>
            <ns3:hr>119</ns3:hr>
          </ns3:TrackPointExtension>
        </extensions>
      </trkpt>
      <trkpt lat="24.4710694067180156707763671875" lon="118.14634694717824459075927734375">
        <ele>149.399993896484375</ele>
        <time>2026-09-23T10:38:24.000Z</time>
        <extensions>
          <ns3:TrackPointExtension>
            <ns3:atemp>29.0</ns3:atemp>
            <ns3:hr>116</ns3:hr>
          </ns3:TrackPointExtension>
        </extensions>
      </trkpt>
      <trkpt lat="24.4710637070238590240478515625" lon="118.14634594134986400604248046875">
        <ele>150</ele>
        <time>2026-09-23T10:38:27.000Z</time>
        <extensions>
          <ns3:TrackPointExtension>
            <ns3:atemp>29.0</ns3:atemp>
            <ns3:hr>115</ns3:hr>
          </ns3:TrackPointExtension>
        </extensions>
      </trkpt>
      <trkpt lat="24.47105926461517810821533203125" lon="118.1463532336056232452392578125">
        <ele>150.399993896484375</ele>
        <time>2026-09-23T10:38:28.000Z</time>
        <extensions>
          <ns3:TrackPointExtension>
            <ns3:atemp>29.0</ns3:atemp>
            <ns3:hr>115</ns3:hr>
          </ns3:TrackPointExtension>
        </extensions>
      </trkpt>
      <trkpt lat="24.47105473838746547698974609375" lon="118.14636069349944591522216796875">
        <ele>151.399993896484375</ele>
        <time>2026-09-23T10:38:30.000Z</time>
        <extensions>
          <ns3:TrackPointExtension>
            <ns3:atemp>29.0</ns3:atemp>
            <ns3:hr>115</ns3:hr>
          </ns3:TrackPointExtension>
        </extensions>
      </trkpt>
      <trkpt lat="24.47104132734239101409912109375" lon="118.14637058414518833160400390625">
        <ele>151.8000030517578125</ele>
        <time>2026-09-23T10:38:38.000Z</time>
        <extensions>
          <ns3:TrackPointExtension>
            <ns3:atemp>29.0</ns3:atemp>
            <ns3:hr>116</ns3:hr>
          </ns3:TrackPointExtension>
        </extensions>
      </trkpt>
      <trkpt lat="24.47104132734239101409912109375" lon="118.14637058414518833160400390625">
        <ele>152.600006103515625</ele>
        <time>2026-09-23T10:38:41.000Z</time>
        <extensions>
          <ns3:TrackPointExtension>
            <ns3:atemp>29.0</ns3:atemp>
            <ns3:hr>117</ns3:hr>
          </ns3:TrackPointExtension>
        </extensions>
      </trkpt>
      <trkpt lat="24.47104132734239101409912109375" lon="118.14637058414518833160400390625">
        <ele>153</ele>
        <time>2026-09-23T10:38:51.000Z</time>
        <extensions>
          <ns3:TrackPointExtension>
            <ns3:atemp>28.0</ns3:atemp>
            <ns3:hr>117</ns3:hr>
          </ns3:TrackPointExtension>
        </extensions>
      </trkpt>
      <trkpt lat="24.47103830985724925994873046875" lon="118.14637393690645694732666015625">
        <ele>152.600006103515625</ele>
        <time>2026-09-23T10:39:06.000Z</time>
        <extensions>
          <ns3:TrackPointExtension>
            <ns3:atemp>28.0</ns3:atemp>
            <ns3:hr>114</ns3:hr>
          </ns3:TrackPointExtension>
        </extensions>
      </trkpt>
      <trkpt lat="24.47102506645023822784423828125" lon="118.14638081006705760955810546875">
        <ele>153.8000030517578125</ele>
        <time>2026-09-23T10:39:13.000Z</time>
        <extensions>
          <ns3:TrackPointExtension>
            <ns3:atemp>28.0</ns3:atemp>
            <ns3:hr>114</ns3:hr>
          </ns3:TrackPointExtension>
        </extensions>
      </trkpt>
      <trkpt lat="24.4710052013397216796875" lon="118.14639036543667316436767578125">
        <ele>154.1999969482421875</ele>
        <time>2026-09-23T10:39:26.000Z</time>
        <extensions>
          <ns3:TrackPointExtension>
            <ns3:atemp>28.0</ns3:atemp>
            <ns3:hr>117</ns3:hr>
          </ns3:TrackPointExtension>
        </extensions>
      </trkpt>
      <trkpt lat="24.47100142948329448699951171875" lon="118.1463904492557048797607421875">
        <ele>154.399993896484375</ele>
        <time>2026-09-23T10:39:38.000Z</time>
        <extensions>
          <ns3:TrackPointExtension>
            <ns3:atemp>28.0</ns3:atemp>
            <ns3:hr>120</ns3:hr>
          </ns3:TrackPointExtension>
        </extensions>
      </trkpt>
      <trkpt lat="24.47100587189197540283203125" lon="118.14638793468475341796875">
        <ele>154.8000030517578125</ele>
        <time>2026-09-23T10:39:49.000Z</time>
        <extensions>
          <ns3:TrackPointExtension>
            <ns3:atemp>28.0</ns3:atemp>
            <ns3:hr>124</ns3:hr>
          </ns3:TrackPointExtension>
        </extensions>
      </trkpt>
      <trkpt lat="24.47100629098713397979736328125" lon="118.14638793468475341796875">
        <ele>154.600006103515625</ele>
        <time>2026-09-23T10:39:50.000Z</time>
        <extensions>
          <ns3:TrackPointExtension>
            <ns3:atemp>28.0</ns3:atemp>
            <ns3:hr>128</ns3:hr>
          </ns3:TrackPointExtension>
        </extensions>
      </trkpt>
      <trkpt lat="24.4710065424442291259765625" lon="118.14638793468475341796875">
        <ele>154.600006103515625</ele>
        <time>2026-09-23T10:39:52.000Z</time>
        <extensions>
          <ns3:TrackPointExtension>
            <ns3:atemp>28.0</ns3:atemp>
            <ns3:hr>131</ns3:hr>
          </ns3:TrackPointExtension>
        </extensions>
      </trkpt>
      <trkpt lat="24.47100763209164142608642578125" lon="118.14638801850378513336181640625">
        <ele>154</ele>
        <time>2026-09-23T10:40:00.000Z</time>
        <extensions>
          <ns3:TrackPointExtension>
            <ns3:atemp>28.0</ns3:atemp>
            <ns3:hr>128</ns3:hr>
          </ns3:TrackPointExtension>
        </extensions>
      </trkpt>
      <trkpt lat="24.47103965096175670623779296875" lon="118.14639103598892688751220703125">
        <ele>154.600006103515625</ele>
        <time>2026-09-23T10:40:13.000Z</time>
        <extensions>
          <ns3:TrackPointExtension>
            <ns3:atemp>28.0</ns3:atemp>
            <ns3:hr>125</ns3:hr>
          </ns3:TrackPointExtension>
        </extensions>
      </trkpt>
      <trkpt lat="24.47104434482753276824951171875" lon="118.14639187417924404144287109375">
        <ele>154.8000030517578125</ele>
        <time>2026-09-23T10:40:14.000Z</time>
        <extensions>
          <ns3:TrackPointExtension>
            <ns3:atemp>28.0</ns3:atemp>
            <ns3:hr>125</ns3:hr>
          </ns3:TrackPointExtension>
        </extensions>
      </trkpt>
      <trkpt lat="24.47104820050299167633056640625" lon="118.14639321528375148773193359375">
        <ele>156</ele>
        <time>2026-09-23T10:40:17.000Z</time>
        <extensions>
          <ns3:TrackPointExtension>
            <ns3:atemp>28.0</ns3:atemp>
            <ns3:hr>125</ns3:hr>
          </ns3:TrackPointExtension>
        </extensions>
      </trkpt>
      <trkpt lat="24.47104878723621368408203125" lon="118.14639338292181491851806640625">
        <ele>157.1999969482421875</ele>
        <time>2026-09-23T10:40:24.000Z</time>
        <extensions>
          <ns3:TrackPointExtension>
            <ns3:atemp>28.0</ns3:atemp>
            <ns3:hr>124</ns3:hr>
          </ns3:TrackPointExtension>
        </extensions>
      </trkpt>
      <trkpt lat="24.47103898040950298309326171875" lon="118.14638081006705760955810546875">
        <ele>158.1999969482421875</ele>
        <time>2026-09-23T10:40:34.000Z</time>
        <extensions>
          <ns3:TrackPointExtension>
            <ns3:atemp>28.0</ns3:atemp>
            <ns3:hr>123</ns3:hr>
          </ns3:TrackPointExtension>
        </extensions>
      </trkpt>
      <trkpt lat="24.47100830264389514923095703125" lon="118.1463257409632205963134765625">
        <ele>157.600006103515625</ele>
        <time>2026-09-23T10:40:49.000Z</time>
        <extensions>
          <ns3:TrackPointExtension>
            <ns3:atemp>28.0</ns3:atemp>
            <ns3:hr>120</ns3:hr>
          </ns3:TrackPointExtension>
        </extensions>
      </trkpt>
      <trkpt lat="24.47099891491234302520751953125" lon="118.14631643705070018768310546875">
        <ele>157.600006103515625</ele>
        <time>2026-09-23T10:41:05.000Z</time>
        <extensions>
          <ns3:TrackPointExtension>
            <ns3:atemp>28.0</ns3:atemp>
            <ns3:hr>123</ns3:hr>
          </ns3:TrackPointExtension>
        </extensions>
      </trkpt>
      <trkpt lat="24.47099489159882068634033203125" lon="118.14631157554686069488525390625">
        <ele>158.1999969482421875</ele>
        <time>2026-09-23T10:41:16.000Z</time>
        <extensions>
          <ns3:TrackPointExtension>
            <ns3:atemp>28.0</ns3:atemp>
            <ns3:hr>118</ns3:hr>
          </ns3:TrackPointExtension>
        </extensions>
      </trkpt>
      <trkpt lat="24.470981396734714508056640625" lon="118.14630277454853057861328125">
        <ele>158.1999969482421875</ele>
        <time>2026-09-23T10:41:42.000Z</time>
        <extensions>
          <ns3:TrackPointExtension>
            <ns3:atemp>28.0</ns3:atemp>
            <ns3:hr>122</ns3:hr>
          </ns3:TrackPointExtension>
        </extensions>
      </trkpt>
      <trkpt lat="24.470981396734714508056640625" lon="118.14630269072949886322021484375">
        <ele>158.1999969482421875</ele>
        <time>2026-09-23T10:41:43.000Z</time>
        <extensions>
          <ns3:TrackPointExtension>
            <ns3:atemp>28.0</ns3:atemp>
            <ns3:hr>119</ns3:hr>
          </ns3:TrackPointExtension>
        </extensions>
      </trkpt>
      <trkpt lat="24.4709825702011585235595703125" lon="118.14630302600562572479248046875">
        <ele>158.399993896484375</ele>
        <time>2026-09-23T10:42:00.000Z</time>
        <extensions>
          <ns3:TrackPointExtension>
            <ns3:atemp>28.0</ns3:atemp>
            <ns3:hr>122</ns3:hr>
          </ns3:TrackPointExtension>
        </extensions>
      </trkpt>
      <trkpt lat="24.47098282165825366973876953125" lon="118.14630386419594287872314453125">
        <ele>159.1999969482421875</ele>
        <time>2026-09-23T10:42:13.000Z</time>
        <extensions>
          <ns3:TrackPointExtension>
            <ns3:atemp>28.0</ns3:atemp>
            <ns3:hr>122</ns3:hr>
          </ns3:TrackPointExtension>
        </extensions>
      </trkpt>
      <trkpt lat="24.47098332457244396209716796875" lon="118.146305792033672332763671875">
        <ele>159.399993896484375</ele>
        <time>2026-09-23T10:42:35.000Z</time>
        <extensions>
          <ns3:TrackPointExtension>
            <ns3:atemp>28.0</ns3:atemp>
            <ns3:hr>119</ns3:hr>
          </ns3:TrackPointExtension>
        </extensions>
      </trkpt>
      <trkpt lat="24.47098500095307826995849609375" lon="118.14630654640495777130126953125">
        <ele>158.1999969482421875</ele>
        <time>2026-09-23T10:43:23.000Z</time>
        <extensions>
          <ns3:TrackPointExtension>
            <ns3:atemp>28.0</ns3:atemp>
            <ns3:hr>121</ns3:hr>
          </ns3:TrackPointExtension>
        </extensions>
      </trkpt>
      <trkpt lat="24.47098516859114170074462890625" lon="118.14630654640495777130126953125">
        <ele>158</ele>
        <time>2026-09-23T10:43:29.000Z</time>
        <extensions>
          <ns3:TrackPointExtension>
            <ns3:atemp>28.0</ns3:atemp>
            <ns3:hr>118</ns3:hr>
          </ns3:TrackPointExtension>
        </extensions>
      </trkpt>
      <trkpt lat="24.47098533622920513153076171875" lon="118.14630654640495777130126953125">
        <ele>157.8000030517578125</ele>
        <time>2026-09-23T10:43:33.000Z</time>
        <extensions>
          <ns3:TrackPointExtension>
            <ns3:atemp>28.0</ns3:atemp>
            <ns3:hr>115</ns3:hr>
          </ns3:TrackPointExtension>
        </extensions>
      </trkpt>
      <trkpt lat="24.47098550386726856231689453125" lon="118.14630654640495777130126953125">
        <ele>157.600006103515625</ele>
        <time>2026-09-23T10:43:38.000Z</time>
        <extensions>
          <ns3:TrackPointExtension>
            <ns3:atemp>28.0</ns3:atemp>
            <ns3:hr>112</ns3:hr>
          </ns3:TrackPointExtension>
        </extensions>
      </trkpt>
      <trkpt lat="24.4709869287908077239990234375" lon="118.14630679786205291748046875">
        <ele>158.1999969482421875</ele>
        <time>2026-09-23T10:44:12.000Z</time>
        <extensions>
          <ns3:TrackPointExtension>
            <ns3:atemp>28.0</ns3:atemp>
            <ns3:hr>115</ns3:hr>
          </ns3:TrackPointExtension>
        </extensions>
      </trkpt>
      <trkpt lat="24.4709875993430614471435546875" lon="118.14630671404302120208740234375">
        <ele>158.399993896484375</ele>
        <time>2026-09-23T10:44:25.000Z</time>
        <extensions>
          <ns3:TrackPointExtension>
            <ns3:atemp>28.0</ns3:atemp>
            <ns3:hr>118</ns3:hr>
          </ns3:TrackPointExtension>
        </extensions>
      </trkpt>
      <trkpt lat="24.47098785080015659332275390625" lon="118.14630671404302120208740234375">
        <ele>158.600006103515625</ele>
        <time>2026-09-23T10:44:35.000Z</time>
        <extensions>
          <ns3:TrackPointExtension>
            <ns3:atemp>28.0</ns3:atemp>
            <ns3:hr>121</ns3:hr>
          </ns3:TrackPointExtension>
        </extensions>
      </trkpt>
      <trkpt lat="24.47098835371434688568115234375" lon="118.14630654640495777130126953125">
        <ele>158.600006103515625</ele>
        <time>2026-09-23T10:44:58.000Z</time>
        <extensions>
          <ns3:TrackPointExtension>
            <ns3:atemp>28.0</ns3:atemp>
            <ns3:hr>118</ns3:hr>
          </ns3:TrackPointExtension>
        </extensions>
      </trkpt>
      <trkpt lat="24.4709892757236957550048828125" lon="118.14630688168108463287353515625">
        <ele>158.600006103515625</ele>
        <time>2026-09-23T10:45:22.000Z</time>
        <extensions>
          <ns3:TrackPointExtension>
            <ns3:atemp>28.0</ns3:atemp>
            <ns3:hr>115</ns3:hr>
          </ns3:TrackPointExtension>
        </extensions>
      </trkpt>
      <trkpt lat="24.47098986245691776275634765625" lon="118.146307133138179779052734375">
        <ele>158.600006103515625</ele>
        <time>2026-09-23T10:45:38.000Z</time>
        <extensions>
          <ns3:TrackPointExtension>
            <ns3:atemp>28.0</ns3:atemp>
            <ns3:hr>112</ns3:hr>
          </ns3:TrackPointExtension>
        </extensions>
      </trkpt>
      <trkpt lat="24.47098986245691776275634765625" lon="118.146307133138179779052734375">
        <ele>158.600006103515625</ele>
        <time>2026-09-23T10:45:42.000Z</time>
        <extensions>
          <ns3:TrackPointExtension>
            <ns3:atemp>28.0</ns3:atemp>
            <ns3:hr>109</ns3:hr>
          </ns3:TrackPointExtension>
        </extensions>
      </trkpt>
      <trkpt lat="24.470990113914012908935546875" lon="118.14630704931914806365966796875">
        <ele>158.8000030517578125</ele>
        <time>2026-09-23T10:45:56.000Z</time>
        <extensions>
          <ns3:TrackPointExtension>
            <ns3:atemp>28.0</ns3:atemp>
            <ns3:hr>112</ns3:hr>
          </ns3:TrackPointExtension>
        </extensions>
      </trkpt>
      <trkpt lat="24.4709904491901397705078125" lon="118.146307133138179779052734375">
        <ele>158.8000030517578125</ele>
        <time>2026-09-23T10:46:01.000Z</time>
        <extensions>
          <ns3:TrackPointExtension>
            <ns3:atemp>28.0</ns3:atemp>
            <ns3:hr>115</ns3:hr>
          </ns3:TrackPointExtension>
        </extensions>
      </trkpt>
      <trkpt lat="24.47099120356142520904541015625" lon="118.14630721695721149444580078125">
        <ele>159.1999969482421875</ele>
        <time>2026-09-23T10:46:18.000Z</time>
        <extensions>
          <ns3:TrackPointExtension>
            <ns3:atemp>28.0</ns3:atemp>
            <ns3:hr>112</ns3:hr>
          </ns3:TrackPointExtension>
        </extensions>
      </trkpt>
      <trkpt lat="24.47099120356142520904541015625" lon="118.14630721695721149444580078125">
        <ele>159.1999969482421875</ele>
        <time>2026-09-23T10:46:19.000Z</time>
        <extensions>
          <ns3:TrackPointExtension>
            <ns3:atemp>28.0</ns3:atemp>
            <ns3:hr>111</ns3:hr>
          </ns3:TrackPointExtension>
        </extensions>
      </trkpt>
      <trkpt lat="24.47099153883755207061767578125" lon="118.146307468414306640625">
        <ele>159.399993896484375</ele>
        <time>2026-09-23T10:46:35.000Z</time>
        <extensions>
          <ns3:TrackPointExtension>
            <ns3:atemp>28.0</ns3:atemp>
            <ns3:hr>108</ns3:hr>
          </ns3:TrackPointExtension>
        </extensions>
      </trkpt>
      <trkpt lat="24.47099187411367893218994140625" lon="118.14630755223333835601806640625">
        <ele>159.600006103515625</ele>
        <time>2026-09-23T10:46:40.000Z</time>
        <extensions>
          <ns3:TrackPointExtension>
            <ns3:atemp>28.0</ns3:atemp>
            <ns3:hr>105</ns3:hr>
          </ns3:TrackPointExtension>
        </extensions>
      </trkpt>
      <trkpt lat="24.47099246084690093994140625" lon="118.14630771987140178680419921875">
        <ele>160</ele>
        <time>2026-09-23T10:47:08.000Z</time>
        <extensions>
          <ns3:TrackPointExtension>
            <ns3:atemp>28.0</ns3:atemp>
            <ns3:hr>108</ns3:hr>
          </ns3:TrackPointExtension>
        </extensions>
      </trkpt>
      <trkpt lat="24.47099271230399608612060546875" lon="118.14630771987140178680419921875">
        <ele>160</ele>
        <time>2026-09-23T10:47:17.000Z</time>
        <extensions>
          <ns3:TrackPointExtension>
            <ns3:atemp>28.0</ns3:atemp>
            <ns3:hr>105</ns3:hr>
          </ns3:TrackPointExtension>
        </extensions>
      </trkpt>
      <trkpt lat="24.47099287994205951690673828125" lon="118.14630788750946521759033203125">
        <ele>160.1999969482421875</ele>
        <time>2026-09-23T10:47:26.000Z</time>
        <extensions>
          <ns3:TrackPointExtension>
            <ns3:atemp>28.0</ns3:atemp>
            <ns3:hr>102</ns3:hr>
          </ns3:TrackPointExtension>
        </extensions>
      </trkpt>
      <trkpt lat="24.470994137227535247802734375" lon="118.146307803690433502197265625">
        <ele>160.1999969482421875</ele>
        <time>2026-09-23T10:47:53.000Z</time>
        <extensions>
          <ns3:TrackPointExtension>
            <ns3:atemp>28.0</ns3:atemp>
            <ns3:hr>101</ns3:hr>
          </ns3:TrackPointExtension>
        </extensions>
      </trkpt>
      <trkpt lat="24.47099438868463039398193359375" lon="118.1463076360523700714111328125">
        <ele>160</ele>
        <time>2026-09-23T10:48:10.000Z</time>
        <extensions>
          <ns3:TrackPointExtension>
            <ns3:atemp>28.0</ns3:atemp>
            <ns3:hr>98</ns3:hr>
          </ns3:TrackPointExtension>
        </extensions>
      </trkpt>
      <trkpt lat="24.47099514305591583251953125" lon="118.14630805514752864837646484375">
        <ele>160</ele>
        <time>2026-09-23T10:48:55.000Z</time>
        <extensions>
          <ns3:TrackPointExtension>
            <ns3:atemp>28.0</ns3:atemp>
            <ns3:hr>102</ns3:hr>
          </ns3:TrackPointExtension>
        </extensions>
      </trkpt>
      <trkpt lat="24.47099514305591583251953125" lon="118.14630805514752864837646484375">
        <ele>160.1999969482421875</ele>
        <time>2026-09-23T10:49:00.000Z</time>
        <extensions>
          <ns3:TrackPointExtension>
            <ns3:atemp>28.0</ns3:atemp>
            <ns3:hr>105</ns3:hr>
          </ns3:TrackPointExtension>
        </extensions>
      </trkpt>
      <trkpt lat="24.47099572978913784027099609375" lon="118.14630839042365550994873046875">
        <ele>160.399993896484375</ele>
        <time>2026-09-23T10:49:21.000Z</time>
        <extensions>
          <ns3:TrackPointExtension>
            <ns3:atemp>28.0</ns3:atemp>
            <ns3:hr>108</ns3:hr>
          </ns3:TrackPointExtension>
        </extensions>
      </trkpt>
      <trkpt lat="24.4709959812462329864501953125" lon="118.14630822278559207916259765625">
        <ele>160.600006103515625</ele>
        <time>2026-09-23T10:49:32.000Z</time>
        <extensions>
          <ns3:TrackPointExtension>
            <ns3:atemp>28.0</ns3:atemp>
            <ns3:hr>105</ns3:hr>
          </ns3:TrackPointExtension>
        </extensions>
      </trkpt>
      <trkpt lat="24.47099606506526470184326171875" lon="118.14630822278559207916259765625">
        <ele>160.600006103515625</ele>
        <time>2026-09-23T10:49:34.000Z</time>
        <extensions>
          <ns3:TrackPointExtension>
            <ns3:atemp>28.0</ns3:atemp>
            <ns3:hr>102</ns3:hr>
          </ns3:TrackPointExtension>
        </extensions>
      </trkpt>
      <trkpt lat="24.470996148884296417236328125" lon="118.14630813896656036376953125">
        <ele>160.399993896484375</ele>
        <time>2026-09-23T10:49:37.000Z</time>
        <extensions>
          <ns3:TrackPointExtension>
            <ns3:atemp>28.0</ns3:atemp>
            <ns3:hr>99</ns3:hr>
          </ns3:TrackPointExtension>
        </extensions>
      </trkpt>
      <trkpt lat="24.47099623270332813262939453125" lon="118.14630813896656036376953125">
        <ele>160.1999969482421875</ele>
        <time>2026-09-23T10:49:51.000Z</time>
        <extensions>
          <ns3:TrackPointExtension>
            <ns3:atemp>28.0</ns3:atemp>
            <ns3:hr>96</ns3:hr>
          </ns3:TrackPointExtension>
        </extensions>
      </trkpt>
      <trkpt lat="24.47099648416042327880859375" lon="118.14630822278559207916259765625">
        <ele>159.600006103515625</ele>
        <time>2026-09-23T10:50:05.000Z</time>
        <extensions>
          <ns3:TrackPointExtension>
            <ns3:atemp>28.0</ns3:atemp>
            <ns3:hr>99</ns3:hr>
          </ns3:TrackPointExtension>
        </extensions>
      </trkpt>
      <trkpt lat="24.470997489988803863525390625" lon="118.14630872569978237152099609375">
        <ele>159.8000030517578125</ele>
        <time>2026-09-23T10:51:11.000Z</time>
        <extensions>
          <ns3:TrackPointExtension>
            <ns3:atemp>28.0</ns3:atemp>
            <ns3:hr>102</ns3:hr>
          </ns3:TrackPointExtension>
        </extensions>
      </trkpt>
      <trkpt lat="24.4709976576268672943115234375" lon="118.14630889333784580230712890625">
        <ele>159.8000030517578125</ele>
        <time>2026-09-23T10:51:26.000Z</time>
        <extensions>
          <ns3:TrackPointExtension>
            <ns3:atemp>28.0</ns3:atemp>
            <ns3:hr>99</ns3:hr>
          </ns3:TrackPointExtension>
        </extensions>
      </trkpt>
      <trkpt lat="24.4709976576268672943115234375" lon="118.1463089771568775177001953125">
        <ele>159.600006103515625</ele>
        <time>2026-09-23T10:51:38.000Z</time>
        <extensions>
          <ns3:TrackPointExtension>
            <ns3:atemp>28.0</ns3:atemp>
            <ns3:hr>96</ns3:hr>
          </ns3:TrackPointExtension>
        </extensions>
      </trkpt>
      <trkpt lat="24.47099774144589900970458984375" lon="118.146309144794940948486328125">
        <ele>160.1999969482421875</ele>
        <time>2026-09-23T10:51:52.000Z</time>
        <extensions>
          <ns3:TrackPointExtension>
            <ns3:atemp>28.0</ns3:atemp>
            <ns3:hr>99</ns3:hr>
          </ns3:TrackPointExtension>
        </extensions>
      </trkpt>
      <trkpt lat="24.47099790908396244049072265625" lon="118.14630922861397266387939453125">
        <ele>160</ele>
        <time>2026-09-23T10:51:58.000Z</time>
        <extensions>
          <ns3:TrackPointExtension>
            <ns3:atemp>28.0</ns3:atemp>
            <ns3:hr>102</ns3:hr>
          </ns3:TrackPointExtension>
        </extensions>
      </trkpt>
      <trkpt lat="24.470998160541057586669921875" lon="118.14630922861397266387939453125">
        <ele>160.1999969482421875</ele>
        <time>2026-09-23T10:52:23.000Z</time>
        <extensions>
          <ns3:TrackPointExtension>
            <ns3:atemp>28.0</ns3:atemp>
            <ns3:hr>105</ns3:hr>
          </ns3:TrackPointExtension>
        </extensions>
      </trkpt>
      <trkpt lat="24.4709983281791210174560546875" lon="118.14630922861397266387939453125">
        <ele>160.399993896484375</ele>
        <time>2026-09-23T10:52:30.000Z</time>
        <extensions>
          <ns3:TrackPointExtension>
            <ns3:atemp>28.0</ns3:atemp>
            <ns3:hr>102</ns3:hr>
          </ns3:TrackPointExtension>
        </extensions>
      </trkpt>
      <trkpt lat="24.47099975310266017913818359375" lon="118.14630939625203609466552734375">
        <ele>160</ele>
        <time>2026-09-23T10:53:59.000Z</time>
        <extensions>
          <ns3:TrackPointExtension>
            <ns3:atemp>28.0</ns3:atemp>
            <ns3:hr>106</ns3:hr>
          </ns3:TrackPointExtension>
        </extensions>
      </trkpt>
      <trkpt lat="24.47099975310266017913818359375" lon="118.14630939625203609466552734375">
        <ele>160</ele>
        <time>2026-09-23T10:54:01.000Z</time>
        <extensions>
          <ns3:TrackPointExtension>
            <ns3:atemp>28.0</ns3:atemp>
            <ns3:hr>102</ns3:hr>
          </ns3:TrackPointExtension>
        </extensions>
      </trkpt>
      <trkpt lat="24.47099975310266017913818359375" lon="118.14630939625203609466552734375">
        <ele>160</ele>
        <time>2026-09-23T10:54:02.000Z</time>
        <extensions>
          <ns3:TrackPointExtension>
            <ns3:atemp>28.0</ns3:atemp>
            <ns3:hr>105</ns3:hr>
          </ns3:TrackPointExtension>
        </extensions>
      </trkpt>
      <trkpt lat="24.47099975310266017913818359375" lon="118.14630939625203609466552734375">
        <ele>160</ele>
        <time>2026-09-23T10:54:05.000Z</time>
        <extensions>
          <ns3:TrackPointExtension>
            <ns3:atemp>28.0</ns3:atemp>
            <ns3:hr>102</ns3:hr>
          </ns3:TrackPointExtension>
        </extensions>
      </trkpt>
      <trkpt lat="24.4710003398358821868896484375" lon="118.146309144794940948486328125">
        <ele>160.399993896484375</ele>
        <time>2026-09-23T10:55:09.000Z</time>
        <extensions>
          <ns3:TrackPointExtension>
            <ns3:atemp>28.0</ns3:atemp>
            <ns3:hr>105</ns3:hr>
          </ns3:TrackPointExtension>
        </extensions>
      </trkpt>
      <trkpt lat="24.47100092656910419464111328125" lon="118.1463093124330043792724609375">
        <ele>160.1999969482421875</ele>
        <time>2026-09-23T10:55:55.000Z</time>
        <extensions>
          <ns3:TrackPointExtension>
            <ns3:atemp>28.0</ns3:atemp>
            <ns3:hr>102</ns3:hr>
          </ns3:TrackPointExtension>
        </extensions>
      </trkpt>
      <trkpt lat="24.4710011780261993408203125" lon="118.14630948007106781005859375">
        <ele>160.1999969482421875</ele>
        <time>2026-09-23T10:56:16.000Z</time>
        <extensions>
          <ns3:TrackPointExtension>
            <ns3:atemp>28.0</ns3:atemp>
            <ns3:hr>105</ns3:hr>
          </ns3:TrackPointExtension>
        </extensions>
      </trkpt>
      <trkpt lat="24.4710011780261993408203125" lon="118.14630939625203609466552734375">
        <ele>160.1999969482421875</ele>
        <time>2026-09-23T10:56:20.000Z</time>
        <extensions>
          <ns3:TrackPointExtension>
            <ns3:atemp>28.0</ns3:atemp>
            <ns3:hr>108</ns3:hr>
          </ns3:TrackPointExtension>
        </extensions>
      </trkpt>
      <trkpt lat="24.471001513302326202392578125" lon="118.1463096477091312408447265625">
        <ele>160.600006103515625</ele>
        <time>2026-09-23T10:56:39.000Z</time>
        <extensions>
          <ns3:TrackPointExtension>
            <ns3:atemp>28.0</ns3:atemp>
            <ns3:hr>105</ns3:hr>
          </ns3:TrackPointExtension>
        </extensions>
      </trkpt>
      <trkpt lat="24.4710016809403896331787109375" lon="118.14630956389009952545166015625">
        <ele>160.8000030517578125</ele>
        <time>2026-09-23T10:57:01.000Z</time>
        <extensions>
          <ns3:TrackPointExtension>
            <ns3:atemp>28.0</ns3:atemp>
            <ns3:hr>108</ns3:hr>
          </ns3:TrackPointExtension>
        </extensions>
      </trkpt>
      <trkpt lat="24.47100176475942134857177734375" lon="118.14630973152816295623779296875">
        <ele>161.1999969482421875</ele>
        <time>2026-09-23T10:57:15.000Z</time>
        <extensions>
          <ns3:TrackPointExtension>
            <ns3:atemp>28.0</ns3:atemp>
            <ns3:hr>109</ns3:hr>
          </ns3:TrackPointExtension>
        </extensions>
      </trkpt>
      <trkpt lat="24.47100193239748477935791015625" lon="118.146309815347194671630859375">
        <ele>161.1999969482421875</ele>
        <time>2026-09-23T10:57:27.000Z</time>
        <extensions>
          <ns3:TrackPointExtension>
            <ns3:atemp>28.0</ns3:atemp>
            <ns3:hr>106</ns3:hr>
          </ns3:TrackPointExtension>
        </extensions>
      </trkpt>
      <trkpt lat="24.47100193239748477935791015625" lon="118.14630973152816295623779296875">
        <ele>161.1999969482421875</ele>
        <time>2026-09-23T10:57:34.000Z</time>
        <extensions>
          <ns3:TrackPointExtension>
            <ns3:atemp>28.0</ns3:atemp>
            <ns3:hr>109</ns3:hr>
          </ns3:TrackPointExtension>
        </extensions>
      </trkpt>
      <trkpt lat="24.471002183854579925537109375" lon="118.14630973152816295623779296875">
        <ele>160.8000030517578125</ele>
        <time>2026-09-23T10:58:02.000Z</time>
        <extensions>
          <ns3:TrackPointExtension>
            <ns3:atemp>28.0</ns3:atemp>
            <ns3:hr>112</ns3:hr>
          </ns3:TrackPointExtension>
        </extensions>
      </trkpt>
      <trkpt lat="24.471002183854579925537109375" lon="118.14630973152816295623779296875">
        <ele>160.8000030517578125</ele>
        <time>2026-09-23T10:58:06.000Z</time>
        <extensions>
          <ns3:TrackPointExtension>
            <ns3:atemp>28.0</ns3:atemp>
            <ns3:hr>115</ns3:hr>
          </ns3:TrackPointExtension>
        </extensions>
      </trkpt>
      <trkpt lat="24.4710023514926433563232421875" lon="118.146309815347194671630859375">
        <ele>160.8000030517578125</ele>
        <time>2026-09-23T10:58:19.000Z</time>
        <extensions>
          <ns3:TrackPointExtension>
            <ns3:atemp>28.0</ns3:atemp>
            <ns3:hr>112</ns3:hr>
          </ns3:TrackPointExtension>
        </extensions>
      </trkpt>
      <trkpt lat="24.4710023514926433563232421875" lon="118.14630989916622638702392578125">
        <ele>160.8000030517578125</ele>
        <time>2026-09-23T10:58:26.000Z</time>
        <extensions>
          <ns3:TrackPointExtension>
            <ns3:atemp>28.0</ns3:atemp>
            <ns3:hr>109</ns3:hr>
          </ns3:TrackPointExtension>
        </extensions>
      </trkpt>
      <trkpt lat="24.47100243531167507171630859375" lon="118.1463099829852581024169921875">
        <ele>161</ele>
        <time>2026-09-23T10:58:43.000Z</time>
        <extensions>
          <ns3:TrackPointExtension>
            <ns3:atemp>28.0</ns3:atemp>
            <ns3:hr>106</ns3:hr>
          </ns3:TrackPointExtension>
        </extensions>
      </trkpt>
      <trkpt lat="24.47100277058780193328857421875" lon="118.14631023444235324859619140625">
        <ele>161.1999969482421875</ele>
        <time>2026-09-23T11:00:05.000Z</time>
        <extensions>
          <ns3:TrackPointExtension>
            <ns3:atemp>28.0</ns3:atemp>
            <ns3:hr>109</ns3:hr>
          </ns3:TrackPointExtension>
        </extensions>
      </trkpt>
      <trkpt lat="24.47100277058780193328857421875" lon="118.14631023444235324859619140625">
        <ele>160.8000030517578125</ele>
        <time>2026-09-23T11:00:09.000Z</time>
        <extensions>
          <ns3:TrackPointExtension>
            <ns3:atemp>29.0</ns3:atemp>
            <ns3:hr>106</ns3:hr>
          </ns3:TrackPointExtension>
        </extensions>
      </trkpt>
      <trkpt lat="24.47100277058780193328857421875" lon="118.14631023444235324859619140625">
        <ele>160.399993896484375</ele>
        <time>2026-09-23T11:00:14.000Z</time>
        <extensions>
          <ns3:TrackPointExtension>
            <ns3:atemp>28.0</ns3:atemp>
            <ns3:hr>109</ns3:hr>
          </ns3:TrackPointExtension>
        </extensions>
      </trkpt>
      <trkpt lat="24.47100293822586536407470703125" lon="118.14631023444235324859619140625">
        <ele>160.1999969482421875</ele>
        <time>2026-09-23T11:00:22.000Z</time>
        <extensions>
          <ns3:TrackPointExtension>
            <ns3:atemp>28.0</ns3:atemp>
            <ns3:hr>113</ns3:hr>
          </ns3:TrackPointExtension>
        </extensions>
      </trkpt>
      <trkpt lat="24.47100293822586536407470703125" lon="118.1463103182613849639892578125">
        <ele>160.399993896484375</ele>
        <time>2026-09-23T11:00:29.000Z</time>
        <extensions>
          <ns3:TrackPointExtension>
            <ns3:atemp>29.0</ns3:atemp>
            <ns3:hr>116</ns3:hr>
          </ns3:TrackPointExtension>
        </extensions>
      </trkpt>
      <trkpt lat="24.4710030220448970794677734375" lon="118.14631040208041667938232421875">
        <ele>160.399993896484375</ele>
        <time>2026-09-23T11:00:35.000Z</time>
        <extensions>
          <ns3:TrackPointExtension>
            <ns3:atemp>28.0</ns3:atemp>
            <ns3:hr>119</ns3:hr>
          </ns3:TrackPointExtension>
        </extensions>
      </trkpt>
      <trkpt lat="24.4710030220448970794677734375" lon="118.14631040208041667938232421875">
        <ele>160.399993896484375</ele>
        <time>2026-09-23T11:00:50.000Z</time>
        <extensions>
          <ns3:TrackPointExtension>
            <ns3:atemp>29.0</ns3:atemp>
            <ns3:hr>116</ns3:hr>
          </ns3:TrackPointExtension>
        </extensions>
      </trkpt>
      <trkpt lat="24.47100310586392879486083984375" lon="118.14631040208041667938232421875">
        <ele>160.399993896484375</ele>
        <time>2026-09-23T11:00:53.000Z</time>
        <extensions>
          <ns3:TrackPointExtension>
            <ns3:atemp>29.0</ns3:atemp>
            <ns3:hr>112</ns3:hr>
          </ns3:TrackPointExtension>
        </extensions>
      </trkpt>
      <trkpt lat="24.47100318968296051025390625" lon="118.14631040208041667938232421875">
        <ele>160.600006103515625</ele>
        <time>2026-09-23T11:01:14.000Z</time>
        <extensions>
          <ns3:TrackPointExtension>
            <ns3:atemp>29.0</ns3:atemp>
            <ns3:hr>109</ns3:hr>
          </ns3:TrackPointExtension>
        </extensions>
      </trkpt>
      <trkpt lat="24.47100310586392879486083984375" lon="118.146310485899448394775390625">
        <ele>160.600006103515625</ele>
        <time>2026-09-23T11:01:23.000Z</time>
        <extensions>
          <ns3:TrackPointExtension>
            <ns3:atemp>29.0</ns3:atemp>
            <ns3:hr>106</ns3:hr>
          </ns3:TrackPointExtension>
        </extensions>
      </trkpt>
      <trkpt lat="24.47100310586392879486083984375" lon="118.146310485899448394775390625">
        <ele>160.600006103515625</ele>
        <time>2026-09-23T11:01:31.000Z</time>
        <extensions>
          <ns3:TrackPointExtension>
            <ns3:atemp>29.0</ns3:atemp>
            <ns3:hr>103</ns3:hr>
          </ns3:TrackPointExtension>
        </extensions>
      </trkpt>
      <trkpt lat="24.47100318968296051025390625" lon="118.14631056971848011016845703125">
        <ele>160.1999969482421875</ele>
        <time>2026-09-23T11:02:04.000Z</time>
        <extensions>
          <ns3:TrackPointExtension>
            <ns3:atemp>29.0</ns3:atemp>
            <ns3:hr>101</ns3:hr>
          </ns3:TrackPointExtension>
        </extensions>
      </trkpt>
      <trkpt lat="24.47100318968296051025390625" lon="118.1463106535375118255615234375">
        <ele>160</ele>
        <time>2026-09-23T11:02:16.000Z</time>
        <extensions>
          <ns3:TrackPointExtension>
            <ns3:atemp>29.0</ns3:atemp>
            <ns3:hr>104</ns3:hr>
          </ns3:TrackPointExtension>
        </extensions>
      </trkpt>
      <trkpt lat="24.47100327350199222564697265625" lon="118.14631073735654354095458984375">
        <ele>160</ele>
        <time>2026-09-23T11:02:22.000Z</time>
        <extensions>
          <ns3:TrackPointExtension>
            <ns3:atemp>29.0</ns3:atemp>
            <ns3:hr>106</ns3:hr>
          </ns3:TrackPointExtension>
        </extensions>
      </trkpt>
      <trkpt lat="24.47100327350199222564697265625" lon="118.14631090499460697174072265625">
        <ele>160.1999969482421875</ele>
        <time>2026-09-23T11:02:38.000Z</time>
        <extensions>
          <ns3:TrackPointExtension>
            <ns3:atemp>29.0</ns3:atemp>
            <ns3:hr>103</ns3:hr>
          </ns3:TrackPointExtension>
        </extensions>
      </trkpt>
      <trkpt lat="24.47100327350199222564697265625" lon="118.14631073735654354095458984375">
        <ele>160.1999969482421875</ele>
        <time>2026-09-23T11:02:40.000Z</time>
        <extensions>
          <ns3:TrackPointExtension>
            <ns3:atemp>29.0</ns3:atemp>
            <ns3:hr>100</ns3:hr>
          </ns3:TrackPointExtension>
        </extensions>
      </trkpt>
      <trkpt lat="24.47100310586392879486083984375" lon="118.14631073735654354095458984375">
        <ele>160.1999969482421875</ele>
        <time>2026-09-23T11:02:46.000Z</time>
        <extensions>
          <ns3:TrackPointExtension>
            <ns3:atemp>29.0</ns3:atemp>
            <ns3:hr>97</ns3:hr>
          </ns3:TrackPointExtension>
        </extensions>
      </trkpt>
      <trkpt lat="24.47100318968296051025390625" lon="118.14631073735654354095458984375">
        <ele>160</ele>
        <time>2026-09-23T11:02:53.000Z</time>
        <extensions>
          <ns3:TrackPointExtension>
            <ns3:atemp>29.0</ns3:atemp>
            <ns3:hr>94</ns3:hr>
          </ns3:TrackPointExtension>
        </extensions>
      </trkpt>
      <trkpt lat="24.47100318968296051025390625" lon="118.14631090499460697174072265625">
        <ele>160</ele>
        <time>2026-09-23T11:02:57.000Z</time>
        <extensions>
          <ns3:TrackPointExtension>
            <ns3:atemp>29.0</ns3:atemp>
            <ns3:hr>91</ns3:hr>
          </ns3:TrackPointExtension>
        </extensions>
      </trkpt>
      <trkpt lat="24.47100327350199222564697265625" lon="118.14631073735654354095458984375">
        <ele>160</ele>
        <time>2026-09-23T11:03:17.000Z</time>
        <extensions>
          <ns3:TrackPointExtension>
            <ns3:atemp>29.0</ns3:atemp>
            <ns3:hr>94</ns3:hr>
          </ns3:TrackPointExtension>
        </extensions>
      </trkpt>
      <trkpt lat="24.47100327350199222564697265625" lon="118.14631073735654354095458984375">
        <ele>160</ele>
        <time>2026-09-23T11:03:21.000Z</time>
        <extensions>
          <ns3:TrackPointExtension>
            <ns3:atemp>29.0</ns3:atemp>
            <ns3:hr>97</ns3:hr>
          </ns3:TrackPointExtension>
        </extensions>
      </trkpt>
      <trkpt lat="24.471003524959087371826171875" lon="118.1463106535375118255615234375">
        <ele>160.399993896484375</ele>
        <time>2026-09-23T11:03:51.000Z</time>
        <extensions>
          <ns3:TrackPointExtension>
            <ns3:atemp>29.0</ns3:atemp>
            <ns3:hr>100</ns3:hr>
          </ns3:TrackPointExtension>
        </extensions>
      </trkpt>
      <trkpt lat="24.47100360877811908721923828125" lon="118.14631073735654354095458984375">
        <ele>160.399993896484375</ele>
        <time>2026-09-23T11:04:03.000Z</time>
        <extensions>
          <ns3:TrackPointExtension>
            <ns3:atemp>29.0</ns3:atemp>
            <ns3:hr>103</ns3:hr>
          </ns3:TrackPointExtension>
        </extensions>
      </trkpt>
      <trkpt lat="24.47100360877811908721923828125" lon="118.14631056971848011016845703125">
        <ele>160.399993896484375</ele>
        <time>2026-09-23T11:04:22.000Z</time>
        <extensions>
          <ns3:TrackPointExtension>
            <ns3:atemp>29.0</ns3:atemp>
            <ns3:hr>100</ns3:hr>
          </ns3:TrackPointExtension>
        </extensions>
      </trkpt>
      <trkpt lat="24.47100360877811908721923828125" lon="118.14631056971848011016845703125">
        <ele>160.399993896484375</ele>
        <time>2026-09-23T11:04:30.000Z</time>
        <extensions>
          <ns3:TrackPointExtension>
            <ns3:atemp>29.0</ns3:atemp>
            <ns3:hr>103</ns3:hr>
          </ns3:TrackPointExtension>
        </extensions>
      </trkpt>
      <trkpt lat="24.4710038602352142333984375" lon="118.146310485899448394775390625">
        <ele>160.399993896484375</ele>
        <time>2026-09-23T11:04:48.000Z</time>
        <extensions>
          <ns3:TrackPointExtension>
            <ns3:atemp>29.0</ns3:atemp>
            <ns3:hr>100</ns3:hr>
          </ns3:TrackPointExtension>
        </extensions>
      </trkpt>
      <trkpt lat="24.4710038602352142333984375" lon="118.146310485899448394775390625">
        <ele>160.399993896484375</ele>
        <time>2026-09-23T11:04:50.000Z</time>
        <extensions>
          <ns3:TrackPointExtension>
            <ns3:atemp>29.0</ns3:atemp>
            <ns3:hr>103</ns3:hr>
          </ns3:TrackPointExtension>
        </extensions>
      </trkpt>
      <trkpt lat="24.47100411169230937957763671875" lon="118.14631040208041667938232421875">
        <ele>160.399993896484375</ele>
        <time>2026-09-23T11:05:22.000Z</time>
        <extensions>
          <ns3:TrackPointExtension>
            <ns3:atemp>29.0</ns3:atemp>
            <ns3:hr>100</ns3:hr>
          </ns3:TrackPointExtension>
        </extensions>
      </trkpt>
      <trkpt lat="24.47100411169230937957763671875" lon="118.1463106535375118255615234375">
        <ele>160.399993896484375</ele>
        <time>2026-09-23T11:06:00.000Z</time>
        <extensions>
          <ns3:TrackPointExtension>
            <ns3:atemp>29.0</ns3:atemp>
            <ns3:hr>103</ns3:hr>
          </ns3:TrackPointExtension>
        </extensions>
      </trkpt>
      <trkpt lat="24.47100411169230937957763671875" lon="118.1463106535375118255615234375">
        <ele>160.600006103515625</ele>
        <time>2026-09-23T11:06:06.000Z</time>
        <extensions>
          <ns3:TrackPointExtension>
            <ns3:atemp>29.0</ns3:atemp>
            <ns3:hr>106</ns3:hr>
          </ns3:TrackPointExtension>
        </extensions>
      </trkpt>
      <trkpt lat="24.47100411169230937957763671875" lon="118.14631073735654354095458984375">
        <ele>160.399993896484375</ele>
        <time>2026-09-23T11:06:22.000Z</time>
        <extensions>
          <ns3:TrackPointExtension>
            <ns3:atemp>29.0</ns3:atemp>
            <ns3:hr>103</ns3:hr>
          </ns3:TrackPointExtension>
        </extensions>
      </trkpt>
      <trkpt lat="24.47100411169230937957763671875" lon="118.14631073735654354095458984375">
        <ele>161</ele>
        <time>2026-09-23T11:06:47.000Z</time>
        <extensions>
          <ns3:TrackPointExtension>
            <ns3:atemp>29.0</ns3:atemp>
            <ns3:hr>106</ns3:hr>
          </ns3:TrackPointExtension>
        </extensions>
      </trkpt>
      <trkpt lat="24.471004195511341094970703125" lon="118.14631090499460697174072265625">
        <ele>160.8000030517578125</ele>
        <time>2026-09-23T11:07:24.000Z</time>
        <extensions>
          <ns3:TrackPointExtension>
            <ns3:atemp>29.0</ns3:atemp>
            <ns3:hr>109</ns3:hr>
          </ns3:TrackPointExtension>
        </extensions>
      </trkpt>
      <trkpt lat="24.471004195511341094970703125" lon="118.14631090499460697174072265625">
        <ele>160.8000030517578125</ele>
        <time>2026-09-23T11:07:40.000Z</time>
        <extensions>
          <ns3:TrackPointExtension>
            <ns3:atemp>29.0</ns3:atemp>
            <ns3:hr>112</ns3:hr>
          </ns3:TrackPointExtension>
        </extensions>
      </trkpt>
      <trkpt lat="24.47100427933037281036376953125" lon="118.1463106535375118255615234375">
        <ele>160</ele>
        <time>2026-09-23T11:08:11.000Z</time>
        <extensions>
          <ns3:TrackPointExtension>
            <ns3:atemp>29.0</ns3:atemp>
            <ns3:hr>109</ns3:hr>
          </ns3:TrackPointExtension>
        </extensions>
      </trkpt>
      <trkpt lat="24.47100453078746795654296875" lon="118.14631090499460697174072265625">
        <ele>160.8000030517578125</ele>
        <time>2026-09-23T11:09:21.000Z</time>
        <extensions>
          <ns3:TrackPointExtension>
            <ns3:atemp>29.0</ns3:atemp>
            <ns3:hr>106</ns3:hr>
          </ns3:TrackPointExtension>
        </extensions>
      </trkpt>
      <trkpt lat="24.47100461460649967193603515625" lon="118.14631073735654354095458984375">
        <ele>160.399993896484375</ele>
        <time>2026-09-23T11:09:42.000Z</time>
        <extensions>
          <ns3:TrackPointExtension>
            <ns3:atemp>29.0</ns3:atemp>
            <ns3:hr>109</ns3:hr>
          </ns3:TrackPointExtension>
        </extensions>
      </trkpt>
      <trkpt lat="24.47100461460649967193603515625" lon="118.14631073735654354095458984375">
        <ele>160.1999969482421875</ele>
        <time>2026-09-23T11:09:52.000Z</time>
        <extensions>
          <ns3:TrackPointExtension>
            <ns3:atemp>29.0</ns3:atemp>
            <ns3:hr>106</ns3:hr>
          </ns3:TrackPointExtension>
        </extensions>
      </trkpt>
      <trkpt lat="24.47100478224456310272216796875" lon="118.14631073735654354095458984375">
        <ele>160.600006103515625</ele>
        <time>2026-09-23T11:10:25.000Z</time>
        <extensions>
          <ns3:TrackPointExtension>
            <ns3:atemp>29.0</ns3:atemp>
            <ns3:hr>102</ns3:hr>
          </ns3:TrackPointExtension>
        </extensions>
      </trkpt>
      <trkpt lat="24.4710046984255313873291015625" lon="118.14631073735654354095458984375">
        <ele>160.8000030517578125</ele>
        <time>2026-09-23T11:10:30.000Z</time>
        <extensions>
          <ns3:TrackPointExtension>
            <ns3:atemp>29.0</ns3:atemp>
            <ns3:hr>105</ns3:hr>
          </ns3:TrackPointExtension>
        </extensions>
      </trkpt>
      <trkpt lat="24.4710046984255313873291015625" lon="118.1463106535375118255615234375">
        <ele>160.8000030517578125</ele>
        <time>2026-09-23T11:10:35.000Z</time>
        <extensions>
          <ns3:TrackPointExtension>
            <ns3:atemp>29.0</ns3:atemp>
            <ns3:hr>102</ns3:hr>
          </ns3:TrackPointExtension>
        </extensions>
      </trkpt>
      <trkpt lat="24.4710046984255313873291015625" lon="118.1463106535375118255615234375">
        <ele>160.1999969482421875</ele>
        <time>2026-09-23T11:10:49.000Z</time>
        <extensions>
          <ns3:TrackPointExtension>
            <ns3:atemp>29.0</ns3:atemp>
            <ns3:hr>105</ns3:hr>
          </ns3:TrackPointExtension>
        </extensions>
      </trkpt>
      <trkpt lat="24.47100461460649967193603515625" lon="118.1463106535375118255615234375">
        <ele>160</ele>
        <time>2026-09-23T11:10:55.000Z</time>
        <extensions>
          <ns3:TrackPointExtension>
            <ns3:atemp>29.0</ns3:atemp>
            <ns3:hr>108</ns3:hr>
          </ns3:TrackPointExtension>
        </extensions>
      </trkpt>
      <trkpt lat="24.4710046984255313873291015625" lon="118.1463106535375118255615234375">
        <ele>160.1999969482421875</ele>
        <time>2026-09-23T11:11:12.000Z</time>
        <extensions>
          <ns3:TrackPointExtension>
            <ns3:atemp>29.0</ns3:atemp>
            <ns3:hr>111</ns3:hr>
          </ns3:TrackPointExtension>
        </extensions>
      </trkpt>
      <trkpt lat="24.4710046984255313873291015625" lon="118.1463106535375118255615234375">
        <ele>160.600006103515625</ele>
        <time>2026-09-23T11:11:17.000Z</time>
        <extensions>
          <ns3:TrackPointExtension>
            <ns3:atemp>29.0</ns3:atemp>
            <ns3:hr>114</ns3:hr>
          </ns3:TrackPointExtension>
        </extensions>
      </trkpt>
      <trkpt lat="24.47100461460649967193603515625" lon="118.1463106535375118255615234375">
        <ele>160.399993896484375</ele>
        <time>2026-09-23T11:11:29.000Z</time>
        <extensions>
          <ns3:TrackPointExtension>
            <ns3:atemp>29.0</ns3:atemp>
            <ns3:hr>117</ns3:hr>
          </ns3:TrackPointExtension>
        </extensions>
      </trkpt>
      <trkpt lat="24.4710046984255313873291015625" lon="118.146310485899448394775390625">
        <ele>160.600006103515625</ele>
        <time>2026-09-23T11:12:07.000Z</time>
        <extensions>
          <ns3:TrackPointExtension>
            <ns3:atemp>29.0</ns3:atemp>
            <ns3:hr>114</ns3:hr>
          </ns3:TrackPointExtension>
        </extensions>
      </trkpt>
      <trkpt lat="24.4710046984255313873291015625" lon="118.146310485899448394775390625">
        <ele>160.399993896484375</ele>
        <time>2026-09-23T11:12:19.000Z</time>
        <extensions>
          <ns3:TrackPointExtension>
            <ns3:atemp>29.0</ns3:atemp>
            <ns3:hr>111</ns3:hr>
          </ns3:TrackPointExtension>
        </extensions>
      </trkpt>
      <trkpt lat="24.47100478224456310272216796875" lon="118.14631056971848011016845703125">
        <ele>160.399993896484375</ele>
        <time>2026-09-23T11:12:23.000Z</time>
        <extensions>
          <ns3:TrackPointExtension>
            <ns3:atemp>29.0</ns3:atemp>
            <ns3:hr>108</ns3:hr>
          </ns3:TrackPointExtension>
        </extensions>
      </trkpt>
      <trkpt lat="24.47100478224456310272216796875" lon="118.14631073735654354095458984375">
        <ele>161</ele>
        <time>2026-09-23T11:12:50.000Z</time>
        <extensions>
          <ns3:TrackPointExtension>
            <ns3:atemp>29.0</ns3:atemp>
            <ns3:hr>105</ns3:hr>
          </ns3:TrackPointExtension>
        </extensions>
      </trkpt>
      <trkpt lat="24.47100478224456310272216796875" lon="118.14631073735654354095458984375">
        <ele>161</ele>
        <time>2026-09-23T11:12:54.000Z</time>
        <extensions>
          <ns3:TrackPointExtension>
            <ns3:atemp>29.0</ns3:atemp>
            <ns3:hr>109</ns3:hr>
          </ns3:TrackPointExtension>
        </extensions>
      </trkpt>
      <trkpt lat="24.471004866063594818115234375" lon="118.14631073735654354095458984375">
        <ele>161.1999969482421875</ele>
        <time>2026-09-23T11:13:18.000Z</time>
        <extensions>
          <ns3:TrackPointExtension>
            <ns3:atemp>29.0</ns3:atemp>
            <ns3:hr>111</ns3:hr>
          </ns3:TrackPointExtension>
        </extensions>
      </trkpt>
      <trkpt lat="24.47100478224456310272216796875" lon="118.14631073735654354095458984375">
        <ele>161</ele>
        <time>2026-09-23T11:13:43.000Z</time>
        <extensions>
          <ns3:TrackPointExtension>
            <ns3:atemp>29.0</ns3:atemp>
            <ns3:hr>108</ns3:hr>
          </ns3:TrackPointExtension>
        </extensions>
      </trkpt>
      <trkpt lat="24.47100461460649967193603515625" lon="118.14631056971848011016845703125">
        <ele>160.8000030517578125</ele>
        <time>2026-09-23T11:14:05.000Z</time>
        <extensions>
          <ns3:TrackPointExtension>
            <ns3:atemp>29.0</ns3:atemp>
            <ns3:hr>111</ns3:hr>
          </ns3:TrackPointExtension>
        </extensions>
      </trkpt>
      <trkpt lat="24.47100461460649967193603515625" lon="118.14631056971848011016845703125">
        <ele>161</ele>
        <time>2026-09-23T11:14:24.000Z</time>
        <extensions>
          <ns3:TrackPointExtension>
            <ns3:atemp>29.0</ns3:atemp>
            <ns3:hr>114</ns3:hr>
          </ns3:TrackPointExtension>
        </extensions>
      </trkpt>
      <trkpt lat="24.47100444696843624114990234375" lon="118.14631056971848011016845703125">
        <ele>161.1999969482421875</ele>
        <time>2026-09-23T11:14:53.000Z</time>
        <extensions>
          <ns3:TrackPointExtension>
            <ns3:atemp>29.0</ns3:atemp>
            <ns3:hr>117</ns3:hr>
          </ns3:TrackPointExtension>
        </extensions>
      </trkpt>
      <trkpt lat="24.47100444696843624114990234375" lon="118.14631056971848011016845703125">
        <ele>161</ele>
        <time>2026-09-23T11:14:59.000Z</time>
        <extensions>
          <ns3:TrackPointExtension>
            <ns3:atemp>29.0</ns3:atemp>
            <ns3:hr>120</ns3:hr>
          </ns3:TrackPointExtension>
        </extensions>
      </trkpt>
      <trkpt lat="24.47100453078746795654296875" lon="118.14631056971848011016845703125">
        <ele>160.600006103515625</ele>
        <time>2026-09-23T11:15:08.000Z</time>
        <extensions>
          <ns3:TrackPointExtension>
            <ns3:atemp>29.0</ns3:atemp>
            <ns3:hr>117</ns3:hr>
          </ns3:TrackPointExtension>
        </extensions>
      </trkpt>
      <trkpt lat="24.47100453078746795654296875" lon="118.14631056971848011016845703125">
        <ele>160.8000030517578125</ele>
        <time>2026-09-23T11:15:42.000Z</time>
        <extensions>
          <ns3:TrackPointExtension>
            <ns3:atemp>29.0</ns3:atemp>
            <ns3:hr>114</ns3:hr>
          </ns3:TrackPointExtension>
        </extensions>
      </trkpt>
      <trkpt lat="24.47100453078746795654296875" lon="118.14631056971848011016845703125">
        <ele>160.8000030517578125</ele>
        <time>2026-09-23T11:15:48.000Z</time>
        <extensions>
          <ns3:TrackPointExtension>
            <ns3:atemp>29.0</ns3:atemp>
            <ns3:hr>111</ns3:hr>
          </ns3:TrackPointExtension>
        </extensions>
      </trkpt>
      <trkpt lat="24.4710046984255313873291015625" lon="118.14631073735654354095458984375">
        <ele>161</ele>
        <time>2026-09-23T11:16:14.000Z</time>
        <extensions>
          <ns3:TrackPointExtension>
            <ns3:atemp>29.0</ns3:atemp>
            <ns3:hr>114</ns3:hr>
          </ns3:TrackPointExtension>
        </extensions>
      </trkpt>
      <trkpt lat="24.47100461460649967193603515625" lon="118.14631073735654354095458984375">
        <ele>161</ele>
        <time>2026-09-23T11:16:21.000Z</time>
        <extensions>
          <ns3:TrackPointExtension>
            <ns3:atemp>29.0</ns3:atemp>
            <ns3:hr>117</ns3:hr>
          </ns3:TrackPointExtension>
        </extensions>
      </trkpt>
      <trkpt lat="24.4710046984255313873291015625" lon="118.14631073735654354095458984375">
        <ele>161.399993896484375</ele>
        <time>2026-09-23T11:16:28.000Z</time>
        <extensions>
          <ns3:TrackPointExtension>
            <ns3:atemp>29.0</ns3:atemp>
            <ns3:hr>114</ns3:hr>
          </ns3:TrackPointExtension>
        </extensions>
      </trkpt>
      <trkpt lat="24.4710046984255313873291015625" lon="118.14631073735654354095458984375">
        <ele>161.399993896484375</ele>
        <time>2026-09-23T11:17:04.000Z</time>
        <extensions>
          <ns3:TrackPointExtension>
            <ns3:atemp>28.0</ns3:atemp>
            <ns3:hr>117</ns3:hr>
          </ns3:TrackPointExtension>
        </extensions>
      </trkpt>
      <trkpt lat="24.4710046984255313873291015625" lon="118.14631073735654354095458984375">
        <ele>161.399993896484375</ele>
        <time>2026-09-23T11:17:07.000Z</time>
        <extensions>
          <ns3:TrackPointExtension>
            <ns3:atemp>28.0</ns3:atemp>
            <ns3:hr>120</ns3:hr>
          </ns3:TrackPointExtension>
        </extensions>
      </trkpt>
      <trkpt lat="24.471009559929370880126953125" lon="118.14631090499460697174072265625">
        <ele>161.399993896484375</ele>
        <time>2026-09-23T11:17:26.000Z</time>
        <extensions>
          <ns3:TrackPointExtension>
            <ns3:atemp>28.0</ns3:atemp>
            <ns3:hr>120</ns3:hr>
          </ns3:TrackPointExtension>
        </extensions>
      </trkpt>
      <trkpt lat="24.4710130803287029266357421875" lon="118.1463116593658924102783203125">
        <ele>161</ele>
        <time>2026-09-23T11:17:35.000Z</time>
        <extensions>
          <ns3:TrackPointExtension>
            <ns3:atemp>29.0</ns3:atemp>
            <ns3:hr>117</ns3:hr>
          </ns3:TrackPointExtension>
        </extensions>
      </trkpt>
      <trkpt lat="24.47101551108062267303466796875" lon="118.146315515041351318359375">
        <ele>160.8000030517578125</ele>
        <time>2026-09-23T11:17:45.000Z</time>
        <extensions>
          <ns3:TrackPointExtension>
            <ns3:atemp>29.0</ns3:atemp>
            <ns3:hr>114</ns3:hr>
          </ns3:TrackPointExtension>
        </extensions>
      </trkpt>
      <trkpt lat="24.471016265451908111572265625" lon="118.146316520869731903076171875">
        <ele>160.8000030517578125</ele>
        <time>2026-09-23T11:17:49.000Z</time>
        <extensions>
          <ns3:TrackPointExtension>
            <ns3:atemp>29.0</ns3:atemp>
            <ns3:hr>111</ns3:hr>
          </ns3:TrackPointExtension>
        </extensions>
      </trkpt>
      <trkpt lat="24.471022300422191619873046875" lon="118.1463181972503662109375">
        <ele>160.1999969482421875</ele>
        <time>2026-09-23T11:18:33.000Z</time>
        <extensions>
          <ns3:TrackPointExtension>
            <ns3:atemp>29.0</ns3:atemp>
            <ns3:hr>110</ns3:hr>
          </ns3:TrackPointExtension>
        </extensions>
      </trkpt>
      <trkpt lat="24.471014924347400665283203125" lon="118.146317861974239349365234375">
        <ele>160.399993896484375</ele>
        <time>2026-09-23T11:18:39.000Z</time>
        <extensions>
          <ns3:TrackPointExtension>
            <ns3:atemp>29.0</ns3:atemp>
            <ns3:hr>113</ns3:hr>
          </ns3:TrackPointExtension>
        </extensions>
      </trkpt>
      <trkpt lat="24.47101064957678318023681640625" lon="118.146317191421985626220703125">
        <ele>160.600006103515625</ele>
        <time>2026-09-23T11:18:46.000Z</time>
        <extensions>
          <ns3:TrackPointExtension>
            <ns3:atemp>29.0</ns3:atemp>
            <ns3:hr>116</ns3:hr>
          </ns3:TrackPointExtension>
        </extensions>
      </trkpt>
      <trkpt lat="24.47100394405424594879150390625" lon="118.14631073735654354095458984375">
        <ele>160</ele>
        <time>2026-09-23T11:19:12.000Z</time>
        <extensions>
          <ns3:TrackPointExtension>
            <ns3:atemp>29.0</ns3:atemp>
            <ns3:hr>113</ns3:hr>
          </ns3:TrackPointExtension>
        </extensions>
      </trkpt>
      <trkpt lat="24.4709956459701061248779296875" lon="118.1462975777685642242431640625">
        <ele>160.1999969482421875</ele>
        <time>2026-09-23T11:19:41.000Z</time>
        <extensions>
          <ns3:TrackPointExtension>
            <ns3:atemp>29.0</ns3:atemp>
            <ns3:hr>110</ns3:hr>
          </ns3:TrackPointExtension>
        </extensions>
      </trkpt>
      <trkpt lat="24.47099707089364528656005859375" lon="118.14630369655787944793701171875">
        <ele>160.8000030517578125</ele>
        <time>2026-09-23T11:20:01.000Z</time>
        <extensions>
          <ns3:TrackPointExtension>
            <ns3:atemp>29.0</ns3:atemp>
            <ns3:hr>113</ns3:hr>
          </ns3:TrackPointExtension>
        </extensions>
      </trkpt>
      <trkpt lat="24.47099707089364528656005859375" lon="118.14630403183400630950927734375">
        <ele>160.8000030517578125</ele>
        <time>2026-09-23T11:20:03.000Z</time>
        <extensions>
          <ns3:TrackPointExtension>
            <ns3:atemp>29.0</ns3:atemp>
            <ns3:hr>116</ns3:hr>
          </ns3:TrackPointExtension>
        </extensions>
      </trkpt>
      <trkpt lat="24.470998160541057586669921875" lon="118.1463062949478626251220703125">
        <ele>160.8000030517578125</ele>
        <time>2026-09-23T11:20:16.000Z</time>
        <extensions>
          <ns3:TrackPointExtension>
            <ns3:atemp>29.0</ns3:atemp>
            <ns3:hr>119</ns3:hr>
          </ns3:TrackPointExtension>
        </extensions>
      </trkpt>
      <trkpt lat="24.470999501645565032958984375" lon="118.14630679786205291748046875">
        <ele>160.600006103515625</ele>
        <time>2026-09-23T11:20:19.000Z</time>
        <extensions>
          <ns3:TrackPointExtension>
            <ns3:atemp>29.0</ns3:atemp>
            <ns3:hr>122</ns3:hr>
          </ns3:TrackPointExtension>
        </extensions>
      </trkpt>
      <trkpt lat="24.47100427933037281036376953125" lon="118.1463076360523700714111328125">
        <ele>160.600006103515625</ele>
        <time>2026-09-23T11:20:29.000Z</time>
        <extensions>
          <ns3:TrackPointExtension>
            <ns3:atemp>29.0</ns3:atemp>
            <ns3:hr>125</ns3:hr>
          </ns3:TrackPointExtension>
        </extensions>
      </trkpt>
      <trkpt lat="24.47100562043488025665283203125" lon="118.146307468414306640625">
        <ele>161.1999969482421875</ele>
        <time>2026-09-23T11:20:53.000Z</time>
        <extensions>
          <ns3:TrackPointExtension>
            <ns3:atemp>29.0</ns3:atemp>
            <ns3:hr>121</ns3:hr>
          </ns3:TrackPointExtension>
        </extensions>
      </trkpt>
      <trkpt lat="24.47100545279681682586669921875" lon="118.14630755223333835601806640625">
        <ele>161.1999969482421875</ele>
        <time>2026-09-23T11:20:59.000Z</time>
        <extensions>
          <ns3:TrackPointExtension>
            <ns3:atemp>29.0</ns3:atemp>
            <ns3:hr>122</ns3:hr>
          </ns3:TrackPointExtension>
        </extensions>
      </trkpt>
      <trkpt lat="24.4710053689777851104736328125" lon="118.14630771987140178680419921875">
        <ele>161.1999969482421875</ele>
        <time>2026-09-23T11:21:02.000Z</time>
        <extensions>
          <ns3:TrackPointExtension>
            <ns3:atemp>29.0</ns3:atemp>
            <ns3:hr>119</ns3:hr>
          </ns3:TrackPointExtension>
        </extensions>
      </trkpt>
      <trkpt lat="24.47100562043488025665283203125" lon="118.14630771987140178680419921875">
        <ele>161.399993896484375</ele>
        <time>2026-09-23T11:21:11.000Z</time>
        <extensions>
          <ns3:TrackPointExtension>
            <ns3:atemp>29.0</ns3:atemp>
            <ns3:hr>122</ns3:hr>
          </ns3:TrackPointExtension>
        </extensions>
      </trkpt>
      <trkpt lat="24.47100645862519741058349609375" lon="118.1463069655001163482666015625">
        <ele>161.1999969482421875</ele>
        <time>2026-09-23T11:21:45.000Z</time>
        <extensions>
          <ns3:TrackPointExtension>
            <ns3:atemp>29.0</ns3:atemp>
            <ns3:hr>125</ns3:hr>
          </ns3:TrackPointExtension>
        </extensions>
      </trkpt>
      <trkpt lat="24.47100679390132427215576171875" lon="118.14630721695721149444580078125">
        <ele>161.399993896484375</ele>
        <time>2026-09-23T11:21:55.000Z</time>
        <extensions>
          <ns3:TrackPointExtension>
            <ns3:atemp>29.0</ns3:atemp>
            <ns3:hr>128</ns3:hr>
          </ns3:TrackPointExtension>
        </extensions>
      </trkpt>
      <trkpt lat="24.47100679390132427215576171875" lon="118.1463073007762432098388671875">
        <ele>161.600006103515625</ele>
        <time>2026-09-23T11:22:08.000Z</time>
        <extensions>
          <ns3:TrackPointExtension>
            <ns3:atemp>29.0</ns3:atemp>
            <ns3:hr>131</ns3:hr>
          </ns3:TrackPointExtension>
        </extensions>
      </trkpt>
      <trkpt lat="24.4710067100822925567626953125" lon="118.1463076360523700714111328125">
        <ele>161.8000030517578125</ele>
        <time>2026-09-23T11:22:14.000Z</time>
        <extensions>
          <ns3:TrackPointExtension>
            <ns3:atemp>29.0</ns3:atemp>
            <ns3:hr>128</ns3:hr>
          </ns3:TrackPointExtension>
        </extensions>
      </trkpt>
      <trkpt lat="24.47100662626326084136962890625" lon="118.14630788750946521759033203125">
        <ele>161.8000030517578125</ele>
        <time>2026-09-23T11:22:19.000Z</time>
        <extensions>
          <ns3:TrackPointExtension>
            <ns3:atemp>28.0</ns3:atemp>
            <ns3:hr>125</ns3:hr>
          </ns3:TrackPointExtension>
        </extensions>
      </trkpt>
      <trkpt lat="24.47100645862519741058349609375" lon="118.14630872569978237152099609375">
        <ele>162.1999969482421875</ele>
        <time>2026-09-23T11:22:33.000Z</time>
        <extensions>
          <ns3:TrackPointExtension>
            <ns3:atemp>28.0</ns3:atemp>
            <ns3:hr>123</ns3:hr>
          </ns3:TrackPointExtension>
        </extensions>
      </trkpt>
      <trkpt lat="24.47100587189197540283203125" lon="118.14630922861397266387939453125">
        <ele>162</ele>
        <time>2026-09-23T11:22:48.000Z</time>
        <extensions>
          <ns3:TrackPointExtension>
            <ns3:atemp>28.0</ns3:atemp>
            <ns3:hr>120</ns3:hr>
          </ns3:TrackPointExtension>
        </extensions>
      </trkpt>
      <trkpt lat="24.4709528982639312744140625" lon="118.14637008123099803924560546875">
        <ele>161.600006103515625</ele>
        <time>2026-09-23T11:23:00.000Z</time>
        <extensions>
          <ns3:TrackPointExtension>
            <ns3:atemp>28.0</ns3:atemp>
            <ns3:hr>120</ns3:hr>
          </ns3:TrackPointExtension>
        </extensions>
      </trkpt>
      <trkpt lat="24.47092079557478427886962890625" lon="118.14639891497790813446044921875">
        <ele>161.1999969482421875</ele>
        <time>2026-09-23T11:23:03.000Z</time>
        <extensions>
          <ns3:TrackPointExtension>
            <ns3:atemp>28.0</ns3:atemp>
            <ns3:hr>119</ns3:hr>
          </ns3:TrackPointExtension>
        </extensions>
      </trkpt>
      <trkpt lat="24.4709099829196929931640625" lon="118.1464209593832492828369140625">
        <ele>160.8000030517578125</ele>
        <time>2026-09-23T11:23:06.000Z</time>
        <extensions>
          <ns3:TrackPointExtension>
            <ns3:atemp>28.0</ns3:atemp>
            <ns3:hr>120</ns3:hr>
          </ns3:TrackPointExtension>
        </extensions>
      </trkpt>
      <trkpt lat="24.470908306539058685302734375" lon="118.146418444812297821044921875">
        <ele>160.399993896484375</ele>
        <time>2026-09-23T11:23:14.000Z</time>
        <extensions>
          <ns3:TrackPointExtension>
            <ns3:atemp>28.0</ns3:atemp>
            <ns3:hr>120</ns3:hr>
          </ns3:TrackPointExtension>
        </extensions>
      </trkpt>
      <trkpt lat="24.47090889327228069305419921875" lon="118.146418444812297821044921875">
        <ele>160.399993896484375</ele>
        <time>2026-09-23T11:23:26.000Z</time>
        <extensions>
          <ns3:TrackPointExtension>
            <ns3:atemp>28.0</ns3:atemp>
            <ns3:hr>123</ns3:hr>
          </ns3:TrackPointExtension>
        </extensions>
      </trkpt>
      <trkpt lat="24.47095247916877269744873046875" lon="118.146361447870731353759765625">
        <ele>160.600006103515625</ele>
        <time>2026-09-23T11:23:36.000Z</time>
        <extensions>
          <ns3:TrackPointExtension>
            <ns3:atemp>28.0</ns3:atemp>
            <ns3:hr>120</ns3:hr>
          </ns3:TrackPointExtension>
        </extensions>
      </trkpt>
      <trkpt lat="24.47095415554940700531005859375" lon="118.146327249705791473388671875">
        <ele>161.1999969482421875</ele>
        <time>2026-09-23T11:23:42.000Z</time>
        <extensions>
          <ns3:TrackPointExtension>
            <ns3:atemp>28.0</ns3:atemp>
            <ns3:hr>121</ns3:hr>
          </ns3:TrackPointExtension>
        </extensions>
      </trkpt>
      <trkpt lat="24.4709341228008270263671875" lon="118.14631895162165164947509765625">
        <ele>162.1999969482421875</ele>
        <time>2026-09-23T11:23:47.000Z</time>
        <extensions>
          <ns3:TrackPointExtension>
            <ns3:atemp>28.0</ns3:atemp>
            <ns3:hr>123</ns3:hr>
          </ns3:TrackPointExtension>
        </extensions>
      </trkpt>
      <trkpt lat="24.47092850692570209503173828125" lon="118.14630386419594287872314453125">
        <ele>163</ele>
        <time>2026-09-23T11:23:50.000Z</time>
        <extensions>
          <ns3:TrackPointExtension>
            <ns3:atemp>28.0</ns3:atemp>
            <ns3:hr>123</ns3:hr>
          </ns3:TrackPointExtension>
        </extensions>
      </trkpt>
      <trkpt lat="24.47092532180249691009521484375" lon="118.1463007628917694091796875">
        <ele>163.399993896484375</ele>
        <time>2026-09-23T11:23:51.000Z</time>
        <extensions>
          <ns3:TrackPointExtension>
            <ns3:atemp>28.0</ns3:atemp>
            <ns3:hr>123</ns3:hr>
          </ns3:TrackPointExtension>
        </extensions>
      </trkpt>
      <trkpt lat="24.47091945447027683258056640625" lon="118.14627821557223796844482421875">
        <ele>164.399993896484375</ele>
        <time>2026-09-23T11:23:56.000Z</time>
        <extensions>
          <ns3:TrackPointExtension>
            <ns3:atemp>28.0</ns3:atemp>
            <ns3:hr>124</ns3:hr>
          </ns3:TrackPointExtension>
        </extensions>
      </trkpt>
      <trkpt lat="24.47091710753738880157470703125" lon="118.146272934973239898681640625">
        <ele>164.600006103515625</ele>
        <time>2026-09-23T11:23:57.000Z</time>
        <extensions>
          <ns3:TrackPointExtension>
            <ns3:atemp>28.0</ns3:atemp>
            <ns3:hr>123</ns3:hr>
          </ns3:TrackPointExtension>
        </extensions>
      </trkpt>
      <trkpt lat="24.47090319357812404632568359375" lon="118.14625239931046962738037109375">
        <ele>165.8000030517578125</ele>
        <time>2026-09-23T11:24:03.000Z</time>
        <extensions>
          <ns3:TrackPointExtension>
            <ns3:atemp>28.0</ns3:atemp>
            <ns3:hr>124</ns3:hr>
          </ns3:TrackPointExtension>
        </extensions>
      </trkpt>
      <trkpt lat="24.47088777087628841400146484375" lon="118.14626078121364116668701171875">
        <ele>167</ele>
        <time>2026-09-23T11:24:06.000Z</time>
        <extensions>
          <ns3:TrackPointExtension>
            <ns3:atemp>28.0</ns3:atemp>
            <ns3:hr>124</ns3:hr>
          </ns3:TrackPointExtension>
        </extensions>
      </trkpt>
      <trkpt lat="24.47086212225258350372314453125" lon="118.1462804786860942840576171875">
        <ele>168.399993896484375</ele>
        <time>2026-09-23T11:24:11.000Z</time>
        <extensions>
          <ns3:TrackPointExtension>
            <ns3:atemp>28.0</ns3:atemp>
            <ns3:hr>125</ns3:hr>
          </ns3:TrackPointExtension>
        </extensions>
      </trkpt>
      <trkpt lat="24.47086530737578868865966796875" lon="118.14629606902599334716796875">
        <ele>169.399993896484375</ele>
        <time>2026-09-23T11:24:18.000Z</time>
        <extensions>
          <ns3:TrackPointExtension>
            <ns3:atemp>28.0</ns3:atemp>
            <ns3:hr>123</ns3:hr>
          </ns3:TrackPointExtension>
        </extensions>
      </trkpt>
      <trkpt lat="24.47086849249899387359619140625" lon="118.146294392645359039306640625">
        <ele>169.1999969482421875</ele>
        <time>2026-09-23T11:24:38.000Z</time>
        <extensions>
          <ns3:TrackPointExtension>
            <ns3:atemp>28.0</ns3:atemp>
            <ns3:hr>120</ns3:hr>
          </ns3:TrackPointExtension>
        </extensions>
      </trkpt>
      <trkpt lat="24.4708702526986598968505859375" lon="118.14629548229277133941650390625">
        <ele>169.1999969482421875</ele>
        <time>2026-09-23T11:24:39.000Z</time>
        <extensions>
          <ns3:TrackPointExtension>
            <ns3:atemp>28.0</ns3:atemp>
            <ns3:hr>120</ns3:hr>
          </ns3:TrackPointExtension>
        </extensions>
      </trkpt>
      <trkpt lat="24.47087176144123077392578125" lon="118.1463083066046237945556640625">
        <ele>169.8000030517578125</ele>
        <time>2026-09-23T11:24:57.000Z</time>
        <extensions>
          <ns3:TrackPointExtension>
            <ns3:atemp>28.0</ns3:atemp>
            <ns3:hr>122</ns3:hr>
          </ns3:TrackPointExtension>
        </extensions>
      </trkpt>
      <trkpt lat="24.470868743956089019775390625" lon="118.1463089771568775177001953125">
        <ele>169.399993896484375</ele>
        <time>2026-09-23T11:25:03.000Z</time>
        <extensions>
          <ns3:TrackPointExtension>
            <ns3:atemp>28.0</ns3:atemp>
            <ns3:hr>122</ns3:hr>
          </ns3:TrackPointExtension>
        </extensions>
      </trkpt>
      <trkpt lat="24.470849968492984771728515625" lon="118.14630755223333835601806640625">
        <ele>170.1999969482421875</ele>
        <time>2026-09-23T11:25:14.000Z</time>
        <extensions>
          <ns3:TrackPointExtension>
            <ns3:atemp>28.0</ns3:atemp>
            <ns3:hr>125</ns3:hr>
          </ns3:TrackPointExtension>
        </extensions>
      </trkpt>
      <trkpt lat="24.470836557447910308837890625" lon="118.14630537293851375579833984375">
        <ele>170.600006103515625</ele>
        <time>2026-09-23T11:25:28.000Z</time>
        <extensions>
          <ns3:TrackPointExtension>
            <ns3:atemp>28.0</ns3:atemp>
            <ns3:hr>122</ns3:hr>
          </ns3:TrackPointExtension>
        </extensions>
      </trkpt>
      <trkpt lat="24.4708229787647724151611328125" lon="118.146307133138179779052734375">
        <ele>170.8000030517578125</ele>
        <time>2026-09-23T11:25:45.000Z</time>
        <extensions>
          <ns3:TrackPointExtension>
            <ns3:atemp>28.0</ns3:atemp>
            <ns3:hr>123</ns3:hr>
          </ns3:TrackPointExtension>
        </extensions>
      </trkpt>
      <trkpt lat="24.4708162732422351837158203125" lon="118.14630336128175258636474609375">
        <ele>171.8000030517578125</ele>
        <time>2026-09-23T11:26:06.000Z</time>
        <extensions>
          <ns3:TrackPointExtension>
            <ns3:atemp>28.0</ns3:atemp>
            <ns3:hr>123</ns3:hr>
          </ns3:TrackPointExtension>
        </extensions>
      </trkpt>
      <trkpt lat="24.4708134233951568603515625" lon="118.1463029421865940093994140625">
        <ele>172</ele>
        <time>2026-09-23T11:26:09.000Z</time>
        <extensions>
          <ns3:TrackPointExtension>
            <ns3:atemp>29.0</ns3:atemp>
            <ns3:hr>127</ns3:hr>
          </ns3:TrackPointExtension>
        </extensions>
      </trkpt>
      <trkpt lat="24.4708115793764591217041015625" lon="118.14630277454853057861328125">
        <ele>172</ele>
        <time>2026-09-23T11:26:10.000Z</time>
        <extensions>
          <ns3:TrackPointExtension>
            <ns3:atemp>28.0</ns3:atemp>
            <ns3:hr>123</ns3:hr>
          </ns3:TrackPointExtension>
        </extensions>
      </trkpt>
      <trkpt lat="24.4708053767681121826171875" lon="118.14630051143467426300048828125">
        <ele>172.1999969482421875</ele>
        <time>2026-09-23T11:26:16.000Z</time>
        <extensions>
          <ns3:TrackPointExtension>
            <ns3:atemp>29.0</ns3:atemp>
            <ns3:hr>124</ns3:hr>
          </ns3:TrackPointExtension>
        </extensions>
      </trkpt>
      <trkpt lat="24.47080512531101703643798828125" lon="118.14629581756889820098876953125">
        <ele>173</ele>
        <time>2026-09-23T11:26:23.000Z</time>
        <extensions>
          <ns3:TrackPointExtension>
            <ns3:atemp>29.0</ns3:atemp>
            <ns3:hr>124</ns3:hr>
          </ns3:TrackPointExtension>
        </extensions>
      </trkpt>
      <trkpt lat="24.470808394253253936767578125" lon="118.14628802239894866943359375">
        <ele>173.1999969482421875</ele>
        <time>2026-09-23T11:26:34.000Z</time>
        <extensions>
          <ns3:TrackPointExtension>
            <ns3:atemp>29.0</ns3:atemp>
            <ns3:hr>120</ns3:hr>
          </ns3:TrackPointExtension>
        </extensions>
      </trkpt>
      <trkpt lat="24.47080965153872966766357421875" lon="118.14628743566572666168212890625">
        <ele>173.1999969482421875</ele>
        <time>2026-09-23T11:26:40.000Z</time>
        <extensions>
          <ns3:TrackPointExtension>
            <ns3:atemp>29.0</ns3:atemp>
            <ns3:hr>117</ns3:hr>
          </ns3:TrackPointExtension>
        </extensions>
      </trkpt>
      <trkpt lat="24.47081434540450572967529296875" lon="118.146289698779582977294921875">
        <ele>174</ele>
        <time>2026-09-23T11:26:58.000Z</time>
        <extensions>
          <ns3:TrackPointExtension>
            <ns3:atemp>29.0</ns3:atemp>
            <ns3:hr>116</ns3:hr>
          </ns3:TrackPointExtension>
        </extensions>
      </trkpt>
      <trkpt lat="24.4708159379661083221435546875" lon="118.14628978259861469268798828125">
        <ele>174.399993896484375</ele>
        <time>2026-09-23T11:27:03.000Z</time>
        <extensions>
          <ns3:TrackPointExtension>
            <ns3:atemp>29.0</ns3:atemp>
            <ns3:hr>119</ns3:hr>
          </ns3:TrackPointExtension>
        </extensions>
      </trkpt>
      <trkpt lat="24.47081652469933032989501953125" lon="118.14628676511347293853759765625">
        <ele>175.1999969482421875</ele>
        <time>2026-09-23T11:27:10.000Z</time>
        <extensions>
          <ns3:TrackPointExtension>
            <ns3:atemp>29.0</ns3:atemp>
            <ns3:hr>121</ns3:hr>
          </ns3:TrackPointExtension>
        </extensions>
      </trkpt>
      <trkpt lat="24.47081618942320346832275390625" lon="118.1462731026113033294677734375">
        <ele>176.399993896484375</ele>
        <time>2026-09-23T11:27:21.000Z</time>
        <extensions>
          <ns3:TrackPointExtension>
            <ns3:atemp>29.0</ns3:atemp>
            <ns3:hr>119</ns3:hr>
          </ns3:TrackPointExtension>
        </extensions>
      </trkpt>
      <trkpt lat="24.47081602178514003753662109375" lon="118.146267235279083251953125">
        <ele>177.399993896484375</ele>
        <time>2026-09-23T11:27:25.000Z</time>
        <extensions>
          <ns3:TrackPointExtension>
            <ns3:atemp>29.0</ns3:atemp>
            <ns3:hr>122</ns3:hr>
          </ns3:TrackPointExtension>
        </extensions>
      </trkpt>
      <trkpt lat="24.47081568650901317596435546875" lon="118.14626027829945087432861328125">
        <ele>177.399993896484375</ele>
        <time>2026-09-23T11:27:30.000Z</time>
        <extensions>
          <ns3:TrackPointExtension>
            <ns3:atemp>29.0</ns3:atemp>
            <ns3:hr>121</ns3:hr>
          </ns3:TrackPointExtension>
        </extensions>
      </trkpt>
      <trkpt lat="24.4708152674138545989990234375" lon="118.1462529860436916351318359375">
        <ele>178.8000030517578125</ele>
        <time>2026-09-23T11:27:40.000Z</time>
        <extensions>
          <ns3:TrackPointExtension>
            <ns3:atemp>29.0</ns3:atemp>
            <ns3:hr>122</ns3:hr>
          </ns3:TrackPointExtension>
        </extensions>
      </trkpt>
      <trkpt lat="24.470784254372119903564453125" lon="118.14622289501130580902099609375">
        <ele>180</ele>
        <time>2026-09-23T11:27:43.000Z</time>
        <extensions>
          <ns3:TrackPointExtension>
            <ns3:atemp>29.0</ns3:atemp>
            <ns3:hr>123</ns3:hr>
          </ns3:TrackPointExtension>
        </extensions>
      </trkpt>
      <trkpt lat="24.4707656465470790863037109375" lon="118.14620160497725009918212890625">
        <ele>181</ele>
        <time>2026-09-23T11:27:45.000Z</time>
        <extensions>
          <ns3:TrackPointExtension>
            <ns3:atemp>29.0</ns3:atemp>
            <ns3:hr>123</ns3:hr>
          </ns3:TrackPointExtension>
        </extensions>
      </trkpt>
      <trkpt lat="24.47075567208230495452880859375" lon="118.14619389362633228302001953125">
        <ele>181.399993896484375</ele>
        <time>2026-09-23T11:27:46.000Z</time>
        <extensions>
          <ns3:TrackPointExtension>
            <ns3:atemp>29.0</ns3:atemp>
            <ns3:hr>125</ns3:hr>
          </ns3:TrackPointExtension>
        </extensions>
      </trkpt>
      <trkpt lat="24.4707356393337249755859375" lon="118.1461778841912746429443359375">
        <ele>182.600006103515625</ele>
        <time>2026-09-23T11:27:48.000Z</time>
        <extensions>
          <ns3:TrackPointExtension>
            <ns3:atemp>29.0</ns3:atemp>
            <ns3:hr>125</ns3:hr>
          </ns3:TrackPointExtension>
        </extensions>
      </trkpt>
      <trkpt lat="24.47069616056978702545166015625" lon="118.146170675754547119140625">
        <ele>183.8000030517578125</ele>
        <time>2026-09-23T11:27:53.000Z</time>
        <extensions>
          <ns3:TrackPointExtension>
            <ns3:atemp>29.0</ns3:atemp>
            <ns3:hr>125</ns3:hr>
          </ns3:TrackPointExtension>
        </extensions>
      </trkpt>
      <trkpt lat="24.47069129906594753265380859375" lon="118.14617344178259372711181640625">
        <ele>184</ele>
        <time>2026-09-23T11:27:54.000Z</time>
        <extensions>
          <ns3:TrackPointExtension>
            <ns3:atemp>29.0</ns3:atemp>
            <ns3:hr>125</ns3:hr>
          </ns3:TrackPointExtension>
        </extensions>
      </trkpt>
      <trkpt lat="24.470684342086315155029296875" lon="118.14616137184202671051025390625">
        <ele>184.399993896484375</ele>
        <time>2026-09-23T11:27:59.000Z</time>
        <extensions>
          <ns3:TrackPointExtension>
            <ns3:atemp>29.0</ns3:atemp>
            <ns3:hr>125</ns3:hr>
          </ns3:TrackPointExtension>
        </extensions>
      </trkpt>
      <trkpt lat="24.47068509645760059356689453125" lon="118.1461557559669017791748046875">
        <ele>184</ele>
        <time>2026-09-23T11:28:11.000Z</time>
        <extensions>
          <ns3:TrackPointExtension>
            <ns3:atemp>29.0</ns3:atemp>
            <ns3:hr>125</ns3:hr>
          </ns3:TrackPointExtension>
        </extensions>
      </trkpt>
      <trkpt lat="24.47072030045092105865478515625" lon="118.14613052643835544586181640625">
        <ele>182.8000030517578125</ele>
        <time>2026-09-23T11:28:33.000Z</time>
        <extensions>
          <ns3:TrackPointExtension>
            <ns3:atemp>29.0</ns3:atemp>
            <ns3:hr>123</ns3:hr>
          </ns3:TrackPointExtension>
        </extensions>
      </trkpt>
      <trkpt lat="24.47072164155542850494384765625" lon="118.1461302749812602996826171875">
        <ele>181.399993896484375</ele>
        <time>2026-09-23T11:28:38.000Z</time>
        <extensions>
          <ns3:TrackPointExtension>
            <ns3:atemp>28.0</ns3:atemp>
            <ns3:hr>123</ns3:hr>
          </ns3:TrackPointExtension>
        </extensions>
      </trkpt>
      <trkpt lat="24.47069766931235790252685546875" lon="118.14611460082232952117919921875">
        <ele>182.1999969482421875</ele>
        <time>2026-09-23T11:28:58.000Z</time>
        <extensions>
          <ns3:TrackPointExtension>
            <ns3:atemp>29.0</ns3:atemp>
            <ns3:hr>123</ns3:hr>
          </ns3:TrackPointExtension>
        </extensions>
      </trkpt>
      <trkpt lat="24.470647461712360382080078125" lon="118.14611376263201236724853515625">
        <ele>182.1999969482421875</ele>
        <time>2026-09-23T11:29:03.000Z</time>
        <extensions>
          <ns3:TrackPointExtension>
            <ns3:atemp>29.0</ns3:atemp>
            <ns3:hr>123</ns3:hr>
          </ns3:TrackPointExtension>
        </extensions>
      </trkpt>
      <trkpt lat="24.47063061408698558807373046875" lon="118.14610965549945831298828125">
        <ele>182.8000030517578125</ele>
        <time>2026-09-23T11:29:05.000Z</time>
        <extensions>
          <ns3:TrackPointExtension>
            <ns3:atemp>29.0</ns3:atemp>
            <ns3:hr>123</ns3:hr>
          </ns3:TrackPointExtension>
        </extensions>
      </trkpt>
      <trkpt lat="24.470618627965450286865234375" lon="118.14611359499394893646240234375">
        <ele>183.8000030517578125</ele>
        <time>2026-09-23T11:29:07.000Z</time>
        <extensions>
          <ns3:TrackPointExtension>
            <ns3:atemp>29.0</ns3:atemp>
            <ns3:hr>124</ns3:hr>
          </ns3:TrackPointExtension>
        </extensions>
      </trkpt>
      <trkpt lat="24.47061049751937389373779296875" lon="118.14611191861331462860107421875">
        <ele>185</ele>
        <time>2026-09-23T11:29:10.000Z</time>
        <extensions>
          <ns3:TrackPointExtension>
            <ns3:atemp>29.0</ns3:atemp>
            <ns3:hr>124</ns3:hr>
          </ns3:TrackPointExtension>
        </extensions>
      </trkpt>
      <trkpt lat="24.4705959968268871307373046875" lon="118.1460987590253353118896484375">
        <ele>185.8000030517578125</ele>
        <time>2026-09-23T11:29:15.000Z</time>
        <extensions>
          <ns3:TrackPointExtension>
            <ns3:atemp>29.0</ns3:atemp>
            <ns3:hr>126</ns3:hr>
          </ns3:TrackPointExtension>
        </extensions>
      </trkpt>
      <trkpt lat="24.470594823360443115234375" lon="118.14610035158693790435791015625">
        <ele>186.1999969482421875</ele>
        <time>2026-09-23T11:29:16.000Z</time>
        <extensions>
          <ns3:TrackPointExtension>
            <ns3:atemp>29.0</ns3:atemp>
            <ns3:hr>126</ns3:hr>
          </ns3:TrackPointExtension>
        </extensions>
      </trkpt>
      <trkpt lat="24.47059742175042629241943359375" lon="118.14608543179929256439208984375">
        <ele>186.600006103515625</ele>
        <time>2026-09-23T11:29:20.000Z</time>
        <extensions>
          <ns3:TrackPointExtension>
            <ns3:atemp>29.0</ns3:atemp>
            <ns3:hr>128</ns3:hr>
          </ns3:TrackPointExtension>
        </extensions>
      </trkpt>
      <trkpt lat="24.4705943204462528228759765625" lon="118.14608409069478511810302734375">
        <ele>187.1999969482421875</ele>
        <time>2026-09-23T11:29:24.000Z</time>
        <extensions>
          <ns3:TrackPointExtension>
            <ns3:atemp>29.0</ns3:atemp>
            <ns3:hr>128</ns3:hr>
          </ns3:TrackPointExtension>
        </extensions>
      </trkpt>
      <trkpt lat="24.4705859385430812835693359375" lon="118.1460830010473728179931640625">
        <ele>187.399993896484375</ele>
        <time>2026-09-23T11:29:26.000Z</time>
        <extensions>
          <ns3:TrackPointExtension>
            <ns3:atemp>29.0</ns3:atemp>
            <ns3:hr>128</ns3:hr>
          </ns3:TrackPointExtension>
        </extensions>
      </trkpt>
      <trkpt lat="24.4705701805651187896728515625" lon="118.14607839100062847137451171875">
        <ele>188.600006103515625</ele>
        <time>2026-09-23T11:29:29.000Z</time>
        <extensions>
          <ns3:TrackPointExtension>
            <ns3:atemp>29.0</ns3:atemp>
            <ns3:hr>129</ns3:hr>
          </ns3:TrackPointExtension>
        </extensions>
      </trkpt>
      <trkpt lat="24.47056137956678867340087890625" lon="118.146075792610645294189453125">
        <ele>189.600006103515625</ele>
        <time>2026-09-23T11:29:33.000Z</time>
        <extensions>
          <ns3:TrackPointExtension>
            <ns3:atemp>29.0</ns3:atemp>
            <ns3:hr>128</ns3:hr>
          </ns3:TrackPointExtension>
        </extensions>
      </trkpt>
      <trkpt lat="24.470551572740077972412109375" lon="118.14608140848577022552490234375">
        <ele>189.399993896484375</ele>
        <time>2026-09-23T11:29:37.000Z</time>
        <extensions>
          <ns3:TrackPointExtension>
            <ns3:atemp>29.0</ns3:atemp>
            <ns3:hr>125</ns3:hr>
          </ns3:TrackPointExtension>
        </extensions>
      </trkpt>
      <trkpt lat="24.47053204290568828582763671875" lon="118.14609490334987640380859375">
        <ele>189.1999969482421875</ele>
        <time>2026-09-23T11:29:40.000Z</time>
        <extensions>
          <ns3:TrackPointExtension>
            <ns3:atemp>29.0</ns3:atemp>
            <ns3:hr>124</ns3:hr>
          </ns3:TrackPointExtension>
        </extensions>
      </trkpt>
      <trkpt lat="24.47050698101520538330078125" lon="118.1461188755929470062255859375">
        <ele>189.600006103515625</ele>
        <time>2026-09-23T11:29:45.000Z</time>
        <extensions>
          <ns3:TrackPointExtension>
            <ns3:atemp>29.0</ns3:atemp>
            <ns3:hr>122</ns3:hr>
          </ns3:TrackPointExtension>
        </extensions>
      </trkpt>
      <trkpt lat="24.470505304634571075439453125" lon="118.14612784422934055328369140625">
        <ele>189.8000030517578125</ele>
        <time>2026-09-23T11:29:47.000Z</time>
        <extensions>
          <ns3:TrackPointExtension>
            <ns3:atemp>29.0</ns3:atemp>
            <ns3:hr>120</ns3:hr>
          </ns3:TrackPointExtension>
        </extensions>
      </trkpt>
      <trkpt lat="24.470467753708362579345703125" lon="118.14615852199494838714599609375">
        <ele>189.1999969482421875</ele>
        <time>2026-09-23T11:29:55.000Z</time>
        <extensions>
          <ns3:TrackPointExtension>
            <ns3:atemp>29.0</ns3:atemp>
            <ns3:hr>118</ns3:hr>
          </ns3:TrackPointExtension>
        </extensions>
      </trkpt>
      <trkpt lat="24.47046004235744476318359375" lon="118.146152235567569732666015625">
        <ele>189.1999969482421875</ele>
        <time>2026-09-23T11:29:58.000Z</time>
        <extensions>
          <ns3:TrackPointExtension>
            <ns3:atemp>29.0</ns3:atemp>
            <ns3:hr>115</ns3:hr>
          </ns3:TrackPointExtension>
        </extensions>
      </trkpt>
      <trkpt lat="24.47045258246362209320068359375" lon="118.14616388641297817230224609375">
        <ele>189.1999969482421875</ele>
        <time>2026-09-23T11:30:02.000Z</time>
        <extensions>
          <ns3:TrackPointExtension>
            <ns3:atemp>29.0</ns3:atemp>
            <ns3:hr>118</ns3:hr>
          </ns3:TrackPointExtension>
        </extensions>
      </trkpt>
      <trkpt lat="24.4704511575400829315185546875" lon="118.14619506709277629852294921875">
        <ele>189.399993896484375</ele>
        <time>2026-09-23T11:30:09.000Z</time>
        <extensions>
          <ns3:TrackPointExtension>
            <ns3:atemp>29.0</ns3:atemp>
            <ns3:hr>118</ns3:hr>
          </ns3:TrackPointExtension>
        </extensions>
      </trkpt>
      <trkpt lat="24.47043246589601039886474609375" lon="118.1462117470800876617431640625">
        <ele>189.399993896484375</ele>
        <time>2026-09-23T11:30:16.000Z</time>
        <extensions>
          <ns3:TrackPointExtension>
            <ns3:atemp>29.0</ns3:atemp>
            <ns3:hr>120</ns3:hr>
          </ns3:TrackPointExtension>
        </extensions>
      </trkpt>
      <trkpt lat="24.47040899656713008880615234375" lon="118.146218955516815185546875">
        <ele>189.8000030517578125</ele>
        <time>2026-09-23T11:30:22.000Z</time>
        <extensions>
          <ns3:TrackPointExtension>
            <ns3:atemp>29.0</ns3:atemp>
            <ns3:hr>123</ns3:hr>
          </ns3:TrackPointExtension>
        </extensions>
      </trkpt>
      <trkpt lat="24.4704082421958446502685546875" lon="118.14621652476489543914794921875">
        <ele>189.8000030517578125</ele>
        <time>2026-09-23T11:30:23.000Z</time>
        <extensions>
          <ns3:TrackPointExtension>
            <ns3:atemp>29.0</ns3:atemp>
            <ns3:hr>123</ns3:hr>
          </ns3:TrackPointExtension>
        </extensions>
      </trkpt>
      <trkpt lat="24.4703824259340763092041015625" lon="118.14621602185070514678955078125">
        <ele>190.1999969482421875</ele>
        <time>2026-09-23T11:30:31.000Z</time>
        <extensions>
          <ns3:TrackPointExtension>
            <ns3:atemp>29.0</ns3:atemp>
            <ns3:hr>125</ns3:hr>
          </ns3:TrackPointExtension>
        </extensions>
      </trkpt>
      <trkpt lat="24.47037228383123874664306640625" lon="118.14620277844369411468505859375">
        <ele>190.600006103515625</ele>
        <time>2026-09-23T11:30:34.000Z</time>
        <extensions>
          <ns3:TrackPointExtension>
            <ns3:atemp>29.0</ns3:atemp>
            <ns3:hr>126</ns3:hr>
          </ns3:TrackPointExtension>
        </extensions>
      </trkpt>
      <trkpt lat="24.4703716970980167388916015625" lon="118.146175704896450042724609375">
        <ele>191.8000030517578125</ele>
        <time>2026-09-23T11:30:38.000Z</time>
        <extensions>
          <ns3:TrackPointExtension>
            <ns3:atemp>29.0</ns3:atemp>
            <ns3:hr>128</ns3:hr>
          </ns3:TrackPointExtension>
        </extensions>
      </trkpt>
      <trkpt lat="24.4703703559935092926025390625" lon="118.14617134630680084228515625">
        <ele>192.399993896484375</ele>
        <time>2026-09-23T11:30:39.000Z</time>
        <extensions>
          <ns3:TrackPointExtension>
            <ns3:atemp>29.0</ns3:atemp>
            <ns3:hr>128</ns3:hr>
          </ns3:TrackPointExtension>
        </extensions>
      </trkpt>
      <trkpt lat="24.470370523631572723388671875" lon="118.146165646612644195556640625">
        <ele>193</ele>
        <time>2026-09-23T11:30:40.000Z</time>
        <extensions>
          <ns3:TrackPointExtension>
            <ns3:atemp>29.0</ns3:atemp>
            <ns3:hr>129</ns3:hr>
          </ns3:TrackPointExtension>
        </extensions>
      </trkpt>
      <trkpt lat="24.47036323137581348419189453125" lon="118.14614561386406421661376953125">
        <ele>194.1999969482421875</ele>
        <time>2026-09-23T11:30:45.000Z</time>
        <extensions>
          <ns3:TrackPointExtension>
            <ns3:atemp>29.0</ns3:atemp>
            <ns3:hr>131</ns3:hr>
          </ns3:TrackPointExtension>
        </extensions>
      </trkpt>
      <trkpt lat="24.470373876392841339111328125" lon="118.1461296044290065765380859375">
        <ele>194.600006103515625</ele>
        <time>2026-09-23T11:30:52.000Z</time>
        <extensions>
          <ns3:TrackPointExtension>
            <ns3:atemp>29.0</ns3:atemp>
            <ns3:hr>128</ns3:hr>
          </ns3:TrackPointExtension>
        </extensions>
      </trkpt>
      <trkpt lat="24.4703559391200542449951171875" lon="118.146135807037353515625">
        <ele>195.600006103515625</ele>
        <time>2026-09-23T11:30:56.000Z</time>
        <extensions>
          <ns3:TrackPointExtension>
            <ns3:atemp>29.0</ns3:atemp>
            <ns3:hr>128</ns3:hr>
          </ns3:TrackPointExtension>
        </extensions>
      </trkpt>
      <trkpt lat="24.47033540345728397369384765625" lon="118.1461182050406932830810546875">
        <ele>196.600006103515625</ele>
        <time>2026-09-23T11:30:59.000Z</time>
        <extensions>
          <ns3:TrackPointExtension>
            <ns3:atemp>29.0</ns3:atemp>
            <ns3:hr>127</ns3:hr>
          </ns3:TrackPointExtension>
        </extensions>
      </trkpt>
      <trkpt lat="24.47030849754810333251953125" lon="118.14610856585204601287841796875">
        <ele>197.399993896484375</ele>
        <time>2026-09-23T11:31:03.000Z</time>
        <extensions>
          <ns3:TrackPointExtension>
            <ns3:atemp>29.0</ns3:atemp>
            <ns3:hr>124</ns3:hr>
          </ns3:TrackPointExtension>
        </extensions>
      </trkpt>
      <trkpt lat="24.47030246257781982421875" lon="118.1461091525852680206298828125">
        <ele>197.600006103515625</ele>
        <time>2026-09-23T11:31:04.000Z</time>
        <extensions>
          <ns3:TrackPointExtension>
            <ns3:atemp>29.0</ns3:atemp>
            <ns3:hr>124</ns3:hr>
          </ns3:TrackPointExtension>
        </extensions>
      </trkpt>
      <trkpt lat="24.4702805019915103912353515625" lon="118.14609867520630359649658203125">
        <ele>198.600006103515625</ele>
        <time>2026-09-23T11:31:07.000Z</time>
        <extensions>
          <ns3:TrackPointExtension>
            <ns3:atemp>29.0</ns3:atemp>
            <ns3:hr>123</ns3:hr>
          </ns3:TrackPointExtension>
        </extensions>
      </trkpt>
      <trkpt lat="24.470275975763797760009765625" lon="118.14609213732182979583740234375">
        <ele>199</ele>
        <time>2026-09-23T11:31:08.000Z</time>
        <extensions>
          <ns3:TrackPointExtension>
            <ns3:atemp>29.0</ns3:atemp>
            <ns3:hr>123</ns3:hr>
          </ns3:TrackPointExtension>
        </extensions>
      </trkpt>
      <trkpt lat="24.47027941234409809112548828125" lon="118.14607772044837474822998046875">
        <ele>200.1999969482421875</ele>
        <time>2026-09-23T11:31:11.000Z</time>
        <extensions>
          <ns3:TrackPointExtension>
            <ns3:atemp>29.0</ns3:atemp>
            <ns3:hr>123</ns3:hr>
          </ns3:TrackPointExtension>
        </extensions>
      </trkpt>
      <trkpt lat="24.4702848605811595916748046875" lon="118.14606531523168087005615234375">
        <ele>200.8000030517578125</ele>
        <time>2026-09-23T11:31:13.000Z</time>
        <extensions>
          <ns3:TrackPointExtension>
            <ns3:atemp>29.0</ns3:atemp>
            <ns3:hr>123</ns3:hr>
          </ns3:TrackPointExtension>
        </extensions>
      </trkpt>
      <trkpt lat="24.47028595022857189178466796875" lon="118.1460618786513805389404296875">
        <ele>201.1999969482421875</ele>
        <time>2026-09-23T11:31:14.000Z</time>
        <extensions>
          <ns3:TrackPointExtension>
            <ns3:atemp>29.0</ns3:atemp>
            <ns3:hr>124</ns3:hr>
          </ns3:TrackPointExtension>
        </extensions>
      </trkpt>
      <trkpt lat="24.47029265575110912322998046875" lon="118.14604737795889377593994140625">
        <ele>202.1999969482421875</ele>
        <time>2026-09-23T11:31:17.000Z</time>
        <extensions>
          <ns3:TrackPointExtension>
            <ns3:atemp>29.0</ns3:atemp>
            <ns3:hr>124</ns3:hr>
          </ns3:TrackPointExtension>
        </extensions>
      </trkpt>
      <trkpt lat="24.47030690498650074005126953125" lon="118.14602172933518886566162109375">
        <ele>202.8000030517578125</ele>
        <time>2026-09-23T11:31:21.000Z</time>
        <extensions>
          <ns3:TrackPointExtension>
            <ns3:atemp>29.0</ns3:atemp>
            <ns3:hr>124</ns3:hr>
          </ns3:TrackPointExtension>
        </extensions>
      </trkpt>
      <trkpt lat="24.4703113473951816558837890625" lon="118.146003372967243194580078125">
        <ele>203.399993896484375</ele>
        <time>2026-09-23T11:31:24.000Z</time>
        <extensions>
          <ns3:TrackPointExtension>
            <ns3:atemp>29.0</ns3:atemp>
            <ns3:hr>124</ns3:hr>
          </ns3:TrackPointExtension>
        </extensions>
      </trkpt>
      <trkpt lat="24.47031361050903797149658203125" lon="118.146003372967243194580078125">
        <ele>203.8000030517578125</ele>
        <time>2026-09-23T11:31:26.000Z</time>
        <extensions>
          <ns3:TrackPointExtension>
            <ns3:atemp>29.0</ns3:atemp>
            <ns3:hr>124</ns3:hr>
          </ns3:TrackPointExtension>
        </extensions>
      </trkpt>
      <trkpt lat="24.4703183881938457489013671875" lon="118.14597797580063343048095703125">
        <ele>204.1999969482421875</ele>
        <time>2026-09-23T11:31:34.000Z</time>
        <extensions>
          <ns3:TrackPointExtension>
            <ns3:atemp>29.0</ns3:atemp>
            <ns3:hr>124</ns3:hr>
          </ns3:TrackPointExtension>
        </extensions>
      </trkpt>
      <trkpt lat="24.47031931020319461822509765625" lon="118.14596825279295444488525390625">
        <ele>204.399993896484375</ele>
        <time>2026-09-23T11:31:35.000Z</time>
        <extensions>
          <ns3:TrackPointExtension>
            <ns3:atemp>29.0</ns3:atemp>
            <ns3:hr>124</ns3:hr>
          </ns3:TrackPointExtension>
        </extensions>
      </trkpt>
      <trkpt lat="24.4703271053731441497802734375" lon="118.14594293944537639617919921875">
        <ele>205.399993896484375</ele>
        <time>2026-09-23T11:31:39.000Z</time>
        <extensions>
          <ns3:TrackPointExtension>
            <ns3:atemp>29.0</ns3:atemp>
            <ns3:hr>125</ns3:hr>
          </ns3:TrackPointExtension>
        </extensions>
      </trkpt>
      <trkpt lat="24.47033691219985485076904296875" lon="118.145934306085109710693359375">
        <ele>205.8000030517578125</ele>
        <time>2026-09-23T11:31:41.000Z</time>
        <extensions>
          <ns3:TrackPointExtension>
            <ns3:atemp>29.0</ns3:atemp>
            <ns3:hr>124</ns3:hr>
          </ns3:TrackPointExtension>
        </extensions>
      </trkpt>
      <trkpt lat="24.47034680284559726715087890625" lon="118.14593531191349029541015625">
        <ele>206.1999969482421875</ele>
        <time>2026-09-23T11:31:48.000Z</time>
        <extensions>
          <ns3:TrackPointExtension>
            <ns3:atemp>29.0</ns3:atemp>
            <ns3:hr>124</ns3:hr>
          </ns3:TrackPointExtension>
        </extensions>
      </trkpt>
      <trkpt lat="24.47033691219985485076904296875" lon="118.1459039635956287384033203125">
        <ele>206.399993896484375</ele>
        <time>2026-09-23T11:31:52.000Z</time>
        <extensions>
          <ns3:TrackPointExtension>
            <ns3:atemp>29.0</ns3:atemp>
            <ns3:hr>124</ns3:hr>
          </ns3:TrackPointExtension>
        </extensions>
      </trkpt>
      <trkpt lat="24.470337666571140289306640625" lon="118.1459016166627407073974609375">
        <ele>206.8000030517578125</ele>
        <time>2026-09-23T11:31:53.000Z</time>
        <extensions>
          <ns3:TrackPointExtension>
            <ns3:atemp>29.0</ns3:atemp>
            <ns3:hr>124</ns3:hr>
          </ns3:TrackPointExtension>
        </extensions>
      </trkpt>
      <trkpt lat="24.47033288888633251190185546875" lon="118.1458939053118228912353515625">
        <ele>207.8000030517578125</ele>
        <time>2026-09-23T11:31:56.000Z</time>
        <extensions>
          <ns3:TrackPointExtension>
            <ns3:atemp>29.0</ns3:atemp>
            <ns3:hr>124</ns3:hr>
          </ns3:TrackPointExtension>
        </extensions>
      </trkpt>
      <trkpt lat="24.4703063182532787322998046875" lon="118.14587051980197429656982421875">
        <ele>209</ele>
        <time>2026-09-23T11:32:01.000Z</time>
        <extensions>
          <ns3:TrackPointExtension>
            <ns3:atemp>29.0</ns3:atemp>
            <ns3:hr>124</ns3:hr>
          </ns3:TrackPointExtension>
        </extensions>
      </trkpt>
      <trkpt lat="24.4702942483127117156982421875" lon="118.1458711065351963043212890625">
        <ele>210.1999969482421875</ele>
        <time>2026-09-23T11:32:05.000Z</time>
        <extensions>
          <ns3:TrackPointExtension>
            <ns3:atemp>29.0</ns3:atemp>
            <ns3:hr>125</ns3:hr>
          </ns3:TrackPointExtension>
        </extensions>
      </trkpt>
      <trkpt lat="24.47028092108666896820068359375" lon="118.1458583660423755645751953125">
        <ele>211.1999969482421875</ele>
        <time>2026-09-23T11:32:08.000Z</time>
        <extensions>
          <ns3:TrackPointExtension>
            <ns3:atemp>29.0</ns3:atemp>
            <ns3:hr>126</ns3:hr>
          </ns3:TrackPointExtension>
        </extensions>
      </trkpt>
      <trkpt lat="24.4702769815921783447265625" lon="118.14585006795823574066162109375">
        <ele>212.1999969482421875</ele>
        <time>2026-09-23T11:32:12.000Z</time>
        <extensions>
          <ns3:TrackPointExtension>
            <ns3:atemp>29.0</ns3:atemp>
            <ns3:hr>126</ns3:hr>
          </ns3:TrackPointExtension>
        </extensions>
      </trkpt>
      <trkpt lat="24.470269940793514251708984375" lon="118.14584302715957164764404296875">
        <ele>212.8000030517578125</ele>
        <time>2026-09-23T11:32:15.000Z</time>
        <extensions>
          <ns3:TrackPointExtension>
            <ns3:atemp>29.0</ns3:atemp>
            <ns3:hr>126</ns3:hr>
          </ns3:TrackPointExtension>
        </extensions>
      </trkpt>
      <trkpt lat="24.47026717476546764373779296875" lon="118.14584068022668361663818359375">
        <ele>213.600006103515625</ele>
        <time>2026-09-23T11:32:18.000Z</time>
        <extensions>
          <ns3:TrackPointExtension>
            <ns3:atemp>29.0</ns3:atemp>
            <ns3:hr>127</ns3:hr>
          </ns3:TrackPointExtension>
        </extensions>
      </trkpt>
      <trkpt lat="24.4702543504536151885986328125" lon="118.1458233296871185302734375">
        <ele>214.600006103515625</ele>
        <time>2026-09-23T11:32:23.000Z</time>
        <extensions>
          <ns3:TrackPointExtension>
            <ns3:atemp>29.0</ns3:atemp>
            <ns3:hr>127</ns3:hr>
          </ns3:TrackPointExtension>
        </extensions>
      </trkpt>
      <trkpt lat="24.47025083005428314208984375" lon="118.14582458697259426116943359375">
        <ele>214.8000030517578125</ele>
        <time>2026-09-23T11:32:24.000Z</time>
        <extensions>
          <ns3:TrackPointExtension>
            <ns3:atemp>29.0</ns3:atemp>
            <ns3:hr>127</ns3:hr>
          </ns3:TrackPointExtension>
        </extensions>
      </trkpt>
      <trkpt lat="24.470214955508708953857421875" lon="118.14581469632685184478759765625">
        <ele>216</ele>
        <time>2026-09-23T11:32:30.000Z</time>
        <extensions>
          <ns3:TrackPointExtension>
            <ns3:atemp>29.0</ns3:atemp>
            <ns3:hr>127</ns3:hr>
          </ns3:TrackPointExtension>
        </extensions>
      </trkpt>
      <trkpt lat="24.47021202184259891510009765625" lon="118.14579826779663562774658203125">
        <ele>217</ele>
        <time>2026-09-23T11:32:35.000Z</time>
        <extensions>
          <ns3:TrackPointExtension>
            <ns3:atemp>29.0</ns3:atemp>
            <ns3:hr>128</ns3:hr>
          </ns3:TrackPointExtension>
        </extensions>
      </trkpt>
      <trkpt lat="24.470201544463634490966796875" lon="118.14578686840832233428955078125">
        <ele>218.1999969482421875</ele>
        <time>2026-09-23T11:32:42.000Z</time>
        <extensions>
          <ns3:TrackPointExtension>
            <ns3:atemp>29.0</ns3:atemp>
            <ns3:hr>127</ns3:hr>
          </ns3:TrackPointExtension>
        </extensions>
      </trkpt>
      <trkpt lat="24.470188133418560028076171875" lon="118.1457842700183391571044921875">
        <ele>219.399993896484375</ele>
        <time>2026-09-23T11:32:46.000Z</time>
        <extensions>
          <ns3:TrackPointExtension>
            <ns3:atemp>29.0</ns3:atemp>
            <ns3:hr>128</ns3:hr>
          </ns3:TrackPointExtension>
        </extensions>
      </trkpt>
      <trkpt lat="24.4701671786606311798095703125" lon="118.1457923166453838348388671875">
        <ele>220.1999969482421875</ele>
        <time>2026-09-23T11:32:51.000Z</time>
        <extensions>
          <ns3:TrackPointExtension>
            <ns3:atemp>29.0</ns3:atemp>
            <ns3:hr>128</ns3:hr>
          </ns3:TrackPointExtension>
        </extensions>
      </trkpt>
      <trkpt lat="24.470154941082000732421875" lon="118.14578108489513397216796875">
        <ele>220.399993896484375</ele>
        <time>2026-09-23T11:32:54.000Z</time>
        <extensions>
          <ns3:TrackPointExtension>
            <ns3:atemp>29.0</ns3:atemp>
            <ns3:hr>126</ns3:hr>
          </ns3:TrackPointExtension>
        </extensions>
      </trkpt>
      <trkpt lat="24.47014412842690944671630859375" lon="118.14577169716358184814453125">
        <ele>221.1999969482421875</ele>
        <time>2026-09-23T11:32:56.000Z</time>
        <extensions>
          <ns3:TrackPointExtension>
            <ns3:atemp>29.0</ns3:atemp>
            <ns3:hr>125</ns3:hr>
          </ns3:TrackPointExtension>
        </extensions>
      </trkpt>
      <trkpt lat="24.47014077566564083099365234375" lon="118.145783431828022003173828125">
        <ele>221.600006103515625</ele>
        <time>2026-09-23T11:32:57.000Z</time>
        <extensions>
          <ns3:TrackPointExtension>
            <ns3:atemp>29.0</ns3:atemp>
            <ns3:hr>125</ns3:hr>
          </ns3:TrackPointExtension>
        </extensions>
      </trkpt>
      <trkpt lat="24.47014261968433856964111328125" lon="118.14578418619930744171142578125">
        <ele>222.399993896484375</ele>
        <time>2026-09-23T11:32:59.000Z</time>
        <extensions>
          <ns3:TrackPointExtension>
            <ns3:atemp>29.0</ns3:atemp>
            <ns3:hr>124</ns3:hr>
          </ns3:TrackPointExtension>
        </extensions>
      </trkpt>
      <trkpt lat="24.47013909928500652313232421875" lon="118.1457882933318614959716796875">
        <ele>222.600006103515625</ele>
        <time>2026-09-23T11:33:00.000Z</time>
        <extensions>
          <ns3:TrackPointExtension>
            <ns3:atemp>29.0</ns3:atemp>
            <ns3:hr>124</ns3:hr>
          </ns3:TrackPointExtension>
        </extensions>
      </trkpt>
      <trkpt lat="24.47011428885161876678466796875" lon="118.14581855200231075286865234375">
        <ele>223.600006103515625</ele>
        <time>2026-09-23T11:33:07.000Z</time>
        <extensions>
          <ns3:TrackPointExtension>
            <ns3:atemp>29.0</ns3:atemp>
            <ns3:hr>124</ns3:hr>
          </ns3:TrackPointExtension>
        </extensions>
      </trkpt>
      <trkpt lat="24.47010825388133525848388671875" lon="118.145820982754230499267578125">
        <ele>223.8000030517578125</ele>
        <time>2026-09-23T11:33:08.000Z</time>
        <extensions>
          <ns3:TrackPointExtension>
            <ns3:atemp>29.0</ns3:atemp>
            <ns3:hr>124</ns3:hr>
          </ns3:TrackPointExtension>
        </extensions>
      </trkpt>
      <trkpt lat="24.4700677692890167236328125" lon="118.14580656588077545166015625">
        <ele>225</ele>
        <time>2026-09-23T11:33:14.000Z</time>
        <extensions>
          <ns3:TrackPointExtension>
            <ns3:atemp>29.0</ns3:atemp>
            <ns3:hr>125</ns3:hr>
          </ns3:TrackPointExtension>
        </extensions>
      </trkpt>
      <trkpt lat="24.47004538960754871368408203125" lon="118.14578988589346408843994140625">
        <ele>226.1999969482421875</ele>
        <time>2026-09-23T11:33:18.000Z</time>
        <extensions>
          <ns3:TrackPointExtension>
            <ns3:atemp>29.0</ns3:atemp>
            <ns3:hr>125</ns3:hr>
          </ns3:TrackPointExtension>
        </extensions>
      </trkpt>
      <trkpt lat="24.47004555724561214447021484375" lon="118.14578368328511714935302734375">
        <ele>227.399993896484375</ele>
        <time>2026-09-23T11:33:21.000Z</time>
        <extensions>
          <ns3:TrackPointExtension>
            <ns3:atemp>29.0</ns3:atemp>
            <ns3:hr>125</ns3:hr>
          </ns3:TrackPointExtension>
        </extensions>
      </trkpt>
      <trkpt lat="24.4700454734265804290771484375" lon="118.14578116871416568756103515625">
        <ele>227.399993896484375</ele>
        <time>2026-09-23T11:33:22.000Z</time>
        <extensions>
          <ns3:TrackPointExtension>
            <ns3:atemp>29.0</ns3:atemp>
            <ns3:hr>125</ns3:hr>
          </ns3:TrackPointExtension>
        </extensions>
      </trkpt>
      <trkpt lat="24.4700468145310878753662109375" lon="118.1457778997719287872314453125">
        <ele>228.399993896484375</ele>
        <time>2026-09-23T11:33:37.000Z</time>
        <extensions>
          <ns3:TrackPointExtension>
            <ns3:atemp>29.0</ns3:atemp>
            <ns3:hr>122</ns3:hr>
          </ns3:TrackPointExtension>
        </extensions>
      </trkpt>
      <trkpt lat="24.4700458087027072906494140625" lon="118.1457778997719287872314453125">
        <ele>229.600006103515625</ele>
        <time>2026-09-23T11:33:43.000Z</time>
        <extensions>
          <ns3:TrackPointExtension>
            <ns3:atemp>29.0</ns3:atemp>
            <ns3:hr>121</ns3:hr>
          </ns3:TrackPointExtension>
        </extensions>
      </trkpt>
      <trkpt lat="24.47004555724561214447021484375" lon="118.14577748067677021026611328125">
        <ele>230.600006103515625</ele>
        <time>2026-09-23T11:33:45.000Z</time>
        <extensions>
          <ns3:TrackPointExtension>
            <ns3:atemp>29.0</ns3:atemp>
            <ns3:hr>121</ns3:hr>
          </ns3:TrackPointExtension>
        </extensions>
      </trkpt>
      <trkpt lat="24.4700380973517894744873046875" lon="118.14576901495456695556640625">
        <ele>231.600006103515625</ele>
        <time>2026-09-23T11:33:47.000Z</time>
        <extensions>
          <ns3:TrackPointExtension>
            <ns3:atemp>29.0</ns3:atemp>
            <ns3:hr>121</ns3:hr>
          </ns3:TrackPointExtension>
        </extensions>
      </trkpt>
      <trkpt lat="24.4700307212769985198974609375" lon="118.14576038159430027008056640625">
        <ele>232.1999969482421875</ele>
        <time>2026-09-23T11:33:48.000Z</time>
        <extensions>
          <ns3:TrackPointExtension>
            <ns3:atemp>29.0</ns3:atemp>
            <ns3:hr>122</ns3:hr>
          </ns3:TrackPointExtension>
        </extensions>
      </trkpt>
      <trkpt lat="24.47002393193542957305908203125" lon="118.145749904215335845947265625">
        <ele>232.8000030517578125</ele>
        <time>2026-09-23T11:33:49.000Z</time>
        <extensions>
          <ns3:TrackPointExtension>
            <ns3:atemp>29.0</ns3:atemp>
            <ns3:hr>121</ns3:hr>
          </ns3:TrackPointExtension>
        </extensions>
      </trkpt>
      <trkpt lat="24.46999090723693370819091796875" lon="118.14570841379463672637939453125">
        <ele>233.1999969482421875</ele>
        <time>2026-09-23T11:33:56.000Z</time>
        <extensions>
          <ns3:TrackPointExtension>
            <ns3:atemp>29.0</ns3:atemp>
            <ns3:hr>121</ns3:hr>
          </ns3:TrackPointExtension>
        </extensions>
      </trkpt>
      <trkpt lat="24.46999157778918743133544921875" lon="118.1457088328897953033447265625">
        <ele>233.1999969482421875</ele>
        <time>2026-09-23T11:33:57.000Z</time>
        <extensions>
          <ns3:TrackPointExtension>
            <ns3:atemp>29.0</ns3:atemp>
            <ns3:hr>118</ns3:hr>
          </ns3:TrackPointExtension>
        </extensions>
      </trkpt>
      <trkpt lat="24.469991661608219146728515625" lon="118.14570732414722442626953125">
        <ele>233.1999969482421875</ele>
        <time>2026-09-23T11:33:58.000Z</time>
        <extensions>
          <ns3:TrackPointExtension>
            <ns3:atemp>29.0</ns3:atemp>
            <ns3:hr>121</ns3:hr>
          </ns3:TrackPointExtension>
        </extensions>
      </trkpt>
      <trkpt lat="24.4699697010219097137451171875" lon="118.145688213407993316650390625">
        <ele>234.1999969482421875</ele>
        <time>2026-09-23T11:34:03.000Z</time>
        <extensions>
          <ns3:TrackPointExtension>
            <ns3:atemp>29.0</ns3:atemp>
            <ns3:hr>119</ns3:hr>
          </ns3:TrackPointExtension>
        </extensions>
      </trkpt>
      <trkpt lat="24.4699640013277530670166015625" lon="118.14567790366709232330322265625">
        <ele>235.399993896484375</ele>
        <time>2026-09-23T11:34:05.000Z</time>
        <extensions>
          <ns3:TrackPointExtension>
            <ns3:atemp>29.0</ns3:atemp>
            <ns3:hr>119</ns3:hr>
          </ns3:TrackPointExtension>
        </extensions>
      </trkpt>
      <trkpt lat="24.46994413621723651885986328125" lon="118.1456749700009822845458984375">
        <ele>236.600006103515625</ele>
        <time>2026-09-23T11:34:08.000Z</time>
        <extensions>
          <ns3:TrackPointExtension>
            <ns3:atemp>29.0</ns3:atemp>
            <ns3:hr>119</ns3:hr>
          </ns3:TrackPointExtension>
        </extensions>
      </trkpt>
      <trkpt lat="24.4699210859835147857666015625" lon="118.1456799991428852081298828125">
        <ele>237.600006103515625</ele>
        <time>2026-09-23T11:34:11.000Z</time>
        <extensions>
          <ns3:TrackPointExtension>
            <ns3:atemp>29.0</ns3:atemp>
            <ns3:hr>119</ns3:hr>
          </ns3:TrackPointExtension>
        </extensions>
      </trkpt>
      <trkpt lat="24.4699066691100597381591796875" lon="118.14567773602902889251708984375">
        <ele>238.1999969482421875</ele>
        <time>2026-09-23T11:34:13.000Z</time>
        <extensions>
          <ns3:TrackPointExtension>
            <ns3:atemp>29.0</ns3:atemp>
            <ns3:hr>115</ns3:hr>
          </ns3:TrackPointExtension>
        </extensions>
      </trkpt>
      <trkpt lat="24.4698987901210784912109375" lon="118.14567689783871173858642578125">
        <ele>238.1999969482421875</ele>
        <time>2026-09-23T11:34:14.000Z</time>
        <extensions>
          <ns3:TrackPointExtension>
            <ns3:atemp>29.0</ns3:atemp>
            <ns3:hr>118</ns3:hr>
          </ns3:TrackPointExtension>
        </extensions>
      </trkpt>
      <trkpt lat="24.4698872230947017669677734375" lon="118.14567455090582370758056640625">
        <ele>239.1999969482421875</ele>
        <time>2026-09-23T11:34:16.000Z</time>
        <extensions>
          <ns3:TrackPointExtension>
            <ns3:atemp>29.0</ns3:atemp>
            <ns3:hr>119</ns3:hr>
          </ns3:TrackPointExtension>
        </extensions>
      </trkpt>
      <trkpt lat="24.46988797746598720550537109375" lon="118.145673461258411407470703125">
        <ele>239.8000030517578125</ele>
        <time>2026-09-23T11:34:21.000Z</time>
        <extensions>
          <ns3:TrackPointExtension>
            <ns3:atemp>29.0</ns3:atemp>
            <ns3:hr>117</ns3:hr>
          </ns3:TrackPointExtension>
        </extensions>
      </trkpt>
      <trkpt lat="24.46985327638685703277587890625" lon="118.1456927396357059478759765625">
        <ele>240.1999969482421875</ele>
        <time>2026-09-23T11:34:26.000Z</time>
        <extensions>
          <ns3:TrackPointExtension>
            <ns3:atemp>29.0</ns3:atemp>
            <ns3:hr>116</ns3:hr>
          </ns3:TrackPointExtension>
        </extensions>
      </trkpt>
      <trkpt lat="24.469842799007892608642578125" lon="118.1457027979195117950439453125">
        <ele>241.1999969482421875</ele>
        <time>2026-09-23T11:34:28.000Z</time>
        <extensions>
          <ns3:TrackPointExtension>
            <ns3:atemp>29.0</ns3:atemp>
            <ns3:hr>116</ns3:hr>
          </ns3:TrackPointExtension>
        </extensions>
      </trkpt>
      <trkpt lat="24.46982813067734241485595703125" lon="118.1457054801285266876220703125">
        <ele>240.600006103515625</ele>
        <time>2026-09-23T11:34:37.000Z</time>
        <extensions>
          <ns3:TrackPointExtension>
            <ns3:atemp>29.0</ns3:atemp>
            <ns3:hr>118</ns3:hr>
          </ns3:TrackPointExtension>
        </extensions>
      </trkpt>
      <trkpt lat="24.4697834551334381103515625" lon="118.1457054801285266876220703125">
        <ele>240.600006103515625</ele>
        <time>2026-09-23T11:34:45.000Z</time>
        <extensions>
          <ns3:TrackPointExtension>
            <ns3:atemp>29.0</ns3:atemp>
            <ns3:hr>120</ns3:hr>
          </ns3:TrackPointExtension>
        </extensions>
      </trkpt>
      <trkpt lat="24.46977130137383937835693359375" lon="118.14569659531116485595703125">
        <ele>241.600006103515625</ele>
        <time>2026-09-23T11:34:48.000Z</time>
        <extensions>
          <ns3:TrackPointExtension>
            <ns3:atemp>29.0</ns3:atemp>
            <ns3:hr>121</ns3:hr>
          </ns3:TrackPointExtension>
        </extensions>
      </trkpt>
      <trkpt lat="24.4697645120322704315185546875" lon="118.1456940807402133941650390625">
        <ele>242</ele>
        <time>2026-09-23T11:34:51.000Z</time>
        <extensions>
          <ns3:TrackPointExtension>
            <ns3:atemp>29.0</ns3:atemp>
            <ns3:hr>122</ns3:hr>
          </ns3:TrackPointExtension>
        </extensions>
      </trkpt>
      <trkpt lat="24.469749592244625091552734375" lon="118.14570623449981212615966796875">
        <ele>242.600006103515625</ele>
        <time>2026-09-23T11:34:53.000Z</time>
        <extensions>
          <ns3:TrackPointExtension>
            <ns3:atemp>28.0</ns3:atemp>
            <ns3:hr>122</ns3:hr>
          </ns3:TrackPointExtension>
        </extensions>
      </trkpt>
      <trkpt lat="24.46972335688769817352294921875" lon="118.1456959247589111328125">
        <ele>244.1999969482421875</ele>
        <time>2026-09-23T11:34:57.000Z</time>
        <extensions>
          <ns3:TrackPointExtension>
            <ns3:atemp>28.0</ns3:atemp>
            <ns3:hr>122</ns3:hr>
          </ns3:TrackPointExtension>
        </extensions>
      </trkpt>
      <trkpt lat="24.4697105325758457183837890625" lon="118.14568310044705867767333984375">
        <ele>245.399993896484375</ele>
        <time>2026-09-23T11:35:01.000Z</time>
        <extensions>
          <ns3:TrackPointExtension>
            <ns3:atemp>29.0</ns3:atemp>
            <ns3:hr>123</ns3:hr>
          </ns3:TrackPointExtension>
        </extensions>
      </trkpt>
      <trkpt lat="24.46971313096582889556884765625" lon="118.145674131810665130615234375">
        <ele>246</ele>
        <time>2026-09-23T11:35:05.000Z</time>
        <extensions>
          <ns3:TrackPointExtension>
            <ns3:atemp>28.0</ns3:atemp>
            <ns3:hr>123</ns3:hr>
          </ns3:TrackPointExtension>
        </extensions>
      </trkpt>
      <trkpt lat="24.4696941040456295013427734375" lon="118.145666420459747314453125">
        <ele>245.600006103515625</ele>
        <time>2026-09-23T11:35:14.000Z</time>
        <extensions>
          <ns3:TrackPointExtension>
            <ns3:atemp>28.0</ns3:atemp>
            <ns3:hr>123</ns3:hr>
          </ns3:TrackPointExtension>
        </extensions>
      </trkpt>
      <trkpt lat="24.4696941040456295013427734375" lon="118.145666420459747314453125">
        <ele>246.399993896484375</ele>
        <time>2026-09-23T11:35:20.000Z</time>
        <extensions>
          <ns3:TrackPointExtension>
            <ns3:atemp>29.0</ns3:atemp>
            <ns3:hr>124</ns3:hr>
          </ns3:TrackPointExtension>
        </extensions>
      </trkpt>
      <trkpt lat="24.4696941040456295013427734375" lon="118.145666420459747314453125">
        <ele>246.399993896484375</ele>
        <time>2026-09-23T11:35:24.000Z</time>
        <extensions>
          <ns3:TrackPointExtension>
            <ns3:atemp>28.0</ns3:atemp>
            <ns3:hr>121</ns3:hr>
          </ns3:TrackPointExtension>
        </extensions>
      </trkpt>
      <trkpt lat="24.46968496777117252349853515625" lon="118.14566818065941333770751953125">
        <ele>246.1999969482421875</ele>
        <time>2026-09-23T11:35:31.000Z</time>
        <extensions>
          <ns3:TrackPointExtension>
            <ns3:atemp>28.0</ns3:atemp>
            <ns3:hr>124</ns3:hr>
          </ns3:TrackPointExtension>
        </extensions>
      </trkpt>
      <trkpt lat="24.46963652037084102630615234375" lon="118.14568343572318553924560546875">
        <ele>245.399993896484375</ele>
        <time>2026-09-23T11:35:46.000Z</time>
        <extensions>
          <ns3:TrackPointExtension>
            <ns3:atemp>28.0</ns3:atemp>
            <ns3:hr>122</ns3:hr>
          </ns3:TrackPointExtension>
        </extensions>
      </trkpt>
      <trkpt lat="24.46962763555347919464111328125" lon="118.1457081623375415802001953125">
        <ele>244.600006103515625</ele>
        <time>2026-09-23T11:35:53.000Z</time>
        <extensions>
          <ns3:TrackPointExtension>
            <ns3:atemp>28.0</ns3:atemp>
            <ns3:hr>126</ns3:hr>
          </ns3:TrackPointExtension>
        </extensions>
      </trkpt>
      <trkpt lat="24.46962587535381317138671875" lon="118.145713023841381072998046875">
        <ele>244.600006103515625</ele>
        <time>2026-09-23T11:35:54.000Z</time>
        <extensions>
          <ns3:TrackPointExtension>
            <ns3:atemp>28.0</ns3:atemp>
            <ns3:hr>123</ns3:hr>
          </ns3:TrackPointExtension>
        </extensions>
      </trkpt>
      <trkpt lat="24.4696233607828617095947265625" lon="118.145719058811664581298828125">
        <ele>244.1999969482421875</ele>
        <time>2026-09-23T11:35:55.000Z</time>
        <extensions>
          <ns3:TrackPointExtension>
            <ns3:atemp>28.0</ns3:atemp>
            <ns3:hr>123</ns3:hr>
          </ns3:TrackPointExtension>
        </extensions>
      </trkpt>
      <trkpt lat="24.46958555839955806732177734375" lon="118.14576826058328151702880859375">
        <ele>243.600006103515625</ele>
        <time>2026-09-23T11:35:59.000Z</time>
        <extensions>
          <ns3:TrackPointExtension>
            <ns3:atemp>28.0</ns3:atemp>
            <ns3:hr>125</ns3:hr>
          </ns3:TrackPointExtension>
        </extensions>
      </trkpt>
      <trkpt lat="24.4695646874606609344482421875" lon="118.14579072408378124237060546875">
        <ele>243.399993896484375</ele>
        <time>2026-09-23T11:36:01.000Z</time>
        <extensions>
          <ns3:TrackPointExtension>
            <ns3:atemp>28.0</ns3:atemp>
            <ns3:hr>122</ns3:hr>
          </ns3:TrackPointExtension>
        </extensions>
      </trkpt>
      <trkpt lat="24.46953442879021167755126953125" lon="118.14582224003970623016357421875">
        <ele>244.399993896484375</ele>
        <time>2026-09-23T11:36:06.000Z</time>
        <extensions>
          <ns3:TrackPointExtension>
            <ns3:atemp>28.0</ns3:atemp>
            <ns3:hr>124</ns3:hr>
          </ns3:TrackPointExtension>
        </extensions>
      </trkpt>
      <trkpt lat="24.46953560225665569305419921875" lon="118.14581654034554958343505859375">
        <ele>244.8000030517578125</ele>
        <time>2026-09-23T11:36:08.000Z</time>
        <extensions>
          <ns3:TrackPointExtension>
            <ns3:atemp>28.0</ns3:atemp>
            <ns3:hr>122</ns3:hr>
          </ns3:TrackPointExtension>
        </extensions>
      </trkpt>
      <trkpt lat="24.4695204310119152069091796875" lon="118.14583078958094120025634765625">
        <ele>243.399993896484375</ele>
        <time>2026-09-23T11:36:15.000Z</time>
        <extensions>
          <ns3:TrackPointExtension>
            <ns3:atemp>28.0</ns3:atemp>
            <ns3:hr>121</ns3:hr>
          </ns3:TrackPointExtension>
        </extensions>
      </trkpt>
      <trkpt lat="24.4695184193551540374755859375" lon="118.14583498053252696990966796875">
        <ele>243.1999969482421875</ele>
        <time>2026-09-23T11:36:16.000Z</time>
        <extensions>
          <ns3:TrackPointExtension>
            <ns3:atemp>28.0</ns3:atemp>
            <ns3:hr>123</ns3:hr>
          </ns3:TrackPointExtension>
        </extensions>
      </trkpt>
      <trkpt lat="24.4694952853024005889892578125" lon="118.145843446254730224609375">
        <ele>242.8000030517578125</ele>
        <time>2026-09-23T11:36:22.000Z</time>
        <extensions>
          <ns3:TrackPointExtension>
            <ns3:atemp>28.0</ns3:atemp>
            <ns3:hr>123</ns3:hr>
          </ns3:TrackPointExtension>
        </extensions>
      </trkpt>
      <trkpt lat="24.46944993920624256134033203125" lon="118.1458600424230098724365234375">
        <ele>243.1999969482421875</ele>
        <time>2026-09-23T11:36:28.000Z</time>
        <extensions>
          <ns3:TrackPointExtension>
            <ns3:atemp>28.0</ns3:atemp>
            <ns3:hr>121</ns3:hr>
          </ns3:TrackPointExtension>
        </extensions>
      </trkpt>
      <trkpt lat="24.469433762133121490478515625" lon="118.14585995860397815704345703125">
        <ele>243.1999969482421875</ele>
        <time>2026-09-23T11:36:34.000Z</time>
        <extensions>
          <ns3:TrackPointExtension>
            <ns3:atemp>28.0</ns3:atemp>
            <ns3:hr>123</ns3:hr>
          </ns3:TrackPointExtension>
        </extensions>
      </trkpt>
      <trkpt lat="24.46941406466066837310791015625" lon="118.145872615277767181396484375">
        <ele>242</ele>
        <time>2026-09-23T11:36:40.000Z</time>
        <extensions>
          <ns3:TrackPointExtension>
            <ns3:atemp>28.0</ns3:atemp>
            <ns3:hr>122</ns3:hr>
          </ns3:TrackPointExtension>
        </extensions>
      </trkpt>
      <trkpt lat="24.469409622251987457275390625" lon="118.14587454311549663543701171875">
        <ele>241.8000030517578125</ele>
        <time>2026-09-23T11:36:41.000Z</time>
        <extensions>
          <ns3:TrackPointExtension>
            <ns3:atemp>28.0</ns3:atemp>
            <ns3:hr>122</ns3:hr>
          </ns3:TrackPointExtension>
        </extensions>
      </trkpt>
      <trkpt lat="24.469400234520435333251953125" lon="118.145893402397632598876953125">
        <ele>241</ele>
        <time>2026-09-23T11:36:45.000Z</time>
        <extensions>
          <ns3:TrackPointExtension>
            <ns3:atemp>28.0</ns3:atemp>
            <ns3:hr>119</ns3:hr>
          </ns3:TrackPointExtension>
        </extensions>
      </trkpt>
      <trkpt lat="24.46940031833946704864501953125" lon="118.14589315094053745269775390625">
        <ele>241</ele>
        <time>2026-09-23T11:36:46.000Z</time>
        <extensions>
          <ns3:TrackPointExtension>
            <ns3:atemp>28.0</ns3:atemp>
            <ns3:hr>120</ns3:hr>
          </ns3:TrackPointExtension>
        </extensions>
      </trkpt>
      <trkpt lat="24.4693947024643421173095703125" lon="118.14589968882501125335693359375">
        <ele>240.8000030517578125</ele>
        <time>2026-09-23T11:36:47.000Z</time>
        <extensions>
          <ns3:TrackPointExtension>
            <ns3:atemp>28.0</ns3:atemp>
            <ns3:hr>120</ns3:hr>
          </ns3:TrackPointExtension>
        </extensions>
      </trkpt>
      <trkpt lat="24.46939042769372463226318359375" lon="118.14592315815389156341552734375">
        <ele>240</ele>
        <time>2026-09-23T11:36:53.000Z</time>
        <extensions>
          <ns3:TrackPointExtension>
            <ns3:atemp>28.0</ns3:atemp>
            <ns3:hr>122</ns3:hr>
          </ns3:TrackPointExtension>
        </extensions>
      </trkpt>
      <trkpt lat="24.46938472799956798553466796875" lon="118.1459227390587329864501953125">
        <ele>239.600006103515625</ele>
        <time>2026-09-23T11:36:54.000Z</time>
        <extensions>
          <ns3:TrackPointExtension>
            <ns3:atemp>28.0</ns3:atemp>
            <ns3:hr>122</ns3:hr>
          </ns3:TrackPointExtension>
        </extensions>
      </trkpt>
      <trkpt lat="24.46934290230274200439453125" lon="118.1459064781665802001953125">
        <ele>239</ele>
        <time>2026-09-23T11:36:59.000Z</time>
        <extensions>
          <ns3:TrackPointExtension>
            <ns3:atemp>28.0</ns3:atemp>
            <ns3:hr>123</ns3:hr>
          </ns3:TrackPointExtension>
        </extensions>
      </trkpt>
      <trkpt lat="24.46931046433746814727783203125" lon="118.1459037959575653076171875">
        <ele>239.600006103515625</ele>
        <time>2026-09-23T11:37:06.000Z</time>
        <extensions>
          <ns3:TrackPointExtension>
            <ns3:atemp>28.0</ns3:atemp>
            <ns3:hr>123</ns3:hr>
          </ns3:TrackPointExtension>
        </extensions>
      </trkpt>
      <trkpt lat="24.46931163780391216278076171875" lon="118.1459083221852779388427734375">
        <ele>239.1999969482421875</ele>
        <time>2026-09-23T11:37:09.000Z</time>
        <extensions>
          <ns3:TrackPointExtension>
            <ns3:atemp>28.0</ns3:atemp>
            <ns3:hr>126</ns3:hr>
          </ns3:TrackPointExtension>
        </extensions>
      </trkpt>
      <trkpt lat="24.46931381709873676300048828125" lon="118.14592248760163784027099609375">
        <ele>238.600006103515625</ele>
        <time>2026-09-23T11:37:13.000Z</time>
        <extensions>
          <ns3:TrackPointExtension>
            <ns3:atemp>28.0</ns3:atemp>
            <ns3:hr>126</ns3:hr>
          </ns3:TrackPointExtension>
        </extensions>
      </trkpt>
      <trkpt lat="24.46931540966033935546875" lon="118.1459306180477142333984375">
        <ele>238</ele>
        <time>2026-09-23T11:37:15.000Z</time>
        <extensions>
          <ns3:TrackPointExtension>
            <ns3:atemp>28.0</ns3:atemp>
            <ns3:hr>125</ns3:hr>
          </ns3:TrackPointExtension>
        </extensions>
      </trkpt>
      <trkpt lat="24.46931230835616588592529296875" lon="118.14593405462801456451416015625">
        <ele>237.600006103515625</ele>
        <time>2026-09-23T11:37:17.000Z</time>
        <extensions>
          <ns3:TrackPointExtension>
            <ns3:atemp>28.0</ns3:atemp>
            <ns3:hr>125</ns3:hr>
          </ns3:TrackPointExtension>
        </extensions>
      </trkpt>
      <trkpt lat="24.46930191479623317718505859375" lon="118.14592014066874980926513671875">
        <ele>236.600006103515625</ele>
        <time>2026-09-23T11:37:23.000Z</time>
        <extensions>
          <ns3:TrackPointExtension>
            <ns3:atemp>28.0</ns3:atemp>
            <ns3:hr>128</ns3:hr>
          </ns3:TrackPointExtension>
        </extensions>
      </trkpt>
      <trkpt lat="24.46930258534848690032958984375" lon="118.14591896720230579376220703125">
        <ele>235.399993896484375</ele>
        <time>2026-09-23T11:37:27.000Z</time>
        <extensions>
          <ns3:TrackPointExtension>
            <ns3:atemp>28.0</ns3:atemp>
            <ns3:hr>128</ns3:hr>
          </ns3:TrackPointExtension>
        </extensions>
      </trkpt>
      <trkpt lat="24.46929235942661762237548828125" lon="118.14593304879963397979736328125">
        <ele>234.399993896484375</ele>
        <time>2026-09-23T11:37:31.000Z</time>
        <extensions>
          <ns3:TrackPointExtension>
            <ns3:atemp>28.0</ns3:atemp>
            <ns3:hr>128</ns3:hr>
          </ns3:TrackPointExtension>
        </extensions>
      </trkpt>
      <trkpt lat="24.469263441860675811767578125" lon="118.1459532491862773895263671875">
        <ele>234</ele>
        <time>2026-09-23T11:37:33.000Z</time>
        <extensions>
          <ns3:TrackPointExtension>
            <ns3:atemp>28.0</ns3:atemp>
            <ns3:hr>128</ns3:hr>
          </ns3:TrackPointExtension>
        </extensions>
      </trkpt>
      <trkpt lat="24.4692309200763702392578125" lon="118.1459599547088146209716796875">
        <ele>233.1999969482421875</ele>
        <time>2026-09-23T11:37:36.000Z</time>
        <extensions>
          <ns3:TrackPointExtension>
            <ns3:atemp>28.0</ns3:atemp>
            <ns3:hr>127</ns3:hr>
          </ns3:TrackPointExtension>
        </extensions>
      </trkpt>
      <trkpt lat="24.46921323426067829132080078125" lon="118.14597059972584247589111328125">
        <ele>233</ele>
        <time>2026-09-23T11:37:39.000Z</time>
        <extensions>
          <ns3:TrackPointExtension>
            <ns3:atemp>28.0</ns3:atemp>
            <ns3:hr>127</ns3:hr>
          </ns3:TrackPointExtension>
        </extensions>
      </trkpt>
      <trkpt lat="24.46919663809239864349365234375" lon="118.14597629941999912261962890625">
        <ele>233.8000030517578125</ele>
        <time>2026-09-23T11:37:44.000Z</time>
        <extensions>
          <ns3:TrackPointExtension>
            <ns3:atemp>28.0</ns3:atemp>
            <ns3:hr>126</ns3:hr>
          </ns3:TrackPointExtension>
        </extensions>
      </trkpt>
      <trkpt lat="24.4691797904670238494873046875" lon="118.14598501659929752349853515625">
        <ele>234.399993896484375</ele>
        <time>2026-09-23T11:37:46.000Z</time>
        <extensions>
          <ns3:TrackPointExtension>
            <ns3:atemp>28.0</ns3:atemp>
            <ns3:hr>125</ns3:hr>
          </ns3:TrackPointExtension>
        </extensions>
      </trkpt>
      <trkpt lat="24.46916780434548854827880859375" lon="118.14599976874887943267822265625">
        <ele>234.8000030517578125</ele>
        <time>2026-09-23T11:37:51.000Z</time>
        <extensions>
          <ns3:TrackPointExtension>
            <ns3:atemp>28.0</ns3:atemp>
            <ns3:hr>124</ns3:hr>
          </ns3:TrackPointExtension>
        </extensions>
      </trkpt>
      <trkpt lat="24.4691687263548374176025390625" lon="118.1460038758814334869384765625">
        <ele>235.1999969482421875</ele>
        <time>2026-09-23T11:37:58.000Z</time>
        <extensions>
          <ns3:TrackPointExtension>
            <ns3:atemp>28.0</ns3:atemp>
            <ns3:hr>126</ns3:hr>
          </ns3:TrackPointExtension>
        </extensions>
      </trkpt>
      <trkpt lat="24.46916847489774227142333984375" lon="118.14600530080497264862060546875">
        <ele>235.399993896484375</ele>
        <time>2026-09-23T11:38:20.000Z</time>
        <extensions>
          <ns3:TrackPointExtension>
            <ns3:atemp>28.0</ns3:atemp>
            <ns3:hr>126</ns3:hr>
          </ns3:TrackPointExtension>
        </extensions>
      </trkpt>
      <trkpt lat="24.469148777425289154052734375" lon="118.14600639045238494873046875">
        <ele>236.600006103515625</ele>
        <time>2026-09-23T11:38:32.000Z</time>
        <extensions>
          <ns3:TrackPointExtension>
            <ns3:atemp>28.0</ns3:atemp>
            <ns3:hr>128</ns3:hr>
          </ns3:TrackPointExtension>
        </extensions>
      </trkpt>
      <trkpt lat="24.469140730798244476318359375" lon="118.1460078991949558258056640625">
        <ele>237.8000030517578125</ele>
        <time>2026-09-23T11:38:37.000Z</time>
        <extensions>
          <ns3:TrackPointExtension>
            <ns3:atemp>28.0</ns3:atemp>
            <ns3:hr>126</ns3:hr>
          </ns3:TrackPointExtension>
        </extensions>
      </trkpt>
      <trkpt lat="24.46909806691110134124755859375" lon="118.14601234160363674163818359375">
        <ele>237</ele>
        <time>2026-09-23T11:38:46.000Z</time>
        <extensions>
          <ns3:TrackPointExtension>
            <ns3:atemp>28.0</ns3:atemp>
            <ns3:hr>129</ns3:hr>
          </ns3:TrackPointExtension>
        </extensions>
      </trkpt>
      <trkpt lat="24.46909613907337188720703125" lon="118.14601284451782703399658203125">
        <ele>236.8000030517578125</ele>
        <time>2026-09-23T11:38:47.000Z</time>
        <extensions>
          <ns3:TrackPointExtension>
            <ns3:atemp>28.0</ns3:atemp>
            <ns3:hr>128</ns3:hr>
          </ns3:TrackPointExtension>
        </extensions>
      </trkpt>
      <trkpt lat="24.46909722872078418731689453125" lon="118.146070428192615509033203125">
        <ele>237</ele>
        <time>2026-09-23T11:38:54.000Z</time>
        <extensions>
          <ns3:TrackPointExtension>
            <ns3:atemp>28.0</ns3:atemp>
            <ns3:hr>127</ns3:hr>
          </ns3:TrackPointExtension>
        </extensions>
      </trkpt>
      <trkpt lat="24.4690855778753757476806640625" lon="118.14610697329044342041015625">
        <ele>238</ele>
        <time>2026-09-23T11:38:57.000Z</time>
        <extensions>
          <ns3:TrackPointExtension>
            <ns3:atemp>28.0</ns3:atemp>
            <ns3:hr>127</ns3:hr>
          </ns3:TrackPointExtension>
        </extensions>
      </trkpt>
      <trkpt lat="24.46908281184732913970947265625" lon="118.14613371156156063079833984375">
        <ele>238.399993896484375</ele>
        <time>2026-09-23T11:38:59.000Z</time>
        <extensions>
          <ns3:TrackPointExtension>
            <ns3:atemp>28.0</ns3:atemp>
            <ns3:hr>128</ns3:hr>
          </ns3:TrackPointExtension>
        </extensions>
      </trkpt>
      <trkpt lat="24.46907191537320613861083984375" lon="118.14619942568242549896240234375">
        <ele>238.399993896484375</ele>
        <time>2026-09-23T11:39:06.000Z</time>
        <extensions>
          <ns3:TrackPointExtension>
            <ns3:atemp>28.0</ns3:atemp>
            <ns3:hr>126</ns3:hr>
          </ns3:TrackPointExtension>
        </extensions>
      </trkpt>
      <trkpt lat="24.4690540619194507598876953125" lon="118.14622540958225727081298828125">
        <ele>238</ele>
        <time>2026-09-23T11:39:09.000Z</time>
        <extensions>
          <ns3:TrackPointExtension>
            <ns3:atemp>28.0</ns3:atemp>
            <ns3:hr>126</ns3:hr>
          </ns3:TrackPointExtension>
        </extensions>
      </trkpt>
      <trkpt lat="24.46903201751410961151123046875" lon="118.14622742123901844024658203125">
        <ele>237.399993896484375</ele>
        <time>2026-09-23T11:39:11.000Z</time>
        <extensions>
          <ns3:TrackPointExtension>
            <ns3:atemp>28.0</ns3:atemp>
            <ns3:hr>125</ns3:hr>
          </ns3:TrackPointExtension>
        </extensions>
      </trkpt>
      <trkpt lat="24.4690297544002532958984375" lon="118.14623169600963592529296875">
        <ele>237.399993896484375</ele>
        <time>2026-09-23T11:39:12.000Z</time>
        <extensions>
          <ns3:TrackPointExtension>
            <ns3:atemp>28.0</ns3:atemp>
            <ns3:hr>125</ns3:hr>
          </ns3:TrackPointExtension>
        </extensions>
      </trkpt>
      <trkpt lat="24.46899815462529659271240234375" lon="118.14623647369444370269775390625">
        <ele>237</ele>
        <time>2026-09-23T11:39:15.000Z</time>
        <extensions>
          <ns3:TrackPointExtension>
            <ns3:atemp>28.0</ns3:atemp>
            <ns3:hr>124</ns3:hr>
          </ns3:TrackPointExtension>
        </extensions>
      </trkpt>
      <trkpt lat="24.46894652210175991058349609375" lon="118.14626899547874927520751953125">
        <ele>236.8000030517578125</ele>
        <time>2026-09-23T11:39:20.000Z</time>
        <extensions>
          <ns3:TrackPointExtension>
            <ns3:atemp>28.0</ns3:atemp>
            <ns3:hr>124</ns3:hr>
          </ns3:TrackPointExtension>
        </extensions>
      </trkpt>
      <trkpt lat="24.468884579837322235107421875" lon="118.14630386419594287872314453125">
        <ele>238</ele>
        <time>2026-09-23T11:39:29.000Z</time>
        <extensions>
          <ns3:TrackPointExtension>
            <ns3:atemp>28.0</ns3:atemp>
            <ns3:hr>125</ns3:hr>
          </ns3:TrackPointExtension>
        </extensions>
      </trkpt>
      <trkpt lat="24.468885920941829681396484375" lon="118.14635063521564006805419921875">
        <ele>236.600006103515625</ele>
        <time>2026-09-23T11:39:35.000Z</time>
        <extensions>
          <ns3:TrackPointExtension>
            <ns3:atemp>28.0</ns3:atemp>
            <ns3:hr>125</ns3:hr>
          </ns3:TrackPointExtension>
        </extensions>
      </trkpt>
      <trkpt lat="24.46888768114149570465087890625" lon="118.14636538736522197723388671875">
        <ele>236.399993896484375</ele>
        <time>2026-09-23T11:39:36.000Z</time>
        <extensions>
          <ns3:TrackPointExtension>
            <ns3:atemp>28.0</ns3:atemp>
            <ns3:hr>125</ns3:hr>
          </ns3:TrackPointExtension>
        </extensions>
      </trkpt>
      <trkpt lat="24.46889572776854038238525390625" lon="118.14639891497790813446044921875">
        <ele>236.399993896484375</ele>
        <time>2026-09-23T11:39:41.000Z</time>
        <extensions>
          <ns3:TrackPointExtension>
            <ns3:atemp>28.0</ns3:atemp>
            <ns3:hr>126</ns3:hr>
          </ns3:TrackPointExtension>
        </extensions>
      </trkpt>
      <trkpt lat="24.46889304555952548980712890625" lon="118.1464320234954357147216796875">
        <ele>236.1999969482421875</ele>
        <time>2026-09-23T11:39:46.000Z</time>
        <extensions>
          <ns3:TrackPointExtension>
            <ns3:atemp>28.0</ns3:atemp>
            <ns3:hr>127</ns3:hr>
          </ns3:TrackPointExtension>
        </extensions>
      </trkpt>
      <trkpt lat="24.4688944704830646514892578125" lon="118.1464450992643833160400390625">
        <ele>235.8000030517578125</ele>
        <time>2026-09-23T11:39:48.000Z</time>
        <extensions>
          <ns3:TrackPointExtension>
            <ns3:atemp>28.0</ns3:atemp>
            <ns3:hr>127</ns3:hr>
          </ns3:TrackPointExtension>
        </extensions>
      </trkpt>
      <trkpt lat="24.468869157135486602783203125" lon="118.14646949060261249542236328125">
        <ele>236.1999969482421875</ele>
        <time>2026-09-23T11:39:54.000Z</time>
        <extensions>
          <ns3:TrackPointExtension>
            <ns3:atemp>28.0</ns3:atemp>
            <ns3:hr>128</ns3:hr>
          </ns3:TrackPointExtension>
        </extensions>
      </trkpt>
      <trkpt lat="24.46887091733515262603759765625" lon="118.14649212174117565155029296875">
        <ele>237</ele>
        <time>2026-09-23T11:39:57.000Z</time>
        <extensions>
          <ns3:TrackPointExtension>
            <ns3:atemp>28.0</ns3:atemp>
            <ns3:hr>128</ns3:hr>
          </ns3:TrackPointExtension>
        </extensions>
      </trkpt>
      <trkpt lat="24.46887058205902576446533203125" lon="118.14650016836822032928466796875">
        <ele>237</ele>
        <time>2026-09-23T11:39:59.000Z</time>
        <extensions>
          <ns3:TrackPointExtension>
            <ns3:atemp>28.0</ns3:atemp>
            <ns3:hr>129</ns3:hr>
          </ns3:TrackPointExtension>
        </extensions>
      </trkpt>
      <trkpt lat="24.4688713364303112030029296875" lon="118.146499581634998321533203125">
        <ele>237.399993896484375</ele>
        <time>2026-09-23T11:40:08.000Z</time>
        <extensions>
          <ns3:TrackPointExtension>
            <ns3:atemp>28.0</ns3:atemp>
            <ns3:hr>125</ns3:hr>
          </ns3:TrackPointExtension>
        </extensions>
      </trkpt>
      <trkpt lat="24.4688713364303112030029296875" lon="118.146499581634998321533203125">
        <ele>237.1999969482421875</ele>
        <time>2026-09-23T11:40:09.000Z</time>
        <extensions>
          <ns3:TrackPointExtension>
            <ns3:atemp>28.0</ns3:atemp>
            <ns3:hr>123</ns3:hr>
          </ns3:TrackPointExtension>
        </extensions>
      </trkpt>
      <trkpt lat="24.46883596479892730712890625" lon="118.14653755165636539459228515625">
        <ele>237.600006103515625</ele>
        <time>2026-09-23T11:40:20.000Z</time>
        <extensions>
          <ns3:TrackPointExtension>
            <ns3:atemp>28.0</ns3:atemp>
            <ns3:hr>122</ns3:hr>
          </ns3:TrackPointExtension>
        </extensions>
      </trkpt>
      <trkpt lat="24.4687975756824016571044921875" lon="118.1465684808790683746337890625">
        <ele>238</ele>
        <time>2026-09-23T11:40:25.000Z</time>
        <extensions>
          <ns3:TrackPointExtension>
            <ns3:atemp>28.0</ns3:atemp>
            <ns3:hr>121</ns3:hr>
          </ns3:TrackPointExtension>
        </extensions>
      </trkpt>
      <trkpt lat="24.46879480965435504913330078125" lon="118.1465617753565311431884765625">
        <ele>238.1999969482421875</ele>
        <time>2026-09-23T11:40:28.000Z</time>
        <extensions>
          <ns3:TrackPointExtension>
            <ns3:atemp>28.0</ns3:atemp>
            <ns3:hr>122</ns3:hr>
          </ns3:TrackPointExtension>
        </extensions>
      </trkpt>
      <trkpt lat="24.46878290735185146331787109375" lon="118.1465453468263149261474609375">
        <ele>239.1999969482421875</ele>
        <time>2026-09-23T11:40:35.000Z</time>
        <extensions>
          <ns3:TrackPointExtension>
            <ns3:atemp>28.0</ns3:atemp>
            <ns3:hr>125</ns3:hr>
          </ns3:TrackPointExtension>
        </extensions>
      </trkpt>
      <trkpt lat="24.46877771057188510894775390625" lon="118.1465359590947628021240234375">
        <ele>240.1999969482421875</ele>
        <time>2026-09-23T11:40:37.000Z</time>
        <extensions>
          <ns3:TrackPointExtension>
            <ns3:atemp>28.0</ns3:atemp>
            <ns3:hr>122</ns3:hr>
          </ns3:TrackPointExtension>
        </extensions>
      </trkpt>
      <trkpt lat="24.4687647186219692230224609375" lon="118.14652447588741779327392578125">
        <ele>241.1999969482421875</ele>
        <time>2026-09-23T11:40:40.000Z</time>
        <extensions>
          <ns3:TrackPointExtension>
            <ns3:atemp>28.0</ns3:atemp>
            <ns3:hr>122</ns3:hr>
          </ns3:TrackPointExtension>
        </extensions>
      </trkpt>
      <trkpt lat="24.468749798834323883056640625" lon="118.1465094722807407379150390625">
        <ele>242.399993896484375</ele>
        <time>2026-09-23T11:40:44.000Z</time>
        <extensions>
          <ns3:TrackPointExtension>
            <ns3:atemp>28.0</ns3:atemp>
            <ns3:hr>120</ns3:hr>
          </ns3:TrackPointExtension>
        </extensions>
      </trkpt>
      <trkpt lat="24.46875013411045074462890625" lon="118.14651064574718475341796875">
        <ele>242.8000030517578125</ele>
        <time>2026-09-23T11:40:45.000Z</time>
        <extensions>
          <ns3:TrackPointExtension>
            <ns3:atemp>28.0</ns3:atemp>
            <ns3:hr>122</ns3:hr>
          </ns3:TrackPointExtension>
        </extensions>
      </trkpt>
      <trkpt lat="24.46873404085636138916015625" lon="118.1465088017284870147705078125">
        <ele>243.600006103515625</ele>
        <time>2026-09-23T11:40:49.000Z</time>
        <extensions>
          <ns3:TrackPointExtension>
            <ns3:atemp>28.0</ns3:atemp>
            <ns3:hr>118</ns3:hr>
          </ns3:TrackPointExtension>
        </extensions>
      </trkpt>
      <trkpt lat="24.46870931424200534820556640625" lon="118.1465019285678863525390625">
        <ele>244.600006103515625</ele>
        <time>2026-09-23T11:40:54.000Z</time>
        <extensions>
          <ns3:TrackPointExtension>
            <ns3:atemp>28.0</ns3:atemp>
            <ns3:hr>119</ns3:hr>
          </ns3:TrackPointExtension>
        </extensions>
      </trkpt>
      <trkpt lat="24.46867846883833408355712890625" lon="118.14650050364434719085693359375">
        <ele>245.8000030517578125</ele>
        <time>2026-09-23T11:40:58.000Z</time>
        <extensions>
          <ns3:TrackPointExtension>
            <ns3:atemp>28.0</ns3:atemp>
            <ns3:hr>120</ns3:hr>
          </ns3:TrackPointExtension>
        </extensions>
      </trkpt>
      <trkpt lat="24.46865667589008808135986328125" lon="118.14651156775653362274169921875">
        <ele>246.8000030517578125</ele>
        <time>2026-09-23T11:41:02.000Z</time>
        <extensions>
          <ns3:TrackPointExtension>
            <ns3:atemp>28.0</ns3:atemp>
            <ns3:hr>120</ns3:hr>
          </ns3:TrackPointExtension>
        </extensions>
      </trkpt>
      <trkpt lat="24.46864644996821880340576171875" lon="118.1465171836316585540771484375">
        <ele>247</ele>
        <time>2026-09-23T11:41:04.000Z</time>
        <extensions>
          <ns3:TrackPointExtension>
            <ns3:atemp>28.0</ns3:atemp>
            <ns3:hr>120</ns3:hr>
          </ns3:TrackPointExtension>
        </extensions>
      </trkpt>
      <trkpt lat="24.46863991208374500274658203125" lon="118.14651559107005596160888671875">
        <ele>246.8000030517578125</ele>
        <time>2026-09-23T11:41:09.000Z</time>
        <extensions>
          <ns3:TrackPointExtension>
            <ns3:atemp>28.0</ns3:atemp>
            <ns3:hr>123</ns3:hr>
          </ns3:TrackPointExtension>
        </extensions>
      </trkpt>
      <trkpt lat="24.46863940916955471038818359375" lon="118.14651542343199253082275390625">
        <ele>246.600006103515625</ele>
        <time>2026-09-23T11:41:10.000Z</time>
        <extensions>
          <ns3:TrackPointExtension>
            <ns3:atemp>28.0</ns3:atemp>
            <ns3:hr>121</ns3:hr>
          </ns3:TrackPointExtension>
        </extensions>
      </trkpt>
      <trkpt lat="24.46863479912281036376953125" lon="118.14650989137589931488037109375">
        <ele>247</ele>
        <time>2026-09-23T11:41:22.000Z</time>
        <extensions>
          <ns3:TrackPointExtension>
            <ns3:atemp>28.0</ns3:atemp>
            <ns3:hr>117</ns3:hr>
          </ns3:TrackPointExtension>
        </extensions>
      </trkpt>
      <trkpt lat="24.46863479912281036376953125" lon="118.14650989137589931488037109375">
        <ele>247</ele>
        <time>2026-09-23T11:41:23.000Z</time>
        <extensions>
          <ns3:TrackPointExtension>
            <ns3:atemp>28.0</ns3:atemp>
            <ns3:hr>117</ns3:hr>
          </ns3:TrackPointExtension>
        </extensions>
      </trkpt>
      <trkpt lat="24.46863203309476375579833984375" lon="118.14651274122297763824462890625">
        <ele>247.1999969482421875</ele>
        <time>2026-09-23T11:41:40.000Z</time>
        <extensions>
          <ns3:TrackPointExtension>
            <ns3:atemp>28.0</ns3:atemp>
            <ns3:hr>114</ns3:hr>
          </ns3:TrackPointExtension>
        </extensions>
      </trkpt>
      <trkpt lat="24.468631446361541748046875" lon="118.1465141661465167999267578125">
        <ele>247.399993896484375</ele>
        <time>2026-09-23T11:41:50.000Z</time>
        <extensions>
          <ns3:TrackPointExtension>
            <ns3:atemp>28.0</ns3:atemp>
            <ns3:hr>111</ns3:hr>
          </ns3:TrackPointExtension>
        </extensions>
      </trkpt>
      <trkpt lat="24.4686309434473514556884765625" lon="118.14651601016521453857421875">
        <ele>247.399993896484375</ele>
        <time>2026-09-23T11:41:55.000Z</time>
        <extensions>
          <ns3:TrackPointExtension>
            <ns3:atemp>28.0</ns3:atemp>
            <ns3:hr>108</ns3:hr>
          </ns3:TrackPointExtension>
        </extensions>
      </trkpt>
      <trkpt lat="24.468629099428653717041015625" lon="118.14653285779058933258056640625">
        <ele>248</ele>
        <time>2026-09-23T11:42:04.000Z</time>
        <extensions>
          <ns3:TrackPointExtension>
            <ns3:atemp>28.0</ns3:atemp>
            <ns3:hr>106</ns3:hr>
          </ns3:TrackPointExtension>
        </extensions>
      </trkpt>
      <trkpt lat="24.4685970805585384368896484375" lon="118.1465319357812404632568359375">
        <ele>249</ele>
        <time>2026-09-23T11:42:09.000Z</time>
        <extensions>
          <ns3:TrackPointExtension>
            <ns3:atemp>28.0</ns3:atemp>
            <ns3:hr>105</ns3:hr>
          </ns3:TrackPointExtension>
        </extensions>
      </trkpt>
      <trkpt lat="24.46853999979794025421142578125" lon="118.1465041078627109527587890625">
        <ele>250</ele>
        <time>2026-09-23T11:42:13.000Z</time>
        <extensions>
          <ns3:TrackPointExtension>
            <ns3:atemp>29.0</ns3:atemp>
            <ns3:hr>110</ns3:hr>
          </ns3:TrackPointExtension>
        </extensions>
      </trkpt>
      <trkpt lat="24.46852994151413440704345703125" lon="118.14649245701730251312255859375">
        <ele>250.399993896484375</ele>
        <time>2026-09-23T11:42:14.000Z</time>
        <extensions>
          <ns3:TrackPointExtension>
            <ns3:atemp>28.0</ns3:atemp>
            <ns3:hr>109</ns3:hr>
          </ns3:TrackPointExtension>
        </extensions>
      </trkpt>
      <trkpt lat="24.46851468645036220550537109375" lon="118.14646211452782154083251953125">
        <ele>250.600006103515625</ele>
        <time>2026-09-23T11:42:16.000Z</time>
        <extensions>
          <ns3:TrackPointExtension>
            <ns3:atemp>28.0</ns3:atemp>
            <ns3:hr>110</ns3:hr>
          </ns3:TrackPointExtension>
        </extensions>
      </trkpt>
      <trkpt lat="24.4685142673552036285400390625" lon="118.14643059857189655303955078125">
        <ele>250.600006103515625</ele>
        <time>2026-09-23T11:42:19.000Z</time>
        <extensions>
          <ns3:TrackPointExtension>
            <ns3:atemp>29.0</ns3:atemp>
            <ns3:hr>113</ns3:hr>
          </ns3:TrackPointExtension>
        </extensions>
      </trkpt>
      <trkpt lat="24.46851066313683986663818359375" lon="118.14640578813850879669189453125">
        <ele>251.1999969482421875</ele>
        <time>2026-09-23T11:42:24.000Z</time>
        <extensions>
          <ns3:TrackPointExtension>
            <ns3:atemp>29.0</ns3:atemp>
            <ns3:hr>116</ns3:hr>
          </ns3:TrackPointExtension>
        </extensions>
      </trkpt>
      <trkpt lat="24.46850898675620555877685546875" lon="118.14640277065336704254150390625">
        <ele>251.1999969482421875</ele>
        <time>2026-09-23T11:42:25.000Z</time>
        <extensions>
          <ns3:TrackPointExtension>
            <ns3:atemp>28.0</ns3:atemp>
            <ns3:hr>117</ns3:hr>
          </ns3:TrackPointExtension>
        </extensions>
      </trkpt>
      <trkpt lat="24.4685062207281589508056640625" lon="118.14639740623533725738525390625">
        <ele>251.399993896484375</ele>
        <time>2026-09-23T11:42:26.000Z</time>
        <extensions>
          <ns3:TrackPointExtension>
            <ns3:atemp>29.0</ns3:atemp>
            <ns3:hr>116</ns3:hr>
          </ns3:TrackPointExtension>
        </extensions>
      </trkpt>
      <trkpt lat="24.46848954074084758758544921875" lon="118.1463865935802459716796875">
        <ele>252.399993896484375</ele>
        <time>2026-09-23T11:42:31.000Z</time>
        <extensions>
          <ns3:TrackPointExtension>
            <ns3:atemp>29.0</ns3:atemp>
            <ns3:hr>118</ns3:hr>
          </ns3:TrackPointExtension>
        </extensions>
      </trkpt>
      <trkpt lat="24.4684807397425174713134765625" lon="118.1463813968002796173095703125">
        <ele>252.8000030517578125</ele>
        <time>2026-09-23T11:42:33.000Z</time>
        <extensions>
          <ns3:TrackPointExtension>
            <ns3:atemp>28.0</ns3:atemp>
            <ns3:hr>118</ns3:hr>
          </ns3:TrackPointExtension>
        </extensions>
      </trkpt>
      <trkpt lat="24.4684663228690624237060546875" lon="118.14636488445103168487548828125">
        <ele>253.8000030517578125</ele>
        <time>2026-09-23T11:42:35.000Z</time>
        <extensions>
          <ns3:TrackPointExtension>
            <ns3:atemp>29.0</ns3:atemp>
            <ns3:hr>117</ns3:hr>
          </ns3:TrackPointExtension>
        </extensions>
      </trkpt>
      <trkpt lat="24.46844813413918018341064453125" lon="118.14635549671947956085205078125">
        <ele>254.8000030517578125</ele>
        <time>2026-09-23T11:42:39.000Z</time>
        <extensions>
          <ns3:TrackPointExtension>
            <ns3:atemp>29.0</ns3:atemp>
            <ns3:hr>119</ns3:hr>
          </ns3:TrackPointExtension>
        </extensions>
      </trkpt>
      <trkpt lat="24.46845098398625850677490234375" lon="118.14634141512215137481689453125">
        <ele>255</ele>
        <time>2026-09-23T11:42:41.000Z</time>
        <extensions>
          <ns3:TrackPointExtension>
            <ns3:atemp>28.0</ns3:atemp>
            <ns3:hr>119</ns3:hr>
          </ns3:TrackPointExtension>
        </extensions>
      </trkpt>
      <trkpt lat="24.46843841113150119781494140625" lon="118.14634510315954685211181640625">
        <ele>255.8000030517578125</ele>
        <time>2026-09-23T11:42:44.000Z</time>
        <extensions>
          <ns3:TrackPointExtension>
            <ns3:atemp>28.0</ns3:atemp>
            <ns3:hr>120</ns3:hr>
          </ns3:TrackPointExtension>
        </extensions>
      </trkpt>
      <trkpt lat="24.468433298170566558837890625" lon="118.14633890055119991302490234375">
        <ele>256.600006103515625</ele>
        <time>2026-09-23T11:42:46.000Z</time>
        <extensions>
          <ns3:TrackPointExtension>
            <ns3:atemp>29.0</ns3:atemp>
            <ns3:hr>120</ns3:hr>
          </ns3:TrackPointExtension>
        </extensions>
      </trkpt>
      <trkpt lat="24.46842164732515811920166015625" lon="118.146334625780582427978515625">
        <ele>257</ele>
        <time>2026-09-23T11:42:49.000Z</time>
        <extensions>
          <ns3:TrackPointExtension>
            <ns3:atemp>28.0</ns3:atemp>
            <ns3:hr>121</ns3:hr>
          </ns3:TrackPointExtension>
        </extensions>
      </trkpt>
      <trkpt lat="24.46840086020529270172119140625" lon="118.14630956389009952545166015625">
        <ele>258.20001220703125</ele>
        <time>2026-09-23T11:42:53.000Z</time>
        <extensions>
          <ns3:TrackPointExtension>
            <ns3:atemp>28.0</ns3:atemp>
            <ns3:hr>122</ns3:hr>
          </ns3:TrackPointExtension>
        </extensions>
      </trkpt>
      <trkpt lat="24.46837454102933406829833984375" lon="118.1463200412690639495849609375">
        <ele>258.399993896484375</ele>
        <time>2026-09-23T11:42:58.000Z</time>
        <extensions>
          <ns3:TrackPointExtension>
            <ns3:atemp>28.0</ns3:atemp>
            <ns3:hr>121</ns3:hr>
          </ns3:TrackPointExtension>
        </extensions>
      </trkpt>
      <trkpt lat="24.4683516584336757659912109375" lon="118.146340660750865936279296875">
        <ele>258.600006103515625</ele>
        <time>2026-09-23T11:43:03.000Z</time>
        <extensions>
          <ns3:TrackPointExtension>
            <ns3:atemp>28.0</ns3:atemp>
            <ns3:hr>120</ns3:hr>
          </ns3:TrackPointExtension>
        </extensions>
      </trkpt>
      <trkpt lat="24.46833833120763301849365234375" lon="118.14634527079761028289794921875">
        <ele>259.399993896484375</ele>
        <time>2026-09-23T11:43:06.000Z</time>
        <extensions>
          <ns3:TrackPointExtension>
            <ns3:atemp>28.0</ns3:atemp>
            <ns3:hr>123</ns3:hr>
          </ns3:TrackPointExtension>
        </extensions>
      </trkpt>
      <trkpt lat="24.4683144427835941314697265625" lon="118.14636974595487117767333984375">
        <ele>260.399993896484375</ele>
        <time>2026-09-23T11:43:11.000Z</time>
        <extensions>
          <ns3:TrackPointExtension>
            <ns3:atemp>28.0</ns3:atemp>
            <ns3:hr>120</ns3:hr>
          </ns3:TrackPointExtension>
        </extensions>
      </trkpt>
      <trkpt lat="24.4683094136416912078857421875" lon="118.14637024886906147003173828125">
        <ele>260.600006103515625</ele>
        <time>2026-09-23T11:43:12.000Z</time>
        <extensions>
          <ns3:TrackPointExtension>
            <ns3:atemp>28.0</ns3:atemp>
            <ns3:hr>120</ns3:hr>
          </ns3:TrackPointExtension>
        </extensions>
      </trkpt>
      <trkpt lat="24.46827177889645099639892578125" lon="118.14638365991413593292236328125">
        <ele>261.600006103515625</ele>
        <time>2026-09-23T11:43:16.000Z</time>
        <extensions>
          <ns3:TrackPointExtension>
            <ns3:atemp>28.0</ns3:atemp>
            <ns3:hr>120</ns3:hr>
          </ns3:TrackPointExtension>
        </extensions>
      </trkpt>
      <trkpt lat="24.46825585328042507171630859375" lon="118.14639371819794178009033203125">
        <ele>262</ele>
        <time>2026-09-23T11:43:18.000Z</time>
        <extensions>
          <ns3:TrackPointExtension>
            <ns3:atemp>28.0</ns3:atemp>
            <ns3:hr>119</ns3:hr>
          </ns3:TrackPointExtension>
        </extensions>
      </trkpt>
      <trkpt lat="24.468250572681427001953125" lon="118.14640335738658905029296875">
        <ele>262.20001220703125</ele>
        <time>2026-09-23T11:43:19.000Z</time>
        <extensions>
          <ns3:TrackPointExtension>
            <ns3:atemp>28.0</ns3:atemp>
            <ns3:hr>122</ns3:hr>
          </ns3:TrackPointExtension>
        </extensions>
      </trkpt>
      <trkpt lat="24.46823188103735446929931640625" lon="118.1464192830026149749755859375">
        <ele>262.600006103515625</ele>
        <time>2026-09-23T11:43:22.000Z</time>
        <extensions>
          <ns3:TrackPointExtension>
            <ns3:atemp>28.0</ns3:atemp>
            <ns3:hr>119</ns3:hr>
          </ns3:TrackPointExtension>
        </extensions>
      </trkpt>
      <trkpt lat="24.46821947582066059112548828125" lon="118.1464357115328311920166015625">
        <ele>262.600006103515625</ele>
        <time>2026-09-23T11:43:24.000Z</time>
        <extensions>
          <ns3:TrackPointExtension>
            <ns3:atemp>28.0</ns3:atemp>
            <ns3:hr>119</ns3:hr>
          </ns3:TrackPointExtension>
        </extensions>
      </trkpt>
      <trkpt lat="24.4682145304977893829345703125" lon="118.1464414112269878387451171875">
        <ele>262.79998779296875</ele>
        <time>2026-09-23T11:43:25.000Z</time>
        <extensions>
          <ns3:TrackPointExtension>
            <ns3:atemp>29.0</ns3:atemp>
            <ns3:hr>119</ns3:hr>
          </ns3:TrackPointExtension>
        </extensions>
      </trkpt>
      <trkpt lat="24.468203969299793243408203125" lon="118.1464816443622112274169921875">
        <ele>262.600006103515625</ele>
        <time>2026-09-23T11:43:30.000Z</time>
        <extensions>
          <ns3:TrackPointExtension>
            <ns3:atemp>28.0</ns3:atemp>
            <ns3:hr>122</ns3:hr>
          </ns3:TrackPointExtension>
        </extensions>
      </trkpt>
      <trkpt lat="24.468201287090778350830078125" lon="118.14649078063666820526123046875">
        <ele>262.399993896484375</ele>
        <time>2026-09-23T11:43:31.000Z</time>
        <extensions>
          <ns3:TrackPointExtension>
            <ns3:atemp>28.0</ns3:atemp>
            <ns3:hr>117</ns3:hr>
          </ns3:TrackPointExtension>
        </extensions>
      </trkpt>
      <trkpt lat="24.46819734759628772735595703125" lon="118.146500922739505767822265625">
        <ele>262.399993896484375</ele>
        <time>2026-09-23T11:43:32.000Z</time>
        <extensions>
          <ns3:TrackPointExtension>
            <ns3:atemp>28.0</ns3:atemp>
            <ns3:hr>120</ns3:hr>
          </ns3:TrackPointExtension>
        </extensions>
      </trkpt>
      <trkpt lat="24.46818955242633819580078125" lon="118.14651307649910449981689453125">
        <ele>262.399993896484375</ele>
        <time>2026-09-23T11:43:33.000Z</time>
        <extensions>
          <ns3:TrackPointExtension>
            <ns3:atemp>28.0</ns3:atemp>
            <ns3:hr>120</ns3:hr>
          </ns3:TrackPointExtension>
        </extensions>
      </trkpt>
      <trkpt lat="24.468154013156890869140625" lon="118.14656688831746578216552734375">
        <ele>261.600006103515625</ele>
        <time>2026-09-23T11:43:39.000Z</time>
        <extensions>
          <ns3:TrackPointExtension>
            <ns3:atemp>28.0</ns3:atemp>
            <ns3:hr>124</ns3:hr>
          </ns3:TrackPointExtension>
        </extensions>
      </trkpt>
      <trkpt lat="24.46813330985605716705322265625" lon="118.14657040871679782867431640625">
        <ele>261.600006103515625</ele>
        <time>2026-09-23T11:43:41.000Z</time>
        <extensions>
          <ns3:TrackPointExtension>
            <ns3:atemp>28.0</ns3:atemp>
            <ns3:hr>122</ns3:hr>
          </ns3:TrackPointExtension>
        </extensions>
      </trkpt>
      <trkpt lat="24.46812358684837818145751953125" lon="118.14657024107873439788818359375">
        <ele>261.600006103515625</ele>
        <time>2026-09-23T11:43:42.000Z</time>
        <extensions>
          <ns3:TrackPointExtension>
            <ns3:atemp>28.0</ns3:atemp>
            <ns3:hr>124</ns3:hr>
          </ns3:TrackPointExtension>
        </extensions>
      </trkpt>
      <trkpt lat="24.46811554022133350372314453125" lon="118.14657107926905155181884765625">
        <ele>261.600006103515625</ele>
        <time>2026-09-23T11:43:43.000Z</time>
        <extensions>
          <ns3:TrackPointExtension>
            <ns3:atemp>28.0</ns3:atemp>
            <ns3:hr>121</ns3:hr>
          </ns3:TrackPointExtension>
        </extensions>
      </trkpt>
      <trkpt lat="24.46808251552283763885498046875" lon="118.14659756608307361602783203125">
        <ele>261.600006103515625</ele>
        <time>2026-09-23T11:43:48.000Z</time>
        <extensions>
          <ns3:TrackPointExtension>
            <ns3:atemp>28.0</ns3:atemp>
            <ns3:hr>121</ns3:hr>
          </ns3:TrackPointExtension>
        </extensions>
      </trkpt>
      <trkpt lat="24.46806306950747966766357421875" lon="118.14662673510611057281494140625">
        <ele>261.399993896484375</ele>
        <time>2026-09-23T11:43:51.000Z</time>
        <extensions>
          <ns3:TrackPointExtension>
            <ns3:atemp>28.0</ns3:atemp>
            <ns3:hr>121</ns3:hr>
          </ns3:TrackPointExtension>
        </extensions>
      </trkpt>
      <trkpt lat="24.468067176640033721923828125" lon="118.1466677226126194000244140625">
        <ele>261.20001220703125</ele>
        <time>2026-09-23T11:43:54.000Z</time>
        <extensions>
          <ns3:TrackPointExtension>
            <ns3:atemp>28.0</ns3:atemp>
            <ns3:hr>121</ns3:hr>
          </ns3:TrackPointExtension>
        </extensions>
      </trkpt>
      <trkpt lat="24.46805988438427448272705078125" lon="118.1466781161725521087646484375">
        <ele>261</ele>
        <time>2026-09-23T11:43:55.000Z</time>
        <extensions>
          <ns3:TrackPointExtension>
            <ns3:atemp>28.0</ns3:atemp>
            <ns3:hr>121</ns3:hr>
          </ns3:TrackPointExtension>
        </extensions>
      </trkpt>
      <trkpt lat="24.46804479695856571197509765625" lon="118.14669429324567317962646484375">
        <ele>260.79998779296875</ele>
        <time>2026-09-23T11:43:57.000Z</time>
        <extensions>
          <ns3:TrackPointExtension>
            <ns3:atemp>28.0</ns3:atemp>
            <ns3:hr>121</ns3:hr>
          </ns3:TrackPointExtension>
        </extensions>
      </trkpt>
      <trkpt lat="24.46803960017859935760498046875" lon="118.1466952152550220489501953125">
        <ele>260.600006103515625</ele>
        <time>2026-09-23T11:43:58.000Z</time>
        <extensions>
          <ns3:TrackPointExtension>
            <ns3:atemp>28.0</ns3:atemp>
            <ns3:hr>121</ns3:hr>
          </ns3:TrackPointExtension>
        </extensions>
      </trkpt>
      <trkpt lat="24.468031637370586395263671875" lon="118.1467004120349884033203125">
        <ele>260.399993896484375</ele>
        <time>2026-09-23T11:44:01.000Z</time>
        <extensions>
          <ns3:TrackPointExtension>
            <ns3:atemp>28.0</ns3:atemp>
            <ns3:hr>121</ns3:hr>
          </ns3:TrackPointExtension>
        </extensions>
      </trkpt>
      <trkpt lat="24.4679808430373668670654296875" lon="118.14676905982196331024169921875">
        <ele>259.79998779296875</ele>
        <time>2026-09-23T11:44:07.000Z</time>
        <extensions>
          <ns3:TrackPointExtension>
            <ns3:atemp>28.0</ns3:atemp>
            <ns3:hr>122</ns3:hr>
          </ns3:TrackPointExtension>
        </extensions>
      </trkpt>
      <trkpt lat="24.46796433068811893463134765625" lon="118.1467756815254688262939453125">
        <ele>259.600006103515625</ele>
        <time>2026-09-23T11:44:08.000Z</time>
        <extensions>
          <ns3:TrackPointExtension>
            <ns3:atemp>28.0</ns3:atemp>
            <ns3:hr>122</ns3:hr>
          </ns3:TrackPointExtension>
        </extensions>
      </trkpt>
      <trkpt lat="24.4679546914994716644287109375" lon="118.14677744172513484954833984375">
        <ele>259.600006103515625</ele>
        <time>2026-09-23T11:44:09.000Z</time>
        <extensions>
          <ns3:TrackPointExtension>
            <ns3:atemp>28.0</ns3:atemp>
            <ns3:hr>122</ns3:hr>
          </ns3:TrackPointExtension>
        </extensions>
      </trkpt>
      <trkpt lat="24.46793315000832080841064453125" lon="118.14678699709475040435791015625">
        <ele>258.600006103515625</ele>
        <time>2026-09-23T11:44:14.000Z</time>
        <extensions>
          <ns3:TrackPointExtension>
            <ns3:atemp>28.0</ns3:atemp>
            <ns3:hr>120</ns3:hr>
          </ns3:TrackPointExtension>
        </extensions>
      </trkpt>
      <trkpt lat="24.4679332338273525238037109375" lon="118.1467890925705432891845703125">
        <ele>258.20001220703125</ele>
        <time>2026-09-23T11:44:15.000Z</time>
        <extensions>
          <ns3:TrackPointExtension>
            <ns3:atemp>28.0</ns3:atemp>
            <ns3:hr>120</ns3:hr>
          </ns3:TrackPointExtension>
        </extensions>
      </trkpt>
      <trkpt lat="24.46794086135923862457275390625" lon="118.1467998214066028594970703125">
        <ele>257.399993896484375</ele>
        <time>2026-09-23T11:44:21.000Z</time>
        <extensions>
          <ns3:TrackPointExtension>
            <ns3:atemp>28.0</ns3:atemp>
            <ns3:hr>121</ns3:hr>
          </ns3:TrackPointExtension>
        </extensions>
      </trkpt>
      <trkpt lat="24.467941783368587493896484375" lon="118.14680107869207859039306640625">
        <ele>257</ele>
        <time>2026-09-23T11:44:22.000Z</time>
        <extensions>
          <ns3:TrackPointExtension>
            <ns3:atemp>28.0</ns3:atemp>
            <ns3:hr>121</ns3:hr>
          </ns3:TrackPointExtension>
        </extensions>
      </trkpt>
      <trkpt lat="24.4679369218647480010986328125" lon="118.14680568873882293701171875">
        <ele>255.8000030517578125</ele>
        <time>2026-09-23T11:44:27.000Z</time>
        <extensions>
          <ns3:TrackPointExtension>
            <ns3:atemp>28.0</ns3:atemp>
            <ns3:hr>122</ns3:hr>
          </ns3:TrackPointExtension>
        </extensions>
      </trkpt>
      <trkpt lat="24.46793667040765285491943359375" lon="118.1468061916530132293701171875">
        <ele>255.399993896484375</ele>
        <time>2026-09-23T11:44:30.000Z</time>
        <extensions>
          <ns3:TrackPointExtension>
            <ns3:atemp>28.0</ns3:atemp>
            <ns3:hr>121</ns3:hr>
          </ns3:TrackPointExtension>
        </extensions>
      </trkpt>
      <trkpt lat="24.46793667040765285491943359375" lon="118.1468061916530132293701171875">
        <ele>254.600006103515625</ele>
        <time>2026-09-23T11:44:35.000Z</time>
        <extensions>
          <ns3:TrackPointExtension>
            <ns3:atemp>28.0</ns3:atemp>
            <ns3:hr>121</ns3:hr>
          </ns3:TrackPointExtension>
        </extensions>
      </trkpt>
      <trkpt lat="24.4679526798427104949951171875" lon="118.146836869418621063232421875">
        <ele>253.8000030517578125</ele>
        <time>2026-09-23T11:44:40.000Z</time>
        <extensions>
          <ns3:TrackPointExtension>
            <ns3:atemp>28.0</ns3:atemp>
            <ns3:hr>121</ns3:hr>
          </ns3:TrackPointExtension>
        </extensions>
      </trkpt>
      <trkpt lat="24.46796952746808528900146484375" lon="118.14686201512813568115234375">
        <ele>254.399993896484375</ele>
        <time>2026-09-23T11:44:45.000Z</time>
        <extensions>
          <ns3:TrackPointExtension>
            <ns3:atemp>28.0</ns3:atemp>
            <ns3:hr>121</ns3:hr>
          </ns3:TrackPointExtension>
        </extensions>
      </trkpt>
      <trkpt lat="24.4679600559175014495849609375" lon="118.146910965442657470703125">
        <ele>255.8000030517578125</ele>
        <time>2026-09-23T11:44:49.000Z</time>
        <extensions>
          <ns3:TrackPointExtension>
            <ns3:atemp>28.0</ns3:atemp>
            <ns3:hr>118</ns3:hr>
          </ns3:TrackPointExtension>
        </extensions>
      </trkpt>
      <trkpt lat="24.46798025630414485931396484375" lon="118.1469391286373138427734375">
        <ele>256.600006103515625</ele>
        <time>2026-09-23T11:44:52.000Z</time>
        <extensions>
          <ns3:TrackPointExtension>
            <ns3:atemp>28.0</ns3:atemp>
            <ns3:hr>118</ns3:hr>
          </ns3:TrackPointExtension>
        </extensions>
      </trkpt>
      <trkpt lat="24.4680043123662471771240234375" lon="118.14698137342929840087890625">
        <ele>255.8000030517578125</ele>
        <time>2026-09-23T11:44:57.000Z</time>
        <extensions>
          <ns3:TrackPointExtension>
            <ns3:atemp>28.0</ns3:atemp>
            <ns3:hr>117</ns3:hr>
          </ns3:TrackPointExtension>
        </extensions>
      </trkpt>
      <trkpt lat="24.46799911558628082275390625" lon="118.1470026634633541107177734375">
        <ele>255</ele>
        <time>2026-09-23T11:45:02.000Z</time>
        <extensions>
          <ns3:TrackPointExtension>
            <ns3:atemp>28.0</ns3:atemp>
            <ns3:hr>114</ns3:hr>
          </ns3:TrackPointExtension>
        </extensions>
      </trkpt>
      <trkpt lat="24.467992074787616729736328125" lon="118.14702202565968036651611328125">
        <ele>254.8000030517578125</ele>
        <time>2026-09-23T11:45:04.000Z</time>
        <extensions>
          <ns3:TrackPointExtension>
            <ns3:atemp>28.0</ns3:atemp>
            <ns3:hr>115</ns3:hr>
          </ns3:TrackPointExtension>
        </extensions>
      </trkpt>
      <trkpt lat="24.4679895602166652679443359375" lon="118.14702856354415416717529296875">
        <ele>254.8000030517578125</ele>
        <time>2026-09-23T11:45:05.000Z</time>
        <extensions>
          <ns3:TrackPointExtension>
            <ns3:atemp>28.0</ns3:atemp>
            <ns3:hr>115</ns3:hr>
          </ns3:TrackPointExtension>
        </extensions>
      </trkpt>
      <trkpt lat="24.4679838605225086212158203125" lon="118.14706745557487010955810546875">
        <ele>254.600006103515625</ele>
        <time>2026-09-23T11:45:08.000Z</time>
        <extensions>
          <ns3:TrackPointExtension>
            <ns3:atemp>28.0</ns3:atemp>
            <ns3:hr>114</ns3:hr>
          </ns3:TrackPointExtension>
        </extensions>
      </trkpt>
      <trkpt lat="24.467966593801975250244140625" lon="118.14711548388004302978515625">
        <ele>254</ele>
        <time>2026-09-23T11:45:11.000Z</time>
        <extensions>
          <ns3:TrackPointExtension>
            <ns3:atemp>28.0</ns3:atemp>
            <ns3:hr>113</ns3:hr>
          </ns3:TrackPointExtension>
        </extensions>
      </trkpt>
      <trkpt lat="24.46796064265072345733642578125" lon="118.14715244807302951812744140625">
        <ele>253.8000030517578125</ele>
        <time>2026-09-23T11:45:14.000Z</time>
        <extensions>
          <ns3:TrackPointExtension>
            <ns3:atemp>28.0</ns3:atemp>
            <ns3:hr>114</ns3:hr>
          </ns3:TrackPointExtension>
        </extensions>
      </trkpt>
      <trkpt lat="24.46795217692852020263671875" lon="118.14716166816651821136474609375">
        <ele>253.600006103515625</ele>
        <time>2026-09-23T11:45:15.000Z</time>
        <extensions>
          <ns3:TrackPointExtension>
            <ns3:atemp>28.0</ns3:atemp>
            <ns3:hr>115</ns3:hr>
          </ns3:TrackPointExtension>
        </extensions>
      </trkpt>
      <trkpt lat="24.46795209310948848724365234375" lon="118.1471706368029117584228515625">
        <ele>253.600006103515625</ele>
        <time>2026-09-23T11:45:16.000Z</time>
        <extensions>
          <ns3:TrackPointExtension>
            <ns3:atemp>28.0</ns3:atemp>
            <ns3:hr>115</ns3:hr>
          </ns3:TrackPointExtension>
        </extensions>
      </trkpt>
      <trkpt lat="24.46794639341533184051513671875" lon="118.14719100482761859893798828125">
        <ele>252.399993896484375</ele>
        <time>2026-09-23T11:45:19.000Z</time>
        <extensions>
          <ns3:TrackPointExtension>
            <ns3:atemp>28.0</ns3:atemp>
            <ns3:hr>116</ns3:hr>
          </ns3:TrackPointExtension>
        </extensions>
      </trkpt>
      <trkpt lat="24.46795620024204254150390625" lon="118.14720424823462963104248046875">
        <ele>251.399993896484375</ele>
        <time>2026-09-23T11:45:22.000Z</time>
        <extensions>
          <ns3:TrackPointExtension>
            <ns3:atemp>28.0</ns3:atemp>
            <ns3:hr>116</ns3:hr>
          </ns3:TrackPointExtension>
        </extensions>
      </trkpt>
      <trkpt lat="24.4679622352123260498046875" lon="118.1472098641097545623779296875">
        <ele>251.1999969482421875</ele>
        <time>2026-09-23T11:45:23.000Z</time>
        <extensions>
          <ns3:TrackPointExtension>
            <ns3:atemp>28.0</ns3:atemp>
            <ns3:hr>116</ns3:hr>
          </ns3:TrackPointExtension>
        </extensions>
      </trkpt>
      <trkpt lat="24.4679577089846134185791015625" lon="118.14723324961960315704345703125">
        <ele>249.8000030517578125</ele>
        <time>2026-09-23T11:45:28.000Z</time>
        <extensions>
          <ns3:TrackPointExtension>
            <ns3:atemp>28.0</ns3:atemp>
            <ns3:hr>116</ns3:hr>
          </ns3:TrackPointExtension>
        </extensions>
      </trkpt>
      <trkpt lat="24.4679510034620761871337890625" lon="118.14723576419055461883544921875">
        <ele>249.8000030517578125</ele>
        <time>2026-09-23T11:45:29.000Z</time>
        <extensions>
          <ns3:TrackPointExtension>
            <ns3:atemp>28.0</ns3:atemp>
            <ns3:hr>116</ns3:hr>
          </ns3:TrackPointExtension>
        </extensions>
      </trkpt>
      <trkpt lat="24.46795125491917133331298828125" lon="118.1472638435661792755126953125">
        <ele>248.8000030517578125</ele>
        <time>2026-09-23T11:45:34.000Z</time>
        <extensions>
          <ns3:TrackPointExtension>
            <ns3:atemp>28.0</ns3:atemp>
            <ns3:hr>117</ns3:hr>
          </ns3:TrackPointExtension>
        </extensions>
      </trkpt>
      <trkpt lat="24.46795444004237651824951171875" lon="118.14726702868938446044921875">
        <ele>248.399993896484375</ele>
        <time>2026-09-23T11:45:35.000Z</time>
        <extensions>
          <ns3:TrackPointExtension>
            <ns3:atemp>28.0</ns3:atemp>
            <ns3:hr>118</ns3:hr>
          </ns3:TrackPointExtension>
        </extensions>
      </trkpt>
      <trkpt lat="24.467949159443378448486328125" lon="118.14727700315415859222412109375">
        <ele>247.8000030517578125</ele>
        <time>2026-09-23T11:45:39.000Z</time>
        <extensions>
          <ns3:TrackPointExtension>
            <ns3:atemp>28.0</ns3:atemp>
            <ns3:hr>117</ns3:hr>
          </ns3:TrackPointExtension>
        </extensions>
      </trkpt>
      <trkpt lat="24.4679523445665836334228515625" lon="118.1472836248576641082763671875">
        <ele>247.399993896484375</ele>
        <time>2026-09-23T11:45:41.000Z</time>
        <extensions>
          <ns3:TrackPointExtension>
            <ns3:atemp>28.0</ns3:atemp>
            <ns3:hr>119</ns3:hr>
          </ns3:TrackPointExtension>
        </extensions>
      </trkpt>
      <trkpt lat="24.4679355807602405548095703125" lon="118.1473067589104175567626953125">
        <ele>246.8000030517578125</ele>
        <time>2026-09-23T11:45:43.000Z</time>
        <extensions>
          <ns3:TrackPointExtension>
            <ns3:atemp>28.0</ns3:atemp>
            <ns3:hr>118</ns3:hr>
          </ns3:TrackPointExtension>
        </extensions>
      </trkpt>
      <trkpt lat="24.467917978763580322265625" lon="118.14731597900390625">
        <ele>246.1999969482421875</ele>
        <time>2026-09-23T11:45:46.000Z</time>
        <extensions>
          <ns3:TrackPointExtension>
            <ns3:atemp>28.0</ns3:atemp>
            <ns3:hr>117</ns3:hr>
          </ns3:TrackPointExtension>
        </extensions>
      </trkpt>
      <trkpt lat="24.4679137878119945526123046875" lon="118.1473352573812007904052734375">
        <ele>245.600006103515625</ele>
        <time>2026-09-23T11:45:48.000Z</time>
        <extensions>
          <ns3:TrackPointExtension>
            <ns3:atemp>28.0</ns3:atemp>
            <ns3:hr>117</ns3:hr>
          </ns3:TrackPointExtension>
        </extensions>
      </trkpt>
      <trkpt lat="24.4678879715502262115478515625" lon="118.1473640911281108856201171875">
        <ele>245.399993896484375</ele>
        <time>2026-09-23T11:45:51.000Z</time>
        <extensions>
          <ns3:TrackPointExtension>
            <ns3:atemp>28.0</ns3:atemp>
            <ns3:hr>117</ns3:hr>
          </ns3:TrackPointExtension>
        </extensions>
      </trkpt>
      <trkpt lat="24.46787363849580287933349609375" lon="118.14738093875348567962646484375">
        <ele>245</ele>
        <time>2026-09-23T11:45:55.000Z</time>
        <extensions>
          <ns3:TrackPointExtension>
            <ns3:atemp>28.0</ns3:atemp>
            <ns3:hr>114</ns3:hr>
          </ns3:TrackPointExtension>
        </extensions>
      </trkpt>
      <trkpt lat="24.4678728841245174407958984375" lon="118.14739845693111419677734375">
        <ele>244.8000030517578125</ele>
        <time>2026-09-23T11:45:57.000Z</time>
        <extensions>
          <ns3:TrackPointExtension>
            <ns3:atemp>28.0</ns3:atemp>
            <ns3:hr>117</ns3:hr>
          </ns3:TrackPointExtension>
        </extensions>
      </trkpt>
      <trkpt lat="24.46787229739129543304443359375" lon="118.147413544356822967529296875">
        <ele>244.399993896484375</ele>
        <time>2026-09-23T11:45:58.000Z</time>
        <extensions>
          <ns3:TrackPointExtension>
            <ns3:atemp>28.0</ns3:atemp>
            <ns3:hr>118</ns3:hr>
          </ns3:TrackPointExtension>
        </extensions>
      </trkpt>
      <trkpt lat="24.46786927990615367889404296875" lon="118.1474475748836994171142578125">
        <ele>243.600006103515625</ele>
        <time>2026-09-23T11:46:01.000Z</time>
        <extensions>
          <ns3:TrackPointExtension>
            <ns3:atemp>28.0</ns3:atemp>
            <ns3:hr>121</ns3:hr>
          </ns3:TrackPointExtension>
        </extensions>
      </trkpt>
      <trkpt lat="24.4678728841245174407958984375" lon="118.14745738171041011810302734375">
        <ele>243.399993896484375</ele>
        <time>2026-09-23T11:46:02.000Z</time>
        <extensions>
          <ns3:TrackPointExtension>
            <ns3:atemp>28.0</ns3:atemp>
            <ns3:hr>122</ns3:hr>
          </ns3:TrackPointExtension>
        </extensions>
      </trkpt>
      <trkpt lat="24.46786626242101192474365234375" lon="118.14746006391942501068115234375">
        <ele>243.1999969482421875</ele>
        <time>2026-09-23T11:46:03.000Z</time>
        <extensions>
          <ns3:TrackPointExtension>
            <ns3:atemp>28.0</ns3:atemp>
            <ns3:hr>123</ns3:hr>
          </ns3:TrackPointExtension>
        </extensions>
      </trkpt>
      <trkpt lat="24.4678631611168384552001953125" lon="118.14746291376650333404541015625">
        <ele>242.399993896484375</ele>
        <time>2026-09-23T11:46:07.000Z</time>
        <extensions>
          <ns3:TrackPointExtension>
            <ns3:atemp>28.0</ns3:atemp>
            <ns3:hr>125</ns3:hr>
          </ns3:TrackPointExtension>
        </extensions>
      </trkpt>
      <trkpt lat="24.4678681902587413787841796875" lon="118.14747196622192859649658203125">
        <ele>242</ele>
        <time>2026-09-23T11:46:08.000Z</time>
        <extensions>
          <ns3:TrackPointExtension>
            <ns3:atemp>28.0</ns3:atemp>
            <ns3:hr>125</ns3:hr>
          </ns3:TrackPointExtension>
        </extensions>
      </trkpt>
      <trkpt lat="24.46790364570915699005126953125" lon="118.1475122831761837005615234375">
        <ele>240.8000030517578125</ele>
        <time>2026-09-23T11:46:12.000Z</time>
        <extensions>
          <ns3:TrackPointExtension>
            <ns3:atemp>28.0</ns3:atemp>
            <ns3:hr>125</ns3:hr>
          </ns3:TrackPointExtension>
        </extensions>
      </trkpt>
      <trkpt lat="24.46790750138461589813232421875" lon="118.14752611331641674041748046875">
        <ele>239.399993896484375</ele>
        <time>2026-09-23T11:46:14.000Z</time>
        <extensions>
          <ns3:TrackPointExtension>
            <ns3:atemp>28.0</ns3:atemp>
            <ns3:hr>125</ns3:hr>
          </ns3:TrackPointExtension>
        </extensions>
      </trkpt>
      <trkpt lat="24.46790196932852268218994140625" lon="118.14755930565297603607177734375">
        <ele>238.600006103515625</ele>
        <time>2026-09-23T11:46:19.000Z</time>
        <extensions>
          <ns3:TrackPointExtension>
            <ns3:atemp>28.0</ns3:atemp>
            <ns3:hr>125</ns3:hr>
          </ns3:TrackPointExtension>
        </extensions>
      </trkpt>
      <trkpt lat="24.46791999042034149169921875" lon="118.147597610950469970703125">
        <ele>239.1999969482421875</ele>
        <time>2026-09-23T11:46:23.000Z</time>
        <extensions>
          <ns3:TrackPointExtension>
            <ns3:atemp>28.0</ns3:atemp>
            <ns3:hr>123</ns3:hr>
          </ns3:TrackPointExtension>
        </extensions>
      </trkpt>
      <trkpt lat="24.4679593853652477264404296875" lon="118.14764061011373996734619140625">
        <ele>240.1999969482421875</ele>
        <time>2026-09-23T11:46:29.000Z</time>
        <extensions>
          <ns3:TrackPointExtension>
            <ns3:atemp>28.0</ns3:atemp>
            <ns3:hr>121</ns3:hr>
          </ns3:TrackPointExtension>
        </extensions>
      </trkpt>
      <trkpt lat="24.46797019802033901214599609375" lon="118.147659637033939361572265625">
        <ele>240.399993896484375</ele>
        <time>2026-09-23T11:46:33.000Z</time>
        <extensions>
          <ns3:TrackPointExtension>
            <ns3:atemp>28.0</ns3:atemp>
            <ns3:hr>120</ns3:hr>
          </ns3:TrackPointExtension>
        </extensions>
      </trkpt>
      <trkpt lat="24.4679805077612400054931640625" lon="118.14766936004161834716796875">
        <ele>240.8000030517578125</ele>
        <time>2026-09-23T11:46:35.000Z</time>
        <extensions>
          <ns3:TrackPointExtension>
            <ns3:atemp>28.0</ns3:atemp>
            <ns3:hr>120</ns3:hr>
          </ns3:TrackPointExtension>
        </extensions>
      </trkpt>
      <trkpt lat="24.46800590492784976959228515625" lon="118.14769207499921321868896484375">
        <ele>241.600006103515625</ele>
        <time>2026-09-23T11:46:39.000Z</time>
        <extensions>
          <ns3:TrackPointExtension>
            <ns3:atemp>28.0</ns3:atemp>
            <ns3:hr>119</ns3:hr>
          </ns3:TrackPointExtension>
        </extensions>
      </trkpt>
      <trkpt lat="24.46800271980464458465576171875" lon="118.14771353267133235931396484375">
        <ele>242</ele>
        <time>2026-09-23T11:46:41.000Z</time>
        <extensions>
          <ns3:TrackPointExtension>
            <ns3:atemp>28.0</ns3:atemp>
            <ns3:hr>120</ns3:hr>
          </ns3:TrackPointExtension>
        </extensions>
      </trkpt>
      <trkpt lat="24.46798444725573062896728515625" lon="118.14772794954478740692138671875">
        <ele>242.600006103515625</ele>
        <time>2026-09-23T11:46:43.000Z</time>
        <extensions>
          <ns3:TrackPointExtension>
            <ns3:atemp>28.0</ns3:atemp>
            <ns3:hr>120</ns3:hr>
          </ns3:TrackPointExtension>
        </extensions>
      </trkpt>
      <trkpt lat="24.467974640429019927978515625" lon="118.14771671779453754425048828125">
        <ele>243.600006103515625</ele>
        <time>2026-09-23T11:46:46.000Z</time>
        <extensions>
          <ns3:TrackPointExtension>
            <ns3:atemp>28.0</ns3:atemp>
            <ns3:hr>121</ns3:hr>
          </ns3:TrackPointExtension>
        </extensions>
      </trkpt>
      <trkpt lat="24.4679506681859493255615234375" lon="118.14771554432809352874755859375">
        <ele>244.8000030517578125</ele>
        <time>2026-09-23T11:46:50.000Z</time>
        <extensions>
          <ns3:TrackPointExtension>
            <ns3:atemp>28.0</ns3:atemp>
            <ns3:hr>120</ns3:hr>
          </ns3:TrackPointExtension>
        </extensions>
      </trkpt>
      <trkpt lat="24.46794371120631694793701171875" lon="118.1477221660315990447998046875">
        <ele>245.600006103515625</ele>
        <time>2026-09-23T11:46:53.000Z</time>
        <extensions>
          <ns3:TrackPointExtension>
            <ns3:atemp>28.0</ns3:atemp>
            <ns3:hr>121</ns3:hr>
          </ns3:TrackPointExtension>
        </extensions>
      </trkpt>
      <trkpt lat="24.46794169954955577850341796875" lon="118.1477218307554721832275390625">
        <ele>245.8000030517578125</ele>
        <time>2026-09-23T11:46:56.000Z</time>
        <extensions>
          <ns3:TrackPointExtension>
            <ns3:atemp>28.0</ns3:atemp>
            <ns3:hr>121</ns3:hr>
          </ns3:TrackPointExtension>
        </extensions>
      </trkpt>
      <trkpt lat="24.4679268635809421539306640625" lon="118.14772862009704113006591796875">
        <ele>246.399993896484375</ele>
        <time>2026-09-23T11:46:59.000Z</time>
        <extensions>
          <ns3:TrackPointExtension>
            <ns3:atemp>28.0</ns3:atemp>
            <ns3:hr>121</ns3:hr>
          </ns3:TrackPointExtension>
        </extensions>
      </trkpt>
      <trkpt lat="24.46791504509747028350830078125" lon="118.14773918129503726959228515625">
        <ele>246.8000030517578125</ele>
        <time>2026-09-23T11:47:02.000Z</time>
        <extensions>
          <ns3:TrackPointExtension>
            <ns3:atemp>28.0</ns3:atemp>
            <ns3:hr>118</ns3:hr>
          </ns3:TrackPointExtension>
        </extensions>
      </trkpt>
      <trkpt lat="24.46789928711950778961181640625" lon="118.14773616380989551544189453125">
        <ele>247.8000030517578125</ele>
        <time>2026-09-23T11:47:07.000Z</time>
        <extensions>
          <ns3:TrackPointExtension>
            <ns3:atemp>28.0</ns3:atemp>
            <ns3:hr>118</ns3:hr>
          </ns3:TrackPointExtension>
        </extensions>
      </trkpt>
      <trkpt lat="24.46790230460464954376220703125" lon="118.147737085819244384765625">
        <ele>247.8000030517578125</ele>
        <time>2026-09-23T11:47:09.000Z</time>
        <extensions>
          <ns3:TrackPointExtension>
            <ns3:atemp>28.0</ns3:atemp>
            <ns3:hr>121</ns3:hr>
          </ns3:TrackPointExtension>
        </extensions>
      </trkpt>
      <trkpt lat="24.46790113113820552825927734375" lon="118.14773566089570522308349609375">
        <ele>248</ele>
        <time>2026-09-23T11:47:11.000Z</time>
        <extensions>
          <ns3:TrackPointExtension>
            <ns3:atemp>28.0</ns3:atemp>
            <ns3:hr>121</ns3:hr>
          </ns3:TrackPointExtension>
        </extensions>
      </trkpt>
      <trkpt lat="24.4678896479308605194091796875" lon="118.14774186350405216217041015625">
        <ele>248.1999969482421875</ele>
        <time>2026-09-23T11:47:14.000Z</time>
        <extensions>
          <ns3:TrackPointExtension>
            <ns3:atemp>28.0</ns3:atemp>
            <ns3:hr>121</ns3:hr>
          </ns3:TrackPointExtension>
        </extensions>
      </trkpt>
      <trkpt lat="24.467887468636035919189453125" lon="118.147745467722415924072265625">
        <ele>249.1999969482421875</ele>
        <time>2026-09-23T11:47:18.000Z</time>
        <extensions>
          <ns3:TrackPointExtension>
            <ns3:atemp>28.0</ns3:atemp>
            <ns3:hr>121</ns3:hr>
          </ns3:TrackPointExtension>
        </extensions>
      </trkpt>
      <trkpt lat="24.467887468636035919189453125" lon="118.14774538390338420867919921875">
        <ele>249.600006103515625</ele>
        <time>2026-09-23T11:47:20.000Z</time>
        <extensions>
          <ns3:TrackPointExtension>
            <ns3:atemp>28.0</ns3:atemp>
            <ns3:hr>121</ns3:hr>
          </ns3:TrackPointExtension>
        </extensions>
      </trkpt>
      <trkpt lat="24.467887468636035919189453125" lon="118.14774538390338420867919921875">
        <ele>250.399993896484375</ele>
        <time>2026-09-23T11:47:24.000Z</time>
        <extensions>
          <ns3:TrackPointExtension>
            <ns3:atemp>28.0</ns3:atemp>
            <ns3:hr>121</ns3:hr>
          </ns3:TrackPointExtension>
        </extensions>
      </trkpt>
      <trkpt lat="24.467887468636035919189453125" lon="118.14774538390338420867919921875">
        <ele>251.600006103515625</ele>
        <time>2026-09-23T11:47:28.000Z</time>
        <extensions>
          <ns3:TrackPointExtension>
            <ns3:atemp>28.0</ns3:atemp>
            <ns3:hr>122</ns3:hr>
          </ns3:TrackPointExtension>
        </extensions>
      </trkpt>
      <trkpt lat="24.467887468636035919189453125" lon="118.14774538390338420867919921875">
        <ele>252.600006103515625</ele>
        <time>2026-09-23T11:47:32.000Z</time>
        <extensions>
          <ns3:TrackPointExtension>
            <ns3:atemp>28.0</ns3:atemp>
            <ns3:hr>122</ns3:hr>
          </ns3:TrackPointExtension>
        </extensions>
      </trkpt>
      <trkpt lat="24.4678873009979724884033203125" lon="118.147745467722415924072265625">
        <ele>253.8000030517578125</ele>
        <time>2026-09-23T11:47:36.000Z</time>
        <extensions>
          <ns3:TrackPointExtension>
            <ns3:atemp>28.0</ns3:atemp>
            <ns3:hr>122</ns3:hr>
          </ns3:TrackPointExtension>
        </extensions>
      </trkpt>
      <trkpt lat="24.46785469539463520050048828125" lon="118.14776055514812469482421875">
        <ele>254.8000030517578125</ele>
        <time>2026-09-23T11:47:42.000Z</time>
        <extensions>
          <ns3:TrackPointExtension>
            <ns3:atemp>28.0</ns3:atemp>
            <ns3:hr>123</ns3:hr>
          </ns3:TrackPointExtension>
        </extensions>
      </trkpt>
      <trkpt lat="24.46784354746341705322265625" lon="118.14782450906932353973388671875">
        <ele>255.399993896484375</ele>
        <time>2026-09-23T11:47:58.000Z</time>
        <extensions>
          <ns3:TrackPointExtension>
            <ns3:atemp>28.0</ns3:atemp>
            <ns3:hr>120</ns3:hr>
          </ns3:TrackPointExtension>
        </extensions>
      </trkpt>
      <trkpt lat="24.4678507559001445770263671875" lon="118.1478371657431125640869140625">
        <ele>255.600006103515625</ele>
        <time>2026-09-23T11:48:02.000Z</time>
        <extensions>
          <ns3:TrackPointExtension>
            <ns3:atemp>28.0</ns3:atemp>
            <ns3:hr>123</ns3:hr>
          </ns3:TrackPointExtension>
        </extensions>
      </trkpt>
      <trkpt lat="24.46785670705139636993408203125" lon="118.14784504473209381103515625">
        <ele>256.20001220703125</ele>
        <time>2026-09-23T11:48:04.000Z</time>
        <extensions>
          <ns3:TrackPointExtension>
            <ns3:atemp>29.0</ns3:atemp>
            <ns3:hr>124</ns3:hr>
          </ns3:TrackPointExtension>
        </extensions>
      </trkpt>
      <trkpt lat="24.46785695850849151611328125" lon="118.1478716991841793060302734375">
        <ele>257.399993896484375</ele>
        <time>2026-09-23T11:48:09.000Z</time>
        <extensions>
          <ns3:TrackPointExtension>
            <ns3:atemp>28.0</ns3:atemp>
            <ns3:hr>123</ns3:hr>
          </ns3:TrackPointExtension>
        </extensions>
      </trkpt>
      <trkpt lat="24.46779535152018070220947265625" lon="118.14797605387866497039794921875">
        <ele>258.399993896484375</ele>
        <time>2026-09-23T11:48:18.000Z</time>
        <extensions>
          <ns3:TrackPointExtension>
            <ns3:atemp>28.0</ns3:atemp>
            <ns3:hr>124</ns3:hr>
          </ns3:TrackPointExtension>
        </extensions>
      </trkpt>
      <trkpt lat="24.46778261102735996246337890625" lon="118.1480691768229007720947265625">
        <ele>258</ele>
        <time>2026-09-23T11:48:24.000Z</time>
        <extensions>
          <ns3:TrackPointExtension>
            <ns3:atemp>28.0</ns3:atemp>
            <ns3:hr>122</ns3:hr>
          </ns3:TrackPointExtension>
        </extensions>
      </trkpt>
      <trkpt lat="24.4677813537418842315673828125" lon="118.14809071831405162811279296875">
        <ele>257.399993896484375</ele>
        <time>2026-09-23T11:48:28.000Z</time>
        <extensions>
          <ns3:TrackPointExtension>
            <ns3:atemp>28.0</ns3:atemp>
            <ns3:hr>121</ns3:hr>
          </ns3:TrackPointExtension>
        </extensions>
      </trkpt>
      <trkpt lat="24.46778118610382080078125" lon="118.148098178207874298095703125">
        <ele>256.600006103515625</ele>
        <time>2026-09-23T11:48:31.000Z</time>
        <extensions>
          <ns3:TrackPointExtension>
            <ns3:atemp>28.0</ns3:atemp>
            <ns3:hr>121</ns3:hr>
          </ns3:TrackPointExtension>
        </extensions>
      </trkpt>
      <trkpt lat="24.46778361685574054718017578125" lon="118.148101530969142913818359375">
        <ele>256.20001220703125</ele>
        <time>2026-09-23T11:48:33.000Z</time>
        <extensions>
          <ns3:TrackPointExtension>
            <ns3:atemp>28.0</ns3:atemp>
            <ns3:hr>121</ns3:hr>
          </ns3:TrackPointExtension>
        </extensions>
      </trkpt>
      <trkpt lat="24.46778445504605770111083984375" lon="118.14812676049768924713134765625">
        <ele>255.1999969482421875</ele>
        <time>2026-09-23T11:48:37.000Z</time>
        <extensions>
          <ns3:TrackPointExtension>
            <ns3:atemp>28.0</ns3:atemp>
            <ns3:hr>118</ns3:hr>
          </ns3:TrackPointExtension>
        </extensions>
      </trkpt>
      <trkpt lat="24.467779509723186492919921875" lon="118.14812608994543552398681640625">
        <ele>254.8000030517578125</ele>
        <time>2026-09-23T11:48:39.000Z</time>
        <extensions>
          <ns3:TrackPointExtension>
            <ns3:atemp>28.0</ns3:atemp>
            <ns3:hr>117</ns3:hr>
          </ns3:TrackPointExtension>
        </extensions>
      </trkpt>
      <trkpt lat="24.46779468096792697906494140625" lon="118.14814369194209575653076171875">
        <ele>254</ele>
        <time>2026-09-23T11:48:43.000Z</time>
        <extensions>
          <ns3:TrackPointExtension>
            <ns3:atemp>28.0</ns3:atemp>
            <ns3:hr>116</ns3:hr>
          </ns3:TrackPointExtension>
        </extensions>
      </trkpt>
      <trkpt lat="24.46780339814722537994384765625" lon="118.14815140329301357269287109375">
        <ele>253.600006103515625</ele>
        <time>2026-09-23T11:48:45.000Z</time>
        <extensions>
          <ns3:TrackPointExtension>
            <ns3:atemp>28.0</ns3:atemp>
            <ns3:hr>116</ns3:hr>
          </ns3:TrackPointExtension>
        </extensions>
      </trkpt>
      <trkpt lat="24.46781161241233348846435546875" lon="118.14815274439752101898193359375">
        <ele>252.8000030517578125</ele>
        <time>2026-09-23T11:48:47.000Z</time>
        <extensions>
          <ns3:TrackPointExtension>
            <ns3:atemp>28.0</ns3:atemp>
            <ns3:hr>116</ns3:hr>
          </ns3:TrackPointExtension>
        </extensions>
      </trkpt>
      <trkpt lat="24.46783508174121379852294921875" lon="118.14818962477147579193115234375">
        <ele>251.399993896484375</ele>
        <time>2026-09-23T11:48:52.000Z</time>
        <extensions>
          <ns3:TrackPointExtension>
            <ns3:atemp>28.0</ns3:atemp>
            <ns3:hr>116</ns3:hr>
          </ns3:TrackPointExtension>
        </extensions>
      </trkpt>
      <trkpt lat="24.46785067208111286163330078125" lon="118.14821493811905384063720703125">
        <ele>250.1999969482421875</ele>
        <time>2026-09-23T11:48:56.000Z</time>
        <extensions>
          <ns3:TrackPointExtension>
            <ns3:atemp>28.0</ns3:atemp>
            <ns3:hr>117</ns3:hr>
          </ns3:TrackPointExtension>
        </extensions>
      </trkpt>
      <trkpt lat="24.46785201318562030792236328125" lon="118.14822298474609851837158203125">
        <ele>249.8000030517578125</ele>
        <time>2026-09-23T11:48:57.000Z</time>
        <extensions>
          <ns3:TrackPointExtension>
            <ns3:atemp>28.0</ns3:atemp>
            <ns3:hr>117</ns3:hr>
          </ns3:TrackPointExtension>
        </extensions>
      </trkpt>
      <trkpt lat="24.46785628795623779296875" lon="118.14822231419384479522705078125">
        <ele>249</ele>
        <time>2026-09-23T11:49:00.000Z</time>
        <extensions>
          <ns3:TrackPointExtension>
            <ns3:atemp>28.0</ns3:atemp>
            <ns3:hr>117</ns3:hr>
          </ns3:TrackPointExtension>
        </extensions>
      </trkpt>
      <trkpt lat="24.46785553358495235443115234375" lon="118.14822181127965450286865234375">
        <ele>248</ele>
        <time>2026-09-23T11:49:03.000Z</time>
        <extensions>
          <ns3:TrackPointExtension>
            <ns3:atemp>28.0</ns3:atemp>
            <ns3:hr>118</ns3:hr>
          </ns3:TrackPointExtension>
        </extensions>
      </trkpt>
      <trkpt lat="24.46785620413720607757568359375" lon="118.148220889270305633544921875">
        <ele>247.8000030517578125</ele>
        <time>2026-09-23T11:49:04.000Z</time>
        <extensions>
          <ns3:TrackPointExtension>
            <ns3:atemp>28.0</ns3:atemp>
            <ns3:hr>118</ns3:hr>
          </ns3:TrackPointExtension>
        </extensions>
      </trkpt>
      <trkpt lat="24.46786475367844104766845703125" lon="118.1482368148863315582275390625">
        <ele>246.600006103515625</ele>
        <time>2026-09-23T11:49:08.000Z</time>
        <extensions>
          <ns3:TrackPointExtension>
            <ns3:atemp>28.0</ns3:atemp>
            <ns3:hr>119</ns3:hr>
          </ns3:TrackPointExtension>
        </extensions>
      </trkpt>
      <trkpt lat="24.46786710061132907867431640625" lon="118.1482398323714733123779296875">
        <ele>246.399993896484375</ele>
        <time>2026-09-23T11:49:09.000Z</time>
        <extensions>
          <ns3:TrackPointExtension>
            <ns3:atemp>28.0</ns3:atemp>
            <ns3:hr>118</ns3:hr>
          </ns3:TrackPointExtension>
        </extensions>
      </trkpt>
      <trkpt lat="24.4678722135722637176513671875" lon="118.148251064121723175048828125">
        <ele>245.600006103515625</ele>
        <time>2026-09-23T11:49:12.000Z</time>
        <extensions>
          <ns3:TrackPointExtension>
            <ns3:atemp>28.0</ns3:atemp>
            <ns3:hr>119</ns3:hr>
          </ns3:TrackPointExtension>
        </extensions>
      </trkpt>
      <trkpt lat="24.46788336150348186492919921875" lon="118.14828065223991870880126953125">
        <ele>244.399993896484375</ele>
        <time>2026-09-23T11:49:17.000Z</time>
        <extensions>
          <ns3:TrackPointExtension>
            <ns3:atemp>28.0</ns3:atemp>
            <ns3:hr>121</ns3:hr>
          </ns3:TrackPointExtension>
        </extensions>
      </trkpt>
      <trkpt lat="24.4678856246173381805419921875" lon="118.14829565584659576416015625">
        <ele>243.8000030517578125</ele>
        <time>2026-09-23T11:49:19.000Z</time>
        <extensions>
          <ns3:TrackPointExtension>
            <ns3:atemp>28.0</ns3:atemp>
            <ns3:hr>122</ns3:hr>
          </ns3:TrackPointExtension>
        </extensions>
      </trkpt>
      <trkpt lat="24.46789140813052654266357421875" lon="118.14831635914742946624755859375">
        <ele>243.399993896484375</ele>
        <time>2026-09-23T11:49:21.000Z</time>
        <extensions>
          <ns3:TrackPointExtension>
            <ns3:atemp>28.0</ns3:atemp>
            <ns3:hr>122</ns3:hr>
          </ns3:TrackPointExtension>
        </extensions>
      </trkpt>
      <trkpt lat="24.4678683578968048095703125" lon="118.14834259450435638427734375">
        <ele>242.600006103515625</ele>
        <time>2026-09-23T11:49:24.000Z</time>
        <extensions>
          <ns3:TrackPointExtension>
            <ns3:atemp>28.0</ns3:atemp>
            <ns3:hr>122</ns3:hr>
          </ns3:TrackPointExtension>
        </extensions>
      </trkpt>
      <trkpt lat="24.46786902844905853271484375" lon="118.148375116288661956787109375">
        <ele>242.399993896484375</ele>
        <time>2026-09-23T11:49:31.000Z</time>
        <extensions>
          <ns3:TrackPointExtension>
            <ns3:atemp>28.0</ns3:atemp>
            <ns3:hr>122</ns3:hr>
          </ns3:TrackPointExtension>
        </extensions>
      </trkpt>
      <trkpt lat="24.46786123327910900115966796875" lon="118.1483933888375759124755859375">
        <ele>242.1999969482421875</ele>
        <time>2026-09-23T11:49:33.000Z</time>
        <extensions>
          <ns3:TrackPointExtension>
            <ns3:atemp>28.0</ns3:atemp>
            <ns3:hr>123</ns3:hr>
          </ns3:TrackPointExtension>
        </extensions>
      </trkpt>
      <trkpt lat="24.4678554497659206390380859375" lon="118.1484161876142024993896484375">
        <ele>241.1999969482421875</ele>
        <time>2026-09-23T11:49:36.000Z</time>
        <extensions>
          <ns3:TrackPointExtension>
            <ns3:atemp>28.0</ns3:atemp>
            <ns3:hr>122</ns3:hr>
          </ns3:TrackPointExtension>
        </extensions>
      </trkpt>
      <trkpt lat="24.46785201318562030792236328125" lon="118.14842700026929378509521484375">
        <ele>241</ele>
        <time>2026-09-23T11:49:37.000Z</time>
        <extensions>
          <ns3:TrackPointExtension>
            <ns3:atemp>28.0</ns3:atemp>
            <ns3:hr>122</ns3:hr>
          </ns3:TrackPointExtension>
        </extensions>
      </trkpt>
      <trkpt lat="24.46785436011850833892822265625" lon="118.14843571744859218597412109375">
        <ele>241</ele>
        <time>2026-09-23T11:49:38.000Z</time>
        <extensions>
          <ns3:TrackPointExtension>
            <ns3:atemp>28.0</ns3:atemp>
            <ns3:hr>122</ns3:hr>
          </ns3:TrackPointExtension>
        </extensions>
      </trkpt>
      <trkpt lat="24.4678524322807788848876953125" lon="118.148486427962779998779296875">
        <ele>241.1999969482421875</ele>
        <time>2026-09-23T11:49:42.000Z</time>
        <extensions>
          <ns3:TrackPointExtension>
            <ns3:atemp>28.0</ns3:atemp>
            <ns3:hr>122</ns3:hr>
          </ns3:TrackPointExtension>
        </extensions>
      </trkpt>
      <trkpt lat="24.4678581319749355316162109375" lon="118.14852121286094188690185546875">
        <ele>242.1999969482421875</ele>
        <time>2026-09-23T11:49:46.000Z</time>
        <extensions>
          <ns3:TrackPointExtension>
            <ns3:atemp>28.0</ns3:atemp>
            <ns3:hr>123</ns3:hr>
          </ns3:TrackPointExtension>
        </extensions>
      </trkpt>
      <trkpt lat="24.46786056272685527801513671875" lon="118.14852976240217685699462890625">
        <ele>242.8000030517578125</ele>
        <time>2026-09-23T11:49:48.000Z</time>
        <extensions>
          <ns3:TrackPointExtension>
            <ns3:atemp>28.0</ns3:atemp>
            <ns3:hr>123</ns3:hr>
          </ns3:TrackPointExtension>
        </extensions>
      </trkpt>
      <trkpt lat="24.46788646280765533447265625" lon="118.1485590152442455291748046875">
        <ele>242.1999969482421875</ele>
        <time>2026-09-23T11:49:55.000Z</time>
        <extensions>
          <ns3:TrackPointExtension>
            <ns3:atemp>28.0</ns3:atemp>
            <ns3:hr>122</ns3:hr>
          </ns3:TrackPointExtension>
        </extensions>
      </trkpt>
      <trkpt lat="24.46791286580264568328857421875" lon="118.14857058227062225341796875">
        <ele>241</ele>
        <time>2026-09-23T11:50:00.000Z</time>
        <extensions>
          <ns3:TrackPointExtension>
            <ns3:atemp>28.0</ns3:atemp>
            <ns3:hr>124</ns3:hr>
          </ns3:TrackPointExtension>
        </extensions>
      </trkpt>
      <trkpt lat="24.467927031219005584716796875" lon="118.14858173020184040069580078125">
        <ele>240.600006103515625</ele>
        <time>2026-09-23T11:50:02.000Z</time>
        <extensions>
          <ns3:TrackPointExtension>
            <ns3:atemp>28.0</ns3:atemp>
            <ns3:hr>121</ns3:hr>
          </ns3:TrackPointExtension>
        </extensions>
      </trkpt>
      <trkpt lat="24.46793465875089168548583984375" lon="118.14860318787395954132080078125">
        <ele>240.1999969482421875</ele>
        <time>2026-09-23T11:50:04.000Z</time>
        <extensions>
          <ns3:TrackPointExtension>
            <ns3:atemp>28.0</ns3:atemp>
            <ns3:hr>121</ns3:hr>
          </ns3:TrackPointExtension>
        </extensions>
      </trkpt>
      <trkpt lat="24.46792979724705219268798828125" lon="118.1486123241484165191650390625">
        <ele>239.8000030517578125</ele>
        <time>2026-09-23T11:50:05.000Z</time>
        <extensions>
          <ns3:TrackPointExtension>
            <ns3:atemp>28.0</ns3:atemp>
            <ns3:hr>120</ns3:hr>
          </ns3:TrackPointExtension>
        </extensions>
      </trkpt>
      <trkpt lat="24.467920996248722076416015625" lon="118.14865884371101856231689453125">
        <ele>238.8000030517578125</ele>
        <time>2026-09-23T11:50:09.000Z</time>
        <extensions>
          <ns3:TrackPointExtension>
            <ns3:atemp>28.0</ns3:atemp>
            <ns3:hr>121</ns3:hr>
          </ns3:TrackPointExtension>
        </extensions>
      </trkpt>
      <trkpt lat="24.46792158298194408416748046875" lon="118.14866445958614349365234375">
        <ele>238.600006103515625</ele>
        <time>2026-09-23T11:50:10.000Z</time>
        <extensions>
          <ns3:TrackPointExtension>
            <ns3:atemp>28.0</ns3:atemp>
            <ns3:hr>118</ns3:hr>
          </ns3:TrackPointExtension>
        </extensions>
      </trkpt>
      <trkpt lat="24.46793566457927227020263671875" lon="118.1487147510051727294921875">
        <ele>238.1999969482421875</ele>
        <time>2026-09-23T11:50:16.000Z</time>
        <extensions>
          <ns3:TrackPointExtension>
            <ns3:atemp>28.0</ns3:atemp>
            <ns3:hr>118</ns3:hr>
          </ns3:TrackPointExtension>
        </extensions>
      </trkpt>
      <trkpt lat="24.4679694436490535736083984375" lon="118.14881441183388233184814453125">
        <ele>238.600006103515625</ele>
        <time>2026-09-23T11:50:25.000Z</time>
        <extensions>
          <ns3:TrackPointExtension>
            <ns3:atemp>28.0</ns3:atemp>
            <ns3:hr>119</ns3:hr>
          </ns3:TrackPointExtension>
        </extensions>
      </trkpt>
      <trkpt lat="24.46800054050981998443603515625" lon="118.148825056850910186767578125">
        <ele>238.399993896484375</ele>
        <time>2026-09-23T11:50:29.000Z</time>
        <extensions>
          <ns3:TrackPointExtension>
            <ns3:atemp>28.0</ns3:atemp>
            <ns3:hr>117</ns3:hr>
          </ns3:TrackPointExtension>
        </extensions>
      </trkpt>
      <trkpt lat="24.46801680140197277069091796875" lon="118.1488235481083393096923828125">
        <ele>238.1999969482421875</ele>
        <time>2026-09-23T11:50:31.000Z</time>
        <extensions>
          <ns3:TrackPointExtension>
            <ns3:atemp>28.0</ns3:atemp>
            <ns3:hr>119</ns3:hr>
          </ns3:TrackPointExtension>
        </extensions>
      </trkpt>
      <trkpt lat="24.4680267758667469024658203125" lon="118.1488641165196895599365234375">
        <ele>238</ele>
        <time>2026-09-23T11:50:36.000Z</time>
        <extensions>
          <ns3:TrackPointExtension>
            <ns3:atemp>28.0</ns3:atemp>
            <ns3:hr>117</ns3:hr>
          </ns3:TrackPointExtension>
        </extensions>
      </trkpt>
      <trkpt lat="24.46802996098995208740234375" lon="118.14888163469731807708740234375">
        <ele>238</ele>
        <time>2026-09-23T11:50:38.000Z</time>
        <extensions>
          <ns3:TrackPointExtension>
            <ns3:atemp>28.0</ns3:atemp>
            <ns3:hr>120</ns3:hr>
          </ns3:TrackPointExtension>
        </extensions>
      </trkpt>
      <trkpt lat="24.46801789104938507080078125" lon="118.14890854060649871826171875">
        <ele>237.8000030517578125</ele>
        <time>2026-09-23T11:50:41.000Z</time>
        <extensions>
          <ns3:TrackPointExtension>
            <ns3:atemp>28.0</ns3:atemp>
            <ns3:hr>122</ns3:hr>
          </ns3:TrackPointExtension>
        </extensions>
      </trkpt>
      <trkpt lat="24.468008168041706085205078125" lon="118.14893276430666446685791015625">
        <ele>237.8000030517578125</ele>
        <time>2026-09-23T11:50:44.000Z</time>
        <extensions>
          <ns3:TrackPointExtension>
            <ns3:atemp>28.0</ns3:atemp>
            <ns3:hr>119</ns3:hr>
          </ns3:TrackPointExtension>
        </extensions>
      </trkpt>
      <trkpt lat="24.4679915718734264373779296875" lon="118.148954808712005615234375">
        <ele>237.600006103515625</ele>
        <time>2026-09-23T11:50:47.000Z</time>
        <extensions>
          <ns3:TrackPointExtension>
            <ns3:atemp>28.0</ns3:atemp>
            <ns3:hr>121</ns3:hr>
          </ns3:TrackPointExtension>
        </extensions>
      </trkpt>
      <trkpt lat="24.4679798372089862823486328125" lon="118.14896889030933380126953125">
        <ele>237.399993896484375</ele>
        <time>2026-09-23T11:50:49.000Z</time>
        <extensions>
          <ns3:TrackPointExtension>
            <ns3:atemp>28.0</ns3:atemp>
            <ns3:hr>124</ns3:hr>
          </ns3:TrackPointExtension>
        </extensions>
      </trkpt>
      <trkpt lat="24.4679831899702548980712890625" lon="118.148997388780117034912109375">
        <ele>236.600006103515625</ele>
        <time>2026-09-23T11:50:52.000Z</time>
        <extensions>
          <ns3:TrackPointExtension>
            <ns3:atemp>28.0</ns3:atemp>
            <ns3:hr>123</ns3:hr>
          </ns3:TrackPointExtension>
        </extensions>
      </trkpt>
      <trkpt lat="24.4679801724851131439208984375" lon="118.1490092910826206207275390625">
        <ele>236.399993896484375</ele>
        <time>2026-09-23T11:50:53.000Z</time>
        <extensions>
          <ns3:TrackPointExtension>
            <ns3:atemp>28.0</ns3:atemp>
            <ns3:hr>122</ns3:hr>
          </ns3:TrackPointExtension>
        </extensions>
      </trkpt>
      <trkpt lat="24.46797497570514678955078125" lon="118.149031586945056915283203125">
        <ele>235.1999969482421875</ele>
        <time>2026-09-23T11:50:57.000Z</time>
        <extensions>
          <ns3:TrackPointExtension>
            <ns3:atemp>28.0</ns3:atemp>
            <ns3:hr>120</ns3:hr>
          </ns3:TrackPointExtension>
        </extensions>
      </trkpt>
      <trkpt lat="24.467969276010990142822265625" lon="118.1490334309637546539306640625">
        <ele>234.8000030517578125</ele>
        <time>2026-09-23T11:50:59.000Z</time>
        <extensions>
          <ns3:TrackPointExtension>
            <ns3:atemp>28.0</ns3:atemp>
            <ns3:hr>120</ns3:hr>
          </ns3:TrackPointExtension>
        </extensions>
      </trkpt>
      <trkpt lat="24.46797036565840244293212890625" lon="118.14905279316008090972900390625">
        <ele>234</ele>
        <time>2026-09-23T11:51:01.000Z</time>
        <extensions>
          <ns3:TrackPointExtension>
            <ns3:atemp>28.0</ns3:atemp>
            <ns3:hr>120</ns3:hr>
          </ns3:TrackPointExtension>
        </extensions>
      </trkpt>
      <trkpt lat="24.4679657556116580963134765625" lon="118.1490833871066570281982421875">
        <ele>233</ele>
        <time>2026-09-23T11:51:05.000Z</time>
        <extensions>
          <ns3:TrackPointExtension>
            <ns3:atemp>28.0</ns3:atemp>
            <ns3:hr>119</ns3:hr>
          </ns3:TrackPointExtension>
        </extensions>
      </trkpt>
      <trkpt lat="24.46796718053519725799560546875" lon="118.14908766187727451324462890625">
        <ele>232.8000030517578125</ele>
        <time>2026-09-23T11:51:06.000Z</time>
        <extensions>
          <ns3:TrackPointExtension>
            <ns3:atemp>28.0</ns3:atemp>
            <ns3:hr>119</ns3:hr>
          </ns3:TrackPointExtension>
        </extensions>
      </trkpt>
      <trkpt lat="24.46798142977058887481689453125" lon="118.1491356901824474334716796875">
        <ele>231.600006103515625</ele>
        <time>2026-09-23T11:51:12.000Z</time>
        <extensions>
          <ns3:TrackPointExtension>
            <ns3:atemp>28.0</ns3:atemp>
            <ns3:hr>119</ns3:hr>
          </ns3:TrackPointExtension>
        </extensions>
      </trkpt>
      <trkpt lat="24.46798360906541347503662109375" lon="118.14913745038211345672607421875">
        <ele>231.1999969482421875</ele>
        <time>2026-09-23T11:51:13.000Z</time>
        <extensions>
          <ns3:TrackPointExtension>
            <ns3:atemp>28.0</ns3:atemp>
            <ns3:hr>119</ns3:hr>
          </ns3:TrackPointExtension>
        </extensions>
      </trkpt>
      <trkpt lat="24.46798972785472869873046875" lon="118.14914767630398273468017578125">
        <ele>230.600006103515625</ele>
        <time>2026-09-23T11:51:15.000Z</time>
        <extensions>
          <ns3:TrackPointExtension>
            <ns3:atemp>28.0</ns3:atemp>
            <ns3:hr>117</ns3:hr>
          </ns3:TrackPointExtension>
        </extensions>
      </trkpt>
      <trkpt lat="24.46798159740865230560302734375" lon="118.1491720676422119140625">
        <ele>229.600006103515625</ele>
        <time>2026-09-23T11:51:19.000Z</time>
        <extensions>
          <ns3:TrackPointExtension>
            <ns3:atemp>28.0</ns3:atemp>
            <ns3:hr>118</ns3:hr>
          </ns3:TrackPointExtension>
        </extensions>
      </trkpt>
      <trkpt lat="24.46797690354287624359130859375" lon="118.14918405376374721527099609375">
        <ele>229.399993896484375</ele>
        <time>2026-09-23T11:51:20.000Z</time>
        <extensions>
          <ns3:TrackPointExtension>
            <ns3:atemp>28.0</ns3:atemp>
            <ns3:hr>118</ns3:hr>
          </ns3:TrackPointExtension>
        </extensions>
      </trkpt>
      <trkpt lat="24.467971622943878173828125" lon="118.14918707124888896942138671875">
        <ele>228.1999969482421875</ele>
        <time>2026-09-23T11:51:24.000Z</time>
        <extensions>
          <ns3:TrackPointExtension>
            <ns3:atemp>28.0</ns3:atemp>
            <ns3:hr>117</ns3:hr>
          </ns3:TrackPointExtension>
        </extensions>
      </trkpt>
      <trkpt lat="24.467976987361907958984375" lon="118.14922244288027286529541015625">
        <ele>227.1999969482421875</ele>
        <time>2026-09-23T11:51:29.000Z</time>
        <extensions>
          <ns3:TrackPointExtension>
            <ns3:atemp>28.0</ns3:atemp>
            <ns3:hr>118</ns3:hr>
          </ns3:TrackPointExtension>
        </extensions>
      </trkpt>
      <trkpt lat="24.46798495016992092132568359375" lon="118.14924574457108974456787109375">
        <ele>226.399993896484375</ele>
        <time>2026-09-23T11:51:32.000Z</time>
        <extensions>
          <ns3:TrackPointExtension>
            <ns3:atemp>28.0</ns3:atemp>
            <ns3:hr>118</ns3:hr>
          </ns3:TrackPointExtension>
        </extensions>
      </trkpt>
      <trkpt lat="24.46798704564571380615234375" lon="118.14925295300781726837158203125">
        <ele>226</ele>
        <time>2026-09-23T11:51:33.000Z</time>
        <extensions>
          <ns3:TrackPointExtension>
            <ns3:atemp>28.0</ns3:atemp>
            <ns3:hr>118</ns3:hr>
          </ns3:TrackPointExtension>
        </extensions>
      </trkpt>
      <trkpt lat="24.46798972785472869873046875" lon="118.1492617540061473846435546875">
        <ele>224.8000030517578125</ele>
        <time>2026-09-23T11:51:36.000Z</time>
        <extensions>
          <ns3:TrackPointExtension>
            <ns3:atemp>28.0</ns3:atemp>
            <ns3:hr>118</ns3:hr>
          </ns3:TrackPointExtension>
        </extensions>
      </trkpt>
      <trkpt lat="24.46798629127442836761474609375" lon="118.149270303547382354736328125">
        <ele>224.8000030517578125</ele>
        <time>2026-09-23T11:51:37.000Z</time>
        <extensions>
          <ns3:TrackPointExtension>
            <ns3:atemp>28.0</ns3:atemp>
            <ns3:hr>118</ns3:hr>
          </ns3:TrackPointExtension>
        </extensions>
      </trkpt>
      <trkpt lat="24.4680023007094860076904296875" lon="118.1492825411260128021240234375">
        <ele>223.8000030517578125</ele>
        <time>2026-09-23T11:51:41.000Z</time>
        <extensions>
          <ns3:TrackPointExtension>
            <ns3:atemp>28.0</ns3:atemp>
            <ns3:hr>118</ns3:hr>
          </ns3:TrackPointExtension>
        </extensions>
      </trkpt>
      <trkpt lat="24.46801009587943553924560546875" lon="118.149296455085277557373046875">
        <ele>223.399993896484375</ele>
        <time>2026-09-23T11:51:42.000Z</time>
        <extensions>
          <ns3:TrackPointExtension>
            <ns3:atemp>28.0</ns3:atemp>
            <ns3:hr>118</ns3:hr>
          </ns3:TrackPointExtension>
        </extensions>
      </trkpt>
      <trkpt lat="24.46800892241299152374267578125" lon="118.14932839013636112213134765625">
        <ele>222.399993896484375</ele>
        <time>2026-09-23T11:51:44.000Z</time>
        <extensions>
          <ns3:TrackPointExtension>
            <ns3:atemp>28.0</ns3:atemp>
            <ns3:hr>118</ns3:hr>
          </ns3:TrackPointExtension>
        </extensions>
      </trkpt>
      <trkpt lat="24.4680147059261798858642578125" lon="118.14934699796140193939208984375">
        <ele>221.600006103515625</ele>
        <time>2026-09-23T11:51:47.000Z</time>
        <extensions>
          <ns3:TrackPointExtension>
            <ns3:atemp>28.0</ns3:atemp>
            <ns3:hr>118</ns3:hr>
          </ns3:TrackPointExtension>
        </extensions>
      </trkpt>
      <trkpt lat="24.46801546029746532440185546875" lon="118.14935169182717800140380859375">
        <ele>221.399993896484375</ele>
        <time>2026-09-23T11:51:48.000Z</time>
        <extensions>
          <ns3:TrackPointExtension>
            <ns3:atemp>28.0</ns3:atemp>
            <ns3:hr>116</ns3:hr>
          </ns3:TrackPointExtension>
        </extensions>
      </trkpt>
      <trkpt lat="24.4680049829185009002685546875" lon="118.14937482587993144989013671875">
        <ele>220.600006103515625</ele>
        <time>2026-09-23T11:51:52.000Z</time>
        <extensions>
          <ns3:TrackPointExtension>
            <ns3:atemp>28.0</ns3:atemp>
            <ns3:hr>117</ns3:hr>
          </ns3:TrackPointExtension>
        </extensions>
      </trkpt>
      <trkpt lat="24.46800607256591320037841796875" lon="118.14937231130897998809814453125">
        <ele>220.1999969482421875</ele>
        <time>2026-09-23T11:51:53.000Z</time>
        <extensions>
          <ns3:TrackPointExtension>
            <ns3:atemp>28.0</ns3:atemp>
            <ns3:hr>117</ns3:hr>
          </ns3:TrackPointExtension>
        </extensions>
      </trkpt>
      <trkpt lat="24.4679922424256801605224609375" lon="118.1493754126131534576416015625">
        <ele>219.1999969482421875</ele>
        <time>2026-09-23T11:51:57.000Z</time>
        <extensions>
          <ns3:TrackPointExtension>
            <ns3:atemp>28.0</ns3:atemp>
            <ns3:hr>117</ns3:hr>
          </ns3:TrackPointExtension>
        </extensions>
      </trkpt>
      <trkpt lat="24.46799014694988727569580078125" lon="118.14938463270664215087890625">
        <ele>219</ele>
        <time>2026-09-23T11:51:58.000Z</time>
        <extensions>
          <ns3:TrackPointExtension>
            <ns3:atemp>28.0</ns3:atemp>
            <ns3:hr>117</ns3:hr>
          </ns3:TrackPointExtension>
        </extensions>
      </trkpt>
      <trkpt lat="24.4679925777018070220947265625" lon="118.1494015641510486602783203125">
        <ele>218</ele>
        <time>2026-09-23T11:52:02.000Z</time>
        <extensions>
          <ns3:TrackPointExtension>
            <ns3:atemp>28.0</ns3:atemp>
            <ns3:hr>116</ns3:hr>
          </ns3:TrackPointExtension>
        </extensions>
      </trkpt>
      <trkpt lat="24.46799752302467823028564453125" lon="118.1493987143039703369140625">
        <ele>217.1999969482421875</ele>
        <time>2026-09-23T11:52:04.000Z</time>
        <extensions>
          <ns3:TrackPointExtension>
            <ns3:atemp>28.0</ns3:atemp>
            <ns3:hr>116</ns3:hr>
          </ns3:TrackPointExtension>
        </extensions>
      </trkpt>
      <trkpt lat="24.4679939188063144683837890625" lon="118.14940248616039752960205078125">
        <ele>216.8000030517578125</ele>
        <time>2026-09-23T11:52:06.000Z</time>
        <extensions>
          <ns3:TrackPointExtension>
            <ns3:atemp>28.0</ns3:atemp>
            <ns3:hr>116</ns3:hr>
          </ns3:TrackPointExtension>
        </extensions>
      </trkpt>
      <trkpt lat="24.46798847056925296783447265625" lon="118.14939670264720916748046875">
        <ele>215.399993896484375</ele>
        <time>2026-09-23T11:52:10.000Z</time>
        <extensions>
          <ns3:TrackPointExtension>
            <ns3:atemp>29.0</ns3:atemp>
            <ns3:hr>115</ns3:hr>
          </ns3:TrackPointExtension>
        </extensions>
      </trkpt>
      <trkpt lat="24.46798478253185749053955078125" lon="118.1494287215173244476318359375">
        <ele>214.1999969482421875</ele>
        <time>2026-09-23T11:52:15.000Z</time>
        <extensions>
          <ns3:TrackPointExtension>
            <ns3:atemp>28.0</ns3:atemp>
            <ns3:hr>113</ns3:hr>
          </ns3:TrackPointExtension>
        </extensions>
      </trkpt>
      <trkpt lat="24.46798427961766719818115234375" lon="118.1494270451366901397705078125">
        <ele>213.399993896484375</ele>
        <time>2026-09-23T11:52:17.000Z</time>
        <extensions>
          <ns3:TrackPointExtension>
            <ns3:atemp>29.0</ns3:atemp>
            <ns3:hr>113</ns3:hr>
          </ns3:TrackPointExtension>
        </extensions>
      </trkpt>
      <trkpt lat="24.4679895602166652679443359375" lon="118.149427883327007293701171875">
        <ele>213</ele>
        <time>2026-09-23T11:52:18.000Z</time>
        <extensions>
          <ns3:TrackPointExtension>
            <ns3:atemp>29.0</ns3:atemp>
            <ns3:hr>113</ns3:hr>
          </ns3:TrackPointExtension>
        </extensions>
      </trkpt>
      <trkpt lat="24.46798394434154033660888671875" lon="118.149440288543701171875">
        <ele>212.399993896484375</ele>
        <time>2026-09-23T11:52:23.000Z</time>
        <extensions>
          <ns3:TrackPointExtension>
            <ns3:atemp>28.0</ns3:atemp>
            <ns3:hr>115</ns3:hr>
          </ns3:TrackPointExtension>
        </extensions>
      </trkpt>
      <trkpt lat="24.46798503398895263671875" lon="118.1494726426899433135986328125">
        <ele>211.8000030517578125</ele>
        <time>2026-09-23T11:52:26.000Z</time>
        <extensions>
          <ns3:TrackPointExtension>
            <ns3:atemp>29.0</ns3:atemp>
            <ns3:hr>116</ns3:hr>
          </ns3:TrackPointExtension>
        </extensions>
      </trkpt>
      <trkpt lat="24.46796894073486328125" lon="118.149494938552379608154296875">
        <ele>211</ele>
        <time>2026-09-23T11:52:29.000Z</time>
        <extensions>
          <ns3:TrackPointExtension>
            <ns3:atemp>29.0</ns3:atemp>
            <ns3:hr>116</ns3:hr>
          </ns3:TrackPointExtension>
        </extensions>
      </trkpt>
      <trkpt lat="24.46797288022935390472412109375" lon="118.14950424246490001678466796875">
        <ele>210.600006103515625</ele>
        <time>2026-09-23T11:52:30.000Z</time>
        <extensions>
          <ns3:TrackPointExtension>
            <ns3:atemp>28.0</ns3:atemp>
            <ns3:hr>116</ns3:hr>
          </ns3:TrackPointExtension>
        </extensions>
      </trkpt>
      <trkpt lat="24.46798679418861865997314453125" lon="118.1495225988328456878662109375">
        <ele>209.600006103515625</ele>
        <time>2026-09-23T11:52:34.000Z</time>
        <extensions>
          <ns3:TrackPointExtension>
            <ns3:atemp>28.0</ns3:atemp>
            <ns3:hr>116</ns3:hr>
          </ns3:TrackPointExtension>
        </extensions>
      </trkpt>
      <trkpt lat="24.46799316443502902984619140625" lon="118.1495212577283382415771484375">
        <ele>209.399993896484375</ele>
        <time>2026-09-23T11:52:35.000Z</time>
        <extensions>
          <ns3:TrackPointExtension>
            <ns3:atemp>28.0</ns3:atemp>
            <ns3:hr>115</ns3:hr>
          </ns3:TrackPointExtension>
        </extensions>
      </trkpt>
      <trkpt lat="24.46801914833486080169677734375" lon="118.14957196824252605438232421875">
        <ele>208.1999969482421875</ele>
        <time>2026-09-23T11:52:40.000Z</time>
        <extensions>
          <ns3:TrackPointExtension>
            <ns3:atemp>28.0</ns3:atemp>
            <ns3:hr>115</ns3:hr>
          </ns3:TrackPointExtension>
        </extensions>
      </trkpt>
      <trkpt lat="24.4680212438106536865234375" lon="118.14957951195538043975830078125">
        <ele>207.8000030517578125</ele>
        <time>2026-09-23T11:52:41.000Z</time>
        <extensions>
          <ns3:TrackPointExtension>
            <ns3:atemp>28.0</ns3:atemp>
            <ns3:hr>116</ns3:hr>
          </ns3:TrackPointExtension>
        </extensions>
      </trkpt>
      <trkpt lat="24.4680482335388660430908203125" lon="118.149601556360721588134765625">
        <ele>207.1999969482421875</ele>
        <time>2026-09-23T11:52:45.000Z</time>
        <extensions>
          <ns3:TrackPointExtension>
            <ns3:atemp>29.0</ns3:atemp>
            <ns3:hr>115</ns3:hr>
          </ns3:TrackPointExtension>
        </extensions>
      </trkpt>
      <trkpt lat="24.4680546037852764129638671875" lon="118.149609267711639404296875">
        <ele>207</ele>
        <time>2026-09-23T11:52:46.000Z</time>
        <extensions>
          <ns3:TrackPointExtension>
            <ns3:atemp>28.0</ns3:atemp>
            <ns3:hr>115</ns3:hr>
          </ns3:TrackPointExtension>
        </extensions>
      </trkpt>
      <trkpt lat="24.4680723734200000762939453125" lon="118.14962494187057018280029296875">
        <ele>205.8000030517578125</ele>
        <time>2026-09-23T11:52:51.000Z</time>
        <extensions>
          <ns3:TrackPointExtension>
            <ns3:atemp>28.0</ns3:atemp>
            <ns3:hr>116</ns3:hr>
          </ns3:TrackPointExtension>
        </extensions>
      </trkpt>
      <trkpt lat="24.46807555854320526123046875" lon="118.14962678588926792144775390625">
        <ele>205.399993896484375</ele>
        <time>2026-09-23T11:52:53.000Z</time>
        <extensions>
          <ns3:TrackPointExtension>
            <ns3:atemp>28.0</ns3:atemp>
            <ns3:hr>116</ns3:hr>
          </ns3:TrackPointExtension>
        </extensions>
      </trkpt>
      <trkpt lat="24.46807815693318843841552734375" lon="118.149642460048198699951171875">
        <ele>204.8000030517578125</ele>
        <time>2026-09-23T11:52:58.000Z</time>
        <extensions>
          <ns3:TrackPointExtension>
            <ns3:atemp>28.0</ns3:atemp>
            <ns3:hr>115</ns3:hr>
          </ns3:TrackPointExtension>
        </extensions>
      </trkpt>
      <trkpt lat="24.46808385662734508514404296875" lon="118.14964489080011844635009765625">
        <ele>204.600006103515625</ele>
        <time>2026-09-23T11:52:59.000Z</time>
        <extensions>
          <ns3:TrackPointExtension>
            <ns3:atemp>28.0</ns3:atemp>
            <ns3:hr>114</ns3:hr>
          </ns3:TrackPointExtension>
        </extensions>
      </trkpt>
      <trkpt lat="24.46809123270213603973388671875" lon="118.14965411089360713958740234375">
        <ele>204.1999969482421875</ele>
        <time>2026-09-23T11:53:00.000Z</time>
        <extensions>
          <ns3:TrackPointExtension>
            <ns3:atemp>29.0</ns3:atemp>
            <ns3:hr>117</ns3:hr>
          </ns3:TrackPointExtension>
        </extensions>
      </trkpt>
      <trkpt lat="24.46809844113886356353759765625" lon="118.1496562063694000244140625">
        <ele>203.600006103515625</ele>
        <time>2026-09-23T11:53:02.000Z</time>
        <extensions>
          <ns3:TrackPointExtension>
            <ns3:atemp>28.0</ns3:atemp>
            <ns3:hr>117</ns3:hr>
          </ns3:TrackPointExtension>
        </extensions>
      </trkpt>
      <trkpt lat="24.46812844835221767425537109375" lon="118.14968277700245380401611328125">
        <ele>202.8000030517578125</ele>
        <time>2026-09-23T11:53:06.000Z</time>
        <extensions>
          <ns3:TrackPointExtension>
            <ns3:atemp>28.0</ns3:atemp>
            <ns3:hr>116</ns3:hr>
          </ns3:TrackPointExtension>
        </extensions>
      </trkpt>
      <trkpt lat="24.46813481859862804412841796875" lon="118.14968680031597614288330078125">
        <ele>202.600006103515625</ele>
        <time>2026-09-23T11:53:07.000Z</time>
        <extensions>
          <ns3:TrackPointExtension>
            <ns3:atemp>28.0</ns3:atemp>
            <ns3:hr>116</ns3:hr>
          </ns3:TrackPointExtension>
        </extensions>
      </trkpt>
      <trkpt lat="24.46815208531916141510009765625" lon="118.14973072148859500885009765625">
        <ele>201.1999969482421875</ele>
        <time>2026-09-23T11:53:12.000Z</time>
        <extensions>
          <ns3:TrackPointExtension>
            <ns3:atemp>29.0</ns3:atemp>
            <ns3:hr>116</ns3:hr>
          </ns3:TrackPointExtension>
        </extensions>
      </trkpt>
      <trkpt lat="24.46817857213318347930908203125" lon="118.14978503622114658355712890625">
        <ele>200</ele>
        <time>2026-09-23T11:53:18.000Z</time>
        <extensions>
          <ns3:TrackPointExtension>
            <ns3:atemp>28.0</ns3:atemp>
            <ns3:hr>115</ns3:hr>
          </ns3:TrackPointExtension>
        </extensions>
      </trkpt>
      <trkpt lat="24.46820120327174663543701171875" lon="118.14980582334101200103759765625">
        <ele>199.600006103515625</ele>
        <time>2026-09-23T11:53:20.000Z</time>
        <extensions>
          <ns3:TrackPointExtension>
            <ns3:atemp>28.0</ns3:atemp>
            <ns3:hr>114</ns3:hr>
          </ns3:TrackPointExtension>
        </extensions>
      </trkpt>
      <trkpt lat="24.4682125188410282135009765625" lon="118.14981336705386638641357421875">
        <ele>199.600006103515625</ele>
        <time>2026-09-23T11:53:21.000Z</time>
        <extensions>
          <ns3:TrackPointExtension>
            <ns3:atemp>28.0</ns3:atemp>
            <ns3:hr>114</ns3:hr>
          </ns3:TrackPointExtension>
        </extensions>
      </trkpt>
      <trkpt lat="24.46823456324636936187744140625" lon="118.14983398653566837310791015625">
        <ele>199</ele>
        <time>2026-09-23T11:53:24.000Z</time>
        <extensions>
          <ns3:TrackPointExtension>
            <ns3:atemp>28.0</ns3:atemp>
            <ns3:hr>112</ns3:hr>
          </ns3:TrackPointExtension>
        </extensions>
      </trkpt>
      <trkpt lat="24.4682758860290050506591796875" lon="118.1498427875339984893798828125">
        <ele>198.1999969482421875</ele>
        <time>2026-09-23T11:53:30.000Z</time>
        <extensions>
          <ns3:TrackPointExtension>
            <ns3:atemp>28.0</ns3:atemp>
            <ns3:hr>111</ns3:hr>
          </ns3:TrackPointExtension>
        </extensions>
      </trkpt>
      <trkpt lat="24.4682862795889377593994140625" lon="118.14985401928424835205078125">
        <ele>197.8000030517578125</ele>
        <time>2026-09-23T11:53:32.000Z</time>
        <extensions>
          <ns3:TrackPointExtension>
            <ns3:atemp>28.0</ns3:atemp>
            <ns3:hr>111</ns3:hr>
          </ns3:TrackPointExtension>
        </extensions>
      </trkpt>
      <trkpt lat="24.46828619576990604400634765625" lon="118.1498706154525279998779296875">
        <ele>197.1999969482421875</ele>
        <time>2026-09-23T11:53:36.000Z</time>
        <extensions>
          <ns3:TrackPointExtension>
            <ns3:atemp>28.0</ns3:atemp>
            <ns3:hr>110</ns3:hr>
          </ns3:TrackPointExtension>
        </extensions>
      </trkpt>
      <trkpt lat="24.468286447227001190185546875" lon="118.1498776562511920928955078125">
        <ele>196.8000030517578125</ele>
        <time>2026-09-23T11:53:38.000Z</time>
        <extensions>
          <ns3:TrackPointExtension>
            <ns3:atemp>28.0</ns3:atemp>
            <ns3:hr>110</ns3:hr>
          </ns3:TrackPointExtension>
        </extensions>
      </trkpt>
      <trkpt lat="24.46828217245638370513916015625" lon="118.14989425241947174072265625">
        <ele>196.600006103515625</ele>
        <time>2026-09-23T11:53:42.000Z</time>
        <extensions>
          <ns3:TrackPointExtension>
            <ns3:atemp>28.0</ns3:atemp>
            <ns3:hr>111</ns3:hr>
          </ns3:TrackPointExtension>
        </extensions>
      </trkpt>
      <trkpt lat="24.468266330659389495849609375" lon="118.149910680949687957763671875">
        <ele>195.8000030517578125</ele>
        <time>2026-09-23T11:53:46.000Z</time>
        <extensions>
          <ns3:TrackPointExtension>
            <ns3:atemp>28.0</ns3:atemp>
            <ns3:hr>112</ns3:hr>
          </ns3:TrackPointExtension>
        </extensions>
      </trkpt>
      <trkpt lat="24.46826356463134288787841796875" lon="118.14992643892765045166015625">
        <ele>194.8000030517578125</ele>
        <time>2026-09-23T11:53:50.000Z</time>
        <extensions>
          <ns3:TrackPointExtension>
            <ns3:atemp>28.0</ns3:atemp>
            <ns3:hr>112</ns3:hr>
          </ns3:TrackPointExtension>
        </extensions>
      </trkpt>
      <trkpt lat="24.46826197206974029541015625" lon="118.14995787106454372406005859375">
        <ele>193.600006103515625</ele>
        <time>2026-09-23T11:53:54.000Z</time>
        <extensions>
          <ns3:TrackPointExtension>
            <ns3:atemp>28.0</ns3:atemp>
            <ns3:hr>113</ns3:hr>
          </ns3:TrackPointExtension>
        </extensions>
      </trkpt>
      <trkpt lat="24.46826197206974029541015625" lon="118.14997128210961818695068359375">
        <ele>192.8000030517578125</ele>
        <time>2026-09-23T11:53:56.000Z</time>
        <extensions>
          <ns3:TrackPointExtension>
            <ns3:atemp>28.0</ns3:atemp>
            <ns3:hr>113</ns3:hr>
          </ns3:TrackPointExtension>
        </extensions>
      </trkpt>
      <trkpt lat="24.4682628102600574493408203125" lon="118.1499812565743923187255859375">
        <ele>192.600006103515625</ele>
        <time>2026-09-23T11:53:57.000Z</time>
        <extensions>
          <ns3:TrackPointExtension>
            <ns3:atemp>29.0</ns3:atemp>
            <ns3:hr>114</ns3:hr>
          </ns3:TrackPointExtension>
        </extensions>
      </trkpt>
      <trkpt lat="24.4682919792830944061279296875" lon="118.15000279806554317474365234375">
        <ele>191.600006103515625</ele>
        <time>2026-09-23T11:54:00.000Z</time>
        <extensions>
          <ns3:TrackPointExtension>
            <ns3:atemp>28.0</ns3:atemp>
            <ns3:hr>115</ns3:hr>
          </ns3:TrackPointExtension>
        </extensions>
      </trkpt>
      <trkpt lat="24.46830698288977146148681640625" lon="118.15002140589058399200439453125">
        <ele>191</ele>
        <time>2026-09-23T11:54:02.000Z</time>
        <extensions>
          <ns3:TrackPointExtension>
            <ns3:atemp>28.0</ns3:atemp>
            <ns3:hr>116</ns3:hr>
          </ns3:TrackPointExtension>
        </extensions>
      </trkpt>
      <trkpt lat="24.4683137722313404083251953125" lon="118.15002878196537494659423828125">
        <ele>190.8000030517578125</ele>
        <time>2026-09-23T11:54:03.000Z</time>
        <extensions>
          <ns3:TrackPointExtension>
            <ns3:atemp>29.0</ns3:atemp>
            <ns3:hr>116</ns3:hr>
          </ns3:TrackPointExtension>
        </extensions>
      </trkpt>
      <trkpt lat="24.4683124311268329620361328125" lon="118.15005007199943065643310546875">
        <ele>190.600006103515625</ele>
        <time>2026-09-23T11:54:04.000Z</time>
        <extensions>
          <ns3:TrackPointExtension>
            <ns3:atemp>28.0</ns3:atemp>
            <ns3:hr>116</ns3:hr>
          </ns3:TrackPointExtension>
        </extensions>
      </trkpt>
      <trkpt lat="24.46832240559160709381103515625" lon="118.1500746309757232666015625">
        <ele>189.600006103515625</ele>
        <time>2026-09-23T11:54:07.000Z</time>
        <extensions>
          <ns3:TrackPointExtension>
            <ns3:atemp>28.0</ns3:atemp>
            <ns3:hr>116</ns3:hr>
          </ns3:TrackPointExtension>
        </extensions>
      </trkpt>
      <trkpt lat="24.46832098066806793212890625" lon="118.150085695087909698486328125">
        <ele>189.399993896484375</ele>
        <time>2026-09-23T11:54:08.000Z</time>
        <extensions>
          <ns3:TrackPointExtension>
            <ns3:atemp>29.0</ns3:atemp>
            <ns3:hr>116</ns3:hr>
          </ns3:TrackPointExtension>
        </extensions>
      </trkpt>
      <trkpt lat="24.46828468702733516693115234375" lon="118.15011058934032917022705078125">
        <ele>188.399993896484375</ele>
        <time>2026-09-23T11:54:12.000Z</time>
        <extensions>
          <ns3:TrackPointExtension>
            <ns3:atemp>29.0</ns3:atemp>
            <ns3:hr>116</ns3:hr>
          </ns3:TrackPointExtension>
        </extensions>
      </trkpt>
      <trkpt lat="24.46827764622867107391357421875" lon="118.1501264311373233795166015625">
        <ele>188.1999969482421875</ele>
        <time>2026-09-23T11:54:13.000Z</time>
        <extensions>
          <ns3:TrackPointExtension>
            <ns3:atemp>28.0</ns3:atemp>
            <ns3:hr>116</ns3:hr>
          </ns3:TrackPointExtension>
        </extensions>
      </trkpt>
      <trkpt lat="24.4682889617979526519775390625" lon="118.15015283413231372833251953125">
        <ele>187.600006103515625</ele>
        <time>2026-09-23T11:54:18.000Z</time>
        <extensions>
          <ns3:TrackPointExtension>
            <ns3:atemp>28.0</ns3:atemp>
            <ns3:hr>117</ns3:hr>
          </ns3:TrackPointExtension>
        </extensions>
      </trkpt>
      <trkpt lat="24.46830094791948795318603515625" lon="118.15016775391995906829833984375">
        <ele>187</ele>
        <time>2026-09-23T11:54:22.000Z</time>
        <extensions>
          <ns3:TrackPointExtension>
            <ns3:atemp>28.0</ns3:atemp>
            <ns3:hr>118</ns3:hr>
          </ns3:TrackPointExtension>
        </extensions>
      </trkpt>
      <trkpt lat="24.46830832399427890777587890625" lon="118.15017496235668659210205078125">
        <ele>186.8000030517578125</ele>
        <time>2026-09-23T11:54:23.000Z</time>
        <extensions>
          <ns3:TrackPointExtension>
            <ns3:atemp>28.0</ns3:atemp>
            <ns3:hr>118</ns3:hr>
          </ns3:TrackPointExtension>
        </extensions>
      </trkpt>
      <trkpt lat="24.46833439171314239501953125" lon="118.1501854397356510162353515625">
        <ele>185.8000030517578125</ele>
        <time>2026-09-23T11:54:26.000Z</time>
        <extensions>
          <ns3:TrackPointExtension>
            <ns3:atemp>29.0</ns3:atemp>
            <ns3:hr>118</ns3:hr>
          </ns3:TrackPointExtension>
        </extensions>
      </trkpt>
      <trkpt lat="24.46833430789411067962646484375" lon="118.15022961236536502838134765625">
        <ele>185.1999969482421875</ele>
        <time>2026-09-23T11:54:29.000Z</time>
        <extensions>
          <ns3:TrackPointExtension>
            <ns3:atemp>28.0</ns3:atemp>
            <ns3:hr>117</ns3:hr>
          </ns3:TrackPointExtension>
        </extensions>
      </trkpt>
      <trkpt lat="24.46831100620329380035400390625" lon="118.15027034841477870941162109375">
        <ele>185</ele>
        <time>2026-09-23T11:54:35.000Z</time>
        <extensions>
          <ns3:TrackPointExtension>
            <ns3:atemp>28.0</ns3:atemp>
            <ns3:hr>120</ns3:hr>
          </ns3:TrackPointExtension>
        </extensions>
      </trkpt>
      <trkpt lat="24.46830614469945430755615234375" lon="118.15027688629925251007080078125">
        <ele>185</ele>
        <time>2026-09-23T11:54:36.000Z</time>
        <extensions>
          <ns3:TrackPointExtension>
            <ns3:atemp>28.0</ns3:atemp>
            <ns3:hr>120</ns3:hr>
          </ns3:TrackPointExtension>
        </extensions>
      </trkpt>
      <trkpt lat="24.46828384883701801300048828125" lon="118.1503346376121044158935546875">
        <ele>185.600006103515625</ele>
        <time>2026-09-23T11:54:43.000Z</time>
        <extensions>
          <ns3:TrackPointExtension>
            <ns3:atemp>28.0</ns3:atemp>
            <ns3:hr>123</ns3:hr>
          </ns3:TrackPointExtension>
        </extensions>
      </trkpt>
      <trkpt lat="24.46828569285571575164794921875" lon="118.15036288462579250335693359375">
        <ele>187</ele>
        <time>2026-09-23T11:54:48.000Z</time>
        <extensions>
          <ns3:TrackPointExtension>
            <ns3:atemp>28.0</ns3:atemp>
            <ns3:hr>125</ns3:hr>
          </ns3:TrackPointExtension>
        </extensions>
      </trkpt>
      <trkpt lat="24.46827328763902187347412109375" lon="118.1503855995833873748779296875">
        <ele>187.399993896484375</ele>
        <time>2026-09-23T11:54:51.000Z</time>
        <extensions>
          <ns3:TrackPointExtension>
            <ns3:atemp>28.0</ns3:atemp>
            <ns3:hr>125</ns3:hr>
          </ns3:TrackPointExtension>
        </extensions>
      </trkpt>
      <trkpt lat="24.4682544283568859100341796875" lon="118.15039582550525665283203125">
        <ele>187.8000030517578125</ele>
        <time>2026-09-23T11:54:58.000Z</time>
        <extensions>
          <ns3:TrackPointExtension>
            <ns3:atemp>29.0</ns3:atemp>
            <ns3:hr>125</ns3:hr>
          </ns3:TrackPointExtension>
        </extensions>
      </trkpt>
      <trkpt lat="24.4682224094867706298828125" lon="118.1504187919199466705322265625">
        <ele>188.1999969482421875</ele>
        <time>2026-09-23T11:55:02.000Z</time>
        <extensions>
          <ns3:TrackPointExtension>
            <ns3:atemp>28.0</ns3:atemp>
            <ns3:hr>124</ns3:hr>
          </ns3:TrackPointExtension>
        </extensions>
      </trkpt>
      <trkpt lat="24.46820438839495182037353515625" lon="118.150428347289562225341796875">
        <ele>189</ele>
        <time>2026-09-23T11:55:04.000Z</time>
        <extensions>
          <ns3:TrackPointExtension>
            <ns3:atemp>28.0</ns3:atemp>
            <ns3:hr>124</ns3:hr>
          </ns3:TrackPointExtension>
        </extensions>
      </trkpt>
      <trkpt lat="24.46819365955889225006103515625" lon="118.1504325382411479949951171875">
        <ele>189.399993896484375</ele>
        <time>2026-09-23T11:55:05.000Z</time>
        <extensions>
          <ns3:TrackPointExtension>
            <ns3:atemp>28.0</ns3:atemp>
            <ns3:hr>124</ns3:hr>
          </ns3:TrackPointExtension>
        </extensions>
      </trkpt>
      <trkpt lat="24.4681473076343536376953125" lon="118.15044268034398555755615234375">
        <ele>190.1999969482421875</ele>
        <time>2026-09-23T11:55:12.000Z</time>
        <extensions>
          <ns3:TrackPointExtension>
            <ns3:atemp>28.0</ns3:atemp>
            <ns3:hr>123</ns3:hr>
          </ns3:TrackPointExtension>
        </extensions>
      </trkpt>
      <trkpt lat="24.468137584626674652099609375" lon="118.15044888295233249664306640625">
        <ele>190.600006103515625</ele>
        <time>2026-09-23T11:55:13.000Z</time>
        <extensions>
          <ns3:TrackPointExtension>
            <ns3:atemp>28.0</ns3:atemp>
            <ns3:hr>123</ns3:hr>
          </ns3:TrackPointExtension>
        </extensions>
      </trkpt>
      <trkpt lat="24.46811579167842864990234375" lon="118.15045357681810855865478515625">
        <ele>191.600006103515625</ele>
        <time>2026-09-23T11:55:17.000Z</time>
        <extensions>
          <ns3:TrackPointExtension>
            <ns3:atemp>28.0</ns3:atemp>
            <ns3:hr>122</ns3:hr>
          </ns3:TrackPointExtension>
        </extensions>
      </trkpt>
      <trkpt lat="24.46810238063335418701171875" lon="118.15045827068388462066650390625">
        <ele>192</ele>
        <time>2026-09-23T11:55:19.000Z</time>
        <extensions>
          <ns3:TrackPointExtension>
            <ns3:atemp>28.0</ns3:atemp>
            <ns3:hr>121</ns3:hr>
          </ns3:TrackPointExtension>
        </extensions>
      </trkpt>
      <trkpt lat="24.4680971838533878326416015625" lon="118.15047218464314937591552734375">
        <ele>192.600006103515625</ele>
        <time>2026-09-23T11:55:21.000Z</time>
        <extensions>
          <ns3:TrackPointExtension>
            <ns3:atemp>28.0</ns3:atemp>
            <ns3:hr>122</ns3:hr>
          </ns3:TrackPointExtension>
        </extensions>
      </trkpt>
      <trkpt lat="24.468074552714824676513671875" lon="118.15049632452428340911865234375">
        <ele>193</ele>
        <time>2026-09-23T11:55:25.000Z</time>
        <extensions>
          <ns3:TrackPointExtension>
            <ns3:atemp>28.0</ns3:atemp>
            <ns3:hr>122</ns3:hr>
          </ns3:TrackPointExtension>
        </extensions>
      </trkpt>
      <trkpt lat="24.46806960739195346832275390625" lon="118.15050655044615268707275390625">
        <ele>193.1999969482421875</ele>
        <time>2026-09-23T11:55:26.000Z</time>
        <extensions>
          <ns3:TrackPointExtension>
            <ns3:atemp>28.0</ns3:atemp>
            <ns3:hr>122</ns3:hr>
          </ns3:TrackPointExtension>
        </extensions>
      </trkpt>
      <trkpt lat="24.46808000095188617706298828125" lon="118.15053261816501617431640625">
        <ele>193</ele>
        <time>2026-09-23T11:55:31.000Z</time>
        <extensions>
          <ns3:TrackPointExtension>
            <ns3:atemp>28.0</ns3:atemp>
            <ns3:hr>121</ns3:hr>
          </ns3:TrackPointExtension>
        </extensions>
      </trkpt>
      <trkpt lat="24.46810246445238590240478515625" lon="118.15058031119406223297119140625">
        <ele>193.1999969482421875</ele>
        <time>2026-09-23T11:55:37.000Z</time>
        <extensions>
          <ns3:TrackPointExtension>
            <ns3:atemp>28.0</ns3:atemp>
            <ns3:hr>119</ns3:hr>
          </ns3:TrackPointExtension>
        </extensions>
      </trkpt>
      <trkpt lat="24.46812157519161701202392578125" lon="118.15061844885349273681640625">
        <ele>193</ele>
        <time>2026-09-23T11:55:44.000Z</time>
        <extensions>
          <ns3:TrackPointExtension>
            <ns3:atemp>28.0</ns3:atemp>
            <ns3:hr>118</ns3:hr>
          </ns3:TrackPointExtension>
        </extensions>
      </trkpt>
      <trkpt lat="24.46811587549746036529541015625" lon="118.15066982991993427276611328125">
        <ele>193.1999969482421875</ele>
        <time>2026-09-23T11:55:51.000Z</time>
        <extensions>
          <ns3:TrackPointExtension>
            <ns3:atemp>29.0</ns3:atemp>
            <ns3:hr>118</ns3:hr>
          </ns3:TrackPointExtension>
        </extensions>
      </trkpt>
      <trkpt lat="24.46811017580330371856689453125" lon="118.15071928314864635467529296875">
        <ele>193.8000030517578125</ele>
        <time>2026-09-23T11:55:56.000Z</time>
        <extensions>
          <ns3:TrackPointExtension>
            <ns3:atemp>28.0</ns3:atemp>
            <ns3:hr>118</ns3:hr>
          </ns3:TrackPointExtension>
        </extensions>
      </trkpt>
      <trkpt lat="24.4681035540997982025146484375" lon="118.15076035447418689727783203125">
        <ele>194.399993896484375</ele>
        <time>2026-09-23T11:55:59.000Z</time>
        <extensions>
          <ns3:TrackPointExtension>
            <ns3:atemp>28.0</ns3:atemp>
            <ns3:hr>118</ns3:hr>
          </ns3:TrackPointExtension>
        </extensions>
      </trkpt>
      <trkpt lat="24.46810062043368816375732421875" lon="118.15076856873929500579833984375">
        <ele>194.8000030517578125</ele>
        <time>2026-09-23T11:56:01.000Z</time>
        <extensions>
          <ns3:TrackPointExtension>
            <ns3:atemp>28.0</ns3:atemp>
            <ns3:hr>118</ns3:hr>
          </ns3:TrackPointExtension>
        </extensions>
      </trkpt>
      <trkpt lat="24.46809240616858005523681640625" lon="118.15079354681074619293212890625">
        <ele>196</ele>
        <time>2026-09-23T11:56:06.000Z</time>
        <extensions>
          <ns3:TrackPointExtension>
            <ns3:atemp>29.0</ns3:atemp>
            <ns3:hr>118</ns3:hr>
          </ns3:TrackPointExtension>
        </extensions>
      </trkpt>
      <trkpt lat="24.46808670647442340850830078125" lon="118.15080796368420124053955078125">
        <ele>196.399993896484375</ele>
        <time>2026-09-23T11:56:07.000Z</time>
        <extensions>
          <ns3:TrackPointExtension>
            <ns3:atemp>28.0</ns3:atemp>
            <ns3:hr>118</ns3:hr>
          </ns3:TrackPointExtension>
        </extensions>
      </trkpt>
      <trkpt lat="24.468059130012989044189453125" lon="118.1508355401456356048583984375">
        <ele>197</ele>
        <time>2026-09-23T11:56:10.000Z</time>
        <extensions>
          <ns3:TrackPointExtension>
            <ns3:atemp>28.0</ns3:atemp>
            <ns3:hr>118</ns3:hr>
          </ns3:TrackPointExtension>
        </extensions>
      </trkpt>
      <trkpt lat="24.46802551858127117156982421875" lon="118.1508559919893741607666015625">
        <ele>197.399993896484375</ele>
        <time>2026-09-23T11:56:13.000Z</time>
        <extensions>
          <ns3:TrackPointExtension>
            <ns3:atemp>28.0</ns3:atemp>
            <ns3:hr>117</ns3:hr>
          </ns3:TrackPointExtension>
        </extensions>
      </trkpt>
      <trkpt lat="24.46794186718761920928955078125" lon="118.15087568946182727813720703125">
        <ele>197</ele>
        <time>2026-09-23T11:56:21.000Z</time>
        <extensions>
          <ns3:TrackPointExtension>
            <ns3:atemp>28.0</ns3:atemp>
            <ns3:hr>117</ns3:hr>
          </ns3:TrackPointExtension>
        </extensions>
      </trkpt>
      <trkpt lat="24.46787171065807342529296875" lon="118.1509087979793548583984375">
        <ele>197</ele>
        <time>2026-09-23T11:56:28.000Z</time>
        <extensions>
          <ns3:TrackPointExtension>
            <ns3:atemp>28.0</ns3:atemp>
            <ns3:hr>118</ns3:hr>
          </ns3:TrackPointExtension>
        </extensions>
      </trkpt>
      <trkpt lat="24.4677954353392124176025390625" lon="118.150934278964996337890625">
        <ele>196.399993896484375</ele>
        <time>2026-09-23T11:56:36.000Z</time>
        <extensions>
          <ns3:TrackPointExtension>
            <ns3:atemp>28.0</ns3:atemp>
            <ns3:hr>115</ns3:hr>
          </ns3:TrackPointExtension>
        </extensions>
      </trkpt>
      <trkpt lat="24.467738606035709381103515625" lon="118.15095950849354267120361328125">
        <ele>196.600006103515625</ele>
        <time>2026-09-23T11:56:41.000Z</time>
        <extensions>
          <ns3:TrackPointExtension>
            <ns3:atemp>28.0</ns3:atemp>
            <ns3:hr>112</ns3:hr>
          </ns3:TrackPointExtension>
        </extensions>
      </trkpt>
      <trkpt lat="24.46773089468479156494140625" lon="118.150960095226764678955078125">
        <ele>196.600006103515625</ele>
        <time>2026-09-23T11:56:42.000Z</time>
        <extensions>
          <ns3:TrackPointExtension>
            <ns3:atemp>28.0</ns3:atemp>
            <ns3:hr>111</ns3:hr>
          </ns3:TrackPointExtension>
        </extensions>
      </trkpt>
      <trkpt lat="24.46771589107811450958251953125" lon="118.1509662978351116180419921875">
        <ele>196.8000030517578125</ele>
        <time>2026-09-23T11:56:44.000Z</time>
        <extensions>
          <ns3:TrackPointExtension>
            <ns3:atemp>28.0</ns3:atemp>
            <ns3:hr>108</ns3:hr>
          </ns3:TrackPointExtension>
        </extensions>
      </trkpt>
      <trkpt lat="24.467708766460418701171875" lon="118.15096713602542877197265625">
        <ele>196.8000030517578125</ele>
        <time>2026-09-23T11:56:45.000Z</time>
        <extensions>
          <ns3:TrackPointExtension>
            <ns3:atemp>28.0</ns3:atemp>
            <ns3:hr>107</ns3:hr>
          </ns3:TrackPointExtension>
        </extensions>
      </trkpt>
      <trkpt lat="24.4676817767322063446044921875" lon="118.15095732919871807098388671875">
        <ele>197.1999969482421875</ele>
        <time>2026-09-23T11:56:48.000Z</time>
        <extensions>
          <ns3:TrackPointExtension>
            <ns3:atemp>28.0</ns3:atemp>
            <ns3:hr>104</ns3:hr>
          </ns3:TrackPointExtension>
        </extensions>
      </trkpt>
      <trkpt lat="24.46765311062335968017578125" lon="118.15093629062175750732421875">
        <ele>197.600006103515625</ele>
        <time>2026-09-23T11:56:52.000Z</time>
        <extensions>
          <ns3:TrackPointExtension>
            <ns3:atemp>28.0</ns3:atemp>
            <ns3:hr>101</ns3:hr>
          </ns3:TrackPointExtension>
        </extensions>
      </trkpt>
      <trkpt lat="24.4676323235034942626953125" lon="118.1509391404688358306884765625">
        <ele>197.8000030517578125</ele>
        <time>2026-09-23T11:56:54.000Z</time>
        <extensions>
          <ns3:TrackPointExtension>
            <ns3:atemp>28.0</ns3:atemp>
            <ns3:hr>100</ns3:hr>
          </ns3:TrackPointExtension>
        </extensions>
      </trkpt>
      <trkpt lat="24.4676113687455654144287109375" lon="118.1509458459913730621337890625">
        <ele>198.1999969482421875</ele>
        <time>2026-09-23T11:56:56.000Z</time>
        <extensions>
          <ns3:TrackPointExtension>
            <ns3:atemp>28.0</ns3:atemp>
            <ns3:hr>100</ns3:hr>
          </ns3:TrackPointExtension>
        </extensions>
      </trkpt>
      <trkpt lat="24.46757172234356403350830078125" lon="118.15098582766950130462646484375">
        <ele>198.600006103515625</ele>
        <time>2026-09-23T11:57:02.000Z</time>
        <extensions>
          <ns3:TrackPointExtension>
            <ns3:atemp>28.0</ns3:atemp>
            <ns3:hr>100</ns3:hr>
          </ns3:TrackPointExtension>
        </extensions>
      </trkpt>
      <trkpt lat="24.46756325662136077880859375" lon="118.1510102190077304840087890625">
        <ele>199.1999969482421875</ele>
        <time>2026-09-23T11:57:05.000Z</time>
        <extensions>
          <ns3:TrackPointExtension>
            <ns3:atemp>28.0</ns3:atemp>
            <ns3:hr>101</ns3:hr>
          </ns3:TrackPointExtension>
        </extensions>
      </trkpt>
      <trkpt lat="24.46755244396626949310302734375" lon="118.15101407468318939208984375">
        <ele>200.1999969482421875</ele>
        <time>2026-09-23T11:57:08.000Z</time>
        <extensions>
          <ns3:TrackPointExtension>
            <ns3:atemp>28.0</ns3:atemp>
            <ns3:hr>102</ns3:hr>
          </ns3:TrackPointExtension>
        </extensions>
      </trkpt>
      <trkpt lat="24.46754355914890766143798828125" lon="118.15102069638669490814208984375">
        <ele>200.399993896484375</ele>
        <time>2026-09-23T11:57:09.000Z</time>
        <extensions>
          <ns3:TrackPointExtension>
            <ns3:atemp>28.0</ns3:atemp>
            <ns3:hr>102</ns3:hr>
          </ns3:TrackPointExtension>
        </extensions>
      </trkpt>
      <trkpt lat="24.46746946312487125396728515625" lon="118.1510098837316036224365234375">
        <ele>200.600006103515625</ele>
        <time>2026-09-23T11:57:14.000Z</time>
        <extensions>
          <ns3:TrackPointExtension>
            <ns3:atemp>28.0</ns3:atemp>
            <ns3:hr>103</ns3:hr>
          </ns3:TrackPointExtension>
        </extensions>
      </trkpt>
      <trkpt lat="24.4674309901893138885498046875" lon="118.15101667307317256927490234375">
        <ele>200.600006103515625</ele>
        <time>2026-09-23T11:57:18.000Z</time>
        <extensions>
          <ns3:TrackPointExtension>
            <ns3:atemp>28.0</ns3:atemp>
            <ns3:hr>106</ns3:hr>
          </ns3:TrackPointExtension>
        </extensions>
      </trkpt>
      <trkpt lat="24.467412047088146209716796875" lon="118.151006363332271575927734375">
        <ele>200.600006103515625</ele>
        <time>2026-09-23T11:57:20.000Z</time>
        <extensions>
          <ns3:TrackPointExtension>
            <ns3:atemp>28.0</ns3:atemp>
            <ns3:hr>106</ns3:hr>
          </ns3:TrackPointExtension>
        </extensions>
      </trkpt>
      <trkpt lat="24.4673585705459117889404296875" lon="118.15099529922008514404296875">
        <ele>201.1999969482421875</ele>
        <time>2026-09-23T11:57:26.000Z</time>
        <extensions>
          <ns3:TrackPointExtension>
            <ns3:atemp>28.0</ns3:atemp>
            <ns3:hr>108</ns3:hr>
          </ns3:TrackPointExtension>
        </extensions>
      </trkpt>
      <trkpt lat="24.467363767325878143310546875" lon="118.15100577659904956817626953125">
        <ele>201.600006103515625</ele>
        <time>2026-09-23T11:57:28.000Z</time>
        <extensions>
          <ns3:TrackPointExtension>
            <ns3:atemp>28.0</ns3:atemp>
            <ns3:hr>110</ns3:hr>
          </ns3:TrackPointExtension>
        </extensions>
      </trkpt>
      <trkpt lat="24.4673555530607700347900390625" lon="118.1510008312761783599853515625">
        <ele>202</ele>
        <time>2026-09-23T11:57:30.000Z</time>
        <extensions>
          <ns3:TrackPointExtension>
            <ns3:atemp>28.0</ns3:atemp>
            <ns3:hr>114</ns3:hr>
          </ns3:TrackPointExtension>
        </extensions>
      </trkpt>
      <trkpt lat="24.46736569516360759735107421875" lon="118.1509958021342754364013671875">
        <ele>202.1999969482421875</ele>
        <time>2026-09-23T11:57:31.000Z</time>
        <extensions>
          <ns3:TrackPointExtension>
            <ns3:atemp>28.0</ns3:atemp>
            <ns3:hr>115</ns3:hr>
          </ns3:TrackPointExtension>
        </extensions>
      </trkpt>
      <trkpt lat="24.46736586280167102813720703125" lon="118.150988258421421051025390625">
        <ele>202.600006103515625</ele>
        <time>2026-09-23T11:57:32.000Z</time>
        <extensions>
          <ns3:TrackPointExtension>
            <ns3:atemp>28.0</ns3:atemp>
            <ns3:hr>116</ns3:hr>
          </ns3:TrackPointExtension>
        </extensions>
      </trkpt>
      <trkpt lat="24.467327892780303955078125" lon="118.15099286846816539764404296875">
        <ele>203.1999969482421875</ele>
        <time>2026-09-23T11:57:35.000Z</time>
        <extensions>
          <ns3:TrackPointExtension>
            <ns3:atemp>28.0</ns3:atemp>
            <ns3:hr>117</ns3:hr>
          </ns3:TrackPointExtension>
        </extensions>
      </trkpt>
      <trkpt lat="24.4673123024404048919677734375" lon="118.15099085681140422821044921875">
        <ele>203.600006103515625</ele>
        <time>2026-09-23T11:57:36.000Z</time>
        <extensions>
          <ns3:TrackPointExtension>
            <ns3:atemp>28.0</ns3:atemp>
            <ns3:hr>120</ns3:hr>
          </ns3:TrackPointExtension>
        </extensions>
      </trkpt>
      <trkpt lat="24.46730651892721652984619140625" lon="118.1509884260594844818115234375">
        <ele>203.8000030517578125</ele>
        <time>2026-09-23T11:57:37.000Z</time>
        <extensions>
          <ns3:TrackPointExtension>
            <ns3:atemp>28.0</ns3:atemp>
            <ns3:hr>120</ns3:hr>
          </ns3:TrackPointExtension>
        </extensions>
      </trkpt>
      <trkpt lat="24.4673024117946624755859375" lon="118.15098582766950130462646484375">
        <ele>204.1999969482421875</ele>
        <time>2026-09-23T11:57:38.000Z</time>
        <extensions>
          <ns3:TrackPointExtension>
            <ns3:atemp>28.0</ns3:atemp>
            <ns3:hr>123</ns3:hr>
          </ns3:TrackPointExtension>
        </extensions>
      </trkpt>
      <trkpt lat="24.4672821275889873504638671875" lon="118.150990940630435943603515625">
        <ele>205</ele>
        <time>2026-09-23T11:57:40.000Z</time>
        <extensions>
          <ns3:TrackPointExtension>
            <ns3:atemp>28.0</ns3:atemp>
            <ns3:hr>125</ns3:hr>
          </ns3:TrackPointExtension>
        </extensions>
      </trkpt>
      <trkpt lat="24.46727081201970577239990234375" lon="118.15099588595330715179443359375">
        <ele>205.399993896484375</ele>
        <time>2026-09-23T11:57:42.000Z</time>
        <extensions>
          <ns3:TrackPointExtension>
            <ns3:atemp>28.0</ns3:atemp>
            <ns3:hr>125</ns3:hr>
          </ns3:TrackPointExtension>
        </extensions>
      </trkpt>
      <trkpt lat="24.4672687165439128875732421875" lon="118.15099940635263919830322265625">
        <ele>206</ele>
        <time>2026-09-23T11:57:44.000Z</time>
        <extensions>
          <ns3:TrackPointExtension>
            <ns3:atemp>28.0</ns3:atemp>
            <ns3:hr>123</ns3:hr>
          </ns3:TrackPointExtension>
        </extensions>
      </trkpt>
      <trkpt lat="24.46725371293723583221435546875" lon="118.15100208856165409088134765625">
        <ele>207.1999969482421875</ele>
        <time>2026-09-23T11:57:48.000Z</time>
        <extensions>
          <ns3:TrackPointExtension>
            <ns3:atemp>28.0</ns3:atemp>
            <ns3:hr>124</ns3:hr>
          </ns3:TrackPointExtension>
        </extensions>
      </trkpt>
      <trkpt lat="24.46723602712154388427734375" lon="118.15101432614028453826904296875">
        <ele>207.600006103515625</ele>
        <time>2026-09-23T11:57:50.000Z</time>
        <extensions>
          <ns3:TrackPointExtension>
            <ns3:atemp>28.0</ns3:atemp>
            <ns3:hr>121</ns3:hr>
          </ns3:TrackPointExtension>
        </extensions>
      </trkpt>
      <trkpt lat="24.46723259054124355316162109375" lon="118.15102572552859783172607421875">
        <ele>208.1999969482421875</ele>
        <time>2026-09-23T11:57:52.000Z</time>
        <extensions>
          <ns3:TrackPointExtension>
            <ns3:atemp>28.0</ns3:atemp>
            <ns3:hr>118</ns3:hr>
          </ns3:TrackPointExtension>
        </extensions>
      </trkpt>
      <trkpt lat="24.4672301597893238067626953125" lon="118.151026479899883270263671875">
        <ele>208.600006103515625</ele>
        <time>2026-09-23T11:57:53.000Z</time>
        <extensions>
          <ns3:TrackPointExtension>
            <ns3:atemp>28.0</ns3:atemp>
            <ns3:hr>121</ns3:hr>
          </ns3:TrackPointExtension>
        </extensions>
      </trkpt>
      <trkpt lat="24.46721700020134449005126953125" lon="118.151045255362987518310546875">
        <ele>209.399993896484375</ele>
        <time>2026-09-23T11:57:56.000Z</time>
        <extensions>
          <ns3:TrackPointExtension>
            <ns3:atemp>28.0</ns3:atemp>
            <ns3:hr>119</ns3:hr>
          </ns3:TrackPointExtension>
        </extensions>
      </trkpt>
      <trkpt lat="24.46721062995493412017822265625" lon="118.15105833113193511962890625">
        <ele>210.1999969482421875</ele>
        <time>2026-09-23T11:57:58.000Z</time>
        <extensions>
          <ns3:TrackPointExtension>
            <ns3:atemp>28.0</ns3:atemp>
            <ns3:hr>119</ns3:hr>
          </ns3:TrackPointExtension>
        </extensions>
      </trkpt>
      <trkpt lat="24.46718640625476837158203125" lon="118.151068724691867828369140625">
        <ele>210.600006103515625</ele>
        <time>2026-09-23T11:58:00.000Z</time>
        <extensions>
          <ns3:TrackPointExtension>
            <ns3:atemp>28.0</ns3:atemp>
            <ns3:hr>122</ns3:hr>
          </ns3:TrackPointExtension>
        </extensions>
      </trkpt>
      <trkpt lat="24.46718238294124603271484375" lon="118.1510702334344387054443359375">
        <ele>211</ele>
        <time>2026-09-23T11:58:01.000Z</time>
        <extensions>
          <ns3:TrackPointExtension>
            <ns3:atemp>28.0</ns3:atemp>
            <ns3:hr>119</ns3:hr>
          </ns3:TrackPointExtension>
        </extensions>
      </trkpt>
      <trkpt lat="24.46716335602104663848876953125" lon="118.151082806289196014404296875">
        <ele>211.8000030517578125</ele>
        <time>2026-09-23T11:58:04.000Z</time>
        <extensions>
          <ns3:TrackPointExtension>
            <ns3:atemp>28.0</ns3:atemp>
            <ns3:hr>119</ns3:hr>
          </ns3:TrackPointExtension>
        </extensions>
      </trkpt>
      <trkpt lat="24.467166960239410400390625" lon="118.15109764225780963897705078125">
        <ele>212</ele>
        <time>2026-09-23T11:58:05.000Z</time>
        <extensions>
          <ns3:TrackPointExtension>
            <ns3:atemp>28.0</ns3:atemp>
            <ns3:hr>120</ns3:hr>
          </ns3:TrackPointExtension>
        </extensions>
      </trkpt>
      <trkpt lat="24.46717165410518646240234375" lon="118.15110032446682453155517578125">
        <ele>212.8000030517578125</ele>
        <time>2026-09-23T11:58:07.000Z</time>
        <extensions>
          <ns3:TrackPointExtension>
            <ns3:atemp>28.0</ns3:atemp>
            <ns3:hr>118</ns3:hr>
          </ns3:TrackPointExtension>
        </extensions>
      </trkpt>
      <trkpt lat="24.46716218255460262298583984375" lon="118.15111189149320125579833984375">
        <ele>213.1999969482421875</ele>
        <time>2026-09-23T11:58:09.000Z</time>
        <extensions>
          <ns3:TrackPointExtension>
            <ns3:atemp>28.0</ns3:atemp>
            <ns3:hr>119</ns3:hr>
          </ns3:TrackPointExtension>
        </extensions>
      </trkpt>
      <trkpt lat="24.467147178947925567626953125" lon="118.15113686956465244293212890625">
        <ele>214</ele>
        <time>2026-09-23T11:58:12.000Z</time>
        <extensions>
          <ns3:TrackPointExtension>
            <ns3:atemp>28.0</ns3:atemp>
            <ns3:hr>118</ns3:hr>
          </ns3:TrackPointExtension>
        </extensions>
      </trkpt>
      <trkpt lat="24.46714189834892749786376953125" lon="118.1511389650404453277587890625">
        <ele>214.399993896484375</ele>
        <time>2026-09-23T11:58:13.000Z</time>
        <extensions>
          <ns3:TrackPointExtension>
            <ns3:atemp>28.0</ns3:atemp>
            <ns3:hr>117</ns3:hr>
          </ns3:TrackPointExtension>
        </extensions>
      </trkpt>
      <trkpt lat="24.46713142096996307373046875" lon="118.15115396864712238311767578125">
        <ele>215.1999969482421875</ele>
        <time>2026-09-23T11:58:16.000Z</time>
        <extensions>
          <ns3:TrackPointExtension>
            <ns3:atemp>28.0</ns3:atemp>
            <ns3:hr>114</ns3:hr>
          </ns3:TrackPointExtension>
        </extensions>
      </trkpt>
      <trkpt lat="24.46712362580001354217529296875" lon="118.1511661224067211151123046875">
        <ele>216.1999969482421875</ele>
        <time>2026-09-23T11:58:20.000Z</time>
        <extensions>
          <ns3:TrackPointExtension>
            <ns3:atemp>28.0</ns3:atemp>
            <ns3:hr>112</ns3:hr>
          </ns3:TrackPointExtension>
        </extensions>
      </trkpt>
      <trkpt lat="24.467119015753269195556640625" lon="118.151166625320911407470703125">
        <ele>217</ele>
        <time>2026-09-23T11:58:22.000Z</time>
        <extensions>
          <ns3:TrackPointExtension>
            <ns3:atemp>28.0</ns3:atemp>
            <ns3:hr>112</ns3:hr>
          </ns3:TrackPointExtension>
        </extensions>
      </trkpt>
      <trkpt lat="24.4671138189733028411865234375" lon="118.1511714868247509002685546875">
        <ele>217.399993896484375</ele>
        <time>2026-09-23T11:58:24.000Z</time>
        <extensions>
          <ns3:TrackPointExtension>
            <ns3:atemp>28.0</ns3:atemp>
            <ns3:hr>112</ns3:hr>
          </ns3:TrackPointExtension>
        </extensions>
      </trkpt>
      <trkpt lat="24.46710384450852870941162109375" lon="118.15117324702441692352294921875">
        <ele>218</ele>
        <time>2026-09-23T11:58:32.000Z</time>
        <extensions>
          <ns3:TrackPointExtension>
            <ns3:atemp>28.0</ns3:atemp>
            <ns3:hr>112</ns3:hr>
          </ns3:TrackPointExtension>
        </extensions>
      </trkpt>
      <trkpt lat="24.4670950435101985931396484375" lon="118.151185400784015655517578125">
        <ele>218.600006103515625</ele>
        <time>2026-09-23T11:58:38.000Z</time>
        <extensions>
          <ns3:TrackPointExtension>
            <ns3:atemp>28.0</ns3:atemp>
            <ns3:hr>111</ns3:hr>
          </ns3:TrackPointExtension>
        </extensions>
      </trkpt>
      <trkpt lat="24.46707434020936489105224609375" lon="118.1512110494077205657958984375">
        <ele>219.600006103515625</ele>
        <time>2026-09-23T11:58:44.000Z</time>
        <extensions>
          <ns3:TrackPointExtension>
            <ns3:atemp>28.0</ns3:atemp>
            <ns3:hr>109</ns3:hr>
          </ns3:TrackPointExtension>
        </extensions>
      </trkpt>
      <trkpt lat="24.4670665450394153594970703125" lon="118.1512123905122280120849609375">
        <ele>220.8000030517578125</ele>
        <time>2026-09-23T11:58:48.000Z</time>
        <extensions>
          <ns3:TrackPointExtension>
            <ns3:atemp>28.0</ns3:atemp>
            <ns3:hr>109</ns3:hr>
          </ns3:TrackPointExtension>
        </extensions>
      </trkpt>
      <trkpt lat="24.4670655392110347747802734375" lon="118.1512187607586383819580078125">
        <ele>221.1999969482421875</ele>
        <time>2026-09-23T11:58:49.000Z</time>
        <extensions>
          <ns3:TrackPointExtension>
            <ns3:atemp>28.0</ns3:atemp>
            <ns3:hr>109</ns3:hr>
          </ns3:TrackPointExtension>
        </extensions>
      </trkpt>
      <trkpt lat="24.46702480316162109375" lon="118.151257149875164031982421875">
        <ele>222.1999969482421875</ele>
        <time>2026-09-23T11:58:53.000Z</time>
        <extensions>
          <ns3:TrackPointExtension>
            <ns3:atemp>28.0</ns3:atemp>
            <ns3:hr>108</ns3:hr>
          </ns3:TrackPointExtension>
        </extensions>
      </trkpt>
      <trkpt lat="24.4670139066874980926513671875" lon="118.15127215348184108734130859375">
        <ele>222.8000030517578125</ele>
        <time>2026-09-23T11:58:56.000Z</time>
        <extensions>
          <ns3:TrackPointExtension>
            <ns3:atemp>28.0</ns3:atemp>
            <ns3:hr>108</ns3:hr>
          </ns3:TrackPointExtension>
        </extensions>
      </trkpt>
      <trkpt lat="24.467015080153942108154296875" lon="118.1512881629168987274169921875">
        <ele>223.399993896484375</ele>
        <time>2026-09-23T11:58:58.000Z</time>
        <extensions>
          <ns3:TrackPointExtension>
            <ns3:atemp>28.0</ns3:atemp>
            <ns3:hr>107</ns3:hr>
          </ns3:TrackPointExtension>
        </extensions>
      </trkpt>
      <trkpt lat="24.46701072156429290771484375" lon="118.15133434720337390899658203125">
        <ele>223.8000030517578125</ele>
        <time>2026-09-23T11:59:03.000Z</time>
        <extensions>
          <ns3:TrackPointExtension>
            <ns3:atemp>28.0</ns3:atemp>
            <ns3:hr>107</ns3:hr>
          </ns3:TrackPointExtension>
        </extensions>
      </trkpt>
      <trkpt lat="24.46699236519634723663330078125" lon="118.1513760052621364593505859375">
        <ele>224.600006103515625</ele>
        <time>2026-09-23T11:59:07.000Z</time>
        <extensions>
          <ns3:TrackPointExtension>
            <ns3:atemp>28.0</ns3:atemp>
            <ns3:hr>107</ns3:hr>
          </ns3:TrackPointExtension>
        </extensions>
      </trkpt>
      <trkpt lat="24.466979205608367919921875" lon="118.151380531489849090576171875">
        <ele>225.399993896484375</ele>
        <time>2026-09-23T11:59:10.000Z</time>
        <extensions>
          <ns3:TrackPointExtension>
            <ns3:atemp>28.0</ns3:atemp>
            <ns3:hr>107</ns3:hr>
          </ns3:TrackPointExtension>
        </extensions>
      </trkpt>
      <trkpt lat="24.46696219034492969512939453125" lon="118.1513894163072109222412109375">
        <ele>225.8000030517578125</ele>
        <time>2026-09-23T11:59:15.000Z</time>
        <extensions>
          <ns3:TrackPointExtension>
            <ns3:atemp>28.0</ns3:atemp>
            <ns3:hr>105</ns3:hr>
          </ns3:TrackPointExtension>
        </extensions>
      </trkpt>
      <trkpt lat="24.4669542275369167327880859375" lon="118.1514058448374271392822265625">
        <ele>226.1999969482421875</ele>
        <time>2026-09-23T11:59:17.000Z</time>
        <extensions>
          <ns3:TrackPointExtension>
            <ns3:atemp>28.0</ns3:atemp>
            <ns3:hr>106</ns3:hr>
          </ns3:TrackPointExtension>
        </extensions>
      </trkpt>
      <trkpt lat="24.46694643236696720123291015625" lon="118.15142738632857799530029296875">
        <ele>227</ele>
        <time>2026-09-23T11:59:20.000Z</time>
        <extensions>
          <ns3:TrackPointExtension>
            <ns3:atemp>28.0</ns3:atemp>
            <ns3:hr>106</ns3:hr>
          </ns3:TrackPointExtension>
        </extensions>
      </trkpt>
      <trkpt lat="24.46696856059134006500244140625" lon="118.151439540088176727294921875">
        <ele>227.1999969482421875</ele>
        <time>2026-09-23T11:59:23.000Z</time>
        <extensions>
          <ns3:TrackPointExtension>
            <ns3:atemp>28.0</ns3:atemp>
            <ns3:hr>105</ns3:hr>
          </ns3:TrackPointExtension>
        </extensions>
      </trkpt>
      <trkpt lat="24.4669411517679691314697265625" lon="118.1514722295105457305908203125">
        <ele>227.399993896484375</ele>
        <time>2026-09-23T11:59:28.000Z</time>
        <extensions>
          <ns3:TrackPointExtension>
            <ns3:atemp>28.0</ns3:atemp>
            <ns3:hr>104</ns3:hr>
          </ns3:TrackPointExtension>
        </extensions>
      </trkpt>
      <trkpt lat="24.46693436242640018463134765625" lon="118.15149058587849140167236328125">
        <ele>228</ele>
        <time>2026-09-23T11:59:31.000Z</time>
        <extensions>
          <ns3:TrackPointExtension>
            <ns3:atemp>28.0</ns3:atemp>
            <ns3:hr>104</ns3:hr>
          </ns3:TrackPointExtension>
        </extensions>
      </trkpt>
      <trkpt lat="24.46691147983074188232421875" lon="118.15151087008416652679443359375">
        <ele>229.1999969482421875</ele>
        <time>2026-09-23T11:59:35.000Z</time>
        <extensions>
          <ns3:TrackPointExtension>
            <ns3:atemp>28.0</ns3:atemp>
            <ns3:hr>105</ns3:hr>
          </ns3:TrackPointExtension>
        </extensions>
      </trkpt>
      <trkpt lat="24.4669113121926784515380859375" lon="118.15150952897965908050537109375">
        <ele>229.399993896484375</ele>
        <time>2026-09-23T11:59:36.000Z</time>
        <extensions>
          <ns3:TrackPointExtension>
            <ns3:atemp>28.0</ns3:atemp>
            <ns3:hr>105</ns3:hr>
          </ns3:TrackPointExtension>
        </extensions>
      </trkpt>
      <trkpt lat="24.46692178957164287567138671875" lon="118.1515362672507762908935546875">
        <ele>230.1999969482421875</ele>
        <time>2026-09-23T11:59:40.000Z</time>
        <extensions>
          <ns3:TrackPointExtension>
            <ns3:atemp>28.0</ns3:atemp>
            <ns3:hr>106</ns3:hr>
          </ns3:TrackPointExtension>
        </extensions>
      </trkpt>
      <trkpt lat="24.46691810153424739837646484375" lon="118.1515399552881717681884765625">
        <ele>230.600006103515625</ele>
        <time>2026-09-23T11:59:41.000Z</time>
        <extensions>
          <ns3:TrackPointExtension>
            <ns3:atemp>28.0</ns3:atemp>
            <ns3:hr>106</ns3:hr>
          </ns3:TrackPointExtension>
        </extensions>
      </trkpt>
      <trkpt lat="24.466918520629405975341796875" lon="118.15155990421772003173828125">
        <ele>231.1999969482421875</ele>
        <time>2026-09-23T11:59:44.000Z</time>
        <extensions>
          <ns3:TrackPointExtension>
            <ns3:atemp>28.0</ns3:atemp>
            <ns3:hr>102</ns3:hr>
          </ns3:TrackPointExtension>
        </extensions>
      </trkpt>
      <trkpt lat="24.46691910736262798309326171875" lon="118.15156795084476470947265625">
        <ele>231.399993896484375</ele>
        <time>2026-09-23T11:59:45.000Z</time>
        <extensions>
          <ns3:TrackPointExtension>
            <ns3:atemp>28.0</ns3:atemp>
            <ns3:hr>104</ns3:hr>
          </ns3:TrackPointExtension>
        </extensions>
      </trkpt>
      <trkpt lat="24.466920197010040283203125" lon="118.1515801884233951568603515625">
        <ele>232</ele>
        <time>2026-09-23T11:59:47.000Z</time>
        <extensions>
          <ns3:TrackPointExtension>
            <ns3:atemp>28.0</ns3:atemp>
            <ns3:hr>105</ns3:hr>
          </ns3:TrackPointExtension>
        </extensions>
      </trkpt>
      <trkpt lat="24.466917179524898529052734375" lon="118.15159200690686702728271484375">
        <ele>232.600006103515625</ele>
        <time>2026-09-23T11:59:49.000Z</time>
        <extensions>
          <ns3:TrackPointExtension>
            <ns3:atemp>28.0</ns3:atemp>
            <ns3:hr>107</ns3:hr>
          </ns3:TrackPointExtension>
        </extensions>
      </trkpt>
      <trkpt lat="24.4669163413345813751220703125" lon="118.15161044709384441375732421875">
        <ele>233.399993896484375</ele>
        <time>2026-09-23T11:59:52.000Z</time>
        <extensions>
          <ns3:TrackPointExtension>
            <ns3:atemp>28.0</ns3:atemp>
            <ns3:hr>107</ns3:hr>
          </ns3:TrackPointExtension>
        </extensions>
      </trkpt>
      <trkpt lat="24.46690083481371402740478515625" lon="118.1516177393496036529541015625">
        <ele>233.600006103515625</ele>
        <time>2026-09-23T11:59:56.000Z</time>
        <extensions>
          <ns3:TrackPointExtension>
            <ns3:atemp>28.0</ns3:atemp>
            <ns3:hr>107</ns3:hr>
          </ns3:TrackPointExtension>
        </extensions>
      </trkpt>
      <trkpt lat="24.46689136326313018798828125" lon="118.15163425169885158538818359375">
        <ele>234</ele>
        <time>2026-09-23T11:59:58.000Z</time>
        <extensions>
          <ns3:TrackPointExtension>
            <ns3:atemp>28.0</ns3:atemp>
            <ns3:hr>106</ns3:hr>
          </ns3:TrackPointExtension>
        </extensions>
      </trkpt>
      <trkpt lat="24.4668767787516117095947265625" lon="118.1516464054584503173828125">
        <ele>234.8000030517578125</ele>
        <time>2026-09-23T12:00:02.000Z</time>
        <extensions>
          <ns3:TrackPointExtension>
            <ns3:atemp>28.0</ns3:atemp>
            <ns3:hr>108</ns3:hr>
          </ns3:TrackPointExtension>
        </extensions>
      </trkpt>
      <trkpt lat="24.4668797962367534637451171875" lon="118.151650764048099517822265625">
        <ele>235.399993896484375</ele>
        <time>2026-09-23T12:00:04.000Z</time>
        <extensions>
          <ns3:TrackPointExtension>
            <ns3:atemp>28.0</ns3:atemp>
            <ns3:hr>109</ns3:hr>
          </ns3:TrackPointExtension>
        </extensions>
      </trkpt>
      <trkpt lat="24.466866217553615570068359375" lon="118.1516532786190509796142578125">
        <ele>236</ele>
        <time>2026-09-23T12:00:06.000Z</time>
        <extensions>
          <ns3:TrackPointExtension>
            <ns3:atemp>28.0</ns3:atemp>
            <ns3:hr>108</ns3:hr>
          </ns3:TrackPointExtension>
        </extensions>
      </trkpt>
      <trkpt lat="24.4668352045118808746337890625" lon="118.1516673602163791656494140625">
        <ele>237</ele>
        <time>2026-09-23T12:00:10.000Z</time>
        <extensions>
          <ns3:TrackPointExtension>
            <ns3:atemp>28.0</ns3:atemp>
            <ns3:hr>109</ns3:hr>
          </ns3:TrackPointExtension>
        </extensions>
      </trkpt>
      <trkpt lat="24.46683394722640514373779296875" lon="118.15167465247213840484619140625">
        <ele>237.1999969482421875</ele>
        <time>2026-09-23T12:00:11.000Z</time>
        <extensions>
          <ns3:TrackPointExtension>
            <ns3:atemp>28.0</ns3:atemp>
            <ns3:hr>108</ns3:hr>
          </ns3:TrackPointExtension>
        </extensions>
      </trkpt>
      <trkpt lat="24.466834366321563720703125" lon="118.1516921706497669219970703125">
        <ele>237.600006103515625</ele>
        <time>2026-09-23T12:00:13.000Z</time>
        <extensions>
          <ns3:TrackPointExtension>
            <ns3:atemp>28.0</ns3:atemp>
            <ns3:hr>111</ns3:hr>
          </ns3:TrackPointExtension>
        </extensions>
      </trkpt>
      <trkpt lat="24.46682967245578765869140625" lon="118.1517099402844905853271484375">
        <ele>238.1999969482421875</ele>
        <time>2026-09-23T12:00:15.000Z</time>
        <extensions>
          <ns3:TrackPointExtension>
            <ns3:atemp>28.0</ns3:atemp>
            <ns3:hr>109</ns3:hr>
          </ns3:TrackPointExtension>
        </extensions>
      </trkpt>
      <trkpt lat="24.46682824753224849700927734375" lon="118.15173801966011524200439453125">
        <ele>238.8000030517578125</ele>
        <time>2026-09-23T12:00:18.000Z</time>
        <extensions>
          <ns3:TrackPointExtension>
            <ns3:atemp>28.0</ns3:atemp>
            <ns3:hr>110</ns3:hr>
          </ns3:TrackPointExtension>
        </extensions>
      </trkpt>
      <trkpt lat="24.4668249785900115966796875" lon="118.1517538614571094512939453125">
        <ele>239.1999969482421875</ele>
        <time>2026-09-23T12:00:20.000Z</time>
        <extensions>
          <ns3:TrackPointExtension>
            <ns3:atemp>28.0</ns3:atemp>
            <ns3:hr>110</ns3:hr>
          </ns3:TrackPointExtension>
        </extensions>
      </trkpt>
      <trkpt lat="24.46680326946079730987548828125" lon="118.151776827871799468994140625">
        <ele>240.399993896484375</ele>
        <time>2026-09-23T12:00:24.000Z</time>
        <extensions>
          <ns3:TrackPointExtension>
            <ns3:atemp>28.0</ns3:atemp>
            <ns3:hr>111</ns3:hr>
          </ns3:TrackPointExtension>
        </extensions>
      </trkpt>
      <trkpt lat="24.466788768768310546875" lon="118.151776827871799468994140625">
        <ele>241</ele>
        <time>2026-09-23T12:00:26.000Z</time>
        <extensions>
          <ns3:TrackPointExtension>
            <ns3:atemp>28.0</ns3:atemp>
            <ns3:hr>112</ns3:hr>
          </ns3:TrackPointExtension>
        </extensions>
      </trkpt>
      <trkpt lat="24.4667725078761577606201171875" lon="118.15177875570952892303466796875">
        <ele>241.600006103515625</ele>
        <time>2026-09-23T12:00:28.000Z</time>
        <extensions>
          <ns3:TrackPointExtension>
            <ns3:atemp>28.0</ns3:atemp>
            <ns3:hr>113</ns3:hr>
          </ns3:TrackPointExtension>
        </extensions>
      </trkpt>
      <trkpt lat="24.4667691551148891448974609375" lon="118.15177984535694122314453125">
        <ele>242.399993896484375</ele>
        <time>2026-09-23T12:00:31.000Z</time>
        <extensions>
          <ns3:TrackPointExtension>
            <ns3:atemp>28.0</ns3:atemp>
            <ns3:hr>109</ns3:hr>
          </ns3:TrackPointExtension>
        </extensions>
      </trkpt>
      <trkpt lat="24.466763623058795928955078125" lon="118.1517847068607807159423828125">
        <ele>242.600006103515625</ele>
        <time>2026-09-23T12:00:34.000Z</time>
        <extensions>
          <ns3:TrackPointExtension>
            <ns3:atemp>28.0</ns3:atemp>
            <ns3:hr>109</ns3:hr>
          </ns3:TrackPointExtension>
        </extensions>
      </trkpt>
      <trkpt lat="24.46674652397632598876953125" lon="118.15179736353456974029541015625">
        <ele>242.600006103515625</ele>
        <time>2026-09-23T12:00:40.000Z</time>
        <extensions>
          <ns3:TrackPointExtension>
            <ns3:atemp>28.0</ns3:atemp>
            <ns3:hr>111</ns3:hr>
          </ns3:TrackPointExtension>
        </extensions>
      </trkpt>
      <trkpt lat="24.4667483679950237274169921875" lon="118.151803649961948394775390625">
        <ele>242.8000030517578125</ele>
        <time>2026-09-23T12:00:41.000Z</time>
        <extensions>
          <ns3:TrackPointExtension>
            <ns3:atemp>28.0</ns3:atemp>
            <ns3:hr>111</ns3:hr>
          </ns3:TrackPointExtension>
        </extensions>
      </trkpt>
      <trkpt lat="24.4667552411556243896484375" lon="118.1518611498177051544189453125">
        <ele>243.600006103515625</ele>
        <time>2026-09-23T12:00:48.000Z</time>
        <extensions>
          <ns3:TrackPointExtension>
            <ns3:atemp>28.0</ns3:atemp>
            <ns3:hr>111</ns3:hr>
          </ns3:TrackPointExtension>
        </extensions>
      </trkpt>
      <trkpt lat="24.4667654670774936676025390625" lon="118.15190046094357967376708984375">
        <ele>243.600006103515625</ele>
        <time>2026-09-23T12:00:53.000Z</time>
        <extensions>
          <ns3:TrackPointExtension>
            <ns3:atemp>28.0</ns3:atemp>
            <ns3:hr>108</ns3:hr>
          </ns3:TrackPointExtension>
        </extensions>
      </trkpt>
      <trkpt lat="24.46677175350487232208251953125" lon="118.15191471017897129058837890625">
        <ele>243.1999969482421875</ele>
        <time>2026-09-23T12:00:56.000Z</time>
        <extensions>
          <ns3:TrackPointExtension>
            <ns3:atemp>28.0</ns3:atemp>
            <ns3:hr>108</ns3:hr>
          </ns3:TrackPointExtension>
        </extensions>
      </trkpt>
      <trkpt lat="24.46675834245979785919189453125" lon="118.15194874070584774017333984375">
        <ele>242.600006103515625</ele>
        <time>2026-09-23T12:01:02.000Z</time>
        <extensions>
          <ns3:TrackPointExtension>
            <ns3:atemp>28.0</ns3:atemp>
            <ns3:hr>108</ns3:hr>
          </ns3:TrackPointExtension>
        </extensions>
      </trkpt>
      <trkpt lat="24.46673269383609294891357421875" lon="118.1519667617976665496826171875">
        <ele>242.600006103515625</ele>
        <time>2026-09-23T12:01:06.000Z</time>
        <extensions>
          <ns3:TrackPointExtension>
            <ns3:atemp>28.0</ns3:atemp>
            <ns3:hr>104</ns3:hr>
          </ns3:TrackPointExtension>
        </extensions>
      </trkpt>
      <trkpt lat="24.46672280319035053253173828125" lon="118.15197690390050411224365234375">
        <ele>241.8000030517578125</ele>
        <time>2026-09-23T12:01:10.000Z</time>
        <extensions>
          <ns3:TrackPointExtension>
            <ns3:atemp>28.0</ns3:atemp>
            <ns3:hr>103</ns3:hr>
          </ns3:TrackPointExtension>
        </extensions>
      </trkpt>
      <trkpt lat="24.46671391837298870086669921875" lon="118.15198780037462711334228515625">
        <ele>241.600006103515625</ele>
        <time>2026-09-23T12:01:12.000Z</time>
        <extensions>
          <ns3:TrackPointExtension>
            <ns3:atemp>28.0</ns3:atemp>
            <ns3:hr>103</ns3:hr>
          </ns3:TrackPointExtension>
        </extensions>
      </trkpt>
      <trkpt lat="24.46668483316898345947265625" lon="118.1520031392574310302734375">
        <ele>240.600006103515625</ele>
        <time>2026-09-23T12:01:16.000Z</time>
        <extensions>
          <ns3:TrackPointExtension>
            <ns3:atemp>28.0</ns3:atemp>
            <ns3:hr>104</ns3:hr>
          </ns3:TrackPointExtension>
        </extensions>
      </trkpt>
      <trkpt lat="24.46667469106614589691162109375" lon="118.1520066596567630767822265625">
        <ele>240.399993896484375</ele>
        <time>2026-09-23T12:01:18.000Z</time>
        <extensions>
          <ns3:TrackPointExtension>
            <ns3:atemp>28.0</ns3:atemp>
            <ns3:hr>102</ns3:hr>
          </ns3:TrackPointExtension>
        </extensions>
      </trkpt>
      <trkpt lat="24.4666712544858455657958984375" lon="118.15203708596527576446533203125">
        <ele>239.8000030517578125</ele>
        <time>2026-09-23T12:01:23.000Z</time>
        <extensions>
          <ns3:TrackPointExtension>
            <ns3:atemp>28.0</ns3:atemp>
            <ns3:hr>102</ns3:hr>
          </ns3:TrackPointExtension>
        </extensions>
      </trkpt>
      <trkpt lat="24.46667142212390899658203125" lon="118.152071535587310791015625">
        <ele>239.1999969482421875</ele>
        <time>2026-09-23T12:01:25.000Z</time>
        <extensions>
          <ns3:TrackPointExtension>
            <ns3:atemp>28.0</ns3:atemp>
            <ns3:hr>101</ns3:hr>
          </ns3:TrackPointExtension>
        </extensions>
      </trkpt>
      <trkpt lat="24.46667200885713100433349609375" lon="118.15209324471652507781982421875">
        <ele>238.1999969482421875</ele>
        <time>2026-09-23T12:01:27.000Z</time>
        <extensions>
          <ns3:TrackPointExtension>
            <ns3:atemp>28.0</ns3:atemp>
            <ns3:hr>96</ns3:hr>
          </ns3:TrackPointExtension>
        </extensions>
      </trkpt>
      <trkpt lat="24.46667636744678020477294921875" lon="118.15210162661969661712646484375">
        <ele>238</ele>
        <time>2026-09-23T12:01:28.000Z</time>
        <extensions>
          <ns3:TrackPointExtension>
            <ns3:atemp>28.0</ns3:atemp>
            <ns3:hr>95</ns3:hr>
          </ns3:TrackPointExtension>
        </extensions>
      </trkpt>
      <trkpt lat="24.4666762836277484893798828125" lon="118.1521173007786273956298828125">
        <ele>237.399993896484375</ele>
        <time>2026-09-23T12:01:29.000Z</time>
        <extensions>
          <ns3:TrackPointExtension>
            <ns3:atemp>28.0</ns3:atemp>
            <ns3:hr>97</ns3:hr>
          </ns3:TrackPointExtension>
        </extensions>
      </trkpt>
      <trkpt lat="24.46667133830487728118896484375" lon="118.1521243415772914886474609375">
        <ele>237</ele>
        <time>2026-09-23T12:01:30.000Z</time>
        <extensions>
          <ns3:TrackPointExtension>
            <ns3:atemp>28.0</ns3:atemp>
            <ns3:hr>96</ns3:hr>
          </ns3:TrackPointExtension>
        </extensions>
      </trkpt>
      <trkpt lat="24.4666667282581329345703125" lon="118.15212593413889408111572265625">
        <ele>236.8000030517578125</ele>
        <time>2026-09-23T12:01:31.000Z</time>
        <extensions>
          <ns3:TrackPointExtension>
            <ns3:atemp>28.0</ns3:atemp>
            <ns3:hr>96</ns3:hr>
          </ns3:TrackPointExtension>
        </extensions>
      </trkpt>
      <trkpt lat="24.46665457449853420257568359375" lon="118.15215225331485271453857421875">
        <ele>236</ele>
        <time>2026-09-23T12:01:35.000Z</time>
        <extensions>
          <ns3:TrackPointExtension>
            <ns3:atemp>28.0</ns3:atemp>
            <ns3:hr>98</ns3:hr>
          </ns3:TrackPointExtension>
        </extensions>
      </trkpt>
      <trkpt lat="24.46665021590888500213623046875" lon="118.15215535461902618408203125">
        <ele>235.8000030517578125</ele>
        <time>2026-09-23T12:01:37.000Z</time>
        <extensions>
          <ns3:TrackPointExtension>
            <ns3:atemp>28.0</ns3:atemp>
            <ns3:hr>96</ns3:hr>
          </ns3:TrackPointExtension>
        </extensions>
      </trkpt>
      <trkpt lat="24.46664669550955295562744140625" lon="118.1521628983318805694580078125">
        <ele>235</ele>
        <time>2026-09-23T12:01:40.000Z</time>
        <extensions>
          <ns3:TrackPointExtension>
            <ns3:atemp>28.0</ns3:atemp>
            <ns3:hr>101</ns3:hr>
          </ns3:TrackPointExtension>
        </extensions>
      </trkpt>
      <trkpt lat="24.46664652787148952484130859375" lon="118.15216214396059513092041015625">
        <ele>234.600006103515625</ele>
        <time>2026-09-23T12:01:41.000Z</time>
        <extensions>
          <ns3:TrackPointExtension>
            <ns3:atemp>28.0</ns3:atemp>
            <ns3:hr>101</ns3:hr>
          </ns3:TrackPointExtension>
        </extensions>
      </trkpt>
      <trkpt lat="24.46663395501673221588134765625" lon="118.15219969488680362701416015625">
        <ele>233.600006103515625</ele>
        <time>2026-09-23T12:01:45.000Z</time>
        <extensions>
          <ns3:TrackPointExtension>
            <ns3:atemp>28.0</ns3:atemp>
            <ns3:hr>102</ns3:hr>
          </ns3:TrackPointExtension>
        </extensions>
      </trkpt>
      <trkpt lat="24.46663177572190761566162109375" lon="118.1522282771766185760498046875">
        <ele>232.1999969482421875</ele>
        <time>2026-09-23T12:01:50.000Z</time>
        <extensions>
          <ns3:TrackPointExtension>
            <ns3:atemp>28.0</ns3:atemp>
            <ns3:hr>101</ns3:hr>
          </ns3:TrackPointExtension>
        </extensions>
      </trkpt>
      <trkpt lat="24.46663965471088886260986328125" lon="118.15223623998463153839111328125">
        <ele>232.1999969482421875</ele>
        <time>2026-09-23T12:01:52.000Z</time>
        <extensions>
          <ns3:TrackPointExtension>
            <ns3:atemp>28.0</ns3:atemp>
            <ns3:hr>102</ns3:hr>
          </ns3:TrackPointExtension>
        </extensions>
      </trkpt>
      <trkpt lat="24.4666400738060474395751953125" lon="118.15226507373154163360595703125">
        <ele>232.1999969482421875</ele>
        <time>2026-09-23T12:01:58.000Z</time>
        <extensions>
          <ns3:TrackPointExtension>
            <ns3:atemp>28.0</ns3:atemp>
            <ns3:hr>103</ns3:hr>
          </ns3:TrackPointExtension>
        </extensions>
      </trkpt>
      <trkpt lat="24.466650299727916717529296875" lon="118.1522986851632595062255859375">
        <ele>231.600006103515625</ele>
        <time>2026-09-23T12:02:05.000Z</time>
        <extensions>
          <ns3:TrackPointExtension>
            <ns3:atemp>28.0</ns3:atemp>
            <ns3:hr>104</ns3:hr>
          </ns3:TrackPointExtension>
        </extensions>
      </trkpt>
      <trkpt lat="24.46663781069219112396240234375" lon="118.15232022665441036224365234375">
        <ele>231.1999969482421875</ele>
        <time>2026-09-23T12:02:09.000Z</time>
        <extensions>
          <ns3:TrackPointExtension>
            <ns3:atemp>28.0</ns3:atemp>
            <ns3:hr>104</ns3:hr>
          </ns3:TrackPointExtension>
        </extensions>
      </trkpt>
      <trkpt lat="24.46663320064544677734375" lon="118.15233196131885051727294921875">
        <ele>230.399993896484375</ele>
        <time>2026-09-23T12:02:12.000Z</time>
        <extensions>
          <ns3:TrackPointExtension>
            <ns3:atemp>28.0</ns3:atemp>
            <ns3:hr>104</ns3:hr>
          </ns3:TrackPointExtension>
        </extensions>
      </trkpt>
      <trkpt lat="24.4666345417499542236328125" lon="118.15236984752118587493896484375">
        <ele>230</ele>
        <time>2026-09-23T12:02:15.000Z</time>
        <extensions>
          <ns3:TrackPointExtension>
            <ns3:atemp>28.0</ns3:atemp>
            <ns3:hr>104</ns3:hr>
          </ns3:TrackPointExtension>
        </extensions>
      </trkpt>
      <trkpt lat="24.46662507019937038421630859375" lon="118.1524190492928028106689453125">
        <ele>229</ele>
        <time>2026-09-23T12:02:22.000Z</time>
        <extensions>
          <ns3:TrackPointExtension>
            <ns3:atemp>28.0</ns3:atemp>
            <ns3:hr>104</ns3:hr>
          </ns3:TrackPointExtension>
        </extensions>
      </trkpt>
      <trkpt lat="24.46662607602775096893310546875" lon="118.1524666585028171539306640625">
        <ele>227.8000030517578125</ele>
        <time>2026-09-23T12:02:26.000Z</time>
        <extensions>
          <ns3:TrackPointExtension>
            <ns3:atemp>28.0</ns3:atemp>
            <ns3:hr>105</ns3:hr>
          </ns3:TrackPointExtension>
        </extensions>
      </trkpt>
      <trkpt lat="24.46662607602775096893310546875" lon="118.15249490551650524139404296875">
        <ele>227.399993896484375</ele>
        <time>2026-09-23T12:02:28.000Z</time>
        <extensions>
          <ns3:TrackPointExtension>
            <ns3:atemp>28.0</ns3:atemp>
            <ns3:hr>105</ns3:hr>
          </ns3:TrackPointExtension>
        </extensions>
      </trkpt>
      <trkpt lat="24.46664552204310894012451171875" lon="118.1525424309074878692626953125">
        <ele>226.8000030517578125</ele>
        <time>2026-09-23T12:02:32.000Z</time>
        <extensions>
          <ns3:TrackPointExtension>
            <ns3:atemp>28.0</ns3:atemp>
            <ns3:hr>103</ns3:hr>
          </ns3:TrackPointExtension>
        </extensions>
      </trkpt>
      <trkpt lat="24.46665071882307529449462890625" lon="118.15258241258561611175537109375">
        <ele>226.600006103515625</ele>
        <time>2026-09-23T12:02:36.000Z</time>
        <extensions>
          <ns3:TrackPointExtension>
            <ns3:atemp>28.0</ns3:atemp>
            <ns3:hr>103</ns3:hr>
          </ns3:TrackPointExtension>
        </extensions>
      </trkpt>
      <trkpt lat="24.4666410796344280242919921875" lon="118.152596913278102874755859375">
        <ele>225.600006103515625</ele>
        <time>2026-09-23T12:02:39.000Z</time>
        <extensions>
          <ns3:TrackPointExtension>
            <ns3:atemp>28.0</ns3:atemp>
            <ns3:hr>105</ns3:hr>
          </ns3:TrackPointExtension>
        </extensions>
      </trkpt>
      <trkpt lat="24.4666385650634765625" lon="118.15260906703770160675048828125">
        <ele>225.1999969482421875</ele>
        <time>2026-09-23T12:02:44.000Z</time>
        <extensions>
          <ns3:TrackPointExtension>
            <ns3:atemp>28.0</ns3:atemp>
            <ns3:hr>104</ns3:hr>
          </ns3:TrackPointExtension>
        </extensions>
      </trkpt>
      <trkpt lat="24.4666471146047115325927734375" lon="118.152633793652057647705078125">
        <ele>224.399993896484375</ele>
        <time>2026-09-23T12:02:47.000Z</time>
        <extensions>
          <ns3:TrackPointExtension>
            <ns3:atemp>28.0</ns3:atemp>
            <ns3:hr>103</ns3:hr>
          </ns3:TrackPointExtension>
        </extensions>
      </trkpt>
      <trkpt lat="24.4666491262614727020263671875" lon="118.152676038444042205810546875">
        <ele>224</ele>
        <time>2026-09-23T12:02:51.000Z</time>
        <extensions>
          <ns3:TrackPointExtension>
            <ns3:atemp>28.0</ns3:atemp>
            <ns3:hr>103</ns3:hr>
          </ns3:TrackPointExtension>
        </extensions>
      </trkpt>
      <trkpt lat="24.466648288071155548095703125" lon="118.15268333069980144500732421875">
        <ele>223.399993896484375</ele>
        <time>2026-09-23T12:02:54.000Z</time>
        <extensions>
          <ns3:TrackPointExtension>
            <ns3:atemp>28.0</ns3:atemp>
            <ns3:hr>103</ns3:hr>
          </ns3:TrackPointExtension>
        </extensions>
      </trkpt>
      <trkpt lat="24.46664334274828433990478515625" lon="118.15268031321465969085693359375">
        <ele>223</ele>
        <time>2026-09-23T12:02:57.000Z</time>
        <extensions>
          <ns3:TrackPointExtension>
            <ns3:atemp>28.0</ns3:atemp>
            <ns3:hr>103</ns3:hr>
          </ns3:TrackPointExtension>
        </extensions>
      </trkpt>
      <trkpt lat="24.46663345210254192352294921875" lon="118.15268919803202152252197265625">
        <ele>222.600006103515625</ele>
        <time>2026-09-23T12:03:03.000Z</time>
        <extensions>
          <ns3:TrackPointExtension>
            <ns3:atemp>28.0</ns3:atemp>
            <ns3:hr>103</ns3:hr>
          </ns3:TrackPointExtension>
        </extensions>
      </trkpt>
      <trkpt lat="24.4666323624551296234130859375" lon="118.15269204787909984588623046875">
        <ele>222.399993896484375</ele>
        <time>2026-09-23T12:03:05.000Z</time>
        <extensions>
          <ns3:TrackPointExtension>
            <ns3:atemp>28.0</ns3:atemp>
            <ns3:hr>103</ns3:hr>
          </ns3:TrackPointExtension>
        </extensions>
      </trkpt>
      <trkpt lat="24.466604702174663543701171875" lon="118.152720294892787933349609375">
        <ele>221.8000030517578125</ele>
        <time>2026-09-23T12:03:09.000Z</time>
        <extensions>
          <ns3:TrackPointExtension>
            <ns3:atemp>28.0</ns3:atemp>
            <ns3:hr>102</ns3:hr>
          </ns3:TrackPointExtension>
        </extensions>
      </trkpt>
      <trkpt lat="24.466602019965648651123046875" lon="118.15272264182567596435546875">
        <ele>221.1999969482421875</ele>
        <time>2026-09-23T12:03:11.000Z</time>
        <extensions>
          <ns3:TrackPointExtension>
            <ns3:atemp>28.0</ns3:atemp>
            <ns3:hr>103</ns3:hr>
          </ns3:TrackPointExtension>
        </extensions>
      </trkpt>
      <trkpt lat="24.46659305132925510406494140625" lon="118.15274334512650966644287109375">
        <ele>221</ele>
        <time>2026-09-23T12:03:17.000Z</time>
        <extensions>
          <ns3:TrackPointExtension>
            <ns3:atemp>28.0</ns3:atemp>
            <ns3:hr>103</ns3:hr>
          </ns3:TrackPointExtension>
        </extensions>
      </trkpt>
      <trkpt lat="24.4665629602968692779541015625" lon="118.15277134068310260772705078125">
        <ele>220.399993896484375</ele>
        <time>2026-09-23T12:03:24.000Z</time>
        <extensions>
          <ns3:TrackPointExtension>
            <ns3:atemp>28.0</ns3:atemp>
            <ns3:hr>103</ns3:hr>
          </ns3:TrackPointExtension>
        </extensions>
      </trkpt>
      <trkpt lat="24.46649171411991119384765625" lon="118.152810819447040557861328125">
        <ele>221</ele>
        <time>2026-09-23T12:03:33.000Z</time>
        <extensions>
          <ns3:TrackPointExtension>
            <ns3:atemp>28.0</ns3:atemp>
            <ns3:hr>104</ns3:hr>
          </ns3:TrackPointExtension>
        </extensions>
      </trkpt>
      <trkpt lat="24.46648190729320049285888671875" lon="118.1528079695999622344970703125">
        <ele>220.1999969482421875</ele>
        <time>2026-09-23T12:03:38.000Z</time>
        <extensions>
          <ns3:TrackPointExtension>
            <ns3:atemp>28.0</ns3:atemp>
            <ns3:hr>103</ns3:hr>
          </ns3:TrackPointExtension>
        </extensions>
      </trkpt>
      <trkpt lat="24.46647830307483673095703125" lon="118.1528046168386936187744140625">
        <ele>219.8000030517578125</ele>
        <time>2026-09-23T12:03:40.000Z</time>
        <extensions>
          <ns3:TrackPointExtension>
            <ns3:atemp>28.0</ns3:atemp>
            <ns3:hr>104</ns3:hr>
          </ns3:TrackPointExtension>
        </extensions>
      </trkpt>
      <trkpt lat="24.4664731062948703765869140625" lon="118.15281157381832599639892578125">
        <ele>218.8000030517578125</ele>
        <time>2026-09-23T12:03:43.000Z</time>
        <extensions>
          <ns3:TrackPointExtension>
            <ns3:atemp>28.0</ns3:atemp>
            <ns3:hr>105</ns3:hr>
          </ns3:TrackPointExtension>
        </extensions>
      </trkpt>
      <trkpt lat="24.46647562086582183837890625" lon="118.15280721522867679595947265625">
        <ele>218.8000030517578125</ele>
        <time>2026-09-23T12:03:45.000Z</time>
        <extensions>
          <ns3:TrackPointExtension>
            <ns3:atemp>28.0</ns3:atemp>
            <ns3:hr>105</ns3:hr>
          </ns3:TrackPointExtension>
        </extensions>
      </trkpt>
      <trkpt lat="24.466475956141948699951171875" lon="118.15279967151582241058349609375">
        <ele>218.600006103515625</ele>
        <time>2026-09-23T12:03:54.000Z</time>
        <extensions>
          <ns3:TrackPointExtension>
            <ns3:atemp>28.0</ns3:atemp>
            <ns3:hr>103</ns3:hr>
          </ns3:TrackPointExtension>
        </extensions>
      </trkpt>
      <trkpt lat="24.4664494693279266357421875" lon="118.15282590687274932861328125">
        <ele>218.399993896484375</ele>
        <time>2026-09-23T12:04:00.000Z</time>
        <extensions>
          <ns3:TrackPointExtension>
            <ns3:atemp>28.0</ns3:atemp>
            <ns3:hr>102</ns3:hr>
          </ns3:TrackPointExtension>
        </extensions>
      </trkpt>
      <trkpt lat="24.466445446014404296875" lon="118.1528153456747531890869140625">
        <ele>217.600006103515625</ele>
        <time>2026-09-23T12:04:01.000Z</time>
        <extensions>
          <ns3:TrackPointExtension>
            <ns3:atemp>28.0</ns3:atemp>
            <ns3:hr>102</ns3:hr>
          </ns3:TrackPointExtension>
        </extensions>
      </trkpt>
      <trkpt lat="24.46641334332525730133056640625" lon="118.15280537120997905731201171875">
        <ele>217</ele>
        <time>2026-09-23T12:04:05.000Z</time>
        <extensions>
          <ns3:TrackPointExtension>
            <ns3:atemp>28.0</ns3:atemp>
            <ns3:hr>101</ns3:hr>
          </ns3:TrackPointExtension>
        </extensions>
      </trkpt>
      <trkpt lat="24.46639121510088443756103515625" lon="118.15282590687274932861328125">
        <ele>217.399993896484375</ele>
        <time>2026-09-23T12:04:10.000Z</time>
        <extensions>
          <ns3:TrackPointExtension>
            <ns3:atemp>28.0</ns3:atemp>
            <ns3:hr>102</ns3:hr>
          </ns3:TrackPointExtension>
        </extensions>
      </trkpt>
      <trkpt lat="24.46637076325714588165283203125" lon="118.15286220051348209381103515625">
        <ele>217</ele>
        <time>2026-09-23T12:04:15.000Z</time>
        <extensions>
          <ns3:TrackPointExtension>
            <ns3:atemp>28.0</ns3:atemp>
            <ns3:hr>103</ns3:hr>
          </ns3:TrackPointExtension>
        </extensions>
      </trkpt>
      <trkpt lat="24.4663685001432895660400390625" lon="118.15285918302834033966064453125">
        <ele>218.1999969482421875</ele>
        <time>2026-09-23T12:04:21.000Z</time>
        <extensions>
          <ns3:TrackPointExtension>
            <ns3:atemp>28.0</ns3:atemp>
            <ns3:hr>106</ns3:hr>
          </ns3:TrackPointExtension>
        </extensions>
      </trkpt>
      <trkpt lat="24.46636875160038471221923828125" lon="118.15285800956189632415771484375">
        <ele>218.1999969482421875</ele>
        <time>2026-09-23T12:04:22.000Z</time>
        <extensions>
          <ns3:TrackPointExtension>
            <ns3:atemp>28.0</ns3:atemp>
            <ns3:hr>104</ns3:hr>
          </ns3:TrackPointExtension>
        </extensions>
      </trkpt>
      <trkpt lat="24.46636757813394069671630859375" lon="118.15286236815154552459716796875">
        <ele>218</ele>
        <time>2026-09-23T12:04:31.000Z</time>
        <extensions>
          <ns3:TrackPointExtension>
            <ns3:atemp>28.0</ns3:atemp>
            <ns3:hr>105</ns3:hr>
          </ns3:TrackPointExtension>
        </extensions>
      </trkpt>
      <trkpt lat="24.4663628004491329193115234375" lon="118.15286748111248016357421875">
        <ele>218.399993896484375</ele>
        <time>2026-09-23T12:04:58.000Z</time>
        <extensions>
          <ns3:TrackPointExtension>
            <ns3:atemp>28.0</ns3:atemp>
            <ns3:hr>101</ns3:hr>
          </ns3:TrackPointExtension>
        </extensions>
      </trkpt>
      <trkpt lat="24.46636305190622806549072265625" lon="118.152867816388607025146484375">
        <ele>217</ele>
        <time>2026-09-23T12:05:12.000Z</time>
        <extensions>
          <ns3:TrackPointExtension>
            <ns3:atemp>28.0</ns3:atemp>
            <ns3:hr>98</ns3:hr>
          </ns3:TrackPointExtension>
        </extensions>
      </trkpt>
      <trkpt lat="24.4663631357252597808837890625" lon="118.152867816388607025146484375">
        <ele>216.8000030517578125</ele>
        <time>2026-09-23T12:05:14.000Z</time>
        <extensions>
          <ns3:TrackPointExtension>
            <ns3:atemp>28.0</ns3:atemp>
            <ns3:hr>101</ns3:hr>
          </ns3:TrackPointExtension>
        </extensions>
      </trkpt>
      <trkpt lat="24.46634955704212188720703125" lon="118.15288919024169445037841796875">
        <ele>216.399993896484375</ele>
        <time>2026-09-23T12:05:17.000Z</time>
        <extensions>
          <ns3:TrackPointExtension>
            <ns3:atemp>28.0</ns3:atemp>
            <ns3:hr>101</ns3:hr>
          </ns3:TrackPointExtension>
        </extensions>
      </trkpt>
      <trkpt lat="24.4663475453853607177734375" lon="118.15290142782032489776611328125">
        <ele>216.399993896484375</ele>
        <time>2026-09-23T12:05:18.000Z</time>
        <extensions>
          <ns3:TrackPointExtension>
            <ns3:atemp>28.0</ns3:atemp>
            <ns3:hr>102</ns3:hr>
          </ns3:TrackPointExtension>
        </extensions>
      </trkpt>
      <trkpt lat="24.46631141938269138336181640625" lon="118.15295306034386157989501953125">
        <ele>215.8000030517578125</ele>
        <time>2026-09-23T12:05:25.000Z</time>
        <extensions>
          <ns3:TrackPointExtension>
            <ns3:atemp>28.0</ns3:atemp>
            <ns3:hr>104</ns3:hr>
          </ns3:TrackPointExtension>
        </extensions>
      </trkpt>
      <trkpt lat="24.46630639024078845977783203125" lon="118.15295658074319362640380859375">
        <ele>215</ele>
        <time>2026-09-23T12:05:27.000Z</time>
        <extensions>
          <ns3:TrackPointExtension>
            <ns3:atemp>28.0</ns3:atemp>
            <ns3:hr>105</ns3:hr>
          </ns3:TrackPointExtension>
        </extensions>
      </trkpt>
      <trkpt lat="24.466293565928936004638671875" lon="118.15297334454953670501708984375">
        <ele>214</ele>
        <time>2026-09-23T12:05:31.000Z</time>
        <extensions>
          <ns3:TrackPointExtension>
            <ns3:atemp>28.0</ns3:atemp>
            <ns3:hr>105</ns3:hr>
          </ns3:TrackPointExtension>
        </extensions>
      </trkpt>
      <trkpt lat="24.46629230864346027374267578125" lon="118.15297753550112247467041015625">
        <ele>213.8000030517578125</ele>
        <time>2026-09-23T12:05:32.000Z</time>
        <extensions>
          <ns3:TrackPointExtension>
            <ns3:atemp>28.0</ns3:atemp>
            <ns3:hr>105</ns3:hr>
          </ns3:TrackPointExtension>
        </extensions>
      </trkpt>
      <trkpt lat="24.466287195682525634765625" lon="118.15298658795654773712158203125">
        <ele>212.399993896484375</ele>
        <time>2026-09-23T12:05:37.000Z</time>
        <extensions>
          <ns3:TrackPointExtension>
            <ns3:atemp>28.0</ns3:atemp>
            <ns3:hr>104</ns3:hr>
          </ns3:TrackPointExtension>
        </extensions>
      </trkpt>
      <trkpt lat="24.466281495988368988037109375" lon="118.15298843197524547576904296875">
        <ele>211.8000030517578125</ele>
        <time>2026-09-23T12:05:39.000Z</time>
        <extensions>
          <ns3:TrackPointExtension>
            <ns3:atemp>28.0</ns3:atemp>
            <ns3:hr>104</ns3:hr>
          </ns3:TrackPointExtension>
        </extensions>
      </trkpt>
      <trkpt lat="24.46625391952693462371826171875" lon="118.15300636924803256988525390625">
        <ele>212.1999969482421875</ele>
        <time>2026-09-23T12:05:44.000Z</time>
        <extensions>
          <ns3:TrackPointExtension>
            <ns3:atemp>28.0</ns3:atemp>
            <ns3:hr>105</ns3:hr>
          </ns3:TrackPointExtension>
        </extensions>
      </trkpt>
      <trkpt lat="24.466244280338287353515625" lon="118.15300293266773223876953125">
        <ele>211.600006103515625</ele>
        <time>2026-09-23T12:05:54.000Z</time>
        <extensions>
          <ns3:TrackPointExtension>
            <ns3:atemp>28.0</ns3:atemp>
            <ns3:hr>104</ns3:hr>
          </ns3:TrackPointExtension>
        </extensions>
      </trkpt>
      <trkpt lat="24.46620413102209568023681640625" lon="118.15303436480462551116943359375">
        <ele>211.600006103515625</ele>
        <time>2026-09-23T12:06:00.000Z</time>
        <extensions>
          <ns3:TrackPointExtension>
            <ns3:atemp>28.0</ns3:atemp>
            <ns3:hr>104</ns3:hr>
          </ns3:TrackPointExtension>
        </extensions>
      </trkpt>
      <trkpt lat="24.46620144881308078765869140625" lon="118.1530411541461944580078125">
        <ele>211.399993896484375</ele>
        <time>2026-09-23T12:06:02.000Z</time>
        <extensions>
          <ns3:TrackPointExtension>
            <ns3:atemp>28.0</ns3:atemp>
            <ns3:hr>104</ns3:hr>
          </ns3:TrackPointExtension>
        </extensions>
      </trkpt>
      <trkpt lat="24.4661783985793590545654296875" lon="118.1530399806797504425048828125">
        <ele>211.1999969482421875</ele>
        <time>2026-09-23T12:06:06.000Z</time>
        <extensions>
          <ns3:TrackPointExtension>
            <ns3:atemp>28.0</ns3:atemp>
            <ns3:hr>103</ns3:hr>
          </ns3:TrackPointExtension>
        </extensions>
      </trkpt>
      <trkpt lat="24.4661866128444671630859375" lon="118.15304718911647796630859375">
        <ele>211.1999969482421875</ele>
        <time>2026-09-23T12:06:11.000Z</time>
        <extensions>
          <ns3:TrackPointExtension>
            <ns3:atemp>29.0</ns3:atemp>
            <ns3:hr>103</ns3:hr>
          </ns3:TrackPointExtension>
        </extensions>
      </trkpt>
      <trkpt lat="24.4661871157586574554443359375" lon="118.15304827876389026641845703125">
        <ele>211.1999969482421875</ele>
        <time>2026-09-23T12:06:12.000Z</time>
        <extensions>
          <ns3:TrackPointExtension>
            <ns3:atemp>28.0</ns3:atemp>
            <ns3:hr>103</ns3:hr>
          </ns3:TrackPointExtension>
        </extensions>
      </trkpt>
      <trkpt lat="24.46618669666349887847900390625" lon="118.15304526127874851226806640625">
        <ele>211.399993896484375</ele>
        <time>2026-09-23T12:06:20.000Z</time>
        <extensions>
          <ns3:TrackPointExtension>
            <ns3:atemp>28.0</ns3:atemp>
            <ns3:hr>100</ns3:hr>
          </ns3:TrackPointExtension>
        </extensions>
      </trkpt>
      <trkpt lat="24.4661866128444671630859375" lon="118.15304090268909931182861328125">
        <ele>210.600006103515625</ele>
        <time>2026-09-23T12:06:30.000Z</time>
        <extensions>
          <ns3:TrackPointExtension>
            <ns3:atemp>29.0</ns3:atemp>
            <ns3:hr>99</ns3:hr>
          </ns3:TrackPointExtension>
        </extensions>
      </trkpt>
      <trkpt lat="24.466186277568340301513671875" lon="118.15303687937557697296142578125">
        <ele>210.1999969482421875</ele>
        <time>2026-09-23T12:06:36.000Z</time>
        <extensions>
          <ns3:TrackPointExtension>
            <ns3:atemp>29.0</ns3:atemp>
            <ns3:hr>99</ns3:hr>
          </ns3:TrackPointExtension>
        </extensions>
      </trkpt>
      <trkpt lat="24.46617714129388332366943359375" lon="118.1530557386577129364013671875">
        <ele>209.1999969482421875</ele>
        <time>2026-09-23T12:06:46.000Z</time>
        <extensions>
          <ns3:TrackPointExtension>
            <ns3:atemp>29.0</ns3:atemp>
            <ns3:hr>101</ns3:hr>
          </ns3:TrackPointExtension>
        </extensions>
      </trkpt>
      <trkpt lat="24.46615777909755706787109375" lon="118.15300888381898403167724609375">
        <ele>208.8000030517578125</ele>
        <time>2026-09-23T12:06:48.000Z</time>
        <extensions>
          <ns3:TrackPointExtension>
            <ns3:atemp>29.0</ns3:atemp>
            <ns3:hr>101</ns3:hr>
          </ns3:TrackPointExtension>
        </extensions>
      </trkpt>
      <trkpt lat="24.46616188623011112213134765625" lon="118.15301902592182159423828125">
        <ele>208.8000030517578125</ele>
        <time>2026-09-23T12:06:51.000Z</time>
        <extensions>
          <ns3:TrackPointExtension>
            <ns3:atemp>29.0</ns3:atemp>
            <ns3:hr>101</ns3:hr>
          </ns3:TrackPointExtension>
        </extensions>
      </trkpt>
      <trkpt lat="24.466136991977691650390625" lon="118.1530748493969440460205078125">
        <ele>207.8000030517578125</ele>
        <time>2026-09-23T12:06:59.000Z</time>
        <extensions>
          <ns3:TrackPointExtension>
            <ns3:atemp>29.0</ns3:atemp>
            <ns3:hr>103</ns3:hr>
          </ns3:TrackPointExtension>
        </extensions>
      </trkpt>
      <trkpt lat="24.466135986149311065673828125" lon="118.15307761542499065399169921875">
        <ele>209.399993896484375</ele>
        <time>2026-09-23T12:07:03.000Z</time>
        <extensions>
          <ns3:TrackPointExtension>
            <ns3:atemp>29.0</ns3:atemp>
            <ns3:hr>103</ns3:hr>
          </ns3:TrackPointExtension>
        </extensions>
      </trkpt>
      <trkpt lat="24.46613405831158161163330078125" lon="118.1530885957181453704833984375">
        <ele>210</ele>
        <time>2026-09-23T12:07:06.000Z</time>
        <extensions>
          <ns3:TrackPointExtension>
            <ns3:atemp>29.0</ns3:atemp>
            <ns3:hr>103</ns3:hr>
          </ns3:TrackPointExtension>
        </extensions>
      </trkpt>
      <trkpt lat="24.466137327253818511962890625" lon="118.15309236757457256317138671875">
        <ele>209.8000030517578125</ele>
        <time>2026-09-23T12:07:13.000Z</time>
        <extensions>
          <ns3:TrackPointExtension>
            <ns3:atemp>29.0</ns3:atemp>
            <ns3:hr>103</ns3:hr>
          </ns3:TrackPointExtension>
        </extensions>
      </trkpt>
      <trkpt lat="24.466137327253818511962890625" lon="118.15309840254485607147216796875">
        <ele>209</ele>
        <time>2026-09-23T12:07:34.000Z</time>
        <extensions>
          <ns3:TrackPointExtension>
            <ns3:atemp>29.0</ns3:atemp>
            <ns3:hr>100</ns3:hr>
          </ns3:TrackPointExtension>
        </extensions>
      </trkpt>
      <trkpt lat="24.46613741107285022735595703125" lon="118.15309940837323665618896484375">
        <ele>208.8000030517578125</ele>
        <time>2026-09-23T12:07:36.000Z</time>
        <extensions>
          <ns3:TrackPointExtension>
            <ns3:atemp>29.0</ns3:atemp>
            <ns3:hr>97</ns3:hr>
          </ns3:TrackPointExtension>
        </extensions>
      </trkpt>
      <trkpt lat="24.46614109911024570465087890625" lon="118.15310661680996417999267578125">
        <ele>209</ele>
        <time>2026-09-23T12:07:45.000Z</time>
        <extensions>
          <ns3:TrackPointExtension>
            <ns3:atemp>29.0</ns3:atemp>
            <ns3:hr>101</ns3:hr>
          </ns3:TrackPointExtension>
        </extensions>
      </trkpt>
      <trkpt lat="24.46614126674830913543701171875" lon="118.15310896374285221099853515625">
        <ele>209</ele>
        <time>2026-09-23T12:07:46.000Z</time>
        <extensions>
          <ns3:TrackPointExtension>
            <ns3:atemp>29.0</ns3:atemp>
            <ns3:hr>101</ns3:hr>
          </ns3:TrackPointExtension>
        </extensions>
      </trkpt>
      <trkpt lat="24.46614176966249942779541015625" lon="118.15311751328408718109130859375">
        <ele>208.8000030517578125</ele>
        <time>2026-09-23T12:07:49.000Z</time>
        <extensions>
          <ns3:TrackPointExtension>
            <ns3:atemp>29.0</ns3:atemp>
            <ns3:hr>104</ns3:hr>
          </ns3:TrackPointExtension>
        </extensions>
      </trkpt>
      <trkpt lat="24.46614277549088001251220703125" lon="118.15312019549310207366943359375">
        <ele>208.8000030517578125</ele>
        <time>2026-09-23T12:07:53.000Z</time>
        <extensions>
          <ns3:TrackPointExtension>
            <ns3:atemp>29.0</ns3:atemp>
            <ns3:hr>107</ns3:hr>
          </ns3:TrackPointExtension>
        </extensions>
      </trkpt>
      <trkpt lat="24.46614629589021205902099609375" lon="118.15312136895954608917236328125">
        <ele>209</ele>
        <time>2026-09-23T12:08:05.000Z</time>
        <extensions>
          <ns3:TrackPointExtension>
            <ns3:atemp>29.0</ns3:atemp>
            <ns3:hr>104</ns3:hr>
          </ns3:TrackPointExtension>
        </extensions>
      </trkpt>
      <trkpt lat="24.46614629589021205902099609375" lon="118.153121285140514373779296875">
        <ele>208.1999969482421875</ele>
        <time>2026-09-23T12:08:16.000Z</time>
        <extensions>
          <ns3:TrackPointExtension>
            <ns3:atemp>29.0</ns3:atemp>
            <ns3:hr>103</ns3:hr>
          </ns3:TrackPointExtension>
        </extensions>
      </trkpt>
      <trkpt lat="24.46614730171859264373779296875" lon="118.1531216204166412353515625">
        <ele>207.8000030517578125</ele>
        <time>2026-09-23T12:08:20.000Z</time>
        <extensions>
          <ns3:TrackPointExtension>
            <ns3:atemp>29.0</ns3:atemp>
            <ns3:hr>106</ns3:hr>
          </ns3:TrackPointExtension>
        </extensions>
      </trkpt>
      <trkpt lat="24.466147720813751220703125" lon="118.1531216204166412353515625">
        <ele>206.8000030517578125</ele>
        <time>2026-09-23T12:08:21.000Z</time>
        <extensions>
          <ns3:TrackPointExtension>
            <ns3:atemp>29.0</ns3:atemp>
            <ns3:hr>106</ns3:hr>
          </ns3:TrackPointExtension>
        </extensions>
      </trkpt>
      <trkpt lat="24.46615467779338359832763671875" lon="118.15313461236655712127685546875">
        <ele>206.600006103515625</ele>
        <time>2026-09-23T12:08:33.000Z</time>
        <extensions>
          <ns3:TrackPointExtension>
            <ns3:atemp>29.0</ns3:atemp>
            <ns3:hr>105</ns3:hr>
          </ns3:TrackPointExtension>
        </extensions>
      </trkpt>
      <trkpt lat="24.466160126030445098876953125" lon="118.15314550884068012237548828125">
        <ele>205.600006103515625</ele>
        <time>2026-09-23T12:08:40.000Z</time>
        <extensions>
          <ns3:TrackPointExtension>
            <ns3:atemp>29.0</ns3:atemp>
            <ns3:hr>105</ns3:hr>
          </ns3:TrackPointExtension>
        </extensions>
      </trkpt>
      <trkpt lat="24.46616188623011112213134765625" lon="118.153156153857707977294921875">
        <ele>203.399993896484375</ele>
        <time>2026-09-23T12:08:45.000Z</time>
        <extensions>
          <ns3:TrackPointExtension>
            <ns3:atemp>29.0</ns3:atemp>
            <ns3:hr>103</ns3:hr>
          </ns3:TrackPointExtension>
        </extensions>
      </trkpt>
      <trkpt lat="24.4661619700491428375244140625" lon="118.1531740911304950714111328125">
        <ele>201.8000030517578125</ele>
        <time>2026-09-23T12:08:48.000Z</time>
        <extensions>
          <ns3:TrackPointExtension>
            <ns3:atemp>29.0</ns3:atemp>
            <ns3:hr>101</ns3:hr>
          </ns3:TrackPointExtension>
        </extensions>
      </trkpt>
      <trkpt lat="24.46616205386817455291748046875" lon="118.153178282082080841064453125">
        <ele>203</ele>
        <time>2026-09-23T12:08:50.000Z</time>
        <extensions>
          <ns3:TrackPointExtension>
            <ns3:atemp>29.0</ns3:atemp>
            <ns3:hr>100</ns3:hr>
          </ns3:TrackPointExtension>
        </extensions>
      </trkpt>
      <trkpt lat="24.46616205386817455291748046875" lon="118.15318255685269832611083984375">
        <ele>203.399993896484375</ele>
        <time>2026-09-23T12:08:55.000Z</time>
        <extensions>
          <ns3:TrackPointExtension>
            <ns3:atemp>29.0</ns3:atemp>
            <ns3:hr>97</ns3:hr>
          </ns3:TrackPointExtension>
        </extensions>
      </trkpt>
      <trkpt lat="24.46616205386817455291748046875" lon="118.1531833112239837646484375">
        <ele>201.1999969482421875</ele>
        <time>2026-09-23T12:08:57.000Z</time>
        <extensions>
          <ns3:TrackPointExtension>
            <ns3:atemp>29.0</ns3:atemp>
            <ns3:hr>97</ns3:hr>
          </ns3:TrackPointExtension>
        </extensions>
      </trkpt>
      <trkpt lat="24.46616155095398426055908203125" lon="118.15318423323333263397216796875">
        <ele>200</ele>
        <time>2026-09-23T12:08:59.000Z</time>
        <extensions>
          <ns3:TrackPointExtension>
            <ns3:atemp>29.0</ns3:atemp>
            <ns3:hr>96</ns3:hr>
          </ns3:TrackPointExtension>
        </extensions>
      </trkpt>
      <trkpt lat="24.4661599583923816680908203125" lon="118.15318523906171321868896484375">
        <ele>202.399993896484375</ele>
        <time>2026-09-23T12:09:05.000Z</time>
        <extensions>
          <ns3:TrackPointExtension>
            <ns3:atemp>29.0</ns3:atemp>
            <ns3:hr>96</ns3:hr>
          </ns3:TrackPointExtension>
        </extensions>
      </trkpt>
      <trkpt lat="24.46615953929722309112548828125" lon="118.15318540669977664947509765625">
        <ele>204.399993896484375</ele>
        <time>2026-09-23T12:09:06.000Z</time>
        <extensions>
          <ns3:TrackPointExtension>
            <ns3:atemp>29.0</ns3:atemp>
            <ns3:hr>96</ns3:hr>
          </ns3:TrackPointExtension>
        </extensions>
      </trkpt>
      <trkpt lat="24.466152749955654144287109375" lon="118.15318875946104526519775390625">
        <ele>202.8000030517578125</ele>
        <time>2026-09-23T12:09:14.000Z</time>
        <extensions>
          <ns3:TrackPointExtension>
            <ns3:atemp>29.0</ns3:atemp>
            <ns3:hr>95</ns3:hr>
          </ns3:TrackPointExtension>
        </extensions>
      </trkpt>
      <trkpt lat="24.4661408476531505584716796875" lon="118.153192698955535888671875">
        <ele>203.399993896484375</ele>
        <time>2026-09-23T12:09:23.000Z</time>
        <extensions>
          <ns3:TrackPointExtension>
            <ns3:atemp>29.0</ns3:atemp>
            <ns3:hr>98</ns3:hr>
          </ns3:TrackPointExtension>
        </extensions>
      </trkpt>
      <trkpt lat="24.46613104082643985748291015625" lon="118.1531962193548679351806640625">
        <ele>203.600006103515625</ele>
        <time>2026-09-23T12:09:31.000Z</time>
        <extensions>
          <ns3:TrackPointExtension>
            <ns3:atemp>29.0</ns3:atemp>
            <ns3:hr>102</ns3:hr>
          </ns3:TrackPointExtension>
        </extensions>
      </trkpt>
      <trkpt lat="24.46612886153161525726318359375" lon="118.15319697372615337371826171875">
        <ele>203.600006103515625</ele>
        <time>2026-09-23T12:09:34.000Z</time>
        <extensions>
          <ns3:TrackPointExtension>
            <ns3:atemp>29.0</ns3:atemp>
            <ns3:hr>98</ns3:hr>
          </ns3:TrackPointExtension>
        </extensions>
      </trkpt>
      <trkpt lat="24.4661276042461395263671875" lon="118.15320007503032684326171875">
        <ele>203.8000030517578125</ele>
        <time>2026-09-23T12:09:38.000Z</time>
        <extensions>
          <ns3:TrackPointExtension>
            <ns3:atemp>29.0</ns3:atemp>
            <ns3:hr>99</ns3:hr>
          </ns3:TrackPointExtension>
        </extensions>
      </trkpt>
      <trkpt lat="24.4661257602274417877197265625" lon="118.153219521045684814453125">
        <ele>203.600006103515625</ele>
        <time>2026-09-23T12:09:49.000Z</time>
        <extensions>
          <ns3:TrackPointExtension>
            <ns3:atemp>29.0</ns3:atemp>
            <ns3:hr>96</ns3:hr>
          </ns3:TrackPointExtension>
        </extensions>
      </trkpt>
      <trkpt lat="24.46612433530390262603759765625" lon="118.1532203592360019683837890625">
        <ele>205.1999969482421875</ele>
        <time>2026-09-23T12:09:52.000Z</time>
        <extensions>
          <ns3:TrackPointExtension>
            <ns3:atemp>29.0</ns3:atemp>
            <ns3:hr>98</ns3:hr>
          </ns3:TrackPointExtension>
        </extensions>
      </trkpt>
      <trkpt lat="24.46612131781876087188720703125" lon="118.15322094596922397613525390625">
        <ele>204</ele>
        <time>2026-09-23T12:09:57.000Z</time>
        <extensions>
          <ns3:TrackPointExtension>
            <ns3:atemp>29.0</ns3:atemp>
            <ns3:hr>97</ns3:hr>
          </ns3:TrackPointExtension>
        </extensions>
      </trkpt>
      <trkpt lat="24.46612064726650714874267578125" lon="118.15322111360728740692138671875">
        <ele>203.600006103515625</ele>
        <time>2026-09-23T12:09:58.000Z</time>
        <extensions>
          <ns3:TrackPointExtension>
            <ns3:atemp>29.0</ns3:atemp>
            <ns3:hr>100</ns3:hr>
          </ns3:TrackPointExtension>
        </extensions>
      </trkpt>
      <trkpt lat="24.46611897088587284088134765625" lon="118.15322153270244598388671875">
        <ele>201.8000030517578125</ele>
        <time>2026-09-23T12:10:00.000Z</time>
        <extensions>
          <ns3:TrackPointExtension>
            <ns3:atemp>29.0</ns3:atemp>
            <ns3:hr>102</ns3:hr>
          </ns3:TrackPointExtension>
        </extensions>
      </trkpt>
      <trkpt lat="24.46611821651458740234375" lon="118.1532217003405094146728515625">
        <ele>198</ele>
        <time>2026-09-23T12:10:01.000Z</time>
        <extensions>
          <ns3:TrackPointExtension>
            <ns3:atemp>29.0</ns3:atemp>
            <ns3:hr>104</ns3:hr>
          </ns3:TrackPointExtension>
        </extensions>
      </trkpt>
      <trkpt lat="24.466115199029445648193359375" lon="118.15322228707373142242431640625">
        <ele>199</ele>
        <time>2026-09-23T12:10:05.000Z</time>
        <extensions>
          <ns3:TrackPointExtension>
            <ns3:atemp>29.0</ns3:atemp>
            <ns3:hr>103</ns3:hr>
          </ns3:TrackPointExtension>
        </extensions>
      </trkpt>
      <trkpt lat="24.46611025370657444000244140625" lon="118.15322262234985828399658203125">
        <ele>199</ele>
        <time>2026-09-23T12:10:11.000Z</time>
        <extensions>
          <ns3:TrackPointExtension>
            <ns3:atemp>29.0</ns3:atemp>
            <ns3:hr>106</ns3:hr>
          </ns3:TrackPointExtension>
        </extensions>
      </trkpt>
      <trkpt lat="24.4661063142120838165283203125" lon="118.15322278998792171478271484375">
        <ele>200.1999969482421875</ele>
        <time>2026-09-23T12:10:14.000Z</time>
        <extensions>
          <ns3:TrackPointExtension>
            <ns3:atemp>29.0</ns3:atemp>
            <ns3:hr>105</ns3:hr>
          </ns3:TrackPointExtension>
        </extensions>
      </trkpt>
      <trkpt lat="24.466099776327610015869140625" lon="118.15323368646204471588134765625">
        <ele>202.1999969482421875</ele>
        <time>2026-09-23T12:10:22.000Z</time>
        <extensions>
          <ns3:TrackPointExtension>
            <ns3:atemp>29.0</ns3:atemp>
            <ns3:hr>104</ns3:hr>
          </ns3:TrackPointExtension>
        </extensions>
      </trkpt>
      <trkpt lat="24.466070942580699920654296875" lon="118.15328464843332767486572265625">
        <ele>202.1999969482421875</ele>
        <time>2026-09-23T12:10:29.000Z</time>
        <extensions>
          <ns3:TrackPointExtension>
            <ns3:atemp>29.0</ns3:atemp>
            <ns3:hr>104</ns3:hr>
          </ns3:TrackPointExtension>
        </extensions>
      </trkpt>
      <trkpt lat="24.46605728007853031158447265625" lon="118.15329931676387786865234375">
        <ele>203.399993896484375</ele>
        <time>2026-09-23T12:10:31.000Z</time>
        <extensions>
          <ns3:TrackPointExtension>
            <ns3:atemp>29.0</ns3:atemp>
            <ns3:hr>103</ns3:hr>
          </ns3:TrackPointExtension>
        </extensions>
      </trkpt>
      <trkpt lat="24.4660426117479801177978515625" lon="118.15332571975886821746826171875">
        <ele>203</ele>
        <time>2026-09-23T12:10:38.000Z</time>
        <extensions>
          <ns3:TrackPointExtension>
            <ns3:atemp>29.0</ns3:atemp>
            <ns3:hr>103</ns3:hr>
          </ns3:TrackPointExtension>
        </extensions>
      </trkpt>
      <trkpt lat="24.4660432823002338409423828125" lon="118.15332756377756595611572265625">
        <ele>203.8000030517578125</ele>
        <time>2026-09-23T12:10:55.000Z</time>
        <extensions>
          <ns3:TrackPointExtension>
            <ns3:atemp>29.0</ns3:atemp>
            <ns3:hr>99</ns3:hr>
          </ns3:TrackPointExtension>
        </extensions>
      </trkpt>
      <trkpt lat="24.46604336611926555633544921875" lon="118.153327815234661102294921875">
        <ele>201.399993896484375</ele>
        <time>2026-09-23T12:11:07.000Z</time>
        <extensions>
          <ns3:TrackPointExtension>
            <ns3:atemp>29.0</ns3:atemp>
            <ns3:hr>100</ns3:hr>
          </ns3:TrackPointExtension>
        </extensions>
      </trkpt>
      <trkpt lat="24.46604336611926555633544921875" lon="118.153327815234661102294921875">
        <ele>203</ele>
        <time>2026-09-23T12:11:09.000Z</time>
        <extensions>
          <ns3:TrackPointExtension>
            <ns3:atemp>29.0</ns3:atemp>
            <ns3:hr>100</ns3:hr>
          </ns3:TrackPointExtension>
        </extensions>
      </trkpt>
      <trkpt lat="24.46602903306484222412109375" lon="118.15332789905369281768798828125">
        <ele>203.8000030517578125</ele>
        <time>2026-09-23T12:11:14.000Z</time>
        <extensions>
          <ns3:TrackPointExtension>
            <ns3:atemp>29.0</ns3:atemp>
            <ns3:hr>103</ns3:hr>
          </ns3:TrackPointExtension>
        </extensions>
      </trkpt>
      <trkpt lat="24.46601185016334056854248046875" lon="118.15332940779626369476318359375">
        <ele>204</ele>
        <time>2026-09-23T12:11:18.000Z</time>
        <extensions>
          <ns3:TrackPointExtension>
            <ns3:atemp>29.0</ns3:atemp>
            <ns3:hr>105</ns3:hr>
          </ns3:TrackPointExtension>
        </extensions>
      </trkpt>
      <trkpt lat="24.46598988957703113555908203125" lon="118.1533390469849109649658203125">
        <ele>203.399993896484375</ele>
        <time>2026-09-23T12:11:24.000Z</time>
        <extensions>
          <ns3:TrackPointExtension>
            <ns3:atemp>29.0</ns3:atemp>
            <ns3:hr>109</ns3:hr>
          </ns3:TrackPointExtension>
        </extensions>
      </trkpt>
      <trkpt lat="24.4659876264631748199462890625" lon="118.1533407233655452728271484375">
        <ele>203.399993896484375</ele>
        <time>2026-09-23T12:11:26.000Z</time>
        <extensions>
          <ns3:TrackPointExtension>
            <ns3:atemp>29.0</ns3:atemp>
            <ns3:hr>106</ns3:hr>
          </ns3:TrackPointExtension>
        </extensions>
      </trkpt>
      <trkpt lat="24.46596507914364337921142578125" lon="118.15335203893482685089111328125">
        <ele>201</ele>
        <time>2026-09-23T12:11:42.000Z</time>
        <extensions>
          <ns3:TrackPointExtension>
            <ns3:atemp>29.0</ns3:atemp>
            <ns3:hr>107</ns3:hr>
          </ns3:TrackPointExtension>
        </extensions>
      </trkpt>
      <trkpt lat="24.465964995324611663818359375" lon="118.1533548049628734588623046875">
        <ele>199.8000030517578125</ele>
        <time>2026-09-23T12:11:43.000Z</time>
        <extensions>
          <ns3:TrackPointExtension>
            <ns3:atemp>29.0</ns3:atemp>
            <ns3:hr>107</ns3:hr>
          </ns3:TrackPointExtension>
        </extensions>
      </trkpt>
      <trkpt lat="24.46596373803913593292236328125" lon="118.1533605046570301055908203125">
        <ele>200</ele>
        <time>2026-09-23T12:11:46.000Z</time>
        <extensions>
          <ns3:TrackPointExtension>
            <ns3:atemp>29.0</ns3:atemp>
            <ns3:hr>110</ns3:hr>
          </ns3:TrackPointExtension>
        </extensions>
      </trkpt>
      <trkpt lat="24.46596189402043819427490234375" lon="118.1533682160079479217529296875">
        <ele>201.1999969482421875</ele>
        <time>2026-09-23T12:11:51.000Z</time>
        <extensions>
          <ns3:TrackPointExtension>
            <ns3:atemp>29.0</ns3:atemp>
            <ns3:hr>106</ns3:hr>
          </ns3:TrackPointExtension>
        </extensions>
      </trkpt>
      <trkpt lat="24.46596088819205760955810546875" lon="118.153381459414958953857421875">
        <ele>199.1999969482421875</ele>
        <time>2026-09-23T12:11:58.000Z</time>
        <extensions>
          <ns3:TrackPointExtension>
            <ns3:atemp>29.0</ns3:atemp>
            <ns3:hr>105</ns3:hr>
          </ns3:TrackPointExtension>
        </extensions>
      </trkpt>
      <trkpt lat="24.46596072055399417877197265625" lon="118.15338171087205410003662109375">
        <ele>196</ele>
        <time>2026-09-23T12:11:59.000Z</time>
        <extensions>
          <ns3:TrackPointExtension>
            <ns3:atemp>29.0</ns3:atemp>
            <ns3:hr>103</ns3:hr>
          </ns3:TrackPointExtension>
        </extensions>
      </trkpt>
      <trkpt lat="24.46596038527786731719970703125" lon="118.15338187851011753082275390625">
        <ele>194.8000030517578125</ele>
        <time>2026-09-23T12:12:00.000Z</time>
        <extensions>
          <ns3:TrackPointExtension>
            <ns3:atemp>29.0</ns3:atemp>
            <ns3:hr>101</ns3:hr>
          </ns3:TrackPointExtension>
        </extensions>
      </trkpt>
      <trkpt lat="24.4659470580518245697021484375" lon="118.1533833034336566925048828125">
        <ele>196.399993896484375</ele>
        <time>2026-09-23T12:12:05.000Z</time>
        <extensions>
          <ns3:TrackPointExtension>
            <ns3:atemp>29.0</ns3:atemp>
            <ns3:hr>103</ns3:hr>
          </ns3:TrackPointExtension>
        </extensions>
      </trkpt>
      <trkpt lat="24.4659343175590038299560546875" lon="118.1533844769001007080078125">
        <ele>197.399993896484375</ele>
        <time>2026-09-23T12:12:08.000Z</time>
        <extensions>
          <ns3:TrackPointExtension>
            <ns3:atemp>29.0</ns3:atemp>
            <ns3:hr>103</ns3:hr>
          </ns3:TrackPointExtension>
        </extensions>
      </trkpt>
      <trkpt lat="24.46592652238905429840087890625" lon="118.15338707529008388519287109375">
        <ele>196.1999969482421875</ele>
        <time>2026-09-23T12:12:14.000Z</time>
        <extensions>
          <ns3:TrackPointExtension>
            <ns3:atemp>29.0</ns3:atemp>
            <ns3:hr>103</ns3:hr>
          </ns3:TrackPointExtension>
        </extensions>
      </trkpt>
      <trkpt lat="24.46592467837035655975341796875" lon="118.153391517698764801025390625">
        <ele>195.1999969482421875</ele>
        <time>2026-09-23T12:12:16.000Z</time>
        <extensions>
          <ns3:TrackPointExtension>
            <ns3:atemp>29.0</ns3:atemp>
            <ns3:hr>104</ns3:hr>
          </ns3:TrackPointExtension>
        </extensions>
      </trkpt>
      <trkpt lat="24.465922750532627105712890625" lon="118.1534034200012683868408203125">
        <ele>197</ele>
        <time>2026-09-23T12:12:20.000Z</time>
        <extensions>
          <ns3:TrackPointExtension>
            <ns3:atemp>29.0</ns3:atemp>
            <ns3:hr>103</ns3:hr>
          </ns3:TrackPointExtension>
        </extensions>
      </trkpt>
      <trkpt lat="24.46591897867619991302490234375" lon="118.15341590903699398040771484375">
        <ele>195</ele>
        <time>2026-09-23T12:12:25.000Z</time>
        <extensions>
          <ns3:TrackPointExtension>
            <ns3:atemp>29.0</ns3:atemp>
            <ns3:hr>104</ns3:hr>
          </ns3:TrackPointExtension>
        </extensions>
      </trkpt>
      <trkpt lat="24.465917050838470458984375" lon="118.15342797897756099700927734375">
        <ele>196.1999969482421875</ele>
        <time>2026-09-23T12:12:33.000Z</time>
        <extensions>
          <ns3:TrackPointExtension>
            <ns3:atemp>29.0</ns3:atemp>
            <ns3:hr>104</ns3:hr>
          </ns3:TrackPointExtension>
        </extensions>
      </trkpt>
      <trkpt lat="24.46591629646718502044677734375" lon="118.15343342721462249755859375">
        <ele>197.600006103515625</ele>
        <time>2026-09-23T12:12:35.000Z</time>
        <extensions>
          <ns3:TrackPointExtension>
            <ns3:atemp>29.0</ns3:atemp>
            <ns3:hr>102</ns3:hr>
          </ns3:TrackPointExtension>
        </extensions>
      </trkpt>
      <trkpt lat="24.465914703905582427978515625" lon="118.15345966257154941558837890625">
        <ele>198</ele>
        <time>2026-09-23T12:12:44.000Z</time>
        <extensions>
          <ns3:TrackPointExtension>
            <ns3:atemp>29.0</ns3:atemp>
            <ns3:hr>105</ns3:hr>
          </ns3:TrackPointExtension>
        </extensions>
      </trkpt>
      <trkpt lat="24.46590187959372997283935546875" lon="118.153477348387241363525390625">
        <ele>197.600006103515625</ele>
        <time>2026-09-23T12:12:53.000Z</time>
        <extensions>
          <ns3:TrackPointExtension>
            <ns3:atemp>29.0</ns3:atemp>
            <ns3:hr>108</ns3:hr>
          </ns3:TrackPointExtension>
        </extensions>
      </trkpt>
      <trkpt lat="24.4658853672444820404052734375" lon="118.15347776748239994049072265625">
        <ele>196.600006103515625</ele>
        <time>2026-09-23T12:13:02.000Z</time>
        <extensions>
          <ns3:TrackPointExtension>
            <ns3:atemp>29.0</ns3:atemp>
            <ns3:hr>109</ns3:hr>
          </ns3:TrackPointExtension>
        </extensions>
      </trkpt>
      <trkpt lat="24.46588276885449886322021484375" lon="118.15347709693014621734619140625">
        <ele>195.1999969482421875</ele>
        <time>2026-09-23T12:13:05.000Z</time>
        <extensions>
          <ns3:TrackPointExtension>
            <ns3:atemp>29.0</ns3:atemp>
            <ns3:hr>107</ns3:hr>
          </ns3:TrackPointExtension>
        </extensions>
      </trkpt>
      <trkpt lat="24.46587824262678623199462890625" lon="118.15347005613148212432861328125">
        <ele>193.399993896484375</ele>
        <time>2026-09-23T12:13:06.000Z</time>
        <extensions>
          <ns3:TrackPointExtension>
            <ns3:atemp>29.0</ns3:atemp>
            <ns3:hr>108</ns3:hr>
          </ns3:TrackPointExtension>
        </extensions>
      </trkpt>
      <trkpt lat="24.4658816792070865631103515625" lon="118.15345983020961284637451171875">
        <ele>190.8000030517578125</ele>
        <time>2026-09-23T12:13:07.000Z</time>
        <extensions>
          <ns3:TrackPointExtension>
            <ns3:atemp>29.0</ns3:atemp>
            <ns3:hr>107</ns3:hr>
          </ns3:TrackPointExtension>
        </extensions>
      </trkpt>
      <trkpt lat="24.4658763147890567779541015625" lon="118.153438456356525421142578125">
        <ele>193</ele>
        <time>2026-09-23T12:13:10.000Z</time>
        <extensions>
          <ns3:TrackPointExtension>
            <ns3:atemp>29.0</ns3:atemp>
            <ns3:hr>108</ns3:hr>
          </ns3:TrackPointExtension>
        </extensions>
      </trkpt>
      <trkpt lat="24.46585410274565219879150390625" lon="118.15342077054083347320556640625">
        <ele>195.399993896484375</ele>
        <time>2026-09-23T12:13:13.000Z</time>
        <extensions>
          <ns3:TrackPointExtension>
            <ns3:atemp>29.0</ns3:atemp>
            <ns3:hr>109</ns3:hr>
          </ns3:TrackPointExtension>
        </extensions>
      </trkpt>
      <trkpt lat="24.4658444635570049285888671875" lon="118.15341456793248653411865234375">
        <ele>196.600006103515625</ele>
        <time>2026-09-23T12:13:15.000Z</time>
        <extensions>
          <ns3:TrackPointExtension>
            <ns3:atemp>29.0</ns3:atemp>
            <ns3:hr>109</ns3:hr>
          </ns3:TrackPointExtension>
        </extensions>
      </trkpt>
      <trkpt lat="24.46582208387553691864013671875" lon="118.1534107960760593414306640625">
        <ele>196.8000030517578125</ele>
        <time>2026-09-23T12:13:22.000Z</time>
        <extensions>
          <ns3:TrackPointExtension>
            <ns3:atemp>29.0</ns3:atemp>
            <ns3:hr>110</ns3:hr>
          </ns3:TrackPointExtension>
        </extensions>
      </trkpt>
      <trkpt lat="24.4658206589519977569580078125" lon="118.15341272391378879547119140625">
        <ele>195.600006103515625</ele>
        <time>2026-09-23T12:13:33.000Z</time>
        <extensions>
          <ns3:TrackPointExtension>
            <ns3:atemp>29.0</ns3:atemp>
            <ns3:hr>109</ns3:hr>
          </ns3:TrackPointExtension>
        </extensions>
      </trkpt>
      <trkpt lat="24.4658206589519977569580078125" lon="118.15341272391378879547119140625">
        <ele>194.8000030517578125</ele>
        <time>2026-09-23T12:13:35.000Z</time>
        <extensions>
          <ns3:TrackPointExtension>
            <ns3:atemp>29.0</ns3:atemp>
            <ns3:hr>110</ns3:hr>
          </ns3:TrackPointExtension>
        </extensions>
      </trkpt>
      <trkpt lat="24.4658206589519977569580078125" lon="118.15341272391378879547119140625">
        <ele>197.1999969482421875</ele>
        <time>2026-09-23T12:13:40.000Z</time>
        <extensions>
          <ns3:TrackPointExtension>
            <ns3:atemp>29.0</ns3:atemp>
            <ns3:hr>112</ns3:hr>
          </ns3:TrackPointExtension>
        </extensions>
      </trkpt>
      <trkpt lat="24.46581252850592136383056640625" lon="118.1534305773675441741943359375">
        <ele>197.399993896484375</ele>
        <time>2026-09-23T12:13:49.000Z</time>
        <extensions>
          <ns3:TrackPointExtension>
            <ns3:atemp>29.0</ns3:atemp>
            <ns3:hr>115</ns3:hr>
          </ns3:TrackPointExtension>
        </extensions>
      </trkpt>
      <trkpt lat="24.46579643525183200836181640625" lon="118.15343636088073253631591796875">
        <ele>197.600006103515625</ele>
        <time>2026-09-23T12:14:04.000Z</time>
        <extensions>
          <ns3:TrackPointExtension>
            <ns3:atemp>29.0</ns3:atemp>
            <ns3:hr>112</ns3:hr>
          </ns3:TrackPointExtension>
        </extensions>
      </trkpt>
      <trkpt lat="24.46579568088054656982421875" lon="118.15343602560460567474365234375">
        <ele>197.600006103515625</ele>
        <time>2026-09-23T12:14:09.000Z</time>
        <extensions>
          <ns3:TrackPointExtension>
            <ns3:atemp>29.0</ns3:atemp>
            <ns3:hr>109</ns3:hr>
          </ns3:TrackPointExtension>
        </extensions>
      </trkpt>
      <trkpt lat="24.46579677052795886993408203125" lon="118.15343367867171764373779296875">
        <ele>197.600006103515625</ele>
        <time>2026-09-23T12:14:28.000Z</time>
        <extensions>
          <ns3:TrackPointExtension>
            <ns3:atemp>29.0</ns3:atemp>
            <ns3:hr>112</ns3:hr>
          </ns3:TrackPointExtension>
        </extensions>
      </trkpt>
      <trkpt lat="24.46579702198505401611328125" lon="118.15343351103365421295166015625">
        <ele>197.600006103515625</ele>
        <time>2026-09-23T12:14:31.000Z</time>
        <extensions>
          <ns3:TrackPointExtension>
            <ns3:atemp>29.0</ns3:atemp>
            <ns3:hr>109</ns3:hr>
          </ns3:TrackPointExtension>
        </extensions>
      </trkpt>
      <trkpt lat="24.46579727344214916229248046875" lon="118.15343342721462249755859375">
        <ele>197.600006103515625</ele>
        <time>2026-09-23T12:14:35.000Z</time>
        <extensions>
          <ns3:TrackPointExtension>
            <ns3:atemp>29.0</ns3:atemp>
            <ns3:hr>106</ns3:hr>
          </ns3:TrackPointExtension>
        </extensions>
      </trkpt>
      <trkpt lat="24.46580045856535434722900390625" lon="118.15343317575752735137939453125">
        <ele>198</ele>
        <time>2026-09-23T12:14:51.000Z</time>
        <extensions>
          <ns3:TrackPointExtension>
            <ns3:atemp>29.0</ns3:atemp>
            <ns3:hr>109</ns3:hr>
          </ns3:TrackPointExtension>
        </extensions>
      </trkpt>
      <trkpt lat="24.46580045856535434722900390625" lon="118.15343317575752735137939453125">
        <ele>198</ele>
        <time>2026-09-23T12:14:53.000Z</time>
        <extensions>
          <ns3:TrackPointExtension>
            <ns3:atemp>29.0</ns3:atemp>
            <ns3:hr>109</ns3:hr>
          </ns3:TrackPointExtension>
        </extensions>
      </trkpt>
      <trkpt lat="24.46579702198505401611328125" lon="118.1534761749207973480224609375">
        <ele>196.1999969482421875</ele>
        <time>2026-09-23T12:15:54.000Z</time>
        <extensions>
          <ns3:TrackPointExtension>
            <ns3:atemp>29.0</ns3:atemp>
            <ns3:hr>112</ns3:hr>
          </ns3:TrackPointExtension>
        </extensions>
      </trkpt>
      <trkpt lat="24.4657968543469905853271484375" lon="118.15347676165401935577392578125">
        <ele>196</ele>
        <time>2026-09-23T12:15:55.000Z</time>
        <extensions>
          <ns3:TrackPointExtension>
            <ns3:atemp>29.0</ns3:atemp>
            <ns3:hr>112</ns3:hr>
          </ns3:TrackPointExtension>
        </extensions>
      </trkpt>
      <trkpt lat="24.465789981186389923095703125" lon="118.15348866395652294158935546875">
        <ele>194.8000030517578125</ele>
        <time>2026-09-23T12:16:00.000Z</time>
        <extensions>
          <ns3:TrackPointExtension>
            <ns3:atemp>29.0</ns3:atemp>
            <ns3:hr>112</ns3:hr>
          </ns3:TrackPointExtension>
        </extensions>
      </trkpt>
      <trkpt lat="24.4657762348651885986328125" lon="118.15350182354450225830078125">
        <ele>193.8000030517578125</ele>
        <time>2026-09-23T12:16:10.000Z</time>
        <extensions>
          <ns3:TrackPointExtension>
            <ns3:atemp>29.0</ns3:atemp>
            <ns3:hr>112</ns3:hr>
          </ns3:TrackPointExtension>
        </extensions>
      </trkpt>
      <trkpt lat="24.4657643325626850128173828125" lon="118.15350710414350032806396484375">
        <ele>193</ele>
        <time>2026-09-23T12:16:17.000Z</time>
        <extensions>
          <ns3:TrackPointExtension>
            <ns3:atemp>29.0</ns3:atemp>
            <ns3:hr>111</ns3:hr>
          </ns3:TrackPointExtension>
        </extensions>
      </trkpt>
      <trkpt lat="24.46574731729924678802490234375" lon="118.153509199619293212890625">
        <ele>192.600006103515625</ele>
        <time>2026-09-23T12:16:28.000Z</time>
        <extensions>
          <ns3:TrackPointExtension>
            <ns3:atemp>29.0</ns3:atemp>
            <ns3:hr>111</ns3:hr>
          </ns3:TrackPointExtension>
        </extensions>
      </trkpt>
      <trkpt lat="24.4657381810247898101806640625" lon="118.15350945107638835906982421875">
        <ele>191.399993896484375</ele>
        <time>2026-09-23T12:16:36.000Z</time>
        <extensions>
          <ns3:TrackPointExtension>
            <ns3:atemp>29.0</ns3:atemp>
            <ns3:hr>112</ns3:hr>
          </ns3:TrackPointExtension>
        </extensions>
      </trkpt>
      <trkpt lat="24.465732984244823455810546875" lon="118.15350961871445178985595703125">
        <ele>191</ele>
        <time>2026-09-23T12:16:47.000Z</time>
        <extensions>
          <ns3:TrackPointExtension>
            <ns3:atemp>29.0</ns3:atemp>
            <ns3:hr>109</ns3:hr>
          </ns3:TrackPointExtension>
        </extensions>
      </trkpt>
      <trkpt lat="24.4657314755022525787353515625" lon="118.15351028926670551300048828125">
        <ele>190.1999969482421875</ele>
        <time>2026-09-23T12:16:58.000Z</time>
        <extensions>
          <ns3:TrackPointExtension>
            <ns3:atemp>29.0</ns3:atemp>
            <ns3:hr>109</ns3:hr>
          </ns3:TrackPointExtension>
        </extensions>
      </trkpt>
      <trkpt lat="24.465730302035808563232421875" lon="118.15351095981895923614501953125">
        <ele>189.1999969482421875</ele>
        <time>2026-09-23T12:17:06.000Z</time>
        <extensions>
          <ns3:TrackPointExtension>
            <ns3:atemp>29.0</ns3:atemp>
            <ns3:hr>105</ns3:hr>
          </ns3:TrackPointExtension>
        </extensions>
      </trkpt>
      <trkpt lat="24.4657279551029205322265625" lon="118.153511546552181243896484375">
        <ele>189</ele>
        <time>2026-09-23T12:17:23.000Z</time>
        <extensions>
          <ns3:TrackPointExtension>
            <ns3:atemp>29.0</ns3:atemp>
            <ns3:hr>105</ns3:hr>
          </ns3:TrackPointExtension>
        </extensions>
      </trkpt>
      <trkpt lat="24.46572669781744480133056640625" lon="118.15351280383765697479248046875">
        <ele>188</ele>
        <time>2026-09-23T12:17:31.000Z</time>
        <extensions>
          <ns3:TrackPointExtension>
            <ns3:atemp>29.0</ns3:atemp>
            <ns3:hr>107</ns3:hr>
          </ns3:TrackPointExtension>
        </extensions>
      </trkpt>
      <trkpt lat="24.4657225906848907470703125" lon="118.153514564037322998046875">
        <ele>191.8000030517578125</ele>
        <time>2026-09-23T12:17:51.000Z</time>
        <extensions>
          <ns3:TrackPointExtension>
            <ns3:atemp>29.0</ns3:atemp>
            <ns3:hr>106</ns3:hr>
          </ns3:TrackPointExtension>
        </extensions>
      </trkpt>
      <trkpt lat="24.4657214172184467315673828125" lon="118.15351498313248157501220703125">
        <ele>190.399993896484375</ele>
        <time>2026-09-23T12:17:56.000Z</time>
        <extensions>
          <ns3:TrackPointExtension>
            <ns3:atemp>29.0</ns3:atemp>
            <ns3:hr>106</ns3:hr>
          </ns3:TrackPointExtension>
        </extensions>
      </trkpt>
      <trkpt lat="24.46571982465684413909912109375" lon="118.153515569865703582763671875">
        <ele>189</ele>
        <time>2026-09-23T12:18:04.000Z</time>
        <extensions>
          <ns3:TrackPointExtension>
            <ns3:atemp>29.0</ns3:atemp>
            <ns3:hr>104</ns3:hr>
          </ns3:TrackPointExtension>
        </extensions>
      </trkpt>
      <trkpt lat="24.46571965701878070831298828125" lon="118.153515569865703582763671875">
        <ele>187.399993896484375</ele>
        <time>2026-09-23T12:18:05.000Z</time>
        <extensions>
          <ns3:TrackPointExtension>
            <ns3:atemp>29.0</ns3:atemp>
            <ns3:hr>104</ns3:hr>
          </ns3:TrackPointExtension>
        </extensions>
      </trkpt>
      <trkpt lat="24.46571747772395610809326171875" lon="118.1535170786082744598388671875">
        <ele>186.399993896484375</ele>
        <time>2026-09-23T12:18:18.000Z</time>
        <extensions>
          <ns3:TrackPointExtension>
            <ns3:atemp>29.0</ns3:atemp>
            <ns3:hr>106</ns3:hr>
          </ns3:TrackPointExtension>
        </extensions>
      </trkpt>
      <trkpt lat="24.46571613661944866180419921875" lon="118.15351816825568675994873046875">
        <ele>185.1999969482421875</ele>
        <time>2026-09-23T12:18:27.000Z</time>
        <extensions>
          <ns3:TrackPointExtension>
            <ns3:atemp>29.0</ns3:atemp>
            <ns3:hr>109</ns3:hr>
          </ns3:TrackPointExtension>
        </extensions>
      </trkpt>
      <trkpt lat="24.46571580134332180023193359375" lon="118.153518252074718475341796875">
        <ele>183.1999969482421875</ele>
        <time>2026-09-23T12:18:29.000Z</time>
        <extensions>
          <ns3:TrackPointExtension>
            <ns3:atemp>29.0</ns3:atemp>
            <ns3:hr>109</ns3:hr>
          </ns3:TrackPointExtension>
        </extensions>
      </trkpt>
      <trkpt lat="24.46571412496268749237060546875" lon="118.1535197608172893524169921875">
        <ele>184.1999969482421875</ele>
        <time>2026-09-23T12:18:38.000Z</time>
        <extensions>
          <ns3:TrackPointExtension>
            <ns3:atemp>29.0</ns3:atemp>
            <ns3:hr>106</ns3:hr>
          </ns3:TrackPointExtension>
        </extensions>
      </trkpt>
      <trkpt lat="24.46571395732462406158447265625" lon="118.153519928455352783203125">
        <ele>185.399993896484375</ele>
        <time>2026-09-23T12:18:39.000Z</time>
        <extensions>
          <ns3:TrackPointExtension>
            <ns3:atemp>29.0</ns3:atemp>
            <ns3:hr>106</ns3:hr>
          </ns3:TrackPointExtension>
        </extensions>
      </trkpt>
      <trkpt lat="24.4657137058675289154052734375" lon="118.15352001227438449859619140625">
        <ele>186.399993896484375</ele>
        <time>2026-09-23T12:18:40.000Z</time>
        <extensions>
          <ns3:TrackPointExtension>
            <ns3:atemp>29.0</ns3:atemp>
            <ns3:hr>106</ns3:hr>
          </ns3:TrackPointExtension>
        </extensions>
      </trkpt>
      <trkpt lat="24.4657120294868946075439453125" lon="118.1535214371979236602783203125">
        <ele>186.1999969482421875</ele>
        <time>2026-09-23T12:18:48.000Z</time>
        <extensions>
          <ns3:TrackPointExtension>
            <ns3:atemp>29.0</ns3:atemp>
            <ns3:hr>103</ns3:hr>
          </ns3:TrackPointExtension>
        </extensions>
      </trkpt>
      <trkpt lat="24.46571161039173603057861328125" lon="118.1535217724740505218505859375">
        <ele>185</ele>
        <time>2026-09-23T12:18:50.000Z</time>
        <extensions>
          <ns3:TrackPointExtension>
            <ns3:atemp>29.0</ns3:atemp>
            <ns3:hr>105</ns3:hr>
          </ns3:TrackPointExtension>
        </extensions>
      </trkpt>
      <trkpt lat="24.46571060456335544586181640625" lon="118.153522275388240814208984375">
        <ele>183.8000030517578125</ele>
        <time>2026-09-23T12:18:54.000Z</time>
        <extensions>
          <ns3:TrackPointExtension>
            <ns3:atemp>29.0</ns3:atemp>
            <ns3:hr>106</ns3:hr>
          </ns3:TrackPointExtension>
        </extensions>
      </trkpt>
      <trkpt lat="24.4657103531062602996826171875" lon="118.1535224430263042449951171875">
        <ele>181.600006103515625</ele>
        <time>2026-09-23T12:18:55.000Z</time>
        <extensions>
          <ns3:TrackPointExtension>
            <ns3:atemp>29.0</ns3:atemp>
            <ns3:hr>107</ns3:hr>
          </ns3:TrackPointExtension>
        </extensions>
      </trkpt>
      <trkpt lat="24.465708844363689422607421875" lon="118.1535231135785579681396484375">
        <ele>182.8000030517578125</ele>
        <time>2026-09-23T12:19:00.000Z</time>
        <extensions>
          <ns3:TrackPointExtension>
            <ns3:atemp>29.0</ns3:atemp>
            <ns3:hr>107</ns3:hr>
          </ns3:TrackPointExtension>
        </extensions>
      </trkpt>
      <trkpt lat="24.46570758707821369171142578125" lon="118.1535237841308116912841796875">
        <ele>180.600006103515625</ele>
        <time>2026-09-23T12:19:05.000Z</time>
        <extensions>
          <ns3:TrackPointExtension>
            <ns3:atemp>29.0</ns3:atemp>
            <ns3:hr>108</ns3:hr>
          </ns3:TrackPointExtension>
        </extensions>
      </trkpt>
      <trkpt lat="24.46570641361176967620849609375" lon="118.15352437086403369903564453125">
        <ele>182.1999969482421875</ele>
        <time>2026-09-23T12:19:09.000Z</time>
        <extensions>
          <ns3:TrackPointExtension>
            <ns3:atemp>29.0</ns3:atemp>
            <ns3:hr>108</ns3:hr>
          </ns3:TrackPointExtension>
        </extensions>
      </trkpt>
      <trkpt lat="24.46570121683180332183837890625" lon="118.15352730453014373779296875">
        <ele>183.600006103515625</ele>
        <time>2026-09-23T12:19:27.000Z</time>
        <extensions>
          <ns3:TrackPointExtension>
            <ns3:atemp>29.0</ns3:atemp>
            <ns3:hr>110</ns3:hr>
          </ns3:TrackPointExtension>
        </extensions>
      </trkpt>
      <trkpt lat="24.46569736115634441375732421875" lon="118.1535294838249683380126953125">
        <ele>187</ele>
        <time>2026-09-23T12:19:40.000Z</time>
        <extensions>
          <ns3:TrackPointExtension>
            <ns3:atemp>29.0</ns3:atemp>
            <ns3:hr>109</ns3:hr>
          </ns3:TrackPointExtension>
        </extensions>
      </trkpt>
      <trkpt lat="24.46569602005183696746826171875" lon="118.15353023819625377655029296875">
        <ele>185.600006103515625</ele>
        <time>2026-09-23T12:19:44.000Z</time>
        <extensions>
          <ns3:TrackPointExtension>
            <ns3:atemp>29.0</ns3:atemp>
            <ns3:hr>108</ns3:hr>
          </ns3:TrackPointExtension>
        </extensions>
      </trkpt>
      <trkpt lat="24.46569534949958324432373046875" lon="118.153530657291412353515625">
        <ele>179.399993896484375</ele>
        <time>2026-09-23T12:19:46.000Z</time>
        <extensions>
          <ns3:TrackPointExtension>
            <ns3:atemp>29.0</ns3:atemp>
            <ns3:hr>108</ns3:hr>
          </ns3:TrackPointExtension>
        </extensions>
      </trkpt>
      <trkpt lat="24.46569384075701236724853515625" lon="118.15353157930076122283935546875">
        <ele>181.1999969482421875</ele>
        <time>2026-09-23T12:19:50.000Z</time>
        <extensions>
          <ns3:TrackPointExtension>
            <ns3:atemp>29.0</ns3:atemp>
            <ns3:hr>107</ns3:hr>
          </ns3:TrackPointExtension>
        </extensions>
      </trkpt>
      <trkpt lat="24.46568964980542659759521484375" lon="118.15353426150977611541748046875">
        <ele>181.8000030517578125</ele>
        <time>2026-09-23T12:20:02.000Z</time>
        <extensions>
          <ns3:TrackPointExtension>
            <ns3:atemp>29.0</ns3:atemp>
            <ns3:hr>110</ns3:hr>
          </ns3:TrackPointExtension>
        </extensions>
      </trkpt>
      <trkpt lat="24.46568814106285572052001953125" lon="118.15353526733815670013427734375">
        <ele>180</ele>
        <time>2026-09-23T12:20:06.000Z</time>
        <extensions>
          <ns3:TrackPointExtension>
            <ns3:atemp>29.0</ns3:atemp>
            <ns3:hr>111</ns3:hr>
          </ns3:TrackPointExtension>
        </extensions>
      </trkpt>
      <trkpt lat="24.46568663232028484344482421875" lon="118.1535361893475055694580078125">
        <ele>181</ele>
        <time>2026-09-23T12:20:10.000Z</time>
        <extensions>
          <ns3:TrackPointExtension>
            <ns3:atemp>29.0</ns3:atemp>
            <ns3:hr>113</ns3:hr>
          </ns3:TrackPointExtension>
        </extensions>
      </trkpt>
      <trkpt lat="24.46568378247320652008056640625" lon="118.15353761427104473114013671875">
        <ele>181.600006103515625</ele>
        <time>2026-09-23T12:20:18.000Z</time>
        <extensions>
          <ns3:TrackPointExtension>
            <ns3:atemp>29.0</ns3:atemp>
            <ns3:hr>116</ns3:hr>
          </ns3:TrackPointExtension>
        </extensions>
      </trkpt>
      <trkpt lat="24.46568227373063564300537109375" lon="118.15353845246136188507080078125">
        <ele>182.1999969482421875</ele>
        <time>2026-09-23T12:20:22.000Z</time>
        <extensions>
          <ns3:TrackPointExtension>
            <ns3:atemp>29.0</ns3:atemp>
            <ns3:hr>114</ns3:hr>
          </ns3:TrackPointExtension>
        </extensions>
      </trkpt>
      <trkpt lat="24.46567858569324016571044921875" lon="118.153540380299091339111328125">
        <ele>182.1999969482421875</ele>
        <time>2026-09-23T12:20:31.000Z</time>
        <extensions>
          <ns3:TrackPointExtension>
            <ns3:atemp>29.0</ns3:atemp>
            <ns3:hr>111</ns3:hr>
          </ns3:TrackPointExtension>
        </extensions>
      </trkpt>
      <trkpt lat="24.465675316751003265380859375" lon="118.15354205667972564697265625">
        <ele>182.1999969482421875</ele>
        <time>2026-09-23T12:20:39.000Z</time>
        <extensions>
          <ns3:TrackPointExtension>
            <ns3:atemp>29.0</ns3:atemp>
            <ns3:hr>108</ns3:hr>
          </ns3:TrackPointExtension>
        </extensions>
      </trkpt>
      <trkpt lat="24.46567095816135406494140625" lon="118.1535442359745502471923828125">
        <ele>179.8000030517578125</ele>
        <time>2026-09-23T12:20:50.000Z</time>
        <extensions>
          <ns3:TrackPointExtension>
            <ns3:atemp>29.0</ns3:atemp>
            <ns3:hr>105</ns3:hr>
          </ns3:TrackPointExtension>
        </extensions>
      </trkpt>
      <trkpt lat="24.465670622885227203369140625" lon="118.15354448743164539337158203125">
        <ele>175.1999969482421875</ele>
        <time>2026-09-23T12:20:51.000Z</time>
        <extensions>
          <ns3:TrackPointExtension>
            <ns3:atemp>29.0</ns3:atemp>
            <ns3:hr>106</ns3:hr>
          </ns3:TrackPointExtension>
        </extensions>
      </trkpt>
      <trkpt lat="24.465670287609100341796875" lon="118.15354473888874053955078125">
        <ele>168.1999969482421875</ele>
        <time>2026-09-23T12:20:52.000Z</time>
        <extensions>
          <ns3:TrackPointExtension>
            <ns3:atemp>29.0</ns3:atemp>
            <ns3:hr>104</ns3:hr>
          </ns3:TrackPointExtension>
        </extensions>
      </trkpt>
      <trkpt lat="24.46566919796168804168701171875" lon="118.1535452418029308319091796875">
        <ele>169.8000030517578125</ele>
        <time>2026-09-23T12:20:55.000Z</time>
        <extensions>
          <ns3:TrackPointExtension>
            <ns3:atemp>29.0</ns3:atemp>
            <ns3:hr>105</ns3:hr>
          </ns3:TrackPointExtension>
        </extensions>
      </trkpt>
      <trkpt lat="24.46566886268556118011474609375" lon="118.1535454094409942626953125">
        <ele>176.399993896484375</ele>
        <time>2026-09-23T12:20:56.000Z</time>
        <extensions>
          <ns3:TrackPointExtension>
            <ns3:atemp>29.0</ns3:atemp>
            <ns3:hr>105</ns3:hr>
          </ns3:TrackPointExtension>
        </extensions>
      </trkpt>
      <trkpt lat="24.46566852740943431854248046875" lon="118.15354566089808940887451171875">
        <ele>180.399993896484375</ele>
        <time>2026-09-23T12:20:57.000Z</time>
        <extensions>
          <ns3:TrackPointExtension>
            <ns3:atemp>29.0</ns3:atemp>
            <ns3:hr>104</ns3:hr>
          </ns3:TrackPointExtension>
        </extensions>
      </trkpt>
      <trkpt lat="24.46566693484783172607421875" lon="118.15354649908840656280517578125">
        <ele>181.600006103515625</ele>
        <time>2026-09-23T12:21:01.000Z</time>
        <extensions>
          <ns3:TrackPointExtension>
            <ns3:atemp>29.0</ns3:atemp>
            <ns3:hr>104</ns3:hr>
          </ns3:TrackPointExtension>
        </extensions>
      </trkpt>
      <trkpt lat="24.465659558773040771484375" lon="118.153551109135150909423828125">
        <ele>182.1999969482421875</ele>
        <time>2026-09-23T12:21:19.000Z</time>
        <extensions>
          <ns3:TrackPointExtension>
            <ns3:atemp>29.0</ns3:atemp>
            <ns3:hr>100</ns3:hr>
          </ns3:TrackPointExtension>
        </extensions>
      </trkpt>
      <trkpt lat="24.46565913967788219451904296875" lon="118.15355136059224605560302734375">
        <ele>182.399993896484375</ele>
        <time>2026-09-23T12:21:20.000Z</time>
        <extensions>
          <ns3:TrackPointExtension>
            <ns3:atemp>29.0</ns3:atemp>
            <ns3:hr>103</ns3:hr>
          </ns3:TrackPointExtension>
        </extensions>
      </trkpt>
      <trkpt lat="24.46565696038305759429931640625" lon="118.15355278551578521728515625">
        <ele>182.399993896484375</ele>
        <time>2026-09-23T12:21:25.000Z</time>
        <extensions>
          <ns3:TrackPointExtension>
            <ns3:atemp>29.0</ns3:atemp>
            <ns3:hr>106</ns3:hr>
          </ns3:TrackPointExtension>
        </extensions>
      </trkpt>
      <trkpt lat="24.46546442806720733642578125" lon="118.15370189957320690155029296875">
        <ele>181.399993896484375</ele>
        <time>2026-09-23T12:21:38.000Z</time>
        <extensions>
          <ns3:TrackPointExtension>
            <ns3:atemp>29.0</ns3:atemp>
            <ns3:hr>108</ns3:hr>
          </ns3:TrackPointExtension>
        </extensions>
      </trkpt>
      <trkpt lat="24.46533492766320705413818359375" lon="118.153806589543819427490234375">
        <ele>180.399993896484375</ele>
        <time>2026-09-23T12:21:42.000Z</time>
        <extensions>
          <ns3:TrackPointExtension>
            <ns3:atemp>29.0</ns3:atemp>
            <ns3:hr>106</ns3:hr>
          </ns3:TrackPointExtension>
        </extensions>
      </trkpt>
      <trkpt lat="24.4653029926121234893798828125" lon="118.153836093842983245849609375">
        <ele>180.1999969482421875</ele>
        <time>2026-09-23T12:21:45.000Z</time>
        <extensions>
          <ns3:TrackPointExtension>
            <ns3:atemp>29.0</ns3:atemp>
            <ns3:hr>108</ns3:hr>
          </ns3:TrackPointExtension>
        </extensions>
      </trkpt>
      <trkpt lat="24.4653014838695526123046875" lon="118.1538352556526660919189453125">
        <ele>179.600006103515625</ele>
        <time>2026-09-23T12:21:58.000Z</time>
        <extensions>
          <ns3:TrackPointExtension>
            <ns3:atemp>29.0</ns3:atemp>
            <ns3:hr>107</ns3:hr>
          </ns3:TrackPointExtension>
        </extensions>
      </trkpt>
      <trkpt lat="24.4653014838695526123046875" lon="118.1538352556526660919189453125">
        <ele>179.1999969482421875</ele>
        <time>2026-09-23T12:22:00.000Z</time>
        <extensions>
          <ns3:TrackPointExtension>
            <ns3:atemp>29.0</ns3:atemp>
            <ns3:hr>106</ns3:hr>
          </ns3:TrackPointExtension>
        </extensions>
      </trkpt>
      <trkpt lat="24.4653014838695526123046875" lon="118.153840117156505584716796875">
        <ele>177.399993896484375</ele>
        <time>2026-09-23T12:22:06.000Z</time>
        <extensions>
          <ns3:TrackPointExtension>
            <ns3:atemp>29.0</ns3:atemp>
            <ns3:hr>106</ns3:hr>
          </ns3:TrackPointExtension>
        </extensions>
      </trkpt>
      <trkpt lat="24.46530743502080440521240234375" lon="118.153866939246654510498046875">
        <ele>177.1999969482421875</ele>
        <time>2026-09-23T12:22:16.000Z</time>
        <extensions>
          <ns3:TrackPointExtension>
            <ns3:atemp>29.0</ns3:atemp>
            <ns3:hr>107</ns3:hr>
          </ns3:TrackPointExtension>
        </extensions>
      </trkpt>
      <trkpt lat="24.4653063453733921051025390625" lon="118.1538808532059192657470703125">
        <ele>178</ele>
        <time>2026-09-23T12:22:21.000Z</time>
        <extensions>
          <ns3:TrackPointExtension>
            <ns3:atemp>29.0</ns3:atemp>
            <ns3:hr>108</ns3:hr>
          </ns3:TrackPointExtension>
        </extensions>
      </trkpt>
      <trkpt lat="24.46529570035636425018310546875" lon="118.15389602445065975189208984375">
        <ele>177</ele>
        <time>2026-09-23T12:22:28.000Z</time>
        <extensions>
          <ns3:TrackPointExtension>
            <ns3:atemp>29.0</ns3:atemp>
            <ns3:hr>107</ns3:hr>
          </ns3:TrackPointExtension>
        </extensions>
      </trkpt>
      <trkpt lat="24.46529570035636425018310546875" lon="118.15389602445065975189208984375">
        <ele>175.600006103515625</ele>
        <time>2026-09-23T12:22:35.000Z</time>
        <extensions>
          <ns3:TrackPointExtension>
            <ns3:atemp>29.0</ns3:atemp>
            <ns3:hr>106</ns3:hr>
          </ns3:TrackPointExtension>
        </extensions>
      </trkpt>
      <trkpt lat="24.46529570035636425018310546875" lon="118.15389602445065975189208984375">
        <ele>174.399993896484375</ele>
        <time>2026-09-23T12:22:38.000Z</time>
        <extensions>
          <ns3:TrackPointExtension>
            <ns3:atemp>29.0</ns3:atemp>
            <ns3:hr>105</ns3:hr>
          </ns3:TrackPointExtension>
        </extensions>
      </trkpt>
      <trkpt lat="24.46529570035636425018310546875" lon="118.15389602445065975189208984375">
        <ele>173</ele>
        <time>2026-09-23T12:22:41.000Z</time>
        <extensions>
          <ns3:TrackPointExtension>
            <ns3:atemp>29.0</ns3:atemp>
            <ns3:hr>105</ns3:hr>
          </ns3:TrackPointExtension>
        </extensions>
      </trkpt>
      <trkpt lat="24.4652892462909221649169921875" lon="118.15389602445065975189208984375">
        <ele>171</ele>
        <time>2026-09-23T12:22:46.000Z</time>
        <extensions>
          <ns3:TrackPointExtension>
            <ns3:atemp>29.0</ns3:atemp>
            <ns3:hr>105</ns3:hr>
          </ns3:TrackPointExtension>
        </extensions>
      </trkpt>
      <trkpt lat="24.465285725891590118408203125" lon="118.15390910021960735321044921875">
        <ele>172.1999969482421875</ele>
        <time>2026-09-23T12:22:48.000Z</time>
        <extensions>
          <ns3:TrackPointExtension>
            <ns3:atemp>29.0</ns3:atemp>
            <ns3:hr>104</ns3:hr>
          </ns3:TrackPointExtension>
        </extensions>
      </trkpt>
      <trkpt lat="24.4652838818728923797607421875" lon="118.1539167277514934539794921875">
        <ele>173.399993896484375</ele>
        <time>2026-09-23T12:22:49.000Z</time>
        <extensions>
          <ns3:TrackPointExtension>
            <ns3:atemp>29.0</ns3:atemp>
            <ns3:hr>104</ns3:hr>
          </ns3:TrackPointExtension>
        </extensions>
      </trkpt>
      <trkpt lat="24.46528396569192409515380859375" lon="118.1539190746843814849853515625">
        <ele>173.600006103515625</ele>
        <time>2026-09-23T12:22:50.000Z</time>
        <extensions>
          <ns3:TrackPointExtension>
            <ns3:atemp>29.0</ns3:atemp>
            <ns3:hr>104</ns3:hr>
          </ns3:TrackPointExtension>
        </extensions>
      </trkpt>
      <trkpt lat="24.4652801938354969024658203125" lon="118.15393634140491485595703125">
        <ele>171.600006103515625</ele>
        <time>2026-09-23T12:22:52.000Z</time>
        <extensions>
          <ns3:TrackPointExtension>
            <ns3:atemp>29.0</ns3:atemp>
            <ns3:hr>105</ns3:hr>
          </ns3:TrackPointExtension>
        </extensions>
      </trkpt>
      <trkpt lat="24.46527424268424510955810546875" lon="118.15394765697419643402099609375">
        <ele>173</ele>
        <time>2026-09-23T12:22:54.000Z</time>
        <extensions>
          <ns3:TrackPointExtension>
            <ns3:atemp>29.0</ns3:atemp>
            <ns3:hr>105</ns3:hr>
          </ns3:TrackPointExtension>
        </extensions>
      </trkpt>
      <trkpt lat="24.4652652740478515625" lon="118.15396182239055633544921875">
        <ele>173.1999969482421875</ele>
        <time>2026-09-23T12:22:56.000Z</time>
        <extensions>
          <ns3:TrackPointExtension>
            <ns3:atemp>29.0</ns3:atemp>
            <ns3:hr>105</ns3:hr>
          </ns3:TrackPointExtension>
        </extensions>
      </trkpt>
      <trkpt lat="24.46526234038174152374267578125" lon="118.153959475457668304443359375">
        <ele>172.8000030517578125</ele>
        <time>2026-09-23T12:23:07.000Z</time>
        <extensions>
          <ns3:TrackPointExtension>
            <ns3:atemp>29.0</ns3:atemp>
            <ns3:hr>107</ns3:hr>
          </ns3:TrackPointExtension>
        </extensions>
      </trkpt>
      <trkpt lat="24.46526234038174152374267578125" lon="118.153959475457668304443359375">
        <ele>171.399993896484375</ele>
        <time>2026-09-23T12:23:09.000Z</time>
        <extensions>
          <ns3:TrackPointExtension>
            <ns3:atemp>29.0</ns3:atemp>
            <ns3:hr>108</ns3:hr>
          </ns3:TrackPointExtension>
        </extensions>
      </trkpt>
      <trkpt lat="24.46526234038174152374267578125" lon="118.153959475457668304443359375">
        <ele>170.399993896484375</ele>
        <time>2026-09-23T12:23:10.000Z</time>
        <extensions>
          <ns3:TrackPointExtension>
            <ns3:atemp>29.0</ns3:atemp>
            <ns3:hr>108</ns3:hr>
          </ns3:TrackPointExtension>
        </extensions>
      </trkpt>
      <trkpt lat="24.46526234038174152374267578125" lon="118.153959475457668304443359375">
        <ele>169</ele>
        <time>2026-09-23T12:23:11.000Z</time>
        <extensions>
          <ns3:TrackPointExtension>
            <ns3:atemp>29.0</ns3:atemp>
            <ns3:hr>109</ns3:hr>
          </ns3:TrackPointExtension>
        </extensions>
      </trkpt>
      <trkpt lat="24.46525278501212596893310546875" lon="118.15396073274314403533935546875">
        <ele>170.8000030517578125</ele>
        <time>2026-09-23T12:23:16.000Z</time>
        <extensions>
          <ns3:TrackPointExtension>
            <ns3:atemp>29.0</ns3:atemp>
            <ns3:hr>110</ns3:hr>
          </ns3:TrackPointExtension>
        </extensions>
      </trkpt>
      <trkpt lat="24.4652466662228107452392578125" lon="118.1539638340473175048828125">
        <ele>171</ele>
        <time>2026-09-23T12:23:17.000Z</time>
        <extensions>
          <ns3:TrackPointExtension>
            <ns3:atemp>29.0</ns3:atemp>
            <ns3:hr>109</ns3:hr>
          </ns3:TrackPointExtension>
        </extensions>
      </trkpt>
      <trkpt lat="24.465228058397769927978515625" lon="118.1539804302155971527099609375">
        <ele>170.600006103515625</ele>
        <time>2026-09-23T12:23:22.000Z</time>
        <extensions>
          <ns3:TrackPointExtension>
            <ns3:atemp>29.0</ns3:atemp>
            <ns3:hr>112</ns3:hr>
          </ns3:TrackPointExtension>
        </extensions>
      </trkpt>
      <trkpt lat="24.465225040912628173828125" lon="118.15398193895816802978515625">
        <ele>170.600006103515625</ele>
        <time>2026-09-23T12:23:23.000Z</time>
        <extensions>
          <ns3:TrackPointExtension>
            <ns3:atemp>29.0</ns3:atemp>
            <ns3:hr>110</ns3:hr>
          </ns3:TrackPointExtension>
        </extensions>
      </trkpt>
      <trkpt lat="24.46522302925586700439453125" lon="118.15399040468037128448486328125">
        <ele>169.600006103515625</ele>
        <time>2026-09-23T12:23:28.000Z</time>
        <extensions>
          <ns3:TrackPointExtension>
            <ns3:atemp>29.0</ns3:atemp>
            <ns3:hr>111</ns3:hr>
          </ns3:TrackPointExtension>
        </extensions>
      </trkpt>
      <trkpt lat="24.4652299024164676666259765625" lon="118.15400314517319202423095703125">
        <ele>169.399993896484375</ele>
        <time>2026-09-23T12:23:31.000Z</time>
        <extensions>
          <ns3:TrackPointExtension>
            <ns3:atemp>29.0</ns3:atemp>
            <ns3:hr>110</ns3:hr>
          </ns3:TrackPointExtension>
        </extensions>
      </trkpt>
      <trkpt lat="24.46522646583616733551025390625" lon="118.1540085934102535247802734375">
        <ele>168.600006103515625</ele>
        <time>2026-09-23T12:23:36.000Z</time>
        <extensions>
          <ns3:TrackPointExtension>
            <ns3:atemp>29.0</ns3:atemp>
            <ns3:hr>109</ns3:hr>
          </ns3:TrackPointExtension>
        </extensions>
      </trkpt>
      <trkpt lat="24.46522646583616733551025390625" lon="118.1540085934102535247802734375">
        <ele>168.399993896484375</ele>
        <time>2026-09-23T12:23:43.000Z</time>
        <extensions>
          <ns3:TrackPointExtension>
            <ns3:atemp>29.0</ns3:atemp>
            <ns3:hr>106</ns3:hr>
          </ns3:TrackPointExtension>
        </extensions>
      </trkpt>
      <trkpt lat="24.46522646583616733551025390625" lon="118.1540085934102535247802734375">
        <ele>168.399993896484375</ele>
        <time>2026-09-23T12:23:44.000Z</time>
        <extensions>
          <ns3:TrackPointExtension>
            <ns3:atemp>29.0</ns3:atemp>
            <ns3:hr>107</ns3:hr>
          </ns3:TrackPointExtension>
        </extensions>
      </trkpt>
      <trkpt lat="24.46522646583616733551025390625" lon="118.15400800667703151702880859375">
        <ele>168.1999969482421875</ele>
        <time>2026-09-23T12:23:49.000Z</time>
        <extensions>
          <ns3:TrackPointExtension>
            <ns3:atemp>29.0</ns3:atemp>
            <ns3:hr>110</ns3:hr>
          </ns3:TrackPointExtension>
        </extensions>
      </trkpt>
      <trkpt lat="24.46522546000778675079345703125" lon="118.15400800667703151702880859375">
        <ele>168</ele>
        <time>2026-09-23T12:23:52.000Z</time>
        <extensions>
          <ns3:TrackPointExtension>
            <ns3:atemp>29.0</ns3:atemp>
            <ns3:hr>107</ns3:hr>
          </ns3:TrackPointExtension>
        </extensions>
      </trkpt>
      <trkpt lat="24.46522294543683528900146484375" lon="118.15400817431509494781494140625">
        <ele>167.8000030517578125</ele>
        <time>2026-09-23T12:24:00.000Z</time>
        <extensions>
          <ns3:TrackPointExtension>
            <ns3:atemp>29.0</ns3:atemp>
            <ns3:hr>104</ns3:hr>
          </ns3:TrackPointExtension>
        </extensions>
      </trkpt>
      <trkpt lat="24.46522261016070842742919921875" lon="118.15400901250541210174560546875">
        <ele>167.8000030517578125</ele>
        <time>2026-09-23T12:24:03.000Z</time>
        <extensions>
          <ns3:TrackPointExtension>
            <ns3:atemp>29.0</ns3:atemp>
            <ns3:hr>100</ns3:hr>
          </ns3:TrackPointExtension>
        </extensions>
      </trkpt>
      <trkpt lat="24.4652225263416767120361328125" lon="118.154009766876697540283203125">
        <ele>167.600006103515625</ele>
        <time>2026-09-23T12:24:05.000Z</time>
        <extensions>
          <ns3:TrackPointExtension>
            <ns3:atemp>29.0</ns3:atemp>
            <ns3:hr>98</ns3:hr>
          </ns3:TrackPointExtension>
        </extensions>
      </trkpt>
      <trkpt lat="24.4652225263416767120361328125" lon="118.1540216691792011260986328125">
        <ele>166.600006103515625</ele>
        <time>2026-09-23T12:24:09.000Z</time>
        <extensions>
          <ns3:TrackPointExtension>
            <ns3:atemp>29.0</ns3:atemp>
            <ns3:hr>96</ns3:hr>
          </ns3:TrackPointExtension>
        </extensions>
      </trkpt>
      <trkpt lat="24.46522235870361328125" lon="118.15402426756918430328369140625">
        <ele>166.399993896484375</ele>
        <time>2026-09-23T12:24:12.000Z</time>
        <extensions>
          <ns3:TrackPointExtension>
            <ns3:atemp>29.0</ns3:atemp>
            <ns3:hr>93</ns3:hr>
          </ns3:TrackPointExtension>
        </extensions>
      </trkpt>
      <trkpt lat="24.46522235870361328125" lon="118.154025189578533172607421875">
        <ele>166.1999969482421875</ele>
        <time>2026-09-23T12:24:14.000Z</time>
        <extensions>
          <ns3:TrackPointExtension>
            <ns3:atemp>29.0</ns3:atemp>
            <ns3:hr>96</ns3:hr>
          </ns3:TrackPointExtension>
        </extensions>
      </trkpt>
      <trkpt lat="24.46519754827022552490234375" lon="118.15404321067035198211669921875">
        <ele>165.8000030517578125</ele>
        <time>2026-09-23T12:24:18.000Z</time>
        <extensions>
          <ns3:TrackPointExtension>
            <ns3:atemp>29.0</ns3:atemp>
            <ns3:hr>96</ns3:hr>
          </ns3:TrackPointExtension>
        </extensions>
      </trkpt>
      <trkpt lat="24.46518824435770511627197265625" lon="118.154051341116428375244140625">
        <ele>165.600006103515625</ele>
        <time>2026-09-23T12:24:20.000Z</time>
        <extensions>
          <ns3:TrackPointExtension>
            <ns3:atemp>29.0</ns3:atemp>
            <ns3:hr>97</ns3:hr>
          </ns3:TrackPointExtension>
        </extensions>
      </trkpt>
      <trkpt lat="24.46516829542815685272216796875" lon="118.15409861505031585693359375">
        <ele>165</ele>
        <time>2026-09-23T12:24:25.000Z</time>
        <extensions>
          <ns3:TrackPointExtension>
            <ns3:atemp>29.0</ns3:atemp>
            <ns3:hr>97</ns3:hr>
          </ns3:TrackPointExtension>
        </extensions>
      </trkpt>
      <trkpt lat="24.465169720351696014404296875" lon="118.15410154871642589569091796875">
        <ele>164.600006103515625</ele>
        <time>2026-09-23T12:24:29.000Z</time>
        <extensions>
          <ns3:TrackPointExtension>
            <ns3:atemp>29.0</ns3:atemp>
            <ns3:hr>98</ns3:hr>
          </ns3:TrackPointExtension>
        </extensions>
      </trkpt>
      <trkpt lat="24.46516938507556915283203125" lon="118.15410087816417217254638671875">
        <ele>163.8000030517578125</ele>
        <time>2026-09-23T12:24:31.000Z</time>
        <extensions>
          <ns3:TrackPointExtension>
            <ns3:atemp>29.0</ns3:atemp>
            <ns3:hr>97</ns3:hr>
          </ns3:TrackPointExtension>
        </extensions>
      </trkpt>
      <trkpt lat="24.46516938507556915283203125" lon="118.15410087816417217254638671875">
        <ele>163</ele>
        <time>2026-09-23T12:24:33.000Z</time>
        <extensions>
          <ns3:TrackPointExtension>
            <ns3:atemp>29.0</ns3:atemp>
            <ns3:hr>96</ns3:hr>
          </ns3:TrackPointExtension>
        </extensions>
      </trkpt>
      <trkpt lat="24.46516846306622028350830078125" lon="118.15410573966801166534423828125">
        <ele>162.8000030517578125</ele>
        <time>2026-09-23T12:24:47.000Z</time>
        <extensions>
          <ns3:TrackPointExtension>
            <ns3:atemp>29.0</ns3:atemp>
            <ns3:hr>93</ns3:hr>
          </ns3:TrackPointExtension>
        </extensions>
      </trkpt>
      <trkpt lat="24.46516762487590312957763671875" lon="118.15411998890340328216552734375">
        <ele>162.1999969482421875</ele>
        <time>2026-09-23T12:24:55.000Z</time>
        <extensions>
          <ns3:TrackPointExtension>
            <ns3:atemp>29.0</ns3:atemp>
            <ns3:hr>96</ns3:hr>
          </ns3:TrackPointExtension>
        </extensions>
      </trkpt>
      <trkpt lat="24.4651675410568714141845703125" lon="118.15412049181759357452392578125">
        <ele>162</ele>
        <time>2026-09-23T12:24:56.000Z</time>
        <extensions>
          <ns3:TrackPointExtension>
            <ns3:atemp>29.0</ns3:atemp>
            <ns3:hr>97</ns3:hr>
          </ns3:TrackPointExtension>
        </extensions>
      </trkpt>
      <trkpt lat="24.4651655294001102447509765625" lon="118.15413759090006351470947265625">
        <ele>161</ele>
        <time>2026-09-23T12:25:03.000Z</time>
        <extensions>
          <ns3:TrackPointExtension>
            <ns3:atemp>29.0</ns3:atemp>
            <ns3:hr>99</ns3:hr>
          </ns3:TrackPointExtension>
        </extensions>
      </trkpt>
      <trkpt lat="24.46508849970996379852294921875" lon="118.154196180403232574462890625">
        <ele>160.399993896484375</ele>
        <time>2026-09-23T12:25:30.000Z</time>
        <extensions>
          <ns3:TrackPointExtension>
            <ns3:atemp>29.0</ns3:atemp>
            <ns3:hr>102</ns3:hr>
          </ns3:TrackPointExtension>
        </extensions>
      </trkpt>
      <trkpt lat="24.4650828838348388671875" lon="118.154201209545135498046875">
        <ele>161.1999969482421875</ele>
        <time>2026-09-23T12:25:35.000Z</time>
        <extensions>
          <ns3:TrackPointExtension>
            <ns3:atemp>29.0</ns3:atemp>
            <ns3:hr>99</ns3:hr>
          </ns3:TrackPointExtension>
        </extensions>
      </trkpt>
      <trkpt lat="24.46507056243717670440673828125" lon="118.1542097590863704681396484375">
        <ele>161.1999969482421875</ele>
        <time>2026-09-23T12:25:40.000Z</time>
        <extensions>
          <ns3:TrackPointExtension>
            <ns3:atemp>29.0</ns3:atemp>
            <ns3:hr>103</ns3:hr>
          </ns3:TrackPointExtension>
        </extensions>
      </trkpt>
      <trkpt lat="24.46505648083984851837158203125" lon="118.15422065556049346923828125">
        <ele>161</ele>
        <time>2026-09-23T12:25:42.000Z</time>
        <extensions>
          <ns3:TrackPointExtension>
            <ns3:atemp>29.0</ns3:atemp>
            <ns3:hr>107</ns3:hr>
          </ns3:TrackPointExtension>
        </extensions>
      </trkpt>
      <trkpt lat="24.465040974318981170654296875" lon="118.154224343597888946533203125">
        <ele>161</ele>
        <time>2026-09-23T12:25:44.000Z</time>
        <extensions>
          <ns3:TrackPointExtension>
            <ns3:atemp>29.0</ns3:atemp>
            <ns3:hr>110</ns3:hr>
          </ns3:TrackPointExtension>
        </extensions>
      </trkpt>
      <trkpt lat="24.46501088328659534454345703125" lon="118.15428310073912143707275390625">
        <ele>161.600006103515625</ele>
        <time>2026-09-23T12:25:50.000Z</time>
        <extensions>
          <ns3:TrackPointExtension>
            <ns3:atemp>29.0</ns3:atemp>
            <ns3:hr>111</ns3:hr>
          </ns3:TrackPointExtension>
        </extensions>
      </trkpt>
      <trkpt lat="24.465014822781085968017578125" lon="118.15431428141891956329345703125">
        <ele>160.399993896484375</ele>
        <time>2026-09-23T12:25:55.000Z</time>
        <extensions>
          <ns3:TrackPointExtension>
            <ns3:atemp>29.0</ns3:atemp>
            <ns3:hr>110</ns3:hr>
          </ns3:TrackPointExtension>
        </extensions>
      </trkpt>
      <trkpt lat="24.46500845253467559814453125" lon="118.1543339788913726806640625">
        <ele>160</ele>
        <time>2026-09-23T12:25:57.000Z</time>
        <extensions>
          <ns3:TrackPointExtension>
            <ns3:atemp>29.0</ns3:atemp>
            <ns3:hr>109</ns3:hr>
          </ns3:TrackPointExtension>
        </extensions>
      </trkpt>
      <trkpt lat="24.465005435049533843994140625" lon="118.1543525867164134979248046875">
        <ele>159.600006103515625</ele>
        <time>2026-09-23T12:26:01.000Z</time>
        <extensions>
          <ns3:TrackPointExtension>
            <ns3:atemp>29.0</ns3:atemp>
            <ns3:hr>109</ns3:hr>
          </ns3:TrackPointExtension>
        </extensions>
      </trkpt>
      <trkpt lat="24.4649992324411869049072265625" lon="118.1543834321200847625732421875">
        <ele>158.8000030517578125</ele>
        <time>2026-09-23T12:26:04.000Z</time>
        <extensions>
          <ns3:TrackPointExtension>
            <ns3:atemp>29.0</ns3:atemp>
            <ns3:hr>109</ns3:hr>
          </ns3:TrackPointExtension>
        </extensions>
      </trkpt>
      <trkpt lat="24.46498909033834934234619140625" lon="118.15439424477517604827880859375">
        <ele>158.1999969482421875</ele>
        <time>2026-09-23T12:26:06.000Z</time>
        <extensions>
          <ns3:TrackPointExtension>
            <ns3:atemp>29.0</ns3:atemp>
            <ns3:hr>110</ns3:hr>
          </ns3:TrackPointExtension>
        </extensions>
      </trkpt>
      <trkpt lat="24.46498808450996875762939453125" lon="118.15439701080322265625">
        <ele>157.8000030517578125</ele>
        <time>2026-09-23T12:26:07.000Z</time>
        <extensions>
          <ns3:TrackPointExtension>
            <ns3:atemp>29.0</ns3:atemp>
            <ns3:hr>110</ns3:hr>
          </ns3:TrackPointExtension>
        </extensions>
      </trkpt>
      <trkpt lat="24.46497651748359203338623046875" lon="118.1544169597327709197998046875">
        <ele>156.8000030517578125</ele>
        <time>2026-09-23T12:26:12.000Z</time>
        <extensions>
          <ns3:TrackPointExtension>
            <ns3:atemp>29.0</ns3:atemp>
            <ns3:hr>111</ns3:hr>
          </ns3:TrackPointExtension>
        </extensions>
      </trkpt>
      <trkpt lat="24.46497735567390918731689453125" lon="118.1544266827404499053955078125">
        <ele>156.600006103515625</ele>
        <time>2026-09-23T12:26:13.000Z</time>
        <extensions>
          <ns3:TrackPointExtension>
            <ns3:atemp>29.0</ns3:atemp>
            <ns3:hr>111</ns3:hr>
          </ns3:TrackPointExtension>
        </extensions>
      </trkpt>
      <trkpt lat="24.46497224271297454833984375" lon="118.15444923005998134613037109375">
        <ele>155.399993896484375</ele>
        <time>2026-09-23T12:26:16.000Z</time>
        <extensions>
          <ns3:TrackPointExtension>
            <ns3:atemp>29.0</ns3:atemp>
            <ns3:hr>111</ns3:hr>
          </ns3:TrackPointExtension>
        </extensions>
      </trkpt>
      <trkpt lat="24.46496008895337581634521484375" lon="118.15447035245597362518310546875">
        <ele>154.399993896484375</ele>
        <time>2026-09-23T12:26:19.000Z</time>
        <extensions>
          <ns3:TrackPointExtension>
            <ns3:atemp>29.0</ns3:atemp>
            <ns3:hr>112</ns3:hr>
          </ns3:TrackPointExtension>
        </extensions>
      </trkpt>
      <trkpt lat="24.464956484735012054443359375" lon="118.1545333005487918853759765625">
        <ele>153.8000030517578125</ele>
        <time>2026-09-23T12:26:23.000Z</time>
        <extensions>
          <ns3:TrackPointExtension>
            <ns3:atemp>29.0</ns3:atemp>
            <ns3:hr>112</ns3:hr>
          </ns3:TrackPointExtension>
        </extensions>
      </trkpt>
      <trkpt lat="24.464942403137683868408203125" lon="118.15459490753710269927978515625">
        <ele>153.1999969482421875</ele>
        <time>2026-09-23T12:26:28.000Z</time>
        <extensions>
          <ns3:TrackPointExtension>
            <ns3:atemp>29.0</ns3:atemp>
            <ns3:hr>111</ns3:hr>
          </ns3:TrackPointExtension>
        </extensions>
      </trkpt>
      <trkpt lat="24.464948438107967376708984375" lon="118.154597841203212738037109375">
        <ele>152.399993896484375</ele>
        <time>2026-09-23T12:26:30.000Z</time>
        <extensions>
          <ns3:TrackPointExtension>
            <ns3:atemp>29.0</ns3:atemp>
            <ns3:hr>110</ns3:hr>
          </ns3:TrackPointExtension>
        </extensions>
      </trkpt>
      <trkpt lat="24.464951120316982269287109375" lon="118.1546224839985370635986328125">
        <ele>152.1999969482421875</ele>
        <time>2026-09-23T12:26:32.000Z</time>
        <extensions>
          <ns3:TrackPointExtension>
            <ns3:atemp>29.0</ns3:atemp>
            <ns3:hr>111</ns3:hr>
          </ns3:TrackPointExtension>
        </extensions>
      </trkpt>
      <trkpt lat="24.464948438107967376708984375" lon="118.15463371574878692626953125">
        <ele>151.8000030517578125</ele>
        <time>2026-09-23T12:26:33.000Z</time>
        <extensions>
          <ns3:TrackPointExtension>
            <ns3:atemp>29.0</ns3:atemp>
            <ns3:hr>111</ns3:hr>
          </ns3:TrackPointExtension>
        </extensions>
      </trkpt>
      <trkpt lat="24.46494734846055507659912109375" lon="118.1546402536332607269287109375">
        <ele>151.399993896484375</ele>
        <time>2026-09-23T12:26:36.000Z</time>
        <extensions>
          <ns3:TrackPointExtension>
            <ns3:atemp>29.0</ns3:atemp>
            <ns3:hr>111</ns3:hr>
          </ns3:TrackPointExtension>
        </extensions>
      </trkpt>
      <trkpt lat="24.46493494324386119842529296875" lon="118.1546486355364322662353515625">
        <ele>151</ele>
        <time>2026-09-23T12:26:39.000Z</time>
        <extensions>
          <ns3:TrackPointExtension>
            <ns3:atemp>29.0</ns3:atemp>
            <ns3:hr>112</ns3:hr>
          </ns3:TrackPointExtension>
        </extensions>
      </trkpt>
      <trkpt lat="24.4649340212345123291015625" lon="118.15466187894344329833984375">
        <ele>150</ele>
        <time>2026-09-23T12:26:43.000Z</time>
        <extensions>
          <ns3:TrackPointExtension>
            <ns3:atemp>29.0</ns3:atemp>
            <ns3:hr>111</ns3:hr>
          </ns3:TrackPointExtension>
        </extensions>
      </trkpt>
      <trkpt lat="24.4649345241487026214599609375" lon="118.154666237533092498779296875">
        <ele>149.8000030517578125</ele>
        <time>2026-09-23T12:26:44.000Z</time>
        <extensions>
          <ns3:TrackPointExtension>
            <ns3:atemp>29.0</ns3:atemp>
            <ns3:hr>111</ns3:hr>
          </ns3:TrackPointExtension>
        </extensions>
      </trkpt>
      <trkpt lat="24.46492069400846958160400390625" lon="118.15468325279653072357177734375">
        <ele>148.600006103515625</ele>
        <time>2026-09-23T12:26:48.000Z</time>
        <extensions>
          <ns3:TrackPointExtension>
            <ns3:atemp>29.0</ns3:atemp>
            <ns3:hr>111</ns3:hr>
          </ns3:TrackPointExtension>
        </extensions>
      </trkpt>
      <trkpt lat="24.46489848196506500244140625" lon="118.15469716675579547882080078125">
        <ele>148.600006103515625</ele>
        <time>2026-09-23T12:26:52.000Z</time>
        <extensions>
          <ns3:TrackPointExtension>
            <ns3:atemp>29.0</ns3:atemp>
            <ns3:hr>111</ns3:hr>
          </ns3:TrackPointExtension>
        </extensions>
      </trkpt>
      <trkpt lat="24.4648553989827632904052734375" lon="118.15470286644995212554931640625">
        <ele>149.600006103515625</ele>
        <time>2026-09-23T12:26:57.000Z</time>
        <extensions>
          <ns3:TrackPointExtension>
            <ns3:atemp>29.0</ns3:atemp>
            <ns3:hr>111</ns3:hr>
          </ns3:TrackPointExtension>
        </extensions>
      </trkpt>
      <trkpt lat="24.46484751999378204345703125" lon="118.154707141220569610595703125">
        <ele>150</ele>
        <time>2026-09-23T12:26:58.000Z</time>
        <extensions>
          <ns3:TrackPointExtension>
            <ns3:atemp>29.0</ns3:atemp>
            <ns3:hr>111</ns3:hr>
          </ns3:TrackPointExtension>
        </extensions>
      </trkpt>
      <trkpt lat="24.46482648141682147979736328125" lon="118.154705129563808441162109375">
        <ele>151</ele>
        <time>2026-09-23T12:27:01.000Z</time>
        <extensions>
          <ns3:TrackPointExtension>
            <ns3:atemp>29.0</ns3:atemp>
            <ns3:hr>111</ns3:hr>
          </ns3:TrackPointExtension>
        </extensions>
      </trkpt>
      <trkpt lat="24.46480904705822467803955078125" lon="118.15471275709569454193115234375">
        <ele>151.600006103515625</ele>
        <time>2026-09-23T12:27:04.000Z</time>
        <extensions>
          <ns3:TrackPointExtension>
            <ns3:atemp>29.0</ns3:atemp>
            <ns3:hr>111</ns3:hr>
          </ns3:TrackPointExtension>
        </extensions>
      </trkpt>
      <trkpt lat="24.46480200625956058502197265625" lon="118.15471242181956768035888671875">
        <ele>152</ele>
        <time>2026-09-23T12:27:05.000Z</time>
        <extensions>
          <ns3:TrackPointExtension>
            <ns3:atemp>29.0</ns3:atemp>
            <ns3:hr>111</ns3:hr>
          </ns3:TrackPointExtension>
        </extensions>
      </trkpt>
      <trkpt lat="24.4647719152271747589111328125" lon="118.1546935625374317169189453125">
        <ele>153.1999969482421875</ele>
        <time>2026-09-23T12:27:09.000Z</time>
        <extensions>
          <ns3:TrackPointExtension>
            <ns3:atemp>29.0</ns3:atemp>
            <ns3:hr>111</ns3:hr>
          </ns3:TrackPointExtension>
        </extensions>
      </trkpt>
      <trkpt lat="24.4647595100104808807373046875" lon="118.15469314344227313995361328125">
        <ele>154</ele>
        <time>2026-09-23T12:27:13.000Z</time>
        <extensions>
          <ns3:TrackPointExtension>
            <ns3:atemp>29.0</ns3:atemp>
            <ns3:hr>112</ns3:hr>
          </ns3:TrackPointExtension>
        </extensions>
      </trkpt>
      <trkpt lat="24.464721791446208953857421875" lon="118.1546741165220737457275390625">
        <ele>154.399993896484375</ele>
        <time>2026-09-23T12:27:19.000Z</time>
        <extensions>
          <ns3:TrackPointExtension>
            <ns3:atemp>29.0</ns3:atemp>
            <ns3:hr>109</ns3:hr>
          </ns3:TrackPointExtension>
        </extensions>
      </trkpt>
      <trkpt lat="24.46470460854470729827880859375" lon="118.15466196276247501373291015625">
        <ele>155</ele>
        <time>2026-09-23T12:27:23.000Z</time>
        <extensions>
          <ns3:TrackPointExtension>
            <ns3:atemp>29.0</ns3:atemp>
            <ns3:hr>110</ns3:hr>
          </ns3:TrackPointExtension>
        </extensions>
      </trkpt>
      <trkpt lat="24.46469119749963283538818359375" lon="118.15465475432574748992919921875">
        <ele>155.399993896484375</ele>
        <time>2026-09-23T12:27:25.000Z</time>
        <extensions>
          <ns3:TrackPointExtension>
            <ns3:atemp>29.0</ns3:atemp>
            <ns3:hr>112</ns3:hr>
          </ns3:TrackPointExtension>
        </extensions>
      </trkpt>
      <trkpt lat="24.46466387249529361724853515625" lon="118.1546627171337604522705078125">
        <ele>155.399993896484375</ele>
        <time>2026-09-23T12:27:28.000Z</time>
        <extensions>
          <ns3:TrackPointExtension>
            <ns3:atemp>29.0</ns3:atemp>
            <ns3:hr>110</ns3:hr>
          </ns3:TrackPointExtension>
        </extensions>
      </trkpt>
      <trkpt lat="24.4646468572318553924560546875" lon="118.15466397441923618316650390625">
        <ele>155.1999969482421875</ele>
        <time>2026-09-23T12:27:31.000Z</time>
        <extensions>
          <ns3:TrackPointExtension>
            <ns3:atemp>29.0</ns3:atemp>
            <ns3:hr>110</ns3:hr>
          </ns3:TrackPointExtension>
        </extensions>
      </trkpt>
      <trkpt lat="24.46461743675172328948974609375" lon="118.15467151813209056854248046875">
        <ele>154.8000030517578125</ele>
        <time>2026-09-23T12:27:36.000Z</time>
        <extensions>
          <ns3:TrackPointExtension>
            <ns3:atemp>29.0</ns3:atemp>
            <ns3:hr>110</ns3:hr>
          </ns3:TrackPointExtension>
        </extensions>
      </trkpt>
      <trkpt lat="24.4646069593727588653564453125" lon="118.15466498024761676788330078125">
        <ele>154.1999969482421875</ele>
        <time>2026-09-23T12:27:39.000Z</time>
        <extensions>
          <ns3:TrackPointExtension>
            <ns3:atemp>29.0</ns3:atemp>
            <ns3:hr>111</ns3:hr>
          </ns3:TrackPointExtension>
        </extensions>
      </trkpt>
      <trkpt lat="24.464577622711658477783203125" lon="118.154676966369152069091796875">
        <ele>153.399993896484375</ele>
        <time>2026-09-23T12:27:42.000Z</time>
        <extensions>
          <ns3:TrackPointExtension>
            <ns3:atemp>29.0</ns3:atemp>
            <ns3:hr>110</ns3:hr>
          </ns3:TrackPointExtension>
        </extensions>
      </trkpt>
      <trkpt lat="24.46456664241850376129150390625" lon="118.15467822365462779998779296875">
        <ele>153.1999969482421875</ele>
        <time>2026-09-23T12:27:43.000Z</time>
        <extensions>
          <ns3:TrackPointExtension>
            <ns3:atemp>29.0</ns3:atemp>
            <ns3:hr>111</ns3:hr>
          </ns3:TrackPointExtension>
        </extensions>
      </trkpt>
      <trkpt lat="24.46456253528594970703125" lon="118.15468065440654754638671875">
        <ele>153</ele>
        <time>2026-09-23T12:27:44.000Z</time>
        <extensions>
          <ns3:TrackPointExtension>
            <ns3:atemp>29.0</ns3:atemp>
            <ns3:hr>111</ns3:hr>
          </ns3:TrackPointExtension>
        </extensions>
      </trkpt>
      <trkpt lat="24.4645345397293567657470703125" lon="118.154697418212890625">
        <ele>152</ele>
        <time>2026-09-23T12:27:48.000Z</time>
        <extensions>
          <ns3:TrackPointExtension>
            <ns3:atemp>29.0</ns3:atemp>
            <ns3:hr>110</ns3:hr>
          </ns3:TrackPointExtension>
        </extensions>
      </trkpt>
      <trkpt lat="24.46447997353971004486083984375" lon="118.15470554865896701812744140625">
        <ele>150.8000030517578125</ele>
        <time>2026-09-23T12:27:55.000Z</time>
        <extensions>
          <ns3:TrackPointExtension>
            <ns3:atemp>29.0</ns3:atemp>
            <ns3:hr>109</ns3:hr>
          </ns3:TrackPointExtension>
        </extensions>
      </trkpt>
      <trkpt lat="24.46447603404521942138671875" lon="118.15471284091472625732421875">
        <ele>150.399993896484375</ele>
        <time>2026-09-23T12:27:57.000Z</time>
        <extensions>
          <ns3:TrackPointExtension>
            <ns3:atemp>29.0</ns3:atemp>
            <ns3:hr>108</ns3:hr>
          </ns3:TrackPointExtension>
        </extensions>
      </trkpt>
      <trkpt lat="24.4644654728472232818603515625" lon="118.15471057780086994171142578125">
        <ele>149.8000030517578125</ele>
        <time>2026-09-23T12:28:00.000Z</time>
        <extensions>
          <ns3:TrackPointExtension>
            <ns3:atemp>29.0</ns3:atemp>
            <ns3:hr>110</ns3:hr>
          </ns3:TrackPointExtension>
        </extensions>
      </trkpt>
      <trkpt lat="24.4644349627196788787841796875" lon="118.15470211207866668701171875">
        <ele>148.8000030517578125</ele>
        <time>2026-09-23T12:28:04.000Z</time>
        <extensions>
          <ns3:TrackPointExtension>
            <ns3:atemp>29.0</ns3:atemp>
            <ns3:hr>109</ns3:hr>
          </ns3:TrackPointExtension>
        </extensions>
      </trkpt>
      <trkpt lat="24.46442641317844390869140625" lon="118.1547002680599689483642578125">
        <ele>148.399993896484375</ele>
        <time>2026-09-23T12:28:05.000Z</time>
        <extensions>
          <ns3:TrackPointExtension>
            <ns3:atemp>29.0</ns3:atemp>
            <ns3:hr>109</ns3:hr>
          </ns3:TrackPointExtension>
        </extensions>
      </trkpt>
      <trkpt lat="24.464398920536041259765625" lon="118.1546871922910213470458984375">
        <ele>147.399993896484375</ele>
        <time>2026-09-23T12:28:08.000Z</time>
        <extensions>
          <ns3:TrackPointExtension>
            <ns3:atemp>29.0</ns3:atemp>
            <ns3:hr>108</ns3:hr>
          </ns3:TrackPointExtension>
        </extensions>
      </trkpt>
      <trkpt lat="24.4643739424645900726318359375" lon="118.15469381399452686309814453125">
        <ele>146.1999969482421875</ele>
        <time>2026-09-23T12:28:11.000Z</time>
        <extensions>
          <ns3:TrackPointExtension>
            <ns3:atemp>29.0</ns3:atemp>
            <ns3:hr>109</ns3:hr>
          </ns3:TrackPointExtension>
        </extensions>
      </trkpt>
      <trkpt lat="24.46435994468629360198974609375" lon="118.15469448454678058624267578125">
        <ele>145.600006103515625</ele>
        <time>2026-09-23T12:28:13.000Z</time>
        <extensions>
          <ns3:TrackPointExtension>
            <ns3:atemp>29.0</ns3:atemp>
            <ns3:hr>108</ns3:hr>
          </ns3:TrackPointExtension>
        </extensions>
      </trkpt>
      <trkpt lat="24.4643531553447246551513671875" lon="118.1547052972018718719482421875">
        <ele>145</ele>
        <time>2026-09-23T12:28:16.000Z</time>
        <extensions>
          <ns3:TrackPointExtension>
            <ns3:atemp>29.0</ns3:atemp>
            <ns3:hr>108</ns3:hr>
          </ns3:TrackPointExtension>
        </extensions>
      </trkpt>
      <trkpt lat="24.46435256861150264739990234375" lon="118.15470487810671329498291015625">
        <ele>144.600006103515625</ele>
        <time>2026-09-23T12:28:18.000Z</time>
        <extensions>
          <ns3:TrackPointExtension>
            <ns3:atemp>29.0</ns3:atemp>
            <ns3:hr>108</ns3:hr>
          </ns3:TrackPointExtension>
        </extensions>
      </trkpt>
      <trkpt lat="24.46433932520449161529541015625" lon="118.15468207933008670806884765625">
        <ele>144</ele>
        <time>2026-09-23T12:28:23.000Z</time>
        <extensions>
          <ns3:TrackPointExtension>
            <ns3:atemp>29.0</ns3:atemp>
            <ns3:hr>108</ns3:hr>
          </ns3:TrackPointExtension>
        </extensions>
      </trkpt>
      <trkpt lat="24.464333541691303253173828125" lon="118.15465928055346012115478515625">
        <ele>142.8000030517578125</ele>
        <time>2026-09-23T12:28:28.000Z</time>
        <extensions>
          <ns3:TrackPointExtension>
            <ns3:atemp>29.0</ns3:atemp>
            <ns3:hr>108</ns3:hr>
          </ns3:TrackPointExtension>
        </extensions>
      </trkpt>
      <trkpt lat="24.46433546952903270721435546875" lon="118.1546523235738277435302734375">
        <ele>142.8000030517578125</ele>
        <time>2026-09-23T12:28:30.000Z</time>
        <extensions>
          <ns3:TrackPointExtension>
            <ns3:atemp>29.0</ns3:atemp>
            <ns3:hr>108</ns3:hr>
          </ns3:TrackPointExtension>
        </extensions>
      </trkpt>
      <trkpt lat="24.46429708041250705718994140625" lon="118.1545980088412761688232421875">
        <ele>141.8000030517578125</ele>
        <time>2026-09-23T12:28:40.000Z</time>
        <extensions>
          <ns3:TrackPointExtension>
            <ns3:atemp>29.0</ns3:atemp>
            <ns3:hr>108</ns3:hr>
          </ns3:TrackPointExtension>
        </extensions>
      </trkpt>
      <trkpt lat="24.4642938114702701568603515625" lon="118.15456322394311428070068359375">
        <ele>141.399993896484375</ele>
        <time>2026-09-23T12:28:46.000Z</time>
        <extensions>
          <ns3:TrackPointExtension>
            <ns3:atemp>29.0</ns3:atemp>
            <ns3:hr>109</ns3:hr>
          </ns3:TrackPointExtension>
        </extensions>
      </trkpt>
      <trkpt lat="24.464292638003826141357421875" lon="118.1545458734035491943359375">
        <ele>141.399993896484375</ele>
        <time>2026-09-23T12:28:52.000Z</time>
        <extensions>
          <ns3:TrackPointExtension>
            <ns3:atemp>29.0</ns3:atemp>
            <ns3:hr>111</ns3:hr>
          </ns3:TrackPointExtension>
        </extensions>
      </trkpt>
      <trkpt lat="24.464278556406497955322265625" lon="118.1545497290790081024169921875">
        <ele>140.8000030517578125</ele>
        <time>2026-09-23T12:28:57.000Z</time>
        <extensions>
          <ns3:TrackPointExtension>
            <ns3:atemp>29.0</ns3:atemp>
            <ns3:hr>115</ns3:hr>
          </ns3:TrackPointExtension>
        </extensions>
      </trkpt>
      <trkpt lat="24.4642713479697704315185546875" lon="118.1545477174222469329833984375">
        <ele>140.1999969482421875</ele>
        <time>2026-09-23T12:28:59.000Z</time>
        <extensions>
          <ns3:TrackPointExtension>
            <ns3:atemp>29.0</ns3:atemp>
            <ns3:hr>116</ns3:hr>
          </ns3:TrackPointExtension>
        </extensions>
      </trkpt>
      <trkpt lat="24.464252404868602752685546875" lon="118.154540173709392547607421875">
        <ele>139.600006103515625</ele>
        <time>2026-09-23T12:29:05.000Z</time>
        <extensions>
          <ns3:TrackPointExtension>
            <ns3:atemp>29.0</ns3:atemp>
            <ns3:hr>119</ns3:hr>
          </ns3:TrackPointExtension>
        </extensions>
      </trkpt>
      <trkpt lat="24.4642502255737781524658203125" lon="118.1545322947204113006591796875">
        <ele>139.600006103515625</ele>
        <time>2026-09-23T12:29:07.000Z</time>
        <extensions>
          <ns3:TrackPointExtension>
            <ns3:atemp>29.0</ns3:atemp>
            <ns3:hr>117</ns3:hr>
          </ns3:TrackPointExtension>
        </extensions>
      </trkpt>
      <trkpt lat="24.464243352413177490234375" lon="118.154517710208892822265625">
        <ele>139.600006103515625</ele>
        <time>2026-09-23T12:29:16.000Z</time>
        <extensions>
          <ns3:TrackPointExtension>
            <ns3:atemp>29.0</ns3:atemp>
            <ns3:hr>119</ns3:hr>
          </ns3:TrackPointExtension>
        </extensions>
      </trkpt>
      <trkpt lat="24.464237652719020843505859375" lon="118.15450857393443584442138671875">
        <ele>139.600006103515625</ele>
        <time>2026-09-23T12:29:31.000Z</time>
        <extensions>
          <ns3:TrackPointExtension>
            <ns3:atemp>29.0</ns3:atemp>
            <ns3:hr>115</ns3:hr>
          </ns3:TrackPointExtension>
        </extensions>
      </trkpt>
      <trkpt lat="24.46423463523387908935546875" lon="118.15450002439320087432861328125">
        <ele>140.1999969482421875</ele>
        <time>2026-09-23T12:29:37.000Z</time>
        <extensions>
          <ns3:TrackPointExtension>
            <ns3:atemp>29.0</ns3:atemp>
            <ns3:hr>118</ns3:hr>
          </ns3:TrackPointExtension>
        </extensions>
      </trkpt>
      <trkpt lat="24.464232623577117919921875" lon="118.15449415706098079681396484375">
        <ele>140.399993896484375</ele>
        <time>2026-09-23T12:29:39.000Z</time>
        <extensions>
          <ns3:TrackPointExtension>
            <ns3:atemp>29.0</ns3:atemp>
            <ns3:hr>115</ns3:hr>
          </ns3:TrackPointExtension>
        </extensions>
      </trkpt>
      <trkpt lat="24.464231617748737335205078125" lon="118.15449197776615619659423828125">
        <ele>141</ele>
        <time>2026-09-23T12:29:40.000Z</time>
        <extensions>
          <ns3:TrackPointExtension>
            <ns3:atemp>29.0</ns3:atemp>
            <ns3:hr>114</ns3:hr>
          </ns3:TrackPointExtension>
        </extensions>
      </trkpt>
      <trkpt lat="24.46422449313104152679443359375" lon="118.1544850207865238189697265625">
        <ele>142.1999969482421875</ele>
        <time>2026-09-23T12:29:43.000Z</time>
        <extensions>
          <ns3:TrackPointExtension>
            <ns3:atemp>29.0</ns3:atemp>
            <ns3:hr>114</ns3:hr>
          </ns3:TrackPointExtension>
        </extensions>
      </trkpt>
      <trkpt lat="24.46421979926526546478271484375" lon="118.15447588451206684112548828125">
        <ele>143.1999969482421875</ele>
        <time>2026-09-23T12:29:50.000Z</time>
        <extensions>
          <ns3:TrackPointExtension>
            <ns3:atemp>29.0</ns3:atemp>
            <ns3:hr>113</ns3:hr>
          </ns3:TrackPointExtension>
        </extensions>
      </trkpt>
      <trkpt lat="24.4642006047070026397705078125" lon="118.15447404049336910247802734375">
        <ele>143.1999969482421875</ele>
        <time>2026-09-23T12:29:55.000Z</time>
        <extensions>
          <ns3:TrackPointExtension>
            <ns3:atemp>29.0</ns3:atemp>
            <ns3:hr>110</ns3:hr>
          </ns3:TrackPointExtension>
        </extensions>
      </trkpt>
      <trkpt lat="24.46415643207728862762451171875" lon="118.1544337235391139984130859375">
        <ele>142.399993896484375</ele>
        <time>2026-09-23T12:30:17.000Z</time>
        <extensions>
          <ns3:TrackPointExtension>
            <ns3:atemp>29.0</ns3:atemp>
            <ns3:hr>107</ns3:hr>
          </ns3:TrackPointExtension>
        </extensions>
      </trkpt>
      <trkpt lat="24.46415576152503490447998046875" lon="118.15443363972008228302001953125">
        <ele>142.1999969482421875</ele>
        <time>2026-09-23T12:30:25.000Z</time>
        <extensions>
          <ns3:TrackPointExtension>
            <ns3:atemp>29.0</ns3:atemp>
            <ns3:hr>104</ns3:hr>
          </ns3:TrackPointExtension>
        </extensions>
      </trkpt>
      <trkpt lat="24.4641556777060031890869140625" lon="118.15443363972008228302001953125">
        <ele>142.1999969482421875</ele>
        <time>2026-09-23T12:30:27.000Z</time>
        <extensions>
          <ns3:TrackPointExtension>
            <ns3:atemp>29.0</ns3:atemp>
            <ns3:hr>105</ns3:hr>
          </ns3:TrackPointExtension>
        </extensions>
      </trkpt>
      <trkpt lat="24.46415022946894168853759765625" lon="118.1544330529868602752685546875">
        <ele>141.8000030517578125</ele>
        <time>2026-09-23T12:30:57.000Z</time>
        <extensions>
          <ns3:TrackPointExtension>
            <ns3:atemp>29.0</ns3:atemp>
            <ns3:hr>108</ns3:hr>
          </ns3:TrackPointExtension>
        </extensions>
      </trkpt>
      <trkpt lat="24.4641493074595928192138671875" lon="118.1544330529868602752685546875">
        <ele>141.600006103515625</ele>
        <time>2026-09-23T12:31:01.000Z</time>
        <extensions>
          <ns3:TrackPointExtension>
            <ns3:atemp>29.0</ns3:atemp>
            <ns3:hr>105</ns3:hr>
          </ns3:TrackPointExtension>
        </extensions>
      </trkpt>
      <trkpt lat="24.464143775403499603271484375" lon="118.15443229861557483673095703125">
        <ele>141.1999969482421875</ele>
        <time>2026-09-23T12:31:14.000Z</time>
        <extensions>
          <ns3:TrackPointExtension>
            <ns3:atemp>29.0</ns3:atemp>
            <ns3:hr>108</ns3:hr>
          </ns3:TrackPointExtension>
        </extensions>
      </trkpt>
      <trkpt lat="24.46414352394640445709228515625" lon="118.154432214796543121337890625">
        <ele>141.1999969482421875</ele>
        <time>2026-09-23T12:31:17.000Z</time>
        <extensions>
          <ns3:TrackPointExtension>
            <ns3:atemp>29.0</ns3:atemp>
            <ns3:hr>108</ns3:hr>
          </ns3:TrackPointExtension>
        </extensions>
      </trkpt>
      <trkpt lat="24.46414344012737274169921875" lon="118.15443213097751140594482421875">
        <ele>141.1999969482421875</ele>
        <time>2026-09-23T12:31:18.000Z</time>
        <extensions>
          <ns3:TrackPointExtension>
            <ns3:atemp>29.0</ns3:atemp>
            <ns3:hr>114</ns3:hr>
          </ns3:TrackPointExtension>
        </extensions>
      </trkpt>
      <trkpt lat="24.4641429372131824493408203125" lon="118.154431879520416259765625">
        <ele>141</ele>
        <time>2026-09-23T12:31:24.000Z</time>
        <extensions>
          <ns3:TrackPointExtension>
            <ns3:atemp>29.0</ns3:atemp>
            <ns3:hr>117</ns3:hr>
          </ns3:TrackPointExtension>
        </extensions>
      </trkpt>
      <trkpt lat="24.46414285339415073394775390625" lon="118.154431879520416259765625">
        <ele>141</ele>
        <time>2026-09-23T12:31:25.000Z</time>
        <extensions>
          <ns3:TrackPointExtension>
            <ns3:atemp>29.0</ns3:atemp>
            <ns3:hr>120</ns3:hr>
          </ns3:TrackPointExtension>
        </extensions>
      </trkpt>
      <trkpt lat="24.46414268575608730316162109375" lon="118.15443179570138454437255859375">
        <ele>140.8000030517578125</ele>
        <time>2026-09-23T12:31:28.000Z</time>
        <extensions>
          <ns3:TrackPointExtension>
            <ns3:atemp>29.0</ns3:atemp>
            <ns3:hr>124</ns3:hr>
          </ns3:TrackPointExtension>
        </extensions>
      </trkpt>
      <trkpt lat="24.4641412608325481414794921875" lon="118.154426515102386474609375">
        <ele>140.399993896484375</ele>
        <time>2026-09-23T12:31:44.000Z</time>
        <extensions>
          <ns3:TrackPointExtension>
            <ns3:atemp>29.0</ns3:atemp>
            <ns3:hr>127</ns3:hr>
          </ns3:TrackPointExtension>
        </extensions>
      </trkpt>
      <trkpt lat="24.46414017118513584136962890625" lon="118.15442341379821300506591796875">
        <ele>140.1999969482421875</ele>
        <time>2026-09-23T12:31:56.000Z</time>
        <extensions>
          <ns3:TrackPointExtension>
            <ns3:atemp>29.0</ns3:atemp>
            <ns3:hr>124</ns3:hr>
          </ns3:TrackPointExtension>
        </extensions>
      </trkpt>
      <trkpt lat="24.4641399197280406951904296875" lon="118.15442274324595928192138671875">
        <ele>140.1999969482421875</ele>
        <time>2026-09-23T12:32:03.000Z</time>
        <extensions>
          <ns3:TrackPointExtension>
            <ns3:atemp>29.0</ns3:atemp>
            <ns3:hr>122</ns3:hr>
          </ns3:TrackPointExtension>
        </extensions>
      </trkpt>
      <trkpt lat="24.4641385786235332489013671875" lon="118.15441779792308807373046875">
        <ele>139.8000030517578125</ele>
        <time>2026-09-23T12:32:14.000Z</time>
        <extensions>
          <ns3:TrackPointExtension>
            <ns3:atemp>29.0</ns3:atemp>
            <ns3:hr>125</ns3:hr>
          </ns3:TrackPointExtension>
        </extensions>
      </trkpt>
      <trkpt lat="24.46413815952837467193603515625" lon="118.15441721118986606597900390625">
        <ele>139.1999969482421875</ele>
        <time>2026-09-23T12:33:00.000Z</time>
        <extensions>
          <ns3:TrackPointExtension>
            <ns3:atemp>29.0</ns3:atemp>
            <ns3:hr>126</ns3:hr>
          </ns3:TrackPointExtension>
        </extensions>
      </trkpt>
      <trkpt lat="24.46413866244256496429443359375" lon="118.15441771410405635833740234375">
        <ele>138.8000030517578125</ele>
        <time>2026-09-23T12:33:09.000Z</time>
        <extensions>
          <ns3:TrackPointExtension>
            <ns3:atemp>29.0</ns3:atemp>
            <ns3:hr>129</ns3:hr>
          </ns3:TrackPointExtension>
        </extensions>
      </trkpt>
      <trkpt lat="24.4641389138996601104736328125" lon="118.15441989339888095855712890625">
        <ele>138.399993896484375</ele>
        <time>2026-09-23T12:33:57.000Z</time>
        <extensions>
          <ns3:TrackPointExtension>
            <ns3:atemp>29.0</ns3:atemp>
            <ns3:hr>126</ns3:hr>
          </ns3:TrackPointExtension>
        </extensions>
      </trkpt>
      <trkpt lat="24.4641387462615966796875" lon="118.15442123450338840484619140625">
        <ele>138.1999969482421875</ele>
        <time>2026-09-23T12:34:14.000Z</time>
        <extensions>
          <ns3:TrackPointExtension>
            <ns3:atemp>29.0</ns3:atemp>
            <ns3:hr>127</ns3:hr>
          </ns3:TrackPointExtension>
        </extensions>
      </trkpt>
      <trkpt lat="24.46413941681385040283203125" lon="118.1544223241508007049560546875">
        <ele>137.8000030517578125</ele>
        <time>2026-09-23T12:34:38.000Z</time>
        <extensions>
          <ns3:TrackPointExtension>
            <ns3:atemp>29.0</ns3:atemp>
            <ns3:hr>124</ns3:hr>
          </ns3:TrackPointExtension>
        </extensions>
      </trkpt>
      <trkpt lat="24.4641395844519138336181640625" lon="118.15442291088402271270751953125">
        <ele>137.600006103515625</ele>
        <time>2026-09-23T12:34:53.000Z</time>
        <extensions>
          <ns3:TrackPointExtension>
            <ns3:atemp>29.0</ns3:atemp>
            <ns3:hr>127</ns3:hr>
          </ns3:TrackPointExtension>
        </extensions>
      </trkpt>
      <trkpt lat="24.46413983590900897979736328125" lon="118.15442450344562530517578125">
        <ele>137.1999969482421875</ele>
        <time>2026-09-23T12:35:24.000Z</time>
        <extensions>
          <ns3:TrackPointExtension>
            <ns3:atemp>29.0</ns3:atemp>
            <ns3:hr>130</ns3:hr>
          </ns3:TrackPointExtension>
        </extensions>
      </trkpt>
      <trkpt lat="24.4641400873661041259765625" lon="118.15442559309303760528564453125">
        <ele>137.1999969482421875</ele>
        <time>2026-09-23T12:35:33.000Z</time>
        <extensions>
          <ns3:TrackPointExtension>
            <ns3:atemp>29.0</ns3:atemp>
            <ns3:hr>128</ns3:hr>
          </ns3:TrackPointExtension>
        </extensions>
      </trkpt>
      <trkpt lat="24.4641399197280406951904296875" lon="118.15442659892141819000244140625">
        <ele>137.1999969482421875</ele>
        <time>2026-09-23T12:35:44.000Z</time>
        <extensions>
          <ns3:TrackPointExtension>
            <ns3:atemp>29.0</ns3:atemp>
            <ns3:hr>125</ns3:hr>
          </ns3:TrackPointExtension>
        </extensions>
      </trkpt>
      <trkpt lat="24.46413983590900897979736328125" lon="118.15442827530205249786376953125">
        <ele>136.8000030517578125</ele>
        <time>2026-09-23T12:36:08.000Z</time>
        <extensions>
          <ns3:TrackPointExtension>
            <ns3:atemp>29.0</ns3:atemp>
            <ns3:hr>122</ns3:hr>
          </ns3:TrackPointExtension>
        </extensions>
      </trkpt>
      <trkpt lat="24.46414000354707241058349609375" lon="118.1544297002255916595458984375">
        <ele>136.600006103515625</ele>
        <time>2026-09-23T12:36:32.000Z</time>
        <extensions>
          <ns3:TrackPointExtension>
            <ns3:atemp>29.0</ns3:atemp>
            <ns3:hr>125</ns3:hr>
          </ns3:TrackPointExtension>
        </extensions>
      </trkpt>
      <trkpt lat="24.46414017118513584136962890625" lon="118.15443028695881366729736328125">
        <ele>136.600006103515625</ele>
        <time>2026-09-23T12:36:39.000Z</time>
        <extensions>
          <ns3:TrackPointExtension>
            <ns3:atemp>29.0</ns3:atemp>
            <ns3:hr>128</ns3:hr>
          </ns3:TrackPointExtension>
        </extensions>
      </trkpt>
      <trkpt lat="24.4641405902802944183349609375" lon="118.15443062223494052886962890625">
        <ele>136.600006103515625</ele>
        <time>2026-09-23T12:36:46.000Z</time>
        <extensions>
          <ns3:TrackPointExtension>
            <ns3:atemp>29.0</ns3:atemp>
            <ns3:hr>131</ns3:hr>
          </ns3:TrackPointExtension>
        </extensions>
      </trkpt>
      <trkpt lat="24.46414075791835784912109375" lon="118.154430873692035675048828125">
        <ele>136.600006103515625</ele>
        <time>2026-09-23T12:36:59.000Z</time>
        <extensions>
          <ns3:TrackPointExtension>
            <ns3:atemp>29.0</ns3:atemp>
            <ns3:hr>134</ns3:hr>
          </ns3:TrackPointExtension>
        </extensions>
      </trkpt>
      <trkpt lat="24.46414084173738956451416015625" lon="118.1544310413300991058349609375">
        <ele>136.600006103515625</ele>
        <time>2026-09-23T12:37:01.000Z</time>
        <extensions>
          <ns3:TrackPointExtension>
            <ns3:atemp>29.0</ns3:atemp>
            <ns3:hr>131</ns3:hr>
          </ns3:TrackPointExtension>
        </extensions>
      </trkpt>
      <trkpt lat="24.46414117701351642608642578125" lon="118.15443112514913082122802734375">
        <ele>136.600006103515625</ele>
        <time>2026-09-23T12:37:07.000Z</time>
        <extensions>
          <ns3:TrackPointExtension>
            <ns3:atemp>29.0</ns3:atemp>
            <ns3:hr>128</ns3:hr>
          </ns3:TrackPointExtension>
        </extensions>
      </trkpt>
      <trkpt lat="24.464141093194484710693359375" lon="118.15443129278719425201416015625">
        <ele>136.600006103515625</ele>
        <time>2026-09-23T12:37:12.000Z</time>
        <extensions>
          <ns3:TrackPointExtension>
            <ns3:atemp>29.0</ns3:atemp>
            <ns3:hr>125</ns3:hr>
          </ns3:TrackPointExtension>
        </extensions>
      </trkpt>
      <trkpt lat="24.46414151228964328765869140625" lon="118.1544320471584796905517578125">
        <ele>136.1999969482421875</ele>
        <time>2026-09-23T12:37:35.000Z</time>
        <extensions>
          <ns3:TrackPointExtension>
            <ns3:atemp>29.0</ns3:atemp>
            <ns3:hr>128</ns3:hr>
          </ns3:TrackPointExtension>
        </extensions>
      </trkpt>
      <trkpt lat="24.46414268575608730316162109375" lon="118.15443263389170169830322265625">
        <ele>136</ele>
        <time>2026-09-23T12:37:55.000Z</time>
        <extensions>
          <ns3:TrackPointExtension>
            <ns3:atemp>29.0</ns3:atemp>
            <ns3:hr>130</ns3:hr>
          </ns3:TrackPointExtension>
        </extensions>
      </trkpt>
      <trkpt lat="24.46414352394640445709228515625" lon="118.1544359028339385986328125">
        <ele>135</ele>
        <time>2026-09-23T12:38:42.000Z</time>
        <extensions>
          <ns3:TrackPointExtension>
            <ns3:atemp>29.0</ns3:atemp>
            <ns3:hr>131</ns3:hr>
          </ns3:TrackPointExtension>
        </extensions>
      </trkpt>
      <trkpt lat="24.46414184756577014923095703125" lon="118.154440261423587799072265625">
        <ele>134.399993896484375</ele>
        <time>2026-09-23T12:39:15.000Z</time>
        <extensions>
          <ns3:TrackPointExtension>
            <ns3:atemp>29.0</ns3:atemp>
            <ns3:hr>128</ns3:hr>
          </ns3:TrackPointExtension>
        </extensions>
      </trkpt>
      <trkpt lat="24.46414167992770671844482421875" lon="118.1544412672519683837890625">
        <ele>134</ele>
        <time>2026-09-23T12:39:24.000Z</time>
        <extensions>
          <ns3:TrackPointExtension>
            <ns3:atemp>29.0</ns3:atemp>
            <ns3:hr>131</ns3:hr>
          </ns3:TrackPointExtension>
        </extensions>
      </trkpt>
      <trkpt lat="24.46414167992770671844482421875" lon="118.15444135107100009918212890625">
        <ele>134</ele>
        <time>2026-09-23T12:39:25.000Z</time>
        <extensions>
          <ns3:TrackPointExtension>
            <ns3:atemp>29.0</ns3:atemp>
            <ns3:hr>131</ns3:hr>
          </ns3:TrackPointExtension>
        </extensions>
      </trkpt>
      <trkpt lat="24.4641415961086750030517578125" lon="118.15444193780422210693359375">
        <ele>133</ele>
        <time>2026-09-23T12:39:32.000Z</time>
        <extensions>
          <ns3:TrackPointExtension>
            <ns3:atemp>29.0</ns3:atemp>
            <ns3:hr>134</ns3:hr>
          </ns3:TrackPointExtension>
        </extensions>
      </trkpt>
      <trkpt lat="24.46414151228964328765869140625" lon="118.15444218926131725311279296875">
        <ele>133</ele>
        <time>2026-09-23T12:39:33.000Z</time>
        <extensions>
          <ns3:TrackPointExtension>
            <ns3:atemp>29.0</ns3:atemp>
            <ns3:hr>134</ns3:hr>
          </ns3:TrackPointExtension>
        </extensions>
      </trkpt>
      <trkpt lat="24.4641409255564212799072265625" lon="118.154443614184856414794921875">
        <ele>132.1999969482421875</ele>
        <time>2026-09-23T12:39:46.000Z</time>
        <extensions>
          <ns3:TrackPointExtension>
            <ns3:atemp>29.0</ns3:atemp>
            <ns3:hr>137</ns3:hr>
          </ns3:TrackPointExtension>
        </extensions>
      </trkpt>
      <trkpt lat="24.46410697884857654571533203125" lon="118.15445023588836193084716796875">
        <ele>132.399993896484375</ele>
        <time>2026-09-23T12:39:50.000Z</time>
        <extensions>
          <ns3:TrackPointExtension>
            <ns3:atemp>29.0</ns3:atemp>
            <ns3:hr>138</ns3:hr>
          </ns3:TrackPointExtension>
        </extensions>
      </trkpt>
      <trkpt lat="24.46405224502086639404296875" lon="118.15446968190371990203857421875">
        <ele>133</ele>
        <time>2026-09-23T12:39:57.000Z</time>
        <extensions>
          <ns3:TrackPointExtension>
            <ns3:atemp>29.0</ns3:atemp>
            <ns3:hr>139</ns3:hr>
          </ns3:TrackPointExtension>
        </extensions>
      </trkpt>
      <trkpt lat="24.46405366994440555572509765625" lon="118.15446716733276844024658203125">
        <ele>133.600006103515625</ele>
        <time>2026-09-23T12:40:04.000Z</time>
        <extensions>
          <ns3:TrackPointExtension>
            <ns3:atemp>29.0</ns3:atemp>
            <ns3:hr>139</ns3:hr>
          </ns3:TrackPointExtension>
        </extensions>
      </trkpt>
      <trkpt lat="24.46405551396310329437255859375" lon="118.15446247346699237823486328125">
        <ele>134</ele>
        <time>2026-09-23T12:40:07.000Z</time>
        <extensions>
          <ns3:TrackPointExtension>
            <ns3:atemp>29.0</ns3:atemp>
            <ns3:hr>139</ns3:hr>
          </ns3:TrackPointExtension>
        </extensions>
      </trkpt>
      <trkpt lat="24.46405953727662563323974609375" lon="118.15446582622826099395751953125">
        <ele>134.8000030517578125</ele>
        <time>2026-09-23T12:40:11.000Z</time>
        <extensions>
          <ns3:TrackPointExtension>
            <ns3:atemp>29.0</ns3:atemp>
            <ns3:hr>141</ns3:hr>
          </ns3:TrackPointExtension>
        </extensions>
      </trkpt>
      <trkpt lat="24.46404729969799518585205078125" lon="118.154455013573169708251953125">
        <ele>135</ele>
        <time>2026-09-23T12:40:14.000Z</time>
        <extensions>
          <ns3:TrackPointExtension>
            <ns3:atemp>29.0</ns3:atemp>
            <ns3:hr>138</ns3:hr>
          </ns3:TrackPointExtension>
        </extensions>
      </trkpt>
      <trkpt lat="24.4640430249273777008056640625" lon="118.154455684125423431396484375">
        <ele>135.1999969482421875</ele>
        <time>2026-09-23T12:40:15.000Z</time>
        <extensions>
          <ns3:TrackPointExtension>
            <ns3:atemp>29.0</ns3:atemp>
            <ns3:hr>139</ns3:hr>
          </ns3:TrackPointExtension>
        </extensions>
      </trkpt>
      <trkpt lat="24.4640413485467433929443359375" lon="118.154452331364154815673828125">
        <ele>135.399993896484375</ele>
        <time>2026-09-23T12:40:16.000Z</time>
        <extensions>
          <ns3:TrackPointExtension>
            <ns3:atemp>29.0</ns3:atemp>
            <ns3:hr>137</ns3:hr>
          </ns3:TrackPointExtension>
        </extensions>
      </trkpt>
      <trkpt lat="24.46402810513973236083984375" lon="118.15444252453744411468505859375">
        <ele>136.399993896484375</ele>
        <time>2026-09-23T12:40:23.000Z</time>
        <extensions>
          <ns3:TrackPointExtension>
            <ns3:atemp>29.0</ns3:atemp>
            <ns3:hr>137</ns3:hr>
          </ns3:TrackPointExtension>
        </extensions>
      </trkpt>
      <trkpt lat="24.46402810513973236083984375" lon="118.15444252453744411468505859375">
        <ele>136.399993896484375</ele>
        <time>2026-09-23T12:40:24.000Z</time>
        <extensions>
          <ns3:TrackPointExtension>
            <ns3:atemp>30.0</ns3:atemp>
            <ns3:hr>137</ns3:hr>
          </ns3:TrackPointExtension>
        </extensions>
      </trkpt>
      <trkpt lat="24.4640286080539226531982421875" lon="118.15444252453744411468505859375">
        <ele>137.399993896484375</ele>
        <time>2026-09-23T12:40:35.000Z</time>
        <extensions>
          <ns3:TrackPointExtension>
            <ns3:atemp>29.0</ns3:atemp>
            <ns3:hr>139</ns3:hr>
          </ns3:TrackPointExtension>
        </extensions>
      </trkpt>
      <trkpt lat="24.46401779539883136749267578125" lon="118.15432685427367687225341796875">
        <ele>138.600006103515625</ele>
        <time>2026-09-23T12:41:05.000Z</time>
        <extensions>
          <ns3:TrackPointExtension>
            <ns3:atemp>30.0</ns3:atemp>
            <ns3:hr>139</ns3:hr>
          </ns3:TrackPointExtension>
        </extensions>
      </trkpt>
      <trkpt lat="24.4640165381133556365966796875" lon="118.15431319177150726318359375">
        <ele>138.600006103515625</ele>
        <time>2026-09-23T12:41:08.000Z</time>
        <extensions>
          <ns3:TrackPointExtension>
            <ns3:atemp>30.0</ns3:atemp>
            <ns3:hr>139</ns3:hr>
          </ns3:TrackPointExtension>
        </extensions>
      </trkpt>
      <trkpt lat="24.464015029370784759521484375" lon="118.154307492077350616455078125">
        <ele>138.1999969482421875</ele>
        <time>2026-09-23T12:41:22.000Z</time>
        <extensions>
          <ns3:TrackPointExtension>
            <ns3:atemp>30.0</ns3:atemp>
            <ns3:hr>136</ns3:hr>
          </ns3:TrackPointExtension>
        </extensions>
      </trkpt>
      <trkpt lat="24.4640172086656093597412109375" lon="118.1542910635471343994140625">
        <ele>139.8000030517578125</ele>
        <time>2026-09-23T12:41:34.000Z</time>
        <extensions>
          <ns3:TrackPointExtension>
            <ns3:atemp>30.0</ns3:atemp>
            <ns3:hr>137</ns3:hr>
          </ns3:TrackPointExtension>
        </extensions>
      </trkpt>
      <trkpt lat="24.46403070352971553802490234375" lon="118.15426197834312915802001953125">
        <ele>140.1999969482421875</ele>
        <time>2026-09-23T12:41:41.000Z</time>
        <extensions>
          <ns3:TrackPointExtension>
            <ns3:atemp>30.0</ns3:atemp>
            <ns3:hr>136</ns3:hr>
          </ns3:TrackPointExtension>
        </extensions>
      </trkpt>
      <trkpt lat="24.46403137408196926116943359375" lon="118.15425963141024112701416015625">
        <ele>140.1999969482421875</ele>
        <time>2026-09-23T12:41:45.000Z</time>
        <extensions>
          <ns3:TrackPointExtension>
            <ns3:atemp>30.0</ns3:atemp>
            <ns3:hr>133</ns3:hr>
          </ns3:TrackPointExtension>
        </extensions>
      </trkpt>
      <trkpt lat="24.46403137408196926116943359375" lon="118.15425963141024112701416015625">
        <ele>141.8000030517578125</ele>
        <time>2026-09-23T12:41:48.000Z</time>
        <extensions>
          <ns3:TrackPointExtension>
            <ns3:atemp>30.0</ns3:atemp>
            <ns3:hr>131</ns3:hr>
          </ns3:TrackPointExtension>
        </extensions>
      </trkpt>
      <trkpt lat="24.46403137408196926116943359375" lon="118.1542561948299407958984375">
        <ele>141.8000030517578125</ele>
        <time>2026-09-23T12:42:00.000Z</time>
        <extensions>
          <ns3:TrackPointExtension>
            <ns3:atemp>30.0</ns3:atemp>
            <ns3:hr>134</ns3:hr>
          </ns3:TrackPointExtension>
        </extensions>
      </trkpt>
      <trkpt lat="24.46403355337679386138916015625" lon="118.154236413538455963134765625">
        <ele>141.600006103515625</ele>
        <time>2026-09-23T12:42:21.000Z</time>
        <extensions>
          <ns3:TrackPointExtension>
            <ns3:atemp>30.0</ns3:atemp>
            <ns3:hr>129</ns3:hr>
          </ns3:TrackPointExtension>
        </extensions>
      </trkpt>
      <trkpt lat="24.4640259258449077606201171875" lon="118.15423264168202877044677734375">
        <ele>141.1999969482421875</ele>
        <time>2026-09-23T12:42:39.000Z</time>
        <extensions>
          <ns3:TrackPointExtension>
            <ns3:atemp>30.0</ns3:atemp>
            <ns3:hr>126</ns3:hr>
          </ns3:TrackPointExtension>
        </extensions>
      </trkpt>
      <trkpt lat="24.46402517147362232208251953125" lon="118.15423197112977504730224609375">
        <ele>141.600006103515625</ele>
        <time>2026-09-23T12:42:43.000Z</time>
        <extensions>
          <ns3:TrackPointExtension>
            <ns3:atemp>30.0</ns3:atemp>
            <ns3:hr>129</ns3:hr>
          </ns3:TrackPointExtension>
        </extensions>
      </trkpt>
      <trkpt lat="24.46402567438781261444091796875" lon="118.15422677434980869293212890625">
        <ele>141.8000030517578125</ele>
        <time>2026-09-23T12:42:57.000Z</time>
        <extensions>
          <ns3:TrackPointExtension>
            <ns3:atemp>30.0</ns3:atemp>
            <ns3:hr>132</ns3:hr>
          </ns3:TrackPointExtension>
        </extensions>
      </trkpt>
      <trkpt lat="24.46402609348297119140625" lon="118.15422593615949153900146484375">
        <ele>143.8000030517578125</ele>
        <time>2026-09-23T12:42:59.000Z</time>
        <extensions>
          <ns3:TrackPointExtension>
            <ns3:atemp>30.0</ns3:atemp>
            <ns3:hr>132</ns3:hr>
          </ns3:TrackPointExtension>
        </extensions>
      </trkpt>
      <trkpt lat="24.46402735076844692230224609375" lon="118.1542013771831989288330078125">
        <ele>144</ele>
        <time>2026-09-23T12:43:13.000Z</time>
        <extensions>
          <ns3:TrackPointExtension>
            <ns3:atemp>30.0</ns3:atemp>
            <ns3:hr>135</ns3:hr>
          </ns3:TrackPointExtension>
        </extensions>
      </trkpt>
      <trkpt lat="24.46402014233171939849853515625" lon="118.1541899777948856353759765625">
        <ele>145</ele>
        <time>2026-09-23T12:43:17.000Z</time>
        <extensions>
          <ns3:TrackPointExtension>
            <ns3:atemp>30.0</ns3:atemp>
            <ns3:hr>135</ns3:hr>
          </ns3:TrackPointExtension>
        </extensions>
      </trkpt>
      <trkpt lat="24.46401645429432392120361328125" lon="118.15418503247201442718505859375">
        <ele>145.600006103515625</ele>
        <time>2026-09-23T12:43:20.000Z</time>
        <extensions>
          <ns3:TrackPointExtension>
            <ns3:atemp>30.0</ns3:atemp>
            <ns3:hr>138</ns3:hr>
          </ns3:TrackPointExtension>
        </extensions>
      </trkpt>
      <trkpt lat="24.46401603519916534423828125" lon="118.1541567854583263397216796875">
        <ele>146</ele>
        <time>2026-09-23T12:43:30.000Z</time>
        <extensions>
          <ns3:TrackPointExtension>
            <ns3:atemp>30.0</ns3:atemp>
            <ns3:hr>137</ns3:hr>
          </ns3:TrackPointExtension>
        </extensions>
      </trkpt>
      <trkpt lat="24.46403539739549160003662109375" lon="118.1541366688907146453857421875">
        <ele>145.8000030517578125</ele>
        <time>2026-09-23T12:43:45.000Z</time>
        <extensions>
          <ns3:TrackPointExtension>
            <ns3:atemp>30.0</ns3:atemp>
            <ns3:hr>140</ns3:hr>
          </ns3:TrackPointExtension>
        </extensions>
      </trkpt>
      <trkpt lat="24.4640373252332210540771484375" lon="118.15413482487201690673828125">
        <ele>145.8000030517578125</ele>
        <time>2026-09-23T12:43:46.000Z</time>
        <extensions>
          <ns3:TrackPointExtension>
            <ns3:atemp>30.0</ns3:atemp>
            <ns3:hr>137</ns3:hr>
          </ns3:TrackPointExtension>
        </extensions>
      </trkpt>
      <trkpt lat="24.4640435278415679931640625" lon="118.1541306339204311370849609375">
        <ele>145.8000030517578125</ele>
        <time>2026-09-23T12:43:53.000Z</time>
        <extensions>
          <ns3:TrackPointExtension>
            <ns3:atemp>30.0</ns3:atemp>
            <ns3:hr>134</ns3:hr>
          </ns3:TrackPointExtension>
        </extensions>
      </trkpt>
      <trkpt lat="24.4640457071363925933837890625" lon="118.1541296280920505523681640625">
        <ele>145.8000030517578125</ele>
        <time>2026-09-23T12:43:54.000Z</time>
        <extensions>
          <ns3:TrackPointExtension>
            <ns3:atemp>30.0</ns3:atemp>
            <ns3:hr>137</ns3:hr>
          </ns3:TrackPointExtension>
        </extensions>
      </trkpt>
      <trkpt lat="24.4640735350549221038818359375" lon="118.1540769897401332855224609375">
        <ele>146</ele>
        <time>2026-09-23T12:44:31.000Z</time>
        <extensions>
          <ns3:TrackPointExtension>
            <ns3:atemp>30.0</ns3:atemp>
            <ns3:hr>134</ns3:hr>
          </ns3:TrackPointExtension>
        </extensions>
      </trkpt>
      <trkpt lat="24.46407747454941272735595703125" lon="118.15407221205532550811767578125">
        <ele>147.399993896484375</ele>
        <time>2026-09-23T12:44:35.000Z</time>
        <extensions>
          <ns3:TrackPointExtension>
            <ns3:atemp>30.0</ns3:atemp>
            <ns3:hr>135</ns3:hr>
          </ns3:TrackPointExtension>
        </extensions>
      </trkpt>
      <trkpt lat="24.4640933163464069366455078125" lon="118.15406902693212032318115234375">
        <ele>146.399993896484375</ele>
        <time>2026-09-23T12:44:51.000Z</time>
        <extensions>
          <ns3:TrackPointExtension>
            <ns3:atemp>30.0</ns3:atemp>
            <ns3:hr>137</ns3:hr>
          </ns3:TrackPointExtension>
        </extensions>
      </trkpt>
      <trkpt lat="24.46414436213672161102294921875" lon="118.154067434370517730712890625">
        <ele>145.1999969482421875</ele>
        <time>2026-09-23T12:44:59.000Z</time>
        <extensions>
          <ns3:TrackPointExtension>
            <ns3:atemp>30.0</ns3:atemp>
            <ns3:hr>137</ns3:hr>
          </ns3:TrackPointExtension>
        </extensions>
      </trkpt>
      <trkpt lat="24.464177973568439483642578125" lon="118.15406181849539279937744140625">
        <ele>144.1999969482421875</ele>
        <time>2026-09-23T12:45:04.000Z</time>
        <extensions>
          <ns3:TrackPointExtension>
            <ns3:atemp>30.0</ns3:atemp>
            <ns3:hr>136</ns3:hr>
          </ns3:TrackPointExtension>
        </extensions>
      </trkpt>
      <trkpt lat="24.46418023668229579925537109375" lon="118.1540676020085811614990234375">
        <ele>143.8000030517578125</ele>
        <time>2026-09-23T12:45:05.000Z</time>
        <extensions>
          <ns3:TrackPointExtension>
            <ns3:atemp>30.0</ns3:atemp>
            <ns3:hr>136</ns3:hr>
          </ns3:TrackPointExtension>
        </extensions>
      </trkpt>
      <trkpt lat="24.4641764648258686065673828125" lon="118.1540585495531558990478515625">
        <ele>143.8000030517578125</ele>
        <time>2026-09-23T12:45:10.000Z</time>
        <extensions>
          <ns3:TrackPointExtension>
            <ns3:atemp>30.0</ns3:atemp>
            <ns3:hr>138</ns3:hr>
          </ns3:TrackPointExtension>
        </extensions>
      </trkpt>
      <trkpt lat="24.4641784764826297760009765625" lon="118.15406332723796367645263671875">
        <ele>143.8000030517578125</ele>
        <time>2026-09-23T12:45:25.000Z</time>
        <extensions>
          <ns3:TrackPointExtension>
            <ns3:atemp>30.0</ns3:atemp>
            <ns3:hr>136</ns3:hr>
          </ns3:TrackPointExtension>
        </extensions>
      </trkpt>
      <trkpt lat="24.46418157778680324554443359375" lon="118.15406936220824718475341796875">
        <ele>143.8000030517578125</ele>
        <time>2026-09-23T12:45:32.000Z</time>
        <extensions>
          <ns3:TrackPointExtension>
            <ns3:atemp>30.0</ns3:atemp>
            <ns3:hr>133</ns3:hr>
          </ns3:TrackPointExtension>
        </extensions>
      </trkpt>
      <trkpt lat="24.4641883671283721923828125" lon="118.15405427478253841400146484375">
        <ele>143.600006103515625</ele>
        <time>2026-09-23T12:45:41.000Z</time>
        <extensions>
          <ns3:TrackPointExtension>
            <ns3:atemp>30.0</ns3:atemp>
            <ns3:hr>132</ns3:hr>
          </ns3:TrackPointExtension>
        </extensions>
      </trkpt>
      <trkpt lat="24.46419180370867252349853515625" lon="118.15405301749706268310546875">
        <ele>148.399993896484375</ele>
        <time>2026-09-23T12:45:51.000Z</time>
        <extensions>
          <ns3:TrackPointExtension>
            <ns3:atemp>30.0</ns3:atemp>
            <ns3:hr>131</ns3:hr>
          </ns3:TrackPointExtension>
        </extensions>
      </trkpt>
      <trkpt lat="24.46419180370867252349853515625" lon="118.1540491618216037750244140625">
        <ele>152</ele>
        <time>2026-09-23T12:45:52.000Z</time>
        <extensions>
          <ns3:TrackPointExtension>
            <ns3:atemp>30.0</ns3:atemp>
            <ns3:hr>132</ns3:hr>
          </ns3:TrackPointExtension>
        </extensions>
      </trkpt>
      <trkpt lat="24.46419180370867252349853515625" lon="118.154047988355159759521484375">
        <ele>153.1999969482421875</ele>
        <time>2026-09-23T12:45:53.000Z</time>
        <extensions>
          <ns3:TrackPointExtension>
            <ns3:atemp>30.0</ns3:atemp>
            <ns3:hr>132</ns3:hr>
          </ns3:TrackPointExtension>
        </extensions>
      </trkpt>
      <trkpt lat="24.46419197134673595428466796875" lon="118.154043294489383697509765625">
        <ele>152.1999969482421875</ele>
        <time>2026-09-23T12:46:01.000Z</time>
        <extensions>
          <ns3:TrackPointExtension>
            <ns3:atemp>30.0</ns3:atemp>
            <ns3:hr>135</ns3:hr>
          </ns3:TrackPointExtension>
        </extensions>
      </trkpt>
      <trkpt lat="24.46419171988964080810546875" lon="118.15404069609940052032470703125">
        <ele>148.8000030517578125</ele>
        <time>2026-09-23T12:46:05.000Z</time>
        <extensions>
          <ns3:TrackPointExtension>
            <ns3:atemp>30.0</ns3:atemp>
            <ns3:hr>136</ns3:hr>
          </ns3:TrackPointExtension>
        </extensions>
      </trkpt>
      <trkpt lat="24.46419171988964080810546875" lon="118.15404019318521022796630859375">
        <ele>145.600006103515625</ele>
        <time>2026-09-23T12:46:06.000Z</time>
        <extensions>
          <ns3:TrackPointExtension>
            <ns3:atemp>30.0</ns3:atemp>
            <ns3:hr>136</ns3:hr>
          </ns3:TrackPointExtension>
        </extensions>
      </trkpt>
      <trkpt lat="24.46419163607060909271240234375" lon="118.15404002554714679718017578125">
        <ele>144.399993896484375</ele>
        <time>2026-09-23T12:46:07.000Z</time>
        <extensions>
          <ns3:TrackPointExtension>
            <ns3:atemp>30.0</ns3:atemp>
            <ns3:hr>136</ns3:hr>
          </ns3:TrackPointExtension>
        </extensions>
      </trkpt>
      <trkpt lat="24.46419146843254566192626953125" lon="118.15403985790908336639404296875">
        <ele>113.40000152587890625</ele>
        <time>2026-09-23T12:46:09.000Z</time>
        <extensions>
          <ns3:TrackPointExtension>
            <ns3:atemp>30.0</ns3:atemp>
            <ns3:hr>136</ns3:hr>
          </ns3:TrackPointExtension>
        </extensions>
      </trkpt>
      <trkpt lat="24.464191384613513946533203125" lon="118.15403952263295650482177734375">
        <ele>111.40000152587890625</ele>
        <time>2026-09-23T12:46:10.000Z</time>
        <extensions>
          <ns3:TrackPointExtension>
            <ns3:atemp>30.0</ns3:atemp>
            <ns3:hr>136</ns3:hr>
          </ns3:TrackPointExtension>
        </extensions>
      </trkpt>
      <trkpt lat="24.464191384613513946533203125" lon="118.1540394388139247894287109375">
        <ele>109.59999847412109375</ele>
        <time>2026-09-23T12:46:11.000Z</time>
        <extensions>
          <ns3:TrackPointExtension>
            <ns3:atemp>30.0</ns3:atemp>
            <ns3:hr>137</ns3:hr>
          </ns3:TrackPointExtension>
        </extensions>
      </trkpt>
      <trkpt lat="24.4641912169754505157470703125" lon="118.154039271175861358642578125">
        <ele>107</ele>
        <time>2026-09-23T12:46:12.000Z</time>
        <extensions>
          <ns3:TrackPointExtension>
            <ns3:atemp>30.0</ns3:atemp>
            <ns3:hr>137</ns3:hr>
          </ns3:TrackPointExtension>
        </extensions>
      </trkpt>
      <trkpt lat="24.46419063024222850799560546875" lon="118.15403918735682964324951171875">
        <ele>104.59999847412109375</ele>
        <time>2026-09-23T12:46:13.000Z</time>
        <extensions>
          <ns3:TrackPointExtension>
            <ns3:atemp>30.0</ns3:atemp>
            <ns3:hr>137</ns3:hr>
          </ns3:TrackPointExtension>
        </extensions>
      </trkpt>
      <trkpt lat="24.46419046260416507720947265625" lon="118.1540391035377979278564453125">
        <ele>108</ele>
        <time>2026-09-23T12:46:14.000Z</time>
        <extensions>
          <ns3:TrackPointExtension>
            <ns3:atemp>30.0</ns3:atemp>
            <ns3:hr>137</ns3:hr>
          </ns3:TrackPointExtension>
        </extensions>
      </trkpt>
      <trkpt lat="24.46419046260416507720947265625" lon="118.1540387682616710662841796875">
        <ele>111.1999969482421875</ele>
        <time>2026-09-23T12:46:15.000Z</time>
        <extensions>
          <ns3:TrackPointExtension>
            <ns3:atemp>30.0</ns3:atemp>
            <ns3:hr>137</ns3:hr>
          </ns3:TrackPointExtension>
        </extensions>
      </trkpt>
      <trkpt lat="24.46418995968997478485107421875" lon="118.15403826534748077392578125">
        <ele>126.40000152587890625</ele>
        <time>2026-09-23T12:46:17.000Z</time>
        <extensions>
          <ns3:TrackPointExtension>
            <ns3:atemp>30.0</ns3:atemp>
            <ns3:hr>137</ns3:hr>
          </ns3:TrackPointExtension>
        </extensions>
      </trkpt>
      <trkpt lat="24.4641898758709430694580078125" lon="118.15403818152844905853271484375">
        <ele>138.399993896484375</ele>
        <time>2026-09-23T12:46:18.000Z</time>
        <extensions>
          <ns3:TrackPointExtension>
            <ns3:atemp>30.0</ns3:atemp>
            <ns3:hr>137</ns3:hr>
          </ns3:TrackPointExtension>
        </extensions>
      </trkpt>
      <trkpt lat="24.464189708232879638671875" lon="118.1540377624332904815673828125">
        <ele>142.600006103515625</ele>
        <time>2026-09-23T12:46:19.000Z</time>
        <extensions>
          <ns3:TrackPointExtension>
            <ns3:atemp>30.0</ns3:atemp>
            <ns3:hr>137</ns3:hr>
          </ns3:TrackPointExtension>
        </extensions>
      </trkpt>
      <trkpt lat="24.4641895405948162078857421875" lon="118.1540374271571636199951171875">
        <ele>144</ele>
        <time>2026-09-23T12:46:20.000Z</time>
        <extensions>
          <ns3:TrackPointExtension>
            <ns3:atemp>30.0</ns3:atemp>
            <ns3:hr>138</ns3:hr>
          </ns3:TrackPointExtension>
        </extensions>
      </trkpt>
      <trkpt lat="24.4641895405948162078857421875" lon="118.1540334038436412811279296875">
        <ele>145</ele>
        <time>2026-09-23T12:46:27.000Z</time>
        <extensions>
          <ns3:TrackPointExtension>
            <ns3:atemp>30.0</ns3:atemp>
            <ns3:hr>139</ns3:hr>
          </ns3:TrackPointExtension>
        </extensions>
      </trkpt>
      <trkpt lat="24.464209489524364471435546875" lon="118.15401689149439334869384765625">
        <ele>132.1999969482421875</ele>
        <time>2026-09-23T12:47:02.000Z</time>
        <extensions>
          <ns3:TrackPointExtension>
            <ns3:atemp>30.0</ns3:atemp>
            <ns3:hr>138</ns3:hr>
          </ns3:TrackPointExtension>
        </extensions>
      </trkpt>
      <trkpt lat="24.464209489524364471435546875" lon="118.1540132872760295867919921875">
        <ele>130</ele>
        <time>2026-09-23T12:47:04.000Z</time>
        <extensions>
          <ns3:TrackPointExtension>
            <ns3:atemp>30.0</ns3:atemp>
            <ns3:hr>137</ns3:hr>
          </ns3:TrackPointExtension>
        </extensions>
      </trkpt>
      <trkpt lat="24.464209489524364471435546875" lon="118.1540122814476490020751953125">
        <ele>127.1999969482421875</ele>
        <time>2026-09-23T12:47:05.000Z</time>
        <extensions>
          <ns3:TrackPointExtension>
            <ns3:atemp>30.0</ns3:atemp>
            <ns3:hr>137</ns3:hr>
          </ns3:TrackPointExtension>
        </extensions>
      </trkpt>
      <trkpt lat="24.464209489524364471435546875" lon="118.15401144325733184814453125">
        <ele>130.399993896484375</ele>
        <time>2026-09-23T12:47:06.000Z</time>
        <extensions>
          <ns3:TrackPointExtension>
            <ns3:atemp>30.0</ns3:atemp>
            <ns3:hr>138</ns3:hr>
          </ns3:TrackPointExtension>
        </extensions>
      </trkpt>
      <trkpt lat="24.464209489524364471435546875" lon="118.15401102416217327117919921875">
        <ele>133</ele>
        <time>2026-09-23T12:47:07.000Z</time>
        <extensions>
          <ns3:TrackPointExtension>
            <ns3:atemp>30.0</ns3:atemp>
            <ns3:hr>137</ns3:hr>
          </ns3:TrackPointExtension>
        </extensions>
      </trkpt>
      <trkpt lat="24.464209489524364471435546875" lon="118.1540106050670146942138671875">
        <ele>140</ele>
        <time>2026-09-23T12:47:08.000Z</time>
        <extensions>
          <ns3:TrackPointExtension>
            <ns3:atemp>30.0</ns3:atemp>
            <ns3:hr>137</ns3:hr>
          </ns3:TrackPointExtension>
        </extensions>
      </trkpt>
      <trkpt lat="24.464209489524364471435546875" lon="118.15401035360991954803466796875">
        <ele>141.8000030517578125</ele>
        <time>2026-09-23T12:47:09.000Z</time>
        <extensions>
          <ns3:TrackPointExtension>
            <ns3:atemp>30.0</ns3:atemp>
            <ns3:hr>136</ns3:hr>
          </ns3:TrackPointExtension>
        </extensions>
      </trkpt>
      <trkpt lat="24.46420890279114246368408203125" lon="118.15400918014347553253173828125">
        <ele>143.8000030517578125</ele>
        <time>2026-09-23T12:47:11.000Z</time>
        <extensions>
          <ns3:TrackPointExtension>
            <ns3:atemp>30.0</ns3:atemp>
            <ns3:hr>137</ns3:hr>
          </ns3:TrackPointExtension>
        </extensions>
      </trkpt>
      <trkpt lat="24.464208818972110748291015625" lon="118.15400817431509494781494140625">
        <ele>145.399993896484375</ele>
        <time>2026-09-23T12:47:12.000Z</time>
        <extensions>
          <ns3:TrackPointExtension>
            <ns3:atemp>30.0</ns3:atemp>
            <ns3:hr>137</ns3:hr>
          </ns3:TrackPointExtension>
        </extensions>
      </trkpt>
      <trkpt lat="24.4642083160579204559326171875" lon="118.154005073010921478271484375">
        <ele>146.600006103515625</ele>
        <time>2026-09-23T12:47:15.000Z</time>
        <extensions>
          <ns3:TrackPointExtension>
            <ns3:atemp>30.0</ns3:atemp>
            <ns3:hr>138</ns3:hr>
          </ns3:TrackPointExtension>
        </extensions>
      </trkpt>
      <trkpt lat="24.4642063044011592864990234375" lon="118.15400205552577972412109375">
        <ele>147.600006103515625</ele>
        <time>2026-09-23T12:47:18.000Z</time>
        <extensions>
          <ns3:TrackPointExtension>
            <ns3:atemp>30.0</ns3:atemp>
            <ns3:hr>139</ns3:hr>
          </ns3:TrackPointExtension>
        </extensions>
      </trkpt>
      <trkpt lat="24.464188702404499053955078125" lon="118.1539852917194366455078125">
        <ele>148.600006103515625</ele>
        <time>2026-09-23T12:47:27.000Z</time>
        <extensions>
          <ns3:TrackPointExtension>
            <ns3:atemp>30.0</ns3:atemp>
            <ns3:hr>142</ns3:hr>
          </ns3:TrackPointExtension>
        </extensions>
      </trkpt>
      <trkpt lat="24.46418744511902332305908203125" lon="118.15398403443396091461181640625">
        <ele>148.8000030517578125</ele>
        <time>2026-09-23T12:47:28.000Z</time>
        <extensions>
          <ns3:TrackPointExtension>
            <ns3:atemp>30.0</ns3:atemp>
            <ns3:hr>142</ns3:hr>
          </ns3:TrackPointExtension>
        </extensions>
      </trkpt>
      <trkpt lat="24.46416196413338184356689453125" lon="118.1539720483124256134033203125">
        <ele>149.1999969482421875</ele>
        <time>2026-09-23T12:47:51.000Z</time>
        <extensions>
          <ns3:TrackPointExtension>
            <ns3:atemp>30.0</ns3:atemp>
            <ns3:hr>139</ns3:hr>
          </ns3:TrackPointExtension>
        </extensions>
      </trkpt>
      <trkpt lat="24.46414721198379993438720703125" lon="118.1539663486182689666748046875">
        <ele>149.399993896484375</ele>
        <time>2026-09-23T12:48:06.000Z</time>
        <extensions>
          <ns3:TrackPointExtension>
            <ns3:atemp>30.0</ns3:atemp>
            <ns3:hr>142</ns3:hr>
          </ns3:TrackPointExtension>
        </extensions>
      </trkpt>
      <trkpt lat="24.4641392491757869720458984375" lon="118.15395243465900421142578125">
        <ele>149.399993896484375</ele>
        <time>2026-09-23T12:48:13.000Z</time>
        <extensions>
          <ns3:TrackPointExtension>
            <ns3:atemp>30.0</ns3:atemp>
            <ns3:hr>139</ns3:hr>
          </ns3:TrackPointExtension>
        </extensions>
      </trkpt>
      <trkpt lat="24.4641374051570892333984375" lon="118.15394598059356212615966796875">
        <ele>149.399993896484375</ele>
        <time>2026-09-23T12:48:17.000Z</time>
        <extensions>
          <ns3:TrackPointExtension>
            <ns3:atemp>30.0</ns3:atemp>
            <ns3:hr>142</ns3:hr>
          </ns3:TrackPointExtension>
        </extensions>
      </trkpt>
      <trkpt lat="24.46413648314774036407470703125" lon="118.15394430421292781829833984375">
        <ele>149.399993896484375</ele>
        <time>2026-09-23T12:48:19.000Z</time>
        <extensions>
          <ns3:TrackPointExtension>
            <ns3:atemp>30.0</ns3:atemp>
            <ns3:hr>145</ns3:hr>
          </ns3:TrackPointExtension>
        </extensions>
      </trkpt>
      <trkpt lat="24.4641348905861377716064453125" lon="118.153942711651325225830078125">
        <ele>149.399993896484375</ele>
        <time>2026-09-23T12:48:22.000Z</time>
        <extensions>
          <ns3:TrackPointExtension>
            <ns3:atemp>30.0</ns3:atemp>
            <ns3:hr>148</ns3:hr>
          </ns3:TrackPointExtension>
        </extensions>
      </trkpt>
      <trkpt lat="24.46413061581552028656005859375" lon="118.15394841134548187255859375">
        <ele>148.8000030517578125</ele>
        <time>2026-09-23T12:48:49.000Z</time>
        <extensions>
          <ns3:TrackPointExtension>
            <ns3:atemp>30.0</ns3:atemp>
            <ns3:hr>145</ns3:hr>
          </ns3:TrackPointExtension>
        </extensions>
      </trkpt>
      <trkpt lat="24.46413061581552028656005859375" lon="118.15395436249673366546630859375">
        <ele>148.8000030517578125</ele>
        <time>2026-09-23T12:48:55.000Z</time>
        <extensions>
          <ns3:TrackPointExtension>
            <ns3:atemp>30.0</ns3:atemp>
            <ns3:hr>142</ns3:hr>
          </ns3:TrackPointExtension>
        </extensions>
      </trkpt>
      <trkpt lat="24.464131034910678863525390625" lon="118.15395721234381198883056640625">
        <ele>148.600006103515625</ele>
        <time>2026-09-23T12:49:07.000Z</time>
        <extensions>
          <ns3:TrackPointExtension>
            <ns3:atemp>30.0</ns3:atemp>
            <ns3:hr>139</ns3:hr>
          </ns3:TrackPointExtension>
        </extensions>
      </trkpt>
      <trkpt lat="24.464131034910678863525390625" lon="118.1539571285247802734375">
        <ele>148.8000030517578125</ele>
        <time>2026-09-23T12:49:09.000Z</time>
        <extensions>
          <ns3:TrackPointExtension>
            <ns3:atemp>30.0</ns3:atemp>
            <ns3:hr>136</ns3:hr>
          </ns3:TrackPointExtension>
        </extensions>
      </trkpt>
      <trkpt lat="24.464131034910678863525390625" lon="118.15395737998187541961669921875">
        <ele>148.600006103515625</ele>
        <time>2026-09-23T12:49:16.000Z</time>
        <extensions>
          <ns3:TrackPointExtension>
            <ns3:atemp>30.0</ns3:atemp>
            <ns3:hr>133</ns3:hr>
          </ns3:TrackPointExtension>
        </extensions>
      </trkpt>
      <trkpt lat="24.46413078345358371734619140625" lon="118.15395721234381198883056640625">
        <ele>150</ele>
        <time>2026-09-23T12:49:24.000Z</time>
        <extensions>
          <ns3:TrackPointExtension>
            <ns3:atemp>30.0</ns3:atemp>
            <ns3:hr>133</ns3:hr>
          </ns3:TrackPointExtension>
        </extensions>
      </trkpt>
      <trkpt lat="24.464131034910678863525390625" lon="118.15395536832511425018310546875">
        <ele>150.600006103515625</ele>
        <time>2026-09-23T12:49:48.000Z</time>
        <extensions>
          <ns3:TrackPointExtension>
            <ns3:atemp>30.0</ns3:atemp>
            <ns3:hr>130</ns3:hr>
          </ns3:TrackPointExtension>
        </extensions>
      </trkpt>
      <trkpt lat="24.464131034910678863525390625" lon="118.1539552845060825347900390625">
        <ele>150.600006103515625</ele>
        <time>2026-09-23T12:49:49.000Z</time>
        <extensions>
          <ns3:TrackPointExtension>
            <ns3:atemp>30.0</ns3:atemp>
            <ns3:hr>133</ns3:hr>
          </ns3:TrackPointExtension>
        </extensions>
      </trkpt>
      <trkpt lat="24.46413111872971057891845703125" lon="118.15395486541092395782470703125">
        <ele>150.399993896484375</ele>
        <time>2026-09-23T12:49:57.000Z</time>
        <extensions>
          <ns3:TrackPointExtension>
            <ns3:atemp>30.0</ns3:atemp>
            <ns3:hr>136</ns3:hr>
          </ns3:TrackPointExtension>
        </extensions>
      </trkpt>
      <trkpt lat="24.46413128636777400970458984375" lon="118.15395436249673366546630859375">
        <ele>151.1999969482421875</ele>
        <time>2026-09-23T12:50:01.000Z</time>
        <extensions>
          <ns3:TrackPointExtension>
            <ns3:atemp>30.0</ns3:atemp>
            <ns3:hr>135</ns3:hr>
          </ns3:TrackPointExtension>
        </extensions>
      </trkpt>
      <trkpt lat="24.46413195692002773284912109375" lon="118.15395335666835308074951171875">
        <ele>151.399993896484375</ele>
        <time>2026-09-23T12:50:12.000Z</time>
        <extensions>
          <ns3:TrackPointExtension>
            <ns3:atemp>30.0</ns3:atemp>
            <ns3:hr>138</ns3:hr>
          </ns3:TrackPointExtension>
        </extensions>
      </trkpt>
      <trkpt lat="24.46413313038647174835205078125" lon="118.15395176410675048828125">
        <ele>151.8000030517578125</ele>
        <time>2026-09-23T12:50:27.000Z</time>
        <extensions>
          <ns3:TrackPointExtension>
            <ns3:atemp>30.0</ns3:atemp>
            <ns3:hr>141</ns3:hr>
          </ns3:TrackPointExtension>
        </extensions>
      </trkpt>
      <trkpt lat="24.46413313038647174835205078125" lon="118.1539515964686870574951171875">
        <ele>152.1999969482421875</ele>
        <time>2026-09-23T12:50:28.000Z</time>
        <extensions>
          <ns3:TrackPointExtension>
            <ns3:atemp>30.0</ns3:atemp>
            <ns3:hr>141</ns3:hr>
          </ns3:TrackPointExtension>
        </extensions>
      </trkpt>
      <trkpt lat="24.4641332142055034637451171875" lon="118.15395050682127475738525390625">
        <ele>152.600006103515625</ele>
        <time>2026-09-23T12:50:36.000Z</time>
        <extensions>
          <ns3:TrackPointExtension>
            <ns3:atemp>30.0</ns3:atemp>
            <ns3:hr>144</ns3:hr>
          </ns3:TrackPointExtension>
        </extensions>
      </trkpt>
      <trkpt lat="24.4641332142055034637451171875" lon="118.1539502553641796112060546875">
        <ele>153.1999969482421875</ele>
        <time>2026-09-23T12:50:38.000Z</time>
        <extensions>
          <ns3:TrackPointExtension>
            <ns3:atemp>30.0</ns3:atemp>
            <ns3:hr>145</ns3:hr>
          </ns3:TrackPointExtension>
        </extensions>
      </trkpt>
      <trkpt lat="24.46413313038647174835205078125" lon="118.15394950099289417266845703125">
        <ele>154.399993896484375</ele>
        <time>2026-09-23T12:50:45.000Z</time>
        <extensions>
          <ns3:TrackPointExtension>
            <ns3:atemp>30.0</ns3:atemp>
            <ns3:hr>145</ns3:hr>
          </ns3:TrackPointExtension>
        </extensions>
      </trkpt>
      <trkpt lat="24.46413313038647174835205078125" lon="118.15394933335483074188232421875">
        <ele>154.8000030517578125</ele>
        <time>2026-09-23T12:50:47.000Z</time>
        <extensions>
          <ns3:TrackPointExtension>
            <ns3:atemp>30.0</ns3:atemp>
            <ns3:hr>148</ns3:hr>
          </ns3:TrackPointExtension>
        </extensions>
      </trkpt>
      <trkpt lat="24.46413329802453517913818359375" lon="118.153946064412593841552734375">
        <ele>155.399993896484375</ele>
        <time>2026-09-23T12:51:06.000Z</time>
        <extensions>
          <ns3:TrackPointExtension>
            <ns3:atemp>30.0</ns3:atemp>
            <ns3:hr>149</ns3:hr>
          </ns3:TrackPointExtension>
        </extensions>
      </trkpt>
      <trkpt lat="24.4641332142055034637451171875" lon="118.15394497476518154144287109375">
        <ele>156.600006103515625</ele>
        <time>2026-09-23T12:51:11.000Z</time>
        <extensions>
          <ns3:TrackPointExtension>
            <ns3:atemp>30.0</ns3:atemp>
            <ns3:hr>148</ns3:hr>
          </ns3:TrackPointExtension>
        </extensions>
      </trkpt>
      <trkpt lat="24.46413296274840831756591796875" lon="118.1539428792893886566162109375">
        <ele>157.600006103515625</ele>
        <time>2026-09-23T12:51:20.000Z</time>
        <extensions>
          <ns3:TrackPointExtension>
            <ns3:atemp>30.0</ns3:atemp>
            <ns3:hr>148</ns3:hr>
          </ns3:TrackPointExtension>
        </extensions>
      </trkpt>
      <trkpt lat="24.46413296274840831756591796875" lon="118.153942711651325225830078125">
        <ele>158.1999969482421875</ele>
        <time>2026-09-23T12:51:21.000Z</time>
        <extensions>
          <ns3:TrackPointExtension>
            <ns3:atemp>30.0</ns3:atemp>
            <ns3:hr>148</ns3:hr>
          </ns3:TrackPointExtension>
        </extensions>
      </trkpt>
      <trkpt lat="24.46413279511034488677978515625" lon="118.1539423763751983642578125">
        <ele>158.8000030517578125</ele>
        <time>2026-09-23T12:51:24.000Z</time>
        <extensions>
          <ns3:TrackPointExtension>
            <ns3:atemp>30.0</ns3:atemp>
            <ns3:hr>147</ns3:hr>
          </ns3:TrackPointExtension>
        </extensions>
      </trkpt>
      <trkpt lat="24.46413128636777400970458984375" lon="118.1539378501474857330322265625">
        <ele>158.600006103515625</ele>
        <time>2026-09-23T12:51:46.000Z</time>
        <extensions>
          <ns3:TrackPointExtension>
            <ns3:atemp>29.0</ns3:atemp>
            <ns3:hr>150</ns3:hr>
          </ns3:TrackPointExtension>
        </extensions>
      </trkpt>
      <trkpt lat="24.46412198245525360107421875" lon="118.15391044132411479949951171875">
        <ele>158.399993896484375</ele>
        <time>2026-09-23T12:51:52.000Z</time>
        <extensions>
          <ns3:TrackPointExtension>
            <ns3:atemp>29.0</ns3:atemp>
            <ns3:hr>153</ns3:hr>
          </ns3:TrackPointExtension>
        </extensions>
      </trkpt>
      <trkpt lat="24.4641033746302127838134765625" lon="118.15384238027036190032958984375">
        <ele>158.1999969482421875</ele>
        <time>2026-09-23T12:51:55.000Z</time>
        <extensions>
          <ns3:TrackPointExtension>
            <ns3:atemp>29.0</ns3:atemp>
            <ns3:hr>154</ns3:hr>
          </ns3:TrackPointExtension>
        </extensions>
      </trkpt>
      <trkpt lat="24.4640604592859745025634765625" lon="118.153727464377880096435546875">
        <ele>158.1999969482421875</ele>
        <time>2026-09-23T12:52:03.000Z</time>
        <extensions>
          <ns3:TrackPointExtension>
            <ns3:atemp>29.0</ns3:atemp>
            <ns3:hr>155</ns3:hr>
          </ns3:TrackPointExtension>
        </extensions>
      </trkpt>
      <trkpt lat="24.46405014954507350921630859375" lon="118.15372847020626068115234375">
        <ele>160</ele>
        <time>2026-09-23T12:52:11.000Z</time>
        <extensions>
          <ns3:TrackPointExtension>
            <ns3:atemp>29.0</ns3:atemp>
            <ns3:hr>157</ns3:hr>
          </ns3:TrackPointExtension>
        </extensions>
      </trkpt>
      <trkpt lat="24.46404755115509033203125" lon="118.15372955985367298126220703125">
        <ele>160</ele>
        <time>2026-09-23T12:52:12.000Z</time>
        <extensions>
          <ns3:TrackPointExtension>
            <ns3:atemp>29.0</ns3:atemp>
            <ns3:hr>158</ns3:hr>
          </ns3:TrackPointExtension>
        </extensions>
      </trkpt>
      <trkpt lat="24.464036487042903900146484375" lon="118.1537132151424884796142578125">
        <ele>160.8000030517578125</ele>
        <time>2026-09-23T12:52:20.000Z</time>
        <extensions>
          <ns3:TrackPointExtension>
            <ns3:atemp>29.0</ns3:atemp>
            <ns3:hr>159</ns3:hr>
          </ns3:TrackPointExtension>
        </extensions>
      </trkpt>
      <trkpt lat="24.46403372101485729217529296875" lon="118.15371715463697910308837890625">
        <ele>161</ele>
        <time>2026-09-23T12:52:21.000Z</time>
        <extensions>
          <ns3:TrackPointExtension>
            <ns3:atemp>29.0</ns3:atemp>
            <ns3:hr>158</ns3:hr>
          </ns3:TrackPointExtension>
        </extensions>
      </trkpt>
      <trkpt lat="24.4640326313674449920654296875" lon="118.1537170708179473876953125">
        <ele>161.1999969482421875</ele>
        <time>2026-09-23T12:52:28.000Z</time>
        <extensions>
          <ns3:TrackPointExtension>
            <ns3:atemp>29.0</ns3:atemp>
            <ns3:hr>157</ns3:hr>
          </ns3:TrackPointExtension>
        </extensions>
      </trkpt>
      <trkpt lat="24.4640182144939899444580078125" lon="118.15370759926736354827880859375">
        <ele>162</ele>
        <time>2026-09-23T12:52:30.000Z</time>
        <extensions>
          <ns3:TrackPointExtension>
            <ns3:atemp>29.0</ns3:atemp>
            <ns3:hr>156</ns3:hr>
          </ns3:TrackPointExtension>
        </extensions>
      </trkpt>
      <trkpt lat="24.4640167057514190673828125" lon="118.15370843745768070220947265625">
        <ele>162.8000030517578125</ele>
        <time>2026-09-23T12:52:32.000Z</time>
        <extensions>
          <ns3:TrackPointExtension>
            <ns3:atemp>29.0</ns3:atemp>
            <ns3:hr>156</ns3:hr>
          </ns3:TrackPointExtension>
        </extensions>
      </trkpt>
      <trkpt lat="24.46401108987629413604736328125" lon="118.15371950156986713409423828125">
        <ele>162.1999969482421875</ele>
        <time>2026-09-23T12:52:38.000Z</time>
        <extensions>
          <ns3:TrackPointExtension>
            <ns3:atemp>29.0</ns3:atemp>
            <ns3:hr>155</ns3:hr>
          </ns3:TrackPointExtension>
        </extensions>
      </trkpt>
      <trkpt lat="24.4640031270682811737060546875" lon="118.1537148915231227874755859375">
        <ele>161.399993896484375</ele>
        <time>2026-09-23T12:52:46.000Z</time>
        <extensions>
          <ns3:TrackPointExtension>
            <ns3:atemp>29.0</ns3:atemp>
            <ns3:hr>155</ns3:hr>
          </ns3:TrackPointExtension>
        </extensions>
      </trkpt>
      <trkpt lat="24.4639729522168636322021484375" lon="118.15370106138288974761962890625">
        <ele>163</ele>
        <time>2026-09-23T12:52:54.000Z</time>
        <extensions>
          <ns3:TrackPointExtension>
            <ns3:atemp>29.0</ns3:atemp>
            <ns3:hr>155</ns3:hr>
          </ns3:TrackPointExtension>
        </extensions>
      </trkpt>
      <trkpt lat="24.4639702700078487396240234375" lon="118.15369737334549427032470703125">
        <ele>163.399993896484375</ele>
        <time>2026-09-23T12:52:55.000Z</time>
        <extensions>
          <ns3:TrackPointExtension>
            <ns3:atemp>29.0</ns3:atemp>
            <ns3:hr>154</ns3:hr>
          </ns3:TrackPointExtension>
        </extensions>
      </trkpt>
      <trkpt lat="24.4639702700078487396240234375" lon="118.15369619987905025482177734375">
        <ele>164</ele>
        <time>2026-09-23T12:53:00.000Z</time>
        <extensions>
          <ns3:TrackPointExtension>
            <ns3:atemp>30.0</ns3:atemp>
            <ns3:hr>155</ns3:hr>
          </ns3:TrackPointExtension>
        </extensions>
      </trkpt>
      <trkpt lat="24.4639702700078487396240234375" lon="118.15369519405066967010498046875">
        <ele>164.399993896484375</ele>
        <time>2026-09-23T12:53:14.000Z</time>
        <extensions>
          <ns3:TrackPointExtension>
            <ns3:atemp>30.0</ns3:atemp>
            <ns3:hr>152</ns3:hr>
          </ns3:TrackPointExtension>
        </extensions>
      </trkpt>
      <trkpt lat="24.4639702700078487396240234375" lon="118.15369301475584506988525390625">
        <ele>165.600006103515625</ele>
        <time>2026-09-23T12:53:17.000Z</time>
        <extensions>
          <ns3:TrackPointExtension>
            <ns3:atemp>30.0</ns3:atemp>
            <ns3:hr>151</ns3:hr>
          </ns3:TrackPointExtension>
        </extensions>
      </trkpt>
      <trkpt lat="24.4639672525227069854736328125" lon="118.15368563868105411529541015625">
        <ele>166.600006103515625</ele>
        <time>2026-09-23T12:53:22.000Z</time>
        <extensions>
          <ns3:TrackPointExtension>
            <ns3:atemp>30.0</ns3:atemp>
            <ns3:hr>150</ns3:hr>
          </ns3:TrackPointExtension>
        </extensions>
      </trkpt>
      <trkpt lat="24.46395979262888431549072265625" lon="118.15365680493414402008056640625">
        <ele>167.600006103515625</ele>
        <time>2026-09-23T12:53:29.000Z</time>
        <extensions>
          <ns3:TrackPointExtension>
            <ns3:atemp>29.0</ns3:atemp>
            <ns3:hr>151</ns3:hr>
          </ns3:TrackPointExtension>
        </extensions>
      </trkpt>
      <trkpt lat="24.463943280279636383056640625" lon="118.15365613438189029693603515625">
        <ele>168</ele>
        <time>2026-09-23T12:53:33.000Z</time>
        <extensions>
          <ns3:TrackPointExtension>
            <ns3:atemp>30.0</ns3:atemp>
            <ns3:hr>151</ns3:hr>
          </ns3:TrackPointExtension>
        </extensions>
      </trkpt>
      <trkpt lat="24.4639434479176998138427734375" lon="118.15364188514649868011474609375">
        <ele>168</ele>
        <time>2026-09-23T12:53:38.000Z</time>
        <extensions>
          <ns3:TrackPointExtension>
            <ns3:atemp>30.0</ns3:atemp>
            <ns3:hr>152</ns3:hr>
          </ns3:TrackPointExtension>
        </extensions>
      </trkpt>
      <trkpt lat="24.46393766440451145172119140625" lon="118.153612799942493438720703125">
        <ele>167.8000030517578125</ele>
        <time>2026-09-23T12:53:44.000Z</time>
        <extensions>
          <ns3:TrackPointExtension>
            <ns3:atemp>30.0</ns3:atemp>
            <ns3:hr>153</ns3:hr>
          </ns3:TrackPointExtension>
        </extensions>
      </trkpt>
      <trkpt lat="24.46393900550901889801025390625" lon="118.153613470494747161865234375">
        <ele>168</ele>
        <time>2026-09-23T12:53:51.000Z</time>
        <extensions>
          <ns3:TrackPointExtension>
            <ns3:atemp>30.0</ns3:atemp>
            <ns3:hr>152</ns3:hr>
          </ns3:TrackPointExtension>
        </extensions>
      </trkpt>
      <trkpt lat="24.4639488123357295989990234375" lon="118.15359964035451412200927734375">
        <ele>168</ele>
        <time>2026-09-23T12:54:10.000Z</time>
        <extensions>
          <ns3:TrackPointExtension>
            <ns3:atemp>30.0</ns3:atemp>
            <ns3:hr>155</ns3:hr>
          </ns3:TrackPointExtension>
        </extensions>
      </trkpt>
      <trkpt lat="24.46394889615476131439208984375" lon="118.15359511412680149078369140625">
        <ele>165.600006103515625</ele>
        <time>2026-09-23T12:54:20.000Z</time>
        <extensions>
          <ns3:TrackPointExtension>
            <ns3:atemp>29.0</ns3:atemp>
            <ns3:hr>154</ns3:hr>
          </ns3:TrackPointExtension>
        </extensions>
      </trkpt>
      <trkpt lat="24.46394897997379302978515625" lon="118.15358899533748626708984375">
        <ele>167.399993896484375</ele>
        <time>2026-09-23T12:54:24.000Z</time>
        <extensions>
          <ns3:TrackPointExtension>
            <ns3:atemp>29.0</ns3:atemp>
            <ns3:hr>154</ns3:hr>
          </ns3:TrackPointExtension>
        </extensions>
      </trkpt>
      <trkpt lat="24.46394856087863445281982421875" lon="118.15358757041394710540771484375">
        <ele>168.600006103515625</ele>
        <time>2026-09-23T12:54:27.000Z</time>
        <extensions>
          <ns3:TrackPointExtension>
            <ns3:atemp>29.0</ns3:atemp>
            <ns3:hr>153</ns3:hr>
          </ns3:TrackPointExtension>
        </extensions>
      </trkpt>
      <trkpt lat="24.46394286118447780609130859375" lon="118.15358371473848819732666015625">
        <ele>168.8000030517578125</ele>
        <time>2026-09-23T12:54:37.000Z</time>
        <extensions>
          <ns3:TrackPointExtension>
            <ns3:atemp>30.0</ns3:atemp>
            <ns3:hr>150</ns3:hr>
          </ns3:TrackPointExtension>
        </extensions>
      </trkpt>
      <trkpt lat="24.46393917314708232879638671875" lon="118.153572566807270050048828125">
        <ele>169.600006103515625</ele>
        <time>2026-09-23T12:54:42.000Z</time>
        <extensions>
          <ns3:TrackPointExtension>
            <ns3:atemp>30.0</ns3:atemp>
            <ns3:hr>151</ns3:hr>
          </ns3:TrackPointExtension>
        </extensions>
      </trkpt>
      <trkpt lat="24.46393732912838459014892578125" lon="118.1535588204860687255859375">
        <ele>170.600006103515625</ele>
        <time>2026-09-23T12:54:52.000Z</time>
        <extensions>
          <ns3:TrackPointExtension>
            <ns3:atemp>30.0</ns3:atemp>
            <ns3:hr>154</ns3:hr>
          </ns3:TrackPointExtension>
        </extensions>
      </trkpt>
      <trkpt lat="24.46393682621419429779052734375" lon="118.153558485209941864013671875">
        <ele>170.8000030517578125</ele>
        <time>2026-09-23T12:54:53.000Z</time>
        <extensions>
          <ns3:TrackPointExtension>
            <ns3:atemp>30.0</ns3:atemp>
            <ns3:hr>154</ns3:hr>
          </ns3:TrackPointExtension>
        </extensions>
      </trkpt>
      <trkpt lat="24.46391880512237548828125" lon="118.1535507738590240478515625">
        <ele>171.600006103515625</ele>
        <time>2026-09-23T12:55:14.000Z</time>
        <extensions>
          <ns3:TrackPointExtension>
            <ns3:atemp>30.0</ns3:atemp>
            <ns3:hr>151</ns3:hr>
          </ns3:TrackPointExtension>
        </extensions>
      </trkpt>
      <trkpt lat="24.46391821838915348052978515625" lon="118.153551109135150909423828125">
        <ele>171.8000030517578125</ele>
        <time>2026-09-23T12:55:15.000Z</time>
        <extensions>
          <ns3:TrackPointExtension>
            <ns3:atemp>30.0</ns3:atemp>
            <ns3:hr>151</ns3:hr>
          </ns3:TrackPointExtension>
        </extensions>
      </trkpt>
      <trkpt lat="24.4638841040432453155517578125" lon="118.15354817546904087066650390625">
        <ele>172.8000030517578125</ele>
        <time>2026-09-23T12:55:23.000Z</time>
        <extensions>
          <ns3:TrackPointExtension>
            <ns3:atemp>30.0</ns3:atemp>
            <ns3:hr>152</ns3:hr>
          </ns3:TrackPointExtension>
        </extensions>
      </trkpt>
      <trkpt lat="24.463854767382144927978515625" lon="118.1535304896533489227294921875">
        <ele>173.1999969482421875</ele>
        <time>2026-09-23T12:55:26.000Z</time>
        <extensions>
          <ns3:TrackPointExtension>
            <ns3:atemp>30.0</ns3:atemp>
            <ns3:hr>151</ns3:hr>
          </ns3:TrackPointExtension>
        </extensions>
      </trkpt>
      <trkpt lat="24.46383708156645298004150390625" lon="118.1535325013101100921630859375">
        <ele>174</ele>
        <time>2026-09-23T12:55:30.000Z</time>
        <extensions>
          <ns3:TrackPointExtension>
            <ns3:atemp>30.0</ns3:atemp>
            <ns3:hr>150</ns3:hr>
          </ns3:TrackPointExtension>
        </extensions>
      </trkpt>
      <trkpt lat="24.46383691392838954925537109375" lon="118.153533674776554107666015625">
        <ele>174.1999969482421875</ele>
        <time>2026-09-23T12:55:32.000Z</time>
        <extensions>
          <ns3:TrackPointExtension>
            <ns3:atemp>30.0</ns3:atemp>
            <ns3:hr>151</ns3:hr>
          </ns3:TrackPointExtension>
        </extensions>
      </trkpt>
      <trkpt lat="24.4638369977474212646484375" lon="118.15353074111044406890869140625">
        <ele>174.600006103515625</ele>
        <time>2026-09-23T12:55:42.000Z</time>
        <extensions>
          <ns3:TrackPointExtension>
            <ns3:atemp>30.0</ns3:atemp>
            <ns3:hr>154</ns3:hr>
          </ns3:TrackPointExtension>
        </extensions>
      </trkpt>
      <trkpt lat="24.4638369977474212646484375" lon="118.15353074111044406890869140625">
        <ele>175</ele>
        <time>2026-09-23T12:55:47.000Z</time>
        <extensions>
          <ns3:TrackPointExtension>
            <ns3:atemp>30.0</ns3:atemp>
            <ns3:hr>155</ns3:hr>
          </ns3:TrackPointExtension>
        </extensions>
      </trkpt>
      <trkpt lat="24.46383691392838954925537109375" lon="118.15353074111044406890869140625">
        <ele>175.399993896484375</ele>
        <time>2026-09-23T12:55:51.000Z</time>
        <extensions>
          <ns3:TrackPointExtension>
            <ns3:atemp>29.0</ns3:atemp>
            <ns3:hr>154</ns3:hr>
          </ns3:TrackPointExtension>
        </extensions>
      </trkpt>
      <trkpt lat="24.46381486952304840087890625" lon="118.1535110436379909515380859375">
        <ele>176.399993896484375</ele>
        <time>2026-09-23T12:56:05.000Z</time>
        <extensions>
          <ns3:TrackPointExtension>
            <ns3:atemp>29.0</ns3:atemp>
            <ns3:hr>155</ns3:hr>
          </ns3:TrackPointExtension>
        </extensions>
      </trkpt>
      <trkpt lat="24.4637774862349033355712890625" lon="118.153486065566539764404296875">
        <ele>176.1999969482421875</ele>
        <time>2026-09-23T12:56:38.000Z</time>
        <extensions>
          <ns3:TrackPointExtension>
            <ns3:atemp>29.0</ns3:atemp>
            <ns3:hr>152</ns3:hr>
          </ns3:TrackPointExtension>
        </extensions>
      </trkpt>
      <trkpt lat="24.46377639658749103546142578125" lon="118.1534835509955883026123046875">
        <ele>176</ele>
        <time>2026-09-23T12:56:45.000Z</time>
        <extensions>
          <ns3:TrackPointExtension>
            <ns3:atemp>29.0</ns3:atemp>
            <ns3:hr>149</ns3:hr>
          </ns3:TrackPointExtension>
        </extensions>
      </trkpt>
      <trkpt lat="24.46377865970134735107421875" lon="118.1534889154136180877685546875">
        <ele>176.1999969482421875</ele>
        <time>2026-09-23T12:57:05.000Z</time>
        <extensions>
          <ns3:TrackPointExtension>
            <ns3:atemp>29.0</ns3:atemp>
            <ns3:hr>146</ns3:hr>
          </ns3:TrackPointExtension>
        </extensions>
      </trkpt>
      <trkpt lat="24.463782347738742828369140625" lon="118.153492771089076995849609375">
        <ele>176.1999969482421875</ele>
        <time>2026-09-23T12:57:09.000Z</time>
        <extensions>
          <ns3:TrackPointExtension>
            <ns3:atemp>29.0</ns3:atemp>
            <ns3:hr>143</ns3:hr>
          </ns3:TrackPointExtension>
        </extensions>
      </trkpt>
      <trkpt lat="24.4637831859290599822998046875" lon="118.15349377691745758056640625">
        <ele>176.1999969482421875</ele>
        <time>2026-09-23T12:57:12.000Z</time>
        <extensions>
          <ns3:TrackPointExtension>
            <ns3:atemp>29.0</ns3:atemp>
            <ns3:hr>140</ns3:hr>
          </ns3:TrackPointExtension>
        </extensions>
      </trkpt>
      <trkpt lat="24.46378326974809169769287109375" lon="118.1534946151077747344970703125">
        <ele>176.399993896484375</ele>
        <time>2026-09-23T12:57:16.000Z</time>
        <extensions>
          <ns3:TrackPointExtension>
            <ns3:atemp>29.0</ns3:atemp>
            <ns3:hr>138</ns3:hr>
          </ns3:TrackPointExtension>
        </extensions>
      </trkpt>
      <trkpt lat="24.46377933025360107421875" lon="118.15349377691745758056640625">
        <ele>176.8000030517578125</ele>
        <time>2026-09-23T12:57:28.000Z</time>
        <extensions>
          <ns3:TrackPointExtension>
            <ns3:atemp>29.0</ns3:atemp>
            <ns3:hr>141</ns3:hr>
          </ns3:TrackPointExtension>
        </extensions>
      </trkpt>
      <trkpt lat="24.4637724570930004119873046875" lon="118.15348061732947826385498046875">
        <ele>176.600006103515625</ele>
        <time>2026-09-23T12:57:38.000Z</time>
        <extensions>
          <ns3:TrackPointExtension>
            <ns3:atemp>29.0</ns3:atemp>
            <ns3:hr>138</ns3:hr>
          </ns3:TrackPointExtension>
        </extensions>
      </trkpt>
      <trkpt lat="24.46377388201653957366943359375" lon="118.15347357653081417083740234375">
        <ele>177</ele>
        <time>2026-09-23T12:57:54.000Z</time>
        <extensions>
          <ns3:TrackPointExtension>
            <ns3:atemp>29.0</ns3:atemp>
            <ns3:hr>135</ns3:hr>
          </ns3:TrackPointExtension>
        </extensions>
      </trkpt>
      <trkpt lat="24.46377438493072986602783203125" lon="118.15347231924533843994140625">
        <ele>176.600006103515625</ele>
        <time>2026-09-23T12:58:04.000Z</time>
        <extensions>
          <ns3:TrackPointExtension>
            <ns3:atemp>29.0</ns3:atemp>
            <ns3:hr>138</ns3:hr>
          </ns3:TrackPointExtension>
        </extensions>
      </trkpt>
      <trkpt lat="24.46377438493072986602783203125" lon="118.1534714810550212860107421875">
        <ele>176.600006103515625</ele>
        <time>2026-09-23T12:58:11.000Z</time>
        <extensions>
          <ns3:TrackPointExtension>
            <ns3:atemp>29.0</ns3:atemp>
            <ns3:hr>141</ns3:hr>
          </ns3:TrackPointExtension>
        </extensions>
      </trkpt>
      <trkpt lat="24.46377438493072986602783203125" lon="118.153470642864704132080078125">
        <ele>176.600006103515625</ele>
        <time>2026-09-23T12:58:16.000Z</time>
        <extensions>
          <ns3:TrackPointExtension>
            <ns3:atemp>29.0</ns3:atemp>
            <ns3:hr>144</ns3:hr>
          </ns3:TrackPointExtension>
        </extensions>
      </trkpt>
      <trkpt lat="24.46377807296812534332275390625" lon="118.15346385352313518524169921875">
        <ele>177</ele>
        <time>2026-09-23T12:58:31.000Z</time>
        <extensions>
          <ns3:TrackPointExtension>
            <ns3:atemp>29.0</ns3:atemp>
            <ns3:hr>147</ns3:hr>
          </ns3:TrackPointExtension>
        </extensions>
      </trkpt>
      <trkpt lat="24.46377824060618877410888671875" lon="118.15346293151378631591796875">
        <ele>177</ele>
        <time>2026-09-23T12:58:32.000Z</time>
        <extensions>
          <ns3:TrackPointExtension>
            <ns3:atemp>29.0</ns3:atemp>
            <ns3:hr>144</ns3:hr>
          </ns3:TrackPointExtension>
        </extensions>
      </trkpt>
      <trkpt lat="24.46377891115844249725341796875" lon="118.1534573994576930999755859375">
        <ele>176.8000030517578125</ele>
        <time>2026-09-23T12:58:44.000Z</time>
        <extensions>
          <ns3:TrackPointExtension>
            <ns3:atemp>29.0</ns3:atemp>
            <ns3:hr>141</ns3:hr>
          </ns3:TrackPointExtension>
        </extensions>
      </trkpt>
      <trkpt lat="24.46377907879650592803955078125" lon="118.15345647744834423065185546875">
        <ele>177.1999969482421875</ele>
        <time>2026-09-23T12:59:03.000Z</time>
        <extensions>
          <ns3:TrackPointExtension>
            <ns3:atemp>29.0</ns3:atemp>
            <ns3:hr>144</ns3:hr>
          </ns3:TrackPointExtension>
        </extensions>
      </trkpt>
      <trkpt lat="24.4637791626155376434326171875" lon="118.15345731563866138458251953125">
        <ele>177</ele>
        <time>2026-09-23T12:59:08.000Z</time>
        <extensions>
          <ns3:TrackPointExtension>
            <ns3:atemp>29.0</ns3:atemp>
            <ns3:hr>140</ns3:hr>
          </ns3:TrackPointExtension>
        </extensions>
      </trkpt>
      <trkpt lat="24.4637791626155376434326171875" lon="118.15345748327672481536865234375">
        <ele>177</ele>
        <time>2026-09-23T12:59:09.000Z</time>
        <extensions>
          <ns3:TrackPointExtension>
            <ns3:atemp>29.0</ns3:atemp>
            <ns3:hr>135</ns3:hr>
          </ns3:TrackPointExtension>
        </extensions>
      </trkpt>
      <trkpt lat="24.4637791626155376434326171875" lon="118.15345765091478824615478515625">
        <ele>177</ele>
        <time>2026-09-23T12:59:10.000Z</time>
        <extensions>
          <ns3:TrackPointExtension>
            <ns3:atemp>29.0</ns3:atemp>
            <ns3:hr>130</ns3:hr>
          </ns3:TrackPointExtension>
        </extensions>
      </trkpt>
      <trkpt lat="24.46377924643456935882568359375" lon="118.1534580700099468231201171875">
        <ele>177</ele>
        <time>2026-09-23T12:59:15.000Z</time>
        <extensions>
          <ns3:TrackPointExtension>
            <ns3:atemp>29.0</ns3:atemp>
            <ns3:hr>127</ns3:hr>
          </ns3:TrackPointExtension>
        </extensions>
      </trkpt>
      <trkpt lat="24.46377974934875965118408203125" lon="118.15345966257154941558837890625">
        <ele>177</ele>
        <time>2026-09-23T12:59:45.000Z</time>
        <extensions>
          <ns3:TrackPointExtension>
            <ns3:atemp>29.0</ns3:atemp>
            <ns3:hr>124</ns3:hr>
          </ns3:TrackPointExtension>
        </extensions>
      </trkpt>
      <trkpt lat="24.46378058753907680511474609375" lon="118.15346083603799343109130859375">
        <ele>177.1999969482421875</ele>
        <time>2026-09-23T13:00:03.000Z</time>
        <extensions>
          <ns3:TrackPointExtension>
            <ns3:atemp>29.0</ns3:atemp>
            <ns3:hr>127</ns3:hr>
          </ns3:TrackPointExtension>
        </extensions>
      </trkpt>
      <trkpt lat="24.46378075517714023590087890625" lon="118.1534614227712154388427734375">
        <ele>177.1999969482421875</ele>
        <time>2026-09-23T13:00:11.000Z</time>
        <extensions>
          <ns3:TrackPointExtension>
            <ns3:atemp>30.0</ns3:atemp>
            <ns3:hr>129</ns3:hr>
          </ns3:TrackPointExtension>
        </extensions>
      </trkpt>
      <trkpt lat="24.46378092281520366668701171875" lon="118.15346234478056430816650390625">
        <ele>177</ele>
        <time>2026-09-23T13:00:24.000Z</time>
        <extensions>
          <ns3:TrackPointExtension>
            <ns3:atemp>29.0</ns3:atemp>
            <ns3:hr>126</ns3:hr>
          </ns3:TrackPointExtension>
        </extensions>
      </trkpt>
      <trkpt lat="24.46378092281520366668701171875" lon="118.153462596237659454345703125">
        <ele>177.600006103515625</ele>
        <time>2026-09-23T13:00:29.000Z</time>
        <extensions>
          <ns3:TrackPointExtension>
            <ns3:atemp>29.0</ns3:atemp>
            <ns3:hr>126</ns3:hr>
          </ns3:TrackPointExtension>
        </extensions>
      </trkpt>
      <trkpt lat="24.46378092281520366668701171875" lon="118.15346293151378631591796875">
        <ele>177.8000030517578125</ele>
        <time>2026-09-23T13:00:39.000Z</time>
        <extensions>
          <ns3:TrackPointExtension>
            <ns3:atemp>29.0</ns3:atemp>
            <ns3:hr>129</ns3:hr>
          </ns3:TrackPointExtension>
        </extensions>
      </trkpt>
      <trkpt lat="24.463781677186489105224609375" lon="118.15346435643732547760009765625">
        <ele>176.600006103515625</ele>
        <time>2026-09-23T13:01:08.000Z</time>
        <extensions>
          <ns3:TrackPointExtension>
            <ns3:atemp>29.0</ns3:atemp>
            <ns3:hr>128</ns3:hr>
          </ns3:TrackPointExtension>
        </extensions>
      </trkpt>
      <trkpt lat="24.46378209628164768218994140625" lon="118.15346435643732547760009765625">
        <ele>175.399993896484375</ele>
        <time>2026-09-23T13:01:18.000Z</time>
        <extensions>
          <ns3:TrackPointExtension>
            <ns3:atemp>29.0</ns3:atemp>
            <ns3:hr>126</ns3:hr>
          </ns3:TrackPointExtension>
        </extensions>
      </trkpt>
      <trkpt lat="24.46378293447196483612060546875" lon="118.1534647755324840545654296875">
        <ele>176.399993896484375</ele>
        <time>2026-09-23T13:01:30.000Z</time>
        <extensions>
          <ns3:TrackPointExtension>
            <ns3:atemp>30.0</ns3:atemp>
            <ns3:hr>125</ns3:hr>
          </ns3:TrackPointExtension>
        </extensions>
      </trkpt>
      <trkpt lat="24.4637831859290599822998046875" lon="118.1534647755324840545654296875">
        <ele>177.600006103515625</ele>
        <time>2026-09-23T13:01:33.000Z</time>
        <extensions>
          <ns3:TrackPointExtension>
            <ns3:atemp>30.0</ns3:atemp>
            <ns3:hr>127</ns3:hr>
          </ns3:TrackPointExtension>
        </extensions>
      </trkpt>
      <trkpt lat="24.46378326974809169769287109375" lon="118.15346452407538890838623046875">
        <ele>177.8000030517578125</ele>
        <time>2026-09-23T13:01:38.000Z</time>
        <extensions>
          <ns3:TrackPointExtension>
            <ns3:atemp>30.0</ns3:atemp>
            <ns3:hr>130</ns3:hr>
          </ns3:TrackPointExtension>
        </extensions>
      </trkpt>
      <trkpt lat="24.46378377266228199005126953125" lon="118.15346435643732547760009765625">
        <ele>178.1999969482421875</ele>
        <time>2026-09-23T13:01:46.000Z</time>
        <extensions>
          <ns3:TrackPointExtension>
            <ns3:atemp>30.0</ns3:atemp>
            <ns3:hr>127</ns3:hr>
          </ns3:TrackPointExtension>
        </extensions>
      </trkpt>
      <trkpt lat="24.4637845270335674285888671875" lon="118.15346402116119861602783203125">
        <ele>178</ele>
        <time>2026-09-23T13:01:52.000Z</time>
        <extensions>
          <ns3:TrackPointExtension>
            <ns3:atemp>30.0</ns3:atemp>
            <ns3:hr>130</ns3:hr>
          </ns3:TrackPointExtension>
        </extensions>
      </trkpt>
      <trkpt lat="24.46378561668097972869873046875" lon="118.15346385352313518524169921875">
        <ele>178.600006103515625</ele>
        <time>2026-09-23T13:02:05.000Z</time>
        <extensions>
          <ns3:TrackPointExtension>
            <ns3:atemp>30.0</ns3:atemp>
            <ns3:hr>128</ns3:hr>
          </ns3:TrackPointExtension>
        </extensions>
      </trkpt>
      <trkpt lat="24.46378578431904315948486328125" lon="118.1534637697041034698486328125">
        <ele>178.600006103515625</ele>
        <time>2026-09-23T13:02:06.000Z</time>
        <extensions>
          <ns3:TrackPointExtension>
            <ns3:atemp>30.0</ns3:atemp>
            <ns3:hr>131</ns3:hr>
          </ns3:TrackPointExtension>
        </extensions>
      </trkpt>
      <trkpt lat="24.4637858681380748748779296875" lon="118.1534637697041034698486328125">
        <ele>178.600006103515625</ele>
        <time>2026-09-23T13:02:07.000Z</time>
        <extensions>
          <ns3:TrackPointExtension>
            <ns3:atemp>30.0</ns3:atemp>
            <ns3:hr>128</ns3:hr>
          </ns3:TrackPointExtension>
        </extensions>
      </trkpt>
      <trkpt lat="24.46378611959517002105712890625" lon="118.15346368588507175445556640625">
        <ele>175.8000030517578125</ele>
        <time>2026-09-23T13:02:09.000Z</time>
        <extensions>
          <ns3:TrackPointExtension>
            <ns3:atemp>30.0</ns3:atemp>
            <ns3:hr>128</ns3:hr>
          </ns3:TrackPointExtension>
        </extensions>
      </trkpt>
      <trkpt lat="24.4637862034142017364501953125" lon="118.1534636020660400390625">
        <ele>174.600006103515625</ele>
        <time>2026-09-23T13:02:10.000Z</time>
        <extensions>
          <ns3:TrackPointExtension>
            <ns3:atemp>30.0</ns3:atemp>
            <ns3:hr>127</ns3:hr>
          </ns3:TrackPointExtension>
        </extensions>
      </trkpt>
      <trkpt lat="24.4637865386903285980224609375" lon="118.15346351824700832366943359375">
        <ele>176</ele>
        <time>2026-09-23T13:02:13.000Z</time>
        <extensions>
          <ns3:TrackPointExtension>
            <ns3:atemp>30.0</ns3:atemp>
            <ns3:hr>127</ns3:hr>
          </ns3:TrackPointExtension>
        </extensions>
      </trkpt>
      <trkpt lat="24.46378662250936031341552734375" lon="118.1534634344279766082763671875">
        <ele>178.1999969482421875</ele>
        <time>2026-09-23T13:02:14.000Z</time>
        <extensions>
          <ns3:TrackPointExtension>
            <ns3:atemp>30.0</ns3:atemp>
            <ns3:hr>127</ns3:hr>
          </ns3:TrackPointExtension>
        </extensions>
      </trkpt>
      <trkpt lat="24.46378670632839202880859375" lon="118.1534634344279766082763671875">
        <ele>179.399993896484375</ele>
        <time>2026-09-23T13:02:15.000Z</time>
        <extensions>
          <ns3:TrackPointExtension>
            <ns3:atemp>30.0</ns3:atemp>
            <ns3:hr>129</ns3:hr>
          </ns3:TrackPointExtension>
        </extensions>
      </trkpt>
      <trkpt lat="24.46378712542355060577392578125" lon="118.1534630991518497467041015625">
        <ele>180.600006103515625</ele>
        <time>2026-09-23T13:02:18.000Z</time>
        <extensions>
          <ns3:TrackPointExtension>
            <ns3:atemp>30.0</ns3:atemp>
            <ns3:hr>128</ns3:hr>
          </ns3:TrackPointExtension>
        </extensions>
      </trkpt>
      <trkpt lat="24.46378762833774089813232421875" lon="118.15346268005669116973876953125">
        <ele>180.600006103515625</ele>
        <time>2026-09-23T13:02:22.000Z</time>
        <extensions>
          <ns3:TrackPointExtension>
            <ns3:atemp>30.0</ns3:atemp>
            <ns3:hr>131</ns3:hr>
          </ns3:TrackPointExtension>
        </extensions>
      </trkpt>
      <trkpt lat="24.46378804743289947509765625" lon="118.1534622609615325927734375">
        <ele>180.399993896484375</ele>
        <time>2026-09-23T13:02:27.000Z</time>
        <extensions>
          <ns3:TrackPointExtension>
            <ns3:atemp>30.0</ns3:atemp>
            <ns3:hr>131</ns3:hr>
          </ns3:TrackPointExtension>
        </extensions>
      </trkpt>
      <trkpt lat="24.46379081346094608306884765625" lon="118.1534600816667079925537109375">
        <ele>181.600006103515625</ele>
        <time>2026-09-23T13:02:51.000Z</time>
        <extensions>
          <ns3:TrackPointExtension>
            <ns3:atemp>30.0</ns3:atemp>
            <ns3:hr>129</ns3:hr>
          </ns3:TrackPointExtension>
        </extensions>
      </trkpt>
      <trkpt lat="24.46380791254341602325439453125" lon="118.153400234878063201904296875">
        <ele>182.399993896484375</ele>
        <time>2026-09-23T13:03:05.000Z</time>
        <extensions>
          <ns3:TrackPointExtension>
            <ns3:atemp>30.0</ns3:atemp>
            <ns3:hr>132</ns3:hr>
          </ns3:TrackPointExtension>
        </extensions>
      </trkpt>
      <trkpt lat="24.46381352841854095458984375" lon="118.15337601117789745330810546875">
        <ele>182.8000030517578125</ele>
        <time>2026-09-23T13:03:06.000Z</time>
        <extensions>
          <ns3:TrackPointExtension>
            <ns3:atemp>30.0</ns3:atemp>
            <ns3:hr>130</ns3:hr>
          </ns3:TrackPointExtension>
        </extensions>
      </trkpt>
      <trkpt lat="24.46382082067430019378662109375" lon="118.153358995914459228515625">
        <ele>183.1999969482421875</ele>
        <time>2026-09-23T13:03:07.000Z</time>
        <extensions>
          <ns3:TrackPointExtension>
            <ns3:atemp>30.0</ns3:atemp>
            <ns3:hr>131</ns3:hr>
          </ns3:TrackPointExtension>
        </extensions>
      </trkpt>
      <trkpt lat="24.46384730748832225799560546875" lon="118.15331834368407726287841796875">
        <ele>183.8000030517578125</ele>
        <time>2026-09-23T13:03:09.000Z</time>
        <extensions>
          <ns3:TrackPointExtension>
            <ns3:atemp>30.0</ns3:atemp>
            <ns3:hr>131</ns3:hr>
          </ns3:TrackPointExtension>
        </extensions>
      </trkpt>
      <trkpt lat="24.46386876516044139862060546875" lon="118.15329018048942089080810546875">
        <ele>184.1999969482421875</ele>
        <time>2026-09-23T13:03:11.000Z</time>
        <extensions>
          <ns3:TrackPointExtension>
            <ns3:atemp>30.0</ns3:atemp>
            <ns3:hr>128</ns3:hr>
          </ns3:TrackPointExtension>
        </extensions>
      </trkpt>
      <trkpt lat="24.46387966163456439971923828125" lon="118.15327324904501438140869140625">
        <ele>184.399993896484375</ele>
        <time>2026-09-23T13:03:13.000Z</time>
        <extensions>
          <ns3:TrackPointExtension>
            <ns3:atemp>30.0</ns3:atemp>
            <ns3:hr>127</ns3:hr>
          </ns3:TrackPointExtension>
        </extensions>
      </trkpt>
      <trkpt lat="24.4638713635504245758056640625" lon="118.153244666755199432373046875">
        <ele>184.399993896484375</ele>
        <time>2026-09-23T13:03:19.000Z</time>
        <extensions>
          <ns3:TrackPointExtension>
            <ns3:atemp>30.0</ns3:atemp>
            <ns3:hr>127</ns3:hr>
          </ns3:TrackPointExtension>
        </extensions>
      </trkpt>
      <trkpt lat="24.46386641822755336761474609375" lon="118.1532391346991062164306640625">
        <ele>184.399993896484375</ele>
        <time>2026-09-23T13:03:25.000Z</time>
        <extensions>
          <ns3:TrackPointExtension>
            <ns3:atemp>30.0</ns3:atemp>
            <ns3:hr>128</ns3:hr>
          </ns3:TrackPointExtension>
        </extensions>
      </trkpt>
      <trkpt lat="24.46387027390301227569580078125" lon="118.15322664566338062286376953125">
        <ele>184.399993896484375</ele>
        <time>2026-09-23T13:03:30.000Z</time>
        <extensions>
          <ns3:TrackPointExtension>
            <ns3:atemp>30.0</ns3:atemp>
            <ns3:hr>128</ns3:hr>
          </ns3:TrackPointExtension>
        </extensions>
      </trkpt>
      <trkpt lat="24.4638623110949993133544921875" lon="118.15324307419359683990478515625">
        <ele>184.399993896484375</ele>
        <time>2026-09-23T13:03:35.000Z</time>
        <extensions>
          <ns3:TrackPointExtension>
            <ns3:atemp>30.0</ns3:atemp>
            <ns3:hr>131</ns3:hr>
          </ns3:TrackPointExtension>
        </extensions>
      </trkpt>
      <trkpt lat="24.46385485120117664337158203125" lon="118.1532585807144641876220703125">
        <ele>184.399993896484375</ele>
        <time>2026-09-23T13:03:41.000Z</time>
        <extensions>
          <ns3:TrackPointExtension>
            <ns3:atemp>30.0</ns3:atemp>
            <ns3:hr>132</ns3:hr>
          </ns3:TrackPointExtension>
        </extensions>
      </trkpt>
      <trkpt lat="24.46385568939149379730224609375" lon="118.153259754180908203125">
        <ele>184.1999969482421875</ele>
        <time>2026-09-23T13:03:54.000Z</time>
        <extensions>
          <ns3:TrackPointExtension>
            <ns3:atemp>30.0</ns3:atemp>
            <ns3:hr>135</ns3:hr>
          </ns3:TrackPointExtension>
        </extensions>
      </trkpt>
      <trkpt lat="24.46385619230568408966064453125" lon="118.1532595865428447723388671875">
        <ele>184.1999969482421875</ele>
        <time>2026-09-23T13:04:00.000Z</time>
        <extensions>
          <ns3:TrackPointExtension>
            <ns3:atemp>30.0</ns3:atemp>
            <ns3:hr>138</ns3:hr>
          </ns3:TrackPointExtension>
        </extensions>
      </trkpt>
      <trkpt lat="24.46385912597179412841796875" lon="118.1532595865428447723388671875">
        <ele>184.1999969482421875</ele>
        <time>2026-09-23T13:04:02.000Z</time>
        <extensions>
          <ns3:TrackPointExtension>
            <ns3:atemp>30.0</ns3:atemp>
            <ns3:hr>141</ns3:hr>
          </ns3:TrackPointExtension>
        </extensions>
      </trkpt>
      <trkpt lat="24.4638683460652828216552734375" lon="118.1532589159905910491943359375">
        <ele>184.600006103515625</ele>
        <time>2026-09-23T13:04:18.000Z</time>
        <extensions>
          <ns3:TrackPointExtension>
            <ns3:atemp>30.0</ns3:atemp>
            <ns3:hr>140</ns3:hr>
          </ns3:TrackPointExtension>
        </extensions>
      </trkpt>
      <trkpt lat="24.46387245319783687591552734375" lon="118.1532584130764007568359375">
        <ele>185</ele>
        <time>2026-09-23T13:04:19.000Z</time>
        <extensions>
          <ns3:TrackPointExtension>
            <ns3:atemp>30.0</ns3:atemp>
            <ns3:hr>140</ns3:hr>
          </ns3:TrackPointExtension>
        </extensions>
      </trkpt>
      <trkpt lat="24.46387144736945629119873046875" lon="118.15325531177222728729248046875">
        <ele>185.399993896484375</ele>
        <time>2026-09-23T13:04:23.000Z</time>
        <extensions>
          <ns3:TrackPointExtension>
            <ns3:atemp>30.0</ns3:atemp>
            <ns3:hr>139</ns3:hr>
          </ns3:TrackPointExtension>
        </extensions>
      </trkpt>
      <trkpt lat="24.4638919830322265625" lon="118.15326319076120853424072265625">
        <ele>185.399993896484375</ele>
        <time>2026-09-23T13:04:29.000Z</time>
        <extensions>
          <ns3:TrackPointExtension>
            <ns3:atemp>30.0</ns3:atemp>
            <ns3:hr>141</ns3:hr>
          </ns3:TrackPointExtension>
        </extensions>
      </trkpt>
      <trkpt lat="24.46388837881386280059814453125" lon="118.15327995456755161285400390625">
        <ele>185.600006103515625</ele>
        <time>2026-09-23T13:04:35.000Z</time>
        <extensions>
          <ns3:TrackPointExtension>
            <ns3:atemp>30.0</ns3:atemp>
            <ns3:hr>141</ns3:hr>
          </ns3:TrackPointExtension>
        </extensions>
      </trkpt>
      <trkpt lat="24.463897012174129486083984375" lon="118.15324357710778713226318359375">
        <ele>185.600006103515625</ele>
        <time>2026-09-23T13:04:41.000Z</time>
        <extensions>
          <ns3:TrackPointExtension>
            <ns3:atemp>30.0</ns3:atemp>
            <ns3:hr>140</ns3:hr>
          </ns3:TrackPointExtension>
        </extensions>
      </trkpt>
      <trkpt lat="24.463843367993831634521484375" lon="118.1533227860927581787109375">
        <ele>185.600006103515625</ele>
        <time>2026-09-23T13:04:44.000Z</time>
        <extensions>
          <ns3:TrackPointExtension>
            <ns3:atemp>30.0</ns3:atemp>
            <ns3:hr>140</ns3:hr>
          </ns3:TrackPointExtension>
        </extensions>
      </trkpt>
      <trkpt lat="24.46385233663022518157958984375" lon="118.15332639031112194061279296875">
        <ele>185.8000030517578125</ele>
        <time>2026-09-23T13:04:47.000Z</time>
        <extensions>
          <ns3:TrackPointExtension>
            <ns3:atemp>30.0</ns3:atemp>
            <ns3:hr>140</ns3:hr>
          </ns3:TrackPointExtension>
        </extensions>
      </trkpt>
      <trkpt lat="24.4638432003557682037353515625" lon="118.15330526791512966156005859375">
        <ele>186.1999969482421875</ele>
        <time>2026-09-23T13:04:50.000Z</time>
        <extensions>
          <ns3:TrackPointExtension>
            <ns3:atemp>30.0</ns3:atemp>
            <ns3:hr>141</ns3:hr>
          </ns3:TrackPointExtension>
        </extensions>
      </trkpt>
      <trkpt lat="24.463835321366786956787109375" lon="118.15330560319125652313232421875">
        <ele>186.8000030517578125</ele>
        <time>2026-09-23T13:04:52.000Z</time>
        <extensions>
          <ns3:TrackPointExtension>
            <ns3:atemp>30.0</ns3:atemp>
            <ns3:hr>141</ns3:hr>
          </ns3:TrackPointExtension>
        </extensions>
      </trkpt>
      <trkpt lat="24.46385300718247890472412109375" lon="118.15326369367539882659912109375">
        <ele>187.399993896484375</ele>
        <time>2026-09-23T13:04:56.000Z</time>
        <extensions>
          <ns3:TrackPointExtension>
            <ns3:atemp>30.0</ns3:atemp>
            <ns3:hr>140</ns3:hr>
          </ns3:TrackPointExtension>
        </extensions>
      </trkpt>
      <trkpt lat="24.463852755725383758544921875" lon="118.1532662920653820037841796875">
        <ele>187.600006103515625</ele>
        <time>2026-09-23T13:04:57.000Z</time>
        <extensions>
          <ns3:TrackPointExtension>
            <ns3:atemp>30.0</ns3:atemp>
            <ns3:hr>140</ns3:hr>
          </ns3:TrackPointExtension>
        </extensions>
      </trkpt>
      <trkpt lat="24.46384973824024200439453125" lon="118.153209127485752105712890625">
        <ele>188</ele>
        <time>2026-09-23T13:05:05.000Z</time>
        <extensions>
          <ns3:TrackPointExtension>
            <ns3:atemp>30.0</ns3:atemp>
            <ns3:hr>140</ns3:hr>
          </ns3:TrackPointExtension>
        </extensions>
      </trkpt>
      <trkpt lat="24.4638455472886562347412109375" lon="118.15320753492414951324462890625">
        <ele>188.1999969482421875</ele>
        <time>2026-09-23T13:05:09.000Z</time>
        <extensions>
          <ns3:TrackPointExtension>
            <ns3:atemp>30.0</ns3:atemp>
            <ns3:hr>140</ns3:hr>
          </ns3:TrackPointExtension>
        </extensions>
      </trkpt>
      <trkpt lat="24.46384227834641933441162109375" lon="118.1531593389809131622314453125">
        <ele>188.1999969482421875</ele>
        <time>2026-09-23T13:05:15.000Z</time>
        <extensions>
          <ns3:TrackPointExtension>
            <ns3:atemp>30.0</ns3:atemp>
            <ns3:hr>142</ns3:hr>
          </ns3:TrackPointExtension>
        </extensions>
      </trkpt>
      <trkpt lat="24.46384194307029247283935546875" lon="118.153161518275737762451171875">
        <ele>188.399993896484375</ele>
        <time>2026-09-23T13:05:19.000Z</time>
        <extensions>
          <ns3:TrackPointExtension>
            <ns3:atemp>30.0</ns3:atemp>
            <ns3:hr>141</ns3:hr>
          </ns3:TrackPointExtension>
        </extensions>
      </trkpt>
      <trkpt lat="24.46385015733540058135986328125" lon="118.15315573476254940032958984375">
        <ele>188.8000030517578125</ele>
        <time>2026-09-23T13:05:21.000Z</time>
        <extensions>
          <ns3:TrackPointExtension>
            <ns3:atemp>30.0</ns3:atemp>
            <ns3:hr>142</ns3:hr>
          </ns3:TrackPointExtension>
        </extensions>
      </trkpt>
      <trkpt lat="24.46386289782822132110595703125" lon="118.15313578583300113677978515625">
        <ele>189.399993896484375</ele>
        <time>2026-09-23T13:05:26.000Z</time>
        <extensions>
          <ns3:TrackPointExtension>
            <ns3:atemp>30.0</ns3:atemp>
            <ns3:hr>141</ns3:hr>
          </ns3:TrackPointExtension>
        </extensions>
      </trkpt>
      <trkpt lat="24.46386583149433135986328125" lon="118.1531341932713985443115234375">
        <ele>189.399993896484375</ele>
        <time>2026-09-23T13:05:27.000Z</time>
        <extensions>
          <ns3:TrackPointExtension>
            <ns3:atemp>30.0</ns3:atemp>
            <ns3:hr>141</ns3:hr>
          </ns3:TrackPointExtension>
        </extensions>
      </trkpt>
      <trkpt lat="24.463864155113697052001953125" lon="118.15312706865370273590087890625">
        <ele>189.399993896484375</ele>
        <time>2026-09-23T13:05:30.000Z</time>
        <extensions>
          <ns3:TrackPointExtension>
            <ns3:atemp>30.0</ns3:atemp>
            <ns3:hr>138</ns3:hr>
          </ns3:TrackPointExtension>
        </extensions>
      </trkpt>
      <trkpt lat="24.463852755725383758544921875" lon="118.15313838422298431396484375">
        <ele>189.399993896484375</ele>
        <time>2026-09-23T13:05:33.000Z</time>
        <extensions>
          <ns3:TrackPointExtension>
            <ns3:atemp>30.0</ns3:atemp>
            <ns3:hr>138</ns3:hr>
          </ns3:TrackPointExtension>
        </extensions>
      </trkpt>
      <trkpt lat="24.4638535939157009124755859375" lon="118.1531459279358386993408203125">
        <ele>189.399993896484375</ele>
        <time>2026-09-23T13:05:39.000Z</time>
        <extensions>
          <ns3:TrackPointExtension>
            <ns3:atemp>30.0</ns3:atemp>
            <ns3:hr>134</ns3:hr>
          </ns3:TrackPointExtension>
        </extensions>
      </trkpt>
      <trkpt lat="24.46385283954441547393798828125" lon="118.15313410945236682891845703125">
        <ele>189.399993896484375</ele>
        <time>2026-09-23T13:05:40.000Z</time>
        <extensions>
          <ns3:TrackPointExtension>
            <ns3:atemp>30.0</ns3:atemp>
            <ns3:hr>134</ns3:hr>
          </ns3:TrackPointExtension>
        </extensions>
      </trkpt>
      <trkpt lat="24.4638369977474212646484375" lon="118.1531288288533687591552734375">
        <ele>189.1999969482421875</ele>
        <time>2026-09-23T13:05:46.000Z</time>
        <extensions>
          <ns3:TrackPointExtension>
            <ns3:atemp>30.0</ns3:atemp>
            <ns3:hr>133</ns3:hr>
          </ns3:TrackPointExtension>
        </extensions>
      </trkpt>
      <trkpt lat="24.463835321366786956787109375" lon="118.15313662402331829071044921875">
        <ele>189.1999969482421875</ele>
        <time>2026-09-23T13:05:51.000Z</time>
        <extensions>
          <ns3:TrackPointExtension>
            <ns3:atemp>30.0</ns3:atemp>
            <ns3:hr>132</ns3:hr>
          </ns3:TrackPointExtension>
        </extensions>
      </trkpt>
      <trkpt lat="24.4638341479003429412841796875" lon="118.15311650745570659637451171875">
        <ele>189.399993896484375</ele>
        <time>2026-09-23T13:05:55.000Z</time>
        <extensions>
          <ns3:TrackPointExtension>
            <ns3:atemp>30.0</ns3:atemp>
            <ns3:hr>135</ns3:hr>
          </ns3:TrackPointExtension>
        </extensions>
      </trkpt>
      <trkpt lat="24.46382568217813968658447265625" lon="118.1531063653528690338134765625">
        <ele>189.399993896484375</ele>
        <time>2026-09-23T13:05:57.000Z</time>
        <extensions>
          <ns3:TrackPointExtension>
            <ns3:atemp>30.0</ns3:atemp>
            <ns3:hr>136</ns3:hr>
          </ns3:TrackPointExtension>
        </extensions>
      </trkpt>
      <trkpt lat="24.46382551454007625579833984375" lon="118.15310418605804443359375">
        <ele>189.1999969482421875</ele>
        <time>2026-09-23T13:06:03.000Z</time>
        <extensions>
          <ns3:TrackPointExtension>
            <ns3:atemp>30.0</ns3:atemp>
            <ns3:hr>138</ns3:hr>
          </ns3:TrackPointExtension>
        </extensions>
      </trkpt>
      <trkpt lat="24.46382618509232997894287109375" lon="118.1531063653528690338134765625">
        <ele>189.1999969482421875</ele>
        <time>2026-09-23T13:06:07.000Z</time>
        <extensions>
          <ns3:TrackPointExtension>
            <ns3:atemp>30.0</ns3:atemp>
            <ns3:hr>141</ns3:hr>
          </ns3:TrackPointExtension>
        </extensions>
      </trkpt>
      <trkpt lat="24.46382618509232997894287109375" lon="118.1531063653528690338134765625">
        <ele>189.1999969482421875</ele>
        <time>2026-09-23T13:06:10.000Z</time>
        <extensions>
          <ns3:TrackPointExtension>
            <ns3:atemp>30.0</ns3:atemp>
            <ns3:hr>144</ns3:hr>
          </ns3:TrackPointExtension>
        </extensions>
      </trkpt>
      <trkpt lat="24.463826604187488555908203125" lon="118.1531063653528690338134765625">
        <ele>189.1999969482421875</ele>
        <time>2026-09-23T13:06:14.000Z</time>
        <extensions>
          <ns3:TrackPointExtension>
            <ns3:atemp>30.0</ns3:atemp>
            <ns3:hr>147</ns3:hr>
          </ns3:TrackPointExtension>
        </extensions>
      </trkpt>
      <trkpt lat="24.46382819674909114837646484375" lon="118.1531063653528690338134765625">
        <ele>189</ele>
        <time>2026-09-23T13:06:19.000Z</time>
        <extensions>
          <ns3:TrackPointExtension>
            <ns3:atemp>30.0</ns3:atemp>
            <ns3:hr>147</ns3:hr>
          </ns3:TrackPointExtension>
        </extensions>
      </trkpt>
      <trkpt lat="24.46383624337613582611083984375" lon="118.1530974805355072021484375">
        <ele>188.8000030517578125</ele>
        <time>2026-09-23T13:06:31.000Z</time>
        <extensions>
          <ns3:TrackPointExtension>
            <ns3:atemp>30.0</ns3:atemp>
            <ns3:hr>145</ns3:hr>
          </ns3:TrackPointExtension>
        </extensions>
      </trkpt>
      <trkpt lat="24.46381486952304840087890625" lon="118.15307845361530780792236328125">
        <ele>189</ele>
        <time>2026-09-23T13:06:36.000Z</time>
        <extensions>
          <ns3:TrackPointExtension>
            <ns3:atemp>30.0</ns3:atemp>
            <ns3:hr>144</ns3:hr>
          </ns3:TrackPointExtension>
        </extensions>
      </trkpt>
      <trkpt lat="24.46378192864358425140380859375" lon="118.153085410594940185546875">
        <ele>189.8000030517578125</ele>
        <time>2026-09-23T13:06:48.000Z</time>
        <extensions>
          <ns3:TrackPointExtension>
            <ns3:atemp>30.0</ns3:atemp>
            <ns3:hr>142</ns3:hr>
          </ns3:TrackPointExtension>
        </extensions>
      </trkpt>
      <trkpt lat="24.463776648044586181640625" lon="118.15308474004268646240234375">
        <ele>189.8000030517578125</ele>
        <time>2026-09-23T13:06:53.000Z</time>
        <extensions>
          <ns3:TrackPointExtension>
            <ns3:atemp>30.0</ns3:atemp>
            <ns3:hr>142</ns3:hr>
          </ns3:TrackPointExtension>
        </extensions>
      </trkpt>
      <trkpt lat="24.4638277776539325714111328125" lon="118.153105191886425018310546875">
        <ele>191</ele>
        <time>2026-09-23T13:06:58.000Z</time>
        <extensions>
          <ns3:TrackPointExtension>
            <ns3:atemp>30.0</ns3:atemp>
            <ns3:hr>142</ns3:hr>
          </ns3:TrackPointExtension>
        </extensions>
      </trkpt>
      <trkpt lat="24.46382417343556880950927734375" lon="118.153090775012969970703125">
        <ele>192.1999969482421875</ele>
        <time>2026-09-23T13:07:01.000Z</time>
        <extensions>
          <ns3:TrackPointExtension>
            <ns3:atemp>30.0</ns3:atemp>
            <ns3:hr>143</ns3:hr>
          </ns3:TrackPointExtension>
        </extensions>
      </trkpt>
      <trkpt lat="24.46382853202521800994873046875" lon="118.1531040184199810028076171875">
        <ele>192.8000030517578125</ele>
        <time>2026-09-23T13:07:04.000Z</time>
        <extensions>
          <ns3:TrackPointExtension>
            <ns3:atemp>30.0</ns3:atemp>
            <ns3:hr>142</ns3:hr>
          </ns3:TrackPointExtension>
        </extensions>
      </trkpt>
      <trkpt lat="24.46384009905159473419189453125" lon="118.15310711972415447235107421875">
        <ele>193</ele>
        <time>2026-09-23T13:07:11.000Z</time>
        <extensions>
          <ns3:TrackPointExtension>
            <ns3:atemp>30.0</ns3:atemp>
            <ns3:hr>142</ns3:hr>
          </ns3:TrackPointExtension>
        </extensions>
      </trkpt>
      <trkpt lat="24.4638576172292232513427734375" lon="118.1531221233308315277099609375">
        <ele>192.600006103515625</ele>
        <time>2026-09-23T13:07:19.000Z</time>
        <extensions>
          <ns3:TrackPointExtension>
            <ns3:atemp>30.0</ns3:atemp>
            <ns3:hr>143</ns3:hr>
          </ns3:TrackPointExtension>
        </extensions>
      </trkpt>
      <trkpt lat="24.46385602466762065887451171875" lon="118.1531216204166412353515625">
        <ele>192.600006103515625</ele>
        <time>2026-09-23T13:07:24.000Z</time>
        <extensions>
          <ns3:TrackPointExtension>
            <ns3:atemp>30.0</ns3:atemp>
            <ns3:hr>146</ns3:hr>
          </ns3:TrackPointExtension>
        </extensions>
      </trkpt>
      <trkpt lat="24.46385468356311321258544921875" lon="118.1531216204166412353515625">
        <ele>193.1999969482421875</ele>
        <time>2026-09-23T13:07:34.000Z</time>
        <extensions>
          <ns3:TrackPointExtension>
            <ns3:atemp>30.0</ns3:atemp>
            <ns3:hr>147</ns3:hr>
          </ns3:TrackPointExtension>
        </extensions>
      </trkpt>
      <trkpt lat="24.46385443210601806640625" lon="118.1531216204166412353515625">
        <ele>193.399993896484375</ele>
        <time>2026-09-23T13:07:38.000Z</time>
        <extensions>
          <ns3:TrackPointExtension>
            <ns3:atemp>30.0</ns3:atemp>
            <ns3:hr>146</ns3:hr>
          </ns3:TrackPointExtension>
        </extensions>
      </trkpt>
      <trkpt lat="24.46387496776878833770751953125" lon="118.15311298705637454986572265625">
        <ele>194.600006103515625</ele>
        <time>2026-09-23T13:07:49.000Z</time>
        <extensions>
          <ns3:TrackPointExtension>
            <ns3:atemp>30.0</ns3:atemp>
            <ns3:hr>146</ns3:hr>
          </ns3:TrackPointExtension>
        </extensions>
      </trkpt>
      <trkpt lat="24.463881589472293853759765625" lon="118.1531083770096302032470703125">
        <ele>195</ele>
        <time>2026-09-23T13:07:55.000Z</time>
        <extensions>
          <ns3:TrackPointExtension>
            <ns3:atemp>30.0</ns3:atemp>
            <ns3:hr>144</ns3:hr>
          </ns3:TrackPointExtension>
        </extensions>
      </trkpt>
      <trkpt lat="24.463881589472293853759765625" lon="118.1531083770096302032470703125">
        <ele>195.600006103515625</ele>
        <time>2026-09-23T13:07:59.000Z</time>
        <extensions>
          <ns3:TrackPointExtension>
            <ns3:atemp>30.0</ns3:atemp>
            <ns3:hr>144</ns3:hr>
          </ns3:TrackPointExtension>
        </extensions>
      </trkpt>
      <trkpt lat="24.46386692114174365997314453125" lon="118.15310359932482242584228515625">
        <ele>196.600006103515625</ele>
        <time>2026-09-23T13:08:16.000Z</time>
        <extensions>
          <ns3:TrackPointExtension>
            <ns3:atemp>30.0</ns3:atemp>
            <ns3:hr>144</ns3:hr>
          </ns3:TrackPointExtension>
        </extensions>
      </trkpt>
      <trkpt lat="24.46383255533874034881591796875" lon="118.15307443030178546905517578125">
        <ele>197.399993896484375</ele>
        <time>2026-09-23T13:08:32.000Z</time>
        <extensions>
          <ns3:TrackPointExtension>
            <ns3:atemp>30.0</ns3:atemp>
            <ns3:hr>143</ns3:hr>
          </ns3:TrackPointExtension>
        </extensions>
      </trkpt>
      <trkpt lat="24.46375058032572269439697265625" lon="118.15308063291013240814208984375">
        <ele>199.1999969482421875</ele>
        <time>2026-09-23T13:09:18.000Z</time>
        <extensions>
          <ns3:TrackPointExtension>
            <ns3:atemp>30.0</ns3:atemp>
            <ns3:hr>136</ns3:hr>
          </ns3:TrackPointExtension>
        </extensions>
      </trkpt>
      <trkpt lat="24.46377304382622241973876953125" lon="118.1530798785388469696044921875">
        <ele>199.600006103515625</ele>
        <time>2026-09-23T13:09:20.000Z</time>
        <extensions>
          <ns3:TrackPointExtension>
            <ns3:atemp>30.0</ns3:atemp>
            <ns3:hr>137</ns3:hr>
          </ns3:TrackPointExtension>
        </extensions>
      </trkpt>
      <trkpt lat="24.46379475295543670654296875" lon="118.15303922630846500396728515625">
        <ele>200.1999969482421875</ele>
        <time>2026-09-23T13:09:26.000Z</time>
        <extensions>
          <ns3:TrackPointExtension>
            <ns3:atemp>30.0</ns3:atemp>
            <ns3:hr>140</ns3:hr>
          </ns3:TrackPointExtension>
        </extensions>
      </trkpt>
      <trkpt lat="24.463795758783817291259765625" lon="118.1530486978590488433837890625">
        <ele>200.1999969482421875</ele>
        <time>2026-09-23T13:09:27.000Z</time>
        <extensions>
          <ns3:TrackPointExtension>
            <ns3:atemp>30.0</ns3:atemp>
            <ns3:hr>139</ns3:hr>
          </ns3:TrackPointExtension>
        </extensions>
      </trkpt>
      <trkpt lat="24.4638006202876567840576171875" lon="118.15306822769343852996826171875">
        <ele>200.1999969482421875</ele>
        <time>2026-09-23T13:09:28.000Z</time>
        <extensions>
          <ns3:TrackPointExtension>
            <ns3:atemp>30.0</ns3:atemp>
            <ns3:hr>138</ns3:hr>
          </ns3:TrackPointExtension>
        </extensions>
      </trkpt>
      <trkpt lat="24.46379609405994415283203125" lon="118.153044171631336212158203125">
        <ele>200.399993896484375</ele>
        <time>2026-09-23T13:09:31.000Z</time>
        <extensions>
          <ns3:TrackPointExtension>
            <ns3:atemp>30.0</ns3:atemp>
            <ns3:hr>140</ns3:hr>
          </ns3:TrackPointExtension>
        </extensions>
      </trkpt>
      <trkpt lat="24.46379651315510272979736328125" lon="118.15303243696689605712890625">
        <ele>201</ele>
        <time>2026-09-23T13:09:37.000Z</time>
        <extensions>
          <ns3:TrackPointExtension>
            <ns3:atemp>30.0</ns3:atemp>
            <ns3:hr>141</ns3:hr>
          </ns3:TrackPointExtension>
        </extensions>
      </trkpt>
      <trkpt lat="24.46379533968865871429443359375" lon="118.1530346162617206573486328125">
        <ele>201.399993896484375</ele>
        <time>2026-09-23T13:09:39.000Z</time>
        <extensions>
          <ns3:TrackPointExtension>
            <ns3:atemp>30.0</ns3:atemp>
            <ns3:hr>140</ns3:hr>
          </ns3:TrackPointExtension>
        </extensions>
      </trkpt>
      <trkpt lat="24.4637929089367389678955078125" lon="118.1530403159558773040771484375">
        <ele>201.600006103515625</ele>
        <time>2026-09-23T13:09:43.000Z</time>
        <extensions>
          <ns3:TrackPointExtension>
            <ns3:atemp>29.0</ns3:atemp>
            <ns3:hr>139</ns3:hr>
          </ns3:TrackPointExtension>
        </extensions>
      </trkpt>
      <trkpt lat="24.46378343738615512847900390625" lon="118.15306051634252071380615234375">
        <ele>202.399993896484375</ele>
        <time>2026-09-23T13:09:48.000Z</time>
        <extensions>
          <ns3:TrackPointExtension>
            <ns3:atemp>30.0</ns3:atemp>
            <ns3:hr>139</ns3:hr>
          </ns3:TrackPointExtension>
        </extensions>
      </trkpt>
      <trkpt lat="24.46378343738615512847900390625" lon="118.15306051634252071380615234375">
        <ele>202.8000030517578125</ele>
        <time>2026-09-23T13:09:53.000Z</time>
        <extensions>
          <ns3:TrackPointExtension>
            <ns3:atemp>30.0</ns3:atemp>
            <ns3:hr>140</ns3:hr>
          </ns3:TrackPointExtension>
        </extensions>
      </trkpt>
      <trkpt lat="24.46378343738615512847900390625" lon="118.15306051634252071380615234375">
        <ele>203</ele>
        <time>2026-09-23T13:09:57.000Z</time>
        <extensions>
          <ns3:TrackPointExtension>
            <ns3:atemp>29.0</ns3:atemp>
            <ns3:hr>143</ns3:hr>
          </ns3:TrackPointExtension>
        </extensions>
      </trkpt>
      <trkpt lat="24.46378343738615512847900390625" lon="118.15306051634252071380615234375">
        <ele>203.399993896484375</ele>
        <time>2026-09-23T13:09:59.000Z</time>
        <extensions>
          <ns3:TrackPointExtension>
            <ns3:atemp>29.0</ns3:atemp>
            <ns3:hr>144</ns3:hr>
          </ns3:TrackPointExtension>
        </extensions>
      </trkpt>
      <trkpt lat="24.46378343738615512847900390625" lon="118.15306051634252071380615234375">
        <ele>203.399993896484375</ele>
        <time>2026-09-23T13:10:01.000Z</time>
        <extensions>
          <ns3:TrackPointExtension>
            <ns3:atemp>29.0</ns3:atemp>
            <ns3:hr>138</ns3:hr>
          </ns3:TrackPointExtension>
        </extensions>
      </trkpt>
      <trkpt lat="24.46378343738615512847900390625" lon="118.15306051634252071380615234375">
        <ele>203.600006103515625</ele>
        <time>2026-09-23T13:10:02.000Z</time>
        <extensions>
          <ns3:TrackPointExtension>
            <ns3:atemp>30.0</ns3:atemp>
            <ns3:hr>138</ns3:hr>
          </ns3:TrackPointExtension>
        </extensions>
      </trkpt>
      <trkpt lat="24.46376281790435314178466796875" lon="118.1530733406543731689453125">
        <ele>203.8000030517578125</ele>
        <time>2026-09-23T13:10:18.000Z</time>
        <extensions>
          <ns3:TrackPointExtension>
            <ns3:atemp>29.0</ns3:atemp>
            <ns3:hr>135</ns3:hr>
          </ns3:TrackPointExtension>
        </extensions>
      </trkpt>
      <trkpt lat="24.463760219514369964599609375" lon="118.1530735082924365997314453125">
        <ele>204.8000030517578125</ele>
        <time>2026-09-23T13:10:21.000Z</time>
        <extensions>
          <ns3:TrackPointExtension>
            <ns3:atemp>29.0</ns3:atemp>
            <ns3:hr>134</ns3:hr>
          </ns3:TrackPointExtension>
        </extensions>
      </trkpt>
      <trkpt lat="24.46375896222889423370361328125" lon="118.15307392738759517669677734375">
        <ele>204.8000030517578125</ele>
        <time>2026-09-23T13:10:22.000Z</time>
        <extensions>
          <ns3:TrackPointExtension>
            <ns3:atemp>29.0</ns3:atemp>
            <ns3:hr>131</ns3:hr>
          </ns3:TrackPointExtension>
        </extensions>
      </trkpt>
      <trkpt lat="24.4637164659798145294189453125" lon="118.15308432094752788543701171875">
        <ele>204.8000030517578125</ele>
        <time>2026-09-23T13:10:35.000Z</time>
        <extensions>
          <ns3:TrackPointExtension>
            <ns3:atemp>29.0</ns3:atemp>
            <ns3:hr>132</ns3:hr>
          </ns3:TrackPointExtension>
        </extensions>
      </trkpt>
      <trkpt lat="24.46366407908499240875244140625" lon="118.15308666788041591644287109375">
        <ele>204.1999969482421875</ele>
        <time>2026-09-23T13:10:43.000Z</time>
        <extensions>
          <ns3:TrackPointExtension>
            <ns3:atemp>29.0</ns3:atemp>
            <ns3:hr>134</ns3:hr>
          </ns3:TrackPointExtension>
        </extensions>
      </trkpt>
      <trkpt lat="24.463664330542087554931640625" lon="118.15308549441397190093994140625">
        <ele>204.1999969482421875</ele>
        <time>2026-09-23T13:10:45.000Z</time>
        <extensions>
          <ns3:TrackPointExtension>
            <ns3:atemp>29.0</ns3:atemp>
            <ns3:hr>137</ns3:hr>
          </ns3:TrackPointExtension>
        </extensions>
      </trkpt>
      <trkpt lat="24.463664330542087554931640625" lon="118.15308549441397190093994140625">
        <ele>206</ele>
        <time>2026-09-23T13:10:51.000Z</time>
        <extensions>
          <ns3:TrackPointExtension>
            <ns3:atemp>29.0</ns3:atemp>
            <ns3:hr>136</ns3:hr>
          </ns3:TrackPointExtension>
        </extensions>
      </trkpt>
      <trkpt lat="24.463664330542087554931640625" lon="118.15308549441397190093994140625">
        <ele>207.1999969482421875</ele>
        <time>2026-09-23T13:10:57.000Z</time>
        <extensions>
          <ns3:TrackPointExtension>
            <ns3:atemp>29.0</ns3:atemp>
            <ns3:hr>137</ns3:hr>
          </ns3:TrackPointExtension>
        </extensions>
      </trkpt>
      <trkpt lat="24.463664330542087554931640625" lon="118.15308549441397190093994140625">
        <ele>207.8000030517578125</ele>
        <time>2026-09-23T13:11:00.000Z</time>
        <extensions>
          <ns3:TrackPointExtension>
            <ns3:atemp>29.0</ns3:atemp>
            <ns3:hr>137</ns3:hr>
          </ns3:TrackPointExtension>
        </extensions>
      </trkpt>
      <trkpt lat="24.46366508491337299346923828125" lon="118.15308465622365474700927734375">
        <ele>207.8000030517578125</ele>
        <time>2026-09-23T13:11:01.000Z</time>
        <extensions>
          <ns3:TrackPointExtension>
            <ns3:atemp>29.0</ns3:atemp>
            <ns3:hr>136</ns3:hr>
          </ns3:TrackPointExtension>
        </extensions>
      </trkpt>
      <trkpt lat="24.4636707007884979248046875" lon="118.15304090268909931182861328125">
        <ele>208</ele>
        <time>2026-09-23T13:11:21.000Z</time>
        <extensions>
          <ns3:TrackPointExtension>
            <ns3:atemp>29.0</ns3:atemp>
            <ns3:hr>133</ns3:hr>
          </ns3:TrackPointExtension>
        </extensions>
      </trkpt>
      <trkpt lat="24.46367128752171993255615234375" lon="118.15304039977490901947021484375">
        <ele>208</ele>
        <time>2026-09-23T13:11:24.000Z</time>
        <extensions>
          <ns3:TrackPointExtension>
            <ns3:atemp>29.0</ns3:atemp>
            <ns3:hr>130</ns3:hr>
          </ns3:TrackPointExtension>
        </extensions>
      </trkpt>
      <trkpt lat="24.46367916651070117950439453125" lon="118.15303972922265529632568359375">
        <ele>208.1999969482421875</ele>
        <time>2026-09-23T13:11:34.000Z</time>
        <extensions>
          <ns3:TrackPointExtension>
            <ns3:atemp>29.0</ns3:atemp>
            <ns3:hr>128</ns3:hr>
          </ns3:TrackPointExtension>
        </extensions>
      </trkpt>
      <trkpt lat="24.4636708684265613555908203125" lon="118.15299547277390956878662109375">
        <ele>208.1999969482421875</ele>
        <time>2026-09-23T13:12:33.000Z</time>
        <extensions>
          <ns3:TrackPointExtension>
            <ns3:atemp>29.0</ns3:atemp>
            <ns3:hr>131</ns3:hr>
          </ns3:TrackPointExtension>
        </extensions>
      </trkpt>
      <trkpt lat="24.46367078460752964019775390625" lon="118.15299379639327526092529296875">
        <ele>209.399993896484375</ele>
        <time>2026-09-23T13:12:37.000Z</time>
        <extensions>
          <ns3:TrackPointExtension>
            <ns3:atemp>29.0</ns3:atemp>
            <ns3:hr>129</ns3:hr>
          </ns3:TrackPointExtension>
        </extensions>
      </trkpt>
      <trkpt lat="24.4636701978743076324462890625" lon="118.15299329347908496856689453125">
        <ele>210.8000030517578125</ele>
        <time>2026-09-23T13:12:41.000Z</time>
        <extensions>
          <ns3:TrackPointExtension>
            <ns3:atemp>29.0</ns3:atemp>
            <ns3:hr>131</ns3:hr>
          </ns3:TrackPointExtension>
        </extensions>
      </trkpt>
      <trkpt lat="24.46367003023624420166015625" lon="118.152993209660053253173828125">
        <ele>212</ele>
        <time>2026-09-23T13:12:45.000Z</time>
        <extensions>
          <ns3:TrackPointExtension>
            <ns3:atemp>29.0</ns3:atemp>
            <ns3:hr>133</ns3:hr>
          </ns3:TrackPointExtension>
        </extensions>
      </trkpt>
      <trkpt lat="24.4636326469480991363525390625" lon="118.15298943780362606048583984375">
        <ele>213.1999969482421875</ele>
        <time>2026-09-23T13:12:50.000Z</time>
        <extensions>
          <ns3:TrackPointExtension>
            <ns3:atemp>29.0</ns3:atemp>
            <ns3:hr>134</ns3:hr>
          </ns3:TrackPointExtension>
        </extensions>
      </trkpt>
      <trkpt lat="24.46360724978148937225341796875" lon="118.15298977307975292205810546875">
        <ele>214</ele>
        <time>2026-09-23T13:12:53.000Z</time>
        <extensions>
          <ns3:TrackPointExtension>
            <ns3:atemp>29.0</ns3:atemp>
            <ns3:hr>136</ns3:hr>
          </ns3:TrackPointExtension>
        </extensions>
      </trkpt>
      <trkpt lat="24.46359434165060520172119140625" lon="118.1529900245368480682373046875">
        <ele>214.1999969482421875</ele>
        <time>2026-09-23T13:12:55.000Z</time>
        <extensions>
          <ns3:TrackPointExtension>
            <ns3:atemp>29.0</ns3:atemp>
            <ns3:hr>137</ns3:hr>
          </ns3:TrackPointExtension>
        </extensions>
      </trkpt>
      <trkpt lat="24.463568441569805145263671875" lon="118.15298910252749919891357421875">
        <ele>214.399993896484375</ele>
        <time>2026-09-23T13:13:05.000Z</time>
        <extensions>
          <ns3:TrackPointExtension>
            <ns3:atemp>29.0</ns3:atemp>
            <ns3:hr>137</ns3:hr>
          </ns3:TrackPointExtension>
        </extensions>
      </trkpt>
      <trkpt lat="24.46357388980686664581298828125" lon="118.1529870070517063140869140625">
        <ele>214.399993896484375</ele>
        <time>2026-09-23T13:13:25.000Z</time>
        <extensions>
          <ns3:TrackPointExtension>
            <ns3:atemp>29.0</ns3:atemp>
            <ns3:hr>133</ns3:hr>
          </ns3:TrackPointExtension>
        </extensions>
      </trkpt>
      <trkpt lat="24.463572464883327484130859375" lon="118.15298491157591342926025390625">
        <ele>214.399993896484375</ele>
        <time>2026-09-23T13:13:34.000Z</time>
        <extensions>
          <ns3:TrackPointExtension>
            <ns3:atemp>29.0</ns3:atemp>
            <ns3:hr>134</ns3:hr>
          </ns3:TrackPointExtension>
        </extensions>
      </trkpt>
      <trkpt lat="24.46355612017214298248291015625" lon="118.1529903598129749298095703125">
        <ele>214.1999969482421875</ele>
        <time>2026-09-23T13:13:50.000Z</time>
        <extensions>
          <ns3:TrackPointExtension>
            <ns3:atemp>29.0</ns3:atemp>
            <ns3:hr>131</ns3:hr>
          </ns3:TrackPointExtension>
        </extensions>
      </trkpt>
      <trkpt lat="24.46355243213474750518798828125" lon="118.152990527451038360595703125">
        <ele>214.399993896484375</ele>
        <time>2026-09-23T13:13:55.000Z</time>
        <extensions>
          <ns3:TrackPointExtension>
            <ns3:atemp>29.0</ns3:atemp>
            <ns3:hr>136</ns3:hr>
          </ns3:TrackPointExtension>
        </extensions>
      </trkpt>
      <trkpt lat="24.46355226449668407440185546875" lon="118.152990527451038360595703125">
        <ele>214.399993896484375</ele>
        <time>2026-09-23T13:13:56.000Z</time>
        <extensions>
          <ns3:TrackPointExtension>
            <ns3:atemp>29.0</ns3:atemp>
            <ns3:hr>133</ns3:hr>
          </ns3:TrackPointExtension>
        </extensions>
      </trkpt>
      <trkpt lat="24.4635253585875034332275390625" lon="118.15296445973217487335205078125">
        <ele>215.1999969482421875</ele>
        <time>2026-09-23T13:14:02.000Z</time>
        <extensions>
          <ns3:TrackPointExtension>
            <ns3:atemp>29.0</ns3:atemp>
            <ns3:hr>132</ns3:hr>
          </ns3:TrackPointExtension>
        </extensions>
      </trkpt>
      <trkpt lat="24.4635189883410930633544921875" lon="118.15295993350446224212646484375">
        <ele>215.1999969482421875</ele>
        <time>2026-09-23T13:14:03.000Z</time>
        <extensions>
          <ns3:TrackPointExtension>
            <ns3:atemp>29.0</ns3:atemp>
            <ns3:hr>133</ns3:hr>
          </ns3:TrackPointExtension>
        </extensions>
      </trkpt>
      <trkpt lat="24.463471211493015289306640625" lon="118.152945600450038909912109375">
        <ele>215.1999969482421875</ele>
        <time>2026-09-23T13:14:09.000Z</time>
        <extensions>
          <ns3:TrackPointExtension>
            <ns3:atemp>29.0</ns3:atemp>
            <ns3:hr>132</ns3:hr>
          </ns3:TrackPointExtension>
        </extensions>
      </trkpt>
      <trkpt lat="24.463456459343433380126953125" lon="118.15295021049678325653076171875">
        <ele>215.1999969482421875</ele>
        <time>2026-09-23T13:14:12.000Z</time>
        <extensions>
          <ns3:TrackPointExtension>
            <ns3:atemp>29.0</ns3:atemp>
            <ns3:hr>135</ns3:hr>
          </ns3:TrackPointExtension>
        </extensions>
      </trkpt>
      <trkpt lat="24.4634455628693103790283203125" lon="118.1529518030583858489990234375">
        <ele>216.1999969482421875</ele>
        <time>2026-09-23T13:14:17.000Z</time>
        <extensions>
          <ns3:TrackPointExtension>
            <ns3:atemp>29.0</ns3:atemp>
            <ns3:hr>134</ns3:hr>
          </ns3:TrackPointExtension>
        </extensions>
      </trkpt>
      <trkpt lat="24.46342988871037960052490234375" lon="118.152965046465396881103515625">
        <ele>216.8000030517578125</ele>
        <time>2026-09-23T13:14:25.000Z</time>
        <extensions>
          <ns3:TrackPointExtension>
            <ns3:atemp>29.0</ns3:atemp>
            <ns3:hr>134</ns3:hr>
          </ns3:TrackPointExtension>
        </extensions>
      </trkpt>
      <trkpt lat="24.46342770941555500030517578125" lon="118.15298390574753284454345703125">
        <ele>217.399993896484375</ele>
        <time>2026-09-23T13:14:27.000Z</time>
        <extensions>
          <ns3:TrackPointExtension>
            <ns3:atemp>29.0</ns3:atemp>
            <ns3:hr>136</ns3:hr>
          </ns3:TrackPointExtension>
        </extensions>
      </trkpt>
      <trkpt lat="24.4634244404733180999755859375" lon="118.15298658795654773712158203125">
        <ele>218.1999969482421875</ele>
        <time>2026-09-23T13:14:33.000Z</time>
        <extensions>
          <ns3:TrackPointExtension>
            <ns3:atemp>29.0</ns3:atemp>
            <ns3:hr>136</ns3:hr>
          </ns3:TrackPointExtension>
        </extensions>
      </trkpt>
      <trkpt lat="24.4634244404733180999755859375" lon="118.15298658795654773712158203125">
        <ele>218.600006103515625</ele>
        <time>2026-09-23T13:14:39.000Z</time>
        <extensions>
          <ns3:TrackPointExtension>
            <ns3:atemp>29.0</ns3:atemp>
            <ns3:hr>136</ns3:hr>
          </ns3:TrackPointExtension>
        </extensions>
      </trkpt>
      <trkpt lat="24.4634244404733180999755859375" lon="118.1529829837381839752197265625">
        <ele>219.8000030517578125</ele>
        <time>2026-09-23T13:14:49.000Z</time>
        <extensions>
          <ns3:TrackPointExtension>
            <ns3:atemp>29.0</ns3:atemp>
            <ns3:hr>136</ns3:hr>
          </ns3:TrackPointExtension>
        </extensions>
      </trkpt>
      <trkpt lat="24.4634204171597957611083984375" lon="118.1529816426336765289306640625">
        <ele>220</ele>
        <time>2026-09-23T13:14:52.000Z</time>
        <extensions>
          <ns3:TrackPointExtension>
            <ns3:atemp>29.0</ns3:atemp>
            <ns3:hr>133</ns3:hr>
          </ns3:TrackPointExtension>
        </extensions>
      </trkpt>
      <trkpt lat="24.46341454982757568359375" lon="118.152980469167232513427734375">
        <ele>220</ele>
        <time>2026-09-23T13:14:56.000Z</time>
        <extensions>
          <ns3:TrackPointExtension>
            <ns3:atemp>29.0</ns3:atemp>
            <ns3:hr>136</ns3:hr>
          </ns3:TrackPointExtension>
        </extensions>
      </trkpt>
      <trkpt lat="24.463410861790180206298828125" lon="118.152972757816314697265625">
        <ele>214.8000030517578125</ele>
        <time>2026-09-23T13:15:03.000Z</time>
        <extensions>
          <ns3:TrackPointExtension>
            <ns3:atemp>29.0</ns3:atemp>
            <ns3:hr>136</ns3:hr>
          </ns3:TrackPointExtension>
        </extensions>
      </trkpt>
      <trkpt lat="24.46341077797114849090576171875" lon="118.15297233872115612030029296875">
        <ele>212.399993896484375</ele>
        <time>2026-09-23T13:15:04.000Z</time>
        <extensions>
          <ns3:TrackPointExtension>
            <ns3:atemp>29.0</ns3:atemp>
            <ns3:hr>137</ns3:hr>
          </ns3:TrackPointExtension>
        </extensions>
      </trkpt>
      <trkpt lat="24.46340960450470447540283203125" lon="118.15297116525471210479736328125">
        <ele>216</ele>
        <time>2026-09-23T13:15:08.000Z</time>
        <extensions>
          <ns3:TrackPointExtension>
            <ns3:atemp>29.0</ns3:atemp>
            <ns3:hr>136</ns3:hr>
          </ns3:TrackPointExtension>
        </extensions>
      </trkpt>
      <trkpt lat="24.463409520685672760009765625" lon="118.15297082997858524322509765625">
        <ele>219</ele>
        <time>2026-09-23T13:15:09.000Z</time>
        <extensions>
          <ns3:TrackPointExtension>
            <ns3:atemp>29.0</ns3:atemp>
            <ns3:hr>136</ns3:hr>
          </ns3:TrackPointExtension>
        </extensions>
      </trkpt>
      <trkpt lat="24.46340876631438732147216796875" lon="118.15296513028442859649658203125">
        <ele>220.399993896484375</ele>
        <time>2026-09-23T13:15:12.000Z</time>
        <extensions>
          <ns3:TrackPointExtension>
            <ns3:atemp>29.0</ns3:atemp>
            <ns3:hr>136</ns3:hr>
          </ns3:TrackPointExtension>
        </extensions>
      </trkpt>
      <trkpt lat="24.4634016416966915130615234375" lon="118.15292875282466411590576171875">
        <ele>222.1999969482421875</ele>
        <time>2026-09-23T13:15:16.000Z</time>
        <extensions>
          <ns3:TrackPointExtension>
            <ns3:atemp>29.0</ns3:atemp>
            <ns3:hr>136</ns3:hr>
          </ns3:TrackPointExtension>
        </extensions>
      </trkpt>
      <trkpt lat="24.46339837275445461273193359375" lon="118.1529035232961177825927734375">
        <ele>222.600006103515625</ele>
        <time>2026-09-23T13:15:18.000Z</time>
        <extensions>
          <ns3:TrackPointExtension>
            <ns3:atemp>29.0</ns3:atemp>
            <ns3:hr>135</ns3:hr>
          </ns3:TrackPointExtension>
        </extensions>
      </trkpt>
      <trkpt lat="24.46340155787765979766845703125" lon="118.15288181416690349578857421875">
        <ele>223.600006103515625</ele>
        <time>2026-09-23T13:15:21.000Z</time>
        <extensions>
          <ns3:TrackPointExtension>
            <ns3:atemp>29.0</ns3:atemp>
            <ns3:hr>134</ns3:hr>
          </ns3:TrackPointExtension>
        </extensions>
      </trkpt>
      <trkpt lat="24.4634019769728183746337890625" lon="118.15287343226373195648193359375">
        <ele>225</ele>
        <time>2026-09-23T13:15:24.000Z</time>
        <extensions>
          <ns3:TrackPointExtension>
            <ns3:atemp>29.0</ns3:atemp>
            <ns3:hr>133</ns3:hr>
          </ns3:TrackPointExtension>
        </extensions>
      </trkpt>
      <trkpt lat="24.46340859867632389068603515625" lon="118.15286940895020961761474609375">
        <ele>225.1999969482421875</ele>
        <time>2026-09-23T13:15:26.000Z</time>
        <extensions>
          <ns3:TrackPointExtension>
            <ns3:atemp>29.0</ns3:atemp>
            <ns3:hr>134</ns3:hr>
          </ns3:TrackPointExtension>
        </extensions>
      </trkpt>
      <trkpt lat="24.46341454982757568359375" lon="118.15285482443869113922119140625">
        <ele>223.8000030517578125</ele>
        <time>2026-09-23T13:15:31.000Z</time>
        <extensions>
          <ns3:TrackPointExtension>
            <ns3:atemp>29.0</ns3:atemp>
            <ns3:hr>134</ns3:hr>
          </ns3:TrackPointExtension>
        </extensions>
      </trkpt>
      <trkpt lat="24.46341329254209995269775390625" lon="118.1528508849442005157470703125">
        <ele>221.600006103515625</ele>
        <time>2026-09-23T13:15:32.000Z</time>
        <extensions>
          <ns3:TrackPointExtension>
            <ns3:atemp>29.0</ns3:atemp>
            <ns3:hr>136</ns3:hr>
          </ns3:TrackPointExtension>
        </extensions>
      </trkpt>
      <trkpt lat="24.46341161616146564483642578125" lon="118.15285013057291507720947265625">
        <ele>223</ele>
        <time>2026-09-23T13:15:34.000Z</time>
        <extensions>
          <ns3:TrackPointExtension>
            <ns3:atemp>29.0</ns3:atemp>
            <ns3:hr>138</ns3:hr>
          </ns3:TrackPointExtension>
        </extensions>
      </trkpt>
      <trkpt lat="24.46341178379952907562255859375" lon="118.1528461910784244537353515625">
        <ele>224</ele>
        <time>2026-09-23T13:15:36.000Z</time>
        <extensions>
          <ns3:TrackPointExtension>
            <ns3:atemp>29.0</ns3:atemp>
            <ns3:hr>137</ns3:hr>
          </ns3:TrackPointExtension>
        </extensions>
      </trkpt>
      <trkpt lat="24.46341329254209995269775390625" lon="118.1528485380113124847412109375">
        <ele>226.1999969482421875</ele>
        <time>2026-09-23T13:15:37.000Z</time>
        <extensions>
          <ns3:TrackPointExtension>
            <ns3:atemp>29.0</ns3:atemp>
            <ns3:hr>135</ns3:hr>
          </ns3:TrackPointExtension>
        </extensions>
      </trkpt>
      <trkpt lat="24.46340993978083133697509765625" lon="118.15284560434520244598388671875">
        <ele>227.1999969482421875</ele>
        <time>2026-09-23T13:15:39.000Z</time>
        <extensions>
          <ns3:TrackPointExtension>
            <ns3:atemp>29.0</ns3:atemp>
            <ns3:hr>135</ns3:hr>
          </ns3:TrackPointExtension>
        </extensions>
      </trkpt>
      <trkpt lat="24.46340457536280155181884765625" lon="118.1528441794216632843017578125">
        <ele>227.399993896484375</ele>
        <time>2026-09-23T13:15:41.000Z</time>
        <extensions>
          <ns3:TrackPointExtension>
            <ns3:atemp>29.0</ns3:atemp>
            <ns3:hr>135</ns3:hr>
          </ns3:TrackPointExtension>
        </extensions>
      </trkpt>
      <trkpt lat="24.46340440772473812103271484375" lon="118.1528461910784244537353515625">
        <ele>227.1999969482421875</ele>
        <time>2026-09-23T13:15:47.000Z</time>
        <extensions>
          <ns3:TrackPointExtension>
            <ns3:atemp>29.0</ns3:atemp>
            <ns3:hr>132</ns3:hr>
          </ns3:TrackPointExtension>
        </extensions>
      </trkpt>
      <trkpt lat="24.46340440772473812103271484375" lon="118.1528461910784244537353515625">
        <ele>225.8000030517578125</ele>
        <time>2026-09-23T13:15:50.000Z</time>
        <extensions>
          <ns3:TrackPointExtension>
            <ns3:atemp>29.0</ns3:atemp>
            <ns3:hr>134</ns3:hr>
          </ns3:TrackPointExtension>
        </extensions>
      </trkpt>
      <trkpt lat="24.46340440772473812103271484375" lon="118.1528461910784244537353515625">
        <ele>223.399993896484375</ele>
        <time>2026-09-23T13:15:51.000Z</time>
        <extensions>
          <ns3:TrackPointExtension>
            <ns3:atemp>29.0</ns3:atemp>
            <ns3:hr>134</ns3:hr>
          </ns3:TrackPointExtension>
        </extensions>
      </trkpt>
      <trkpt lat="24.4634049944579601287841796875" lon="118.1528461910784244537353515625">
        <ele>220</ele>
        <time>2026-09-23T13:15:54.000Z</time>
        <extensions>
          <ns3:TrackPointExtension>
            <ns3:atemp>29.0</ns3:atemp>
            <ns3:hr>132</ns3:hr>
          </ns3:TrackPointExtension>
        </extensions>
      </trkpt>
      <trkpt lat="24.46340558119118213653564453125" lon="118.1528461910784244537353515625">
        <ele>218.8000030517578125</ele>
        <time>2026-09-23T13:15:56.000Z</time>
        <extensions>
          <ns3:TrackPointExtension>
            <ns3:atemp>29.0</ns3:atemp>
            <ns3:hr>130</ns3:hr>
          </ns3:TrackPointExtension>
        </extensions>
      </trkpt>
      <trkpt lat="24.4634060002863407135009765625" lon="118.152845688164234161376953125">
        <ele>218.399993896484375</ele>
        <time>2026-09-23T13:15:59.000Z</time>
        <extensions>
          <ns3:TrackPointExtension>
            <ns3:atemp>29.0</ns3:atemp>
            <ns3:hr>129</ns3:hr>
          </ns3:TrackPointExtension>
        </extensions>
      </trkpt>
      <trkpt lat="24.463407509028911590576171875" lon="118.15284200012683868408203125">
        <ele>217.399993896484375</ele>
        <time>2026-09-23T13:16:06.000Z</time>
        <extensions>
          <ns3:TrackPointExtension>
            <ns3:atemp>29.0</ns3:atemp>
            <ns3:hr>127</ns3:hr>
          </ns3:TrackPointExtension>
        </extensions>
      </trkpt>
      <trkpt lat="24.463407509028911590576171875" lon="118.1528401561081409454345703125">
        <ele>210.1999969482421875</ele>
        <time>2026-09-23T13:16:07.000Z</time>
        <extensions>
          <ns3:TrackPointExtension>
            <ns3:atemp>30.0</ns3:atemp>
            <ns3:hr>126</ns3:hr>
          </ns3:TrackPointExtension>
        </extensions>
      </trkpt>
      <trkpt lat="24.463407509028911590576171875" lon="118.1528394855558872222900390625">
        <ele>208.600006103515625</ele>
        <time>2026-09-23T13:16:08.000Z</time>
        <extensions>
          <ns3:TrackPointExtension>
            <ns3:atemp>29.0</ns3:atemp>
            <ns3:hr>125</ns3:hr>
          </ns3:TrackPointExtension>
        </extensions>
      </trkpt>
      <trkpt lat="24.463407509028911590576171875" lon="118.15283906646072864532470703125">
        <ele>206.1999969482421875</ele>
        <time>2026-09-23T13:16:09.000Z</time>
        <extensions>
          <ns3:TrackPointExtension>
            <ns3:atemp>30.0</ns3:atemp>
            <ns3:hr>125</ns3:hr>
          </ns3:TrackPointExtension>
        </extensions>
      </trkpt>
      <trkpt lat="24.46340759284794330596923828125" lon="118.15283822827041149139404296875">
        <ele>205</ele>
        <time>2026-09-23T13:16:15.000Z</time>
        <extensions>
          <ns3:TrackPointExtension>
            <ns3:atemp>29.0</ns3:atemp>
            <ns3:hr>124</ns3:hr>
          </ns3:TrackPointExtension>
        </extensions>
      </trkpt>
      <trkpt lat="24.4634076766669750213623046875" lon="118.1528381444513797760009765625">
        <ele>204.8000030517578125</ele>
        <time>2026-09-23T13:16:16.000Z</time>
        <extensions>
          <ns3:TrackPointExtension>
            <ns3:atemp>30.0</ns3:atemp>
            <ns3:hr>124</ns3:hr>
          </ns3:TrackPointExtension>
        </extensions>
      </trkpt>
      <trkpt lat="24.4634093530476093292236328125" lon="118.15283722244203090667724609375">
        <ele>203.8000030517578125</ele>
        <time>2026-09-23T13:16:19.000Z</time>
        <extensions>
          <ns3:TrackPointExtension>
            <ns3:atemp>30.0</ns3:atemp>
            <ns3:hr>126</ns3:hr>
          </ns3:TrackPointExtension>
        </extensions>
      </trkpt>
      <trkpt lat="24.46341178379952907562255859375" lon="118.1528264097869396209716796875">
        <ele>202.399993896484375</ele>
        <time>2026-09-23T13:16:24.000Z</time>
        <extensions>
          <ns3:TrackPointExtension>
            <ns3:atemp>30.0</ns3:atemp>
            <ns3:hr>128</ns3:hr>
          </ns3:TrackPointExtension>
        </extensions>
      </trkpt>
      <trkpt lat="24.46341195143759250640869140625" lon="118.15282464958727359771728515625">
        <ele>201.1999969482421875</ele>
        <time>2026-09-23T13:16:25.000Z</time>
        <extensions>
          <ns3:TrackPointExtension>
            <ns3:atemp>30.0</ns3:atemp>
            <ns3:hr>130</ns3:hr>
          </ns3:TrackPointExtension>
        </extensions>
      </trkpt>
      <trkpt lat="24.46341932751238346099853515625" lon="118.1528237275779247283935546875">
        <ele>201.1999969482421875</ele>
        <time>2026-09-23T13:16:28.000Z</time>
        <extensions>
          <ns3:TrackPointExtension>
            <ns3:atemp>30.0</ns3:atemp>
            <ns3:hr>133</ns3:hr>
          </ns3:TrackPointExtension>
        </extensions>
      </trkpt>
      <trkpt lat="24.4634210877120494842529296875" lon="118.1528227217495441436767578125">
        <ele>209.8000030517578125</ele>
        <time>2026-09-23T13:16:29.000Z</time>
        <extensions>
          <ns3:TrackPointExtension>
            <ns3:atemp>30.0</ns3:atemp>
            <ns3:hr>137</ns3:hr>
          </ns3:TrackPointExtension>
        </extensions>
      </trkpt>
      <trkpt lat="24.46342150680720806121826171875" lon="118.15282230265438556671142578125">
        <ele>222.8000030517578125</ele>
        <time>2026-09-23T13:16:30.000Z</time>
        <extensions>
          <ns3:TrackPointExtension>
            <ns3:atemp>30.0</ns3:atemp>
            <ns3:hr>139</ns3:hr>
          </ns3:TrackPointExtension>
        </extensions>
      </trkpt>
      <trkpt lat="24.46342234499752521514892578125" lon="118.1528217159211635589599609375">
        <ele>226.8000030517578125</ele>
        <time>2026-09-23T13:16:31.000Z</time>
        <extensions>
          <ns3:TrackPointExtension>
            <ns3:atemp>30.0</ns3:atemp>
            <ns3:hr>140</ns3:hr>
          </ns3:TrackPointExtension>
        </extensions>
      </trkpt>
      <trkpt lat="24.463427960872650146484375" lon="118.15282163210213184356689453125">
        <ele>228.1999969482421875</ele>
        <time>2026-09-23T13:16:32.000Z</time>
        <extensions>
          <ns3:TrackPointExtension>
            <ns3:atemp>30.0</ns3:atemp>
            <ns3:hr>141</ns3:hr>
          </ns3:TrackPointExtension>
        </extensions>
      </trkpt>
      <trkpt lat="24.4634373486042022705078125" lon="118.1528284214437007904052734375">
        <ele>229.399993896484375</ele>
        <time>2026-09-23T13:16:53.000Z</time>
        <extensions>
          <ns3:TrackPointExtension>
            <ns3:atemp>29.0</ns3:atemp>
            <ns3:hr>143</ns3:hr>
          </ns3:TrackPointExtension>
        </extensions>
      </trkpt>
      <trkpt lat="24.463437683880329132080078125" lon="118.15282867290079593658447265625">
        <ele>229.399993896484375</ele>
        <time>2026-09-23T13:16:55.000Z</time>
        <extensions>
          <ns3:TrackPointExtension>
            <ns3:atemp>29.0</ns3:atemp>
            <ns3:hr>145</ns3:hr>
          </ns3:TrackPointExtension>
        </extensions>
      </trkpt>
      <trkpt lat="24.4634415395557880401611328125" lon="118.15282934345304965972900390625">
        <ele>229.399993896484375</ele>
        <time>2026-09-23T13:17:04.000Z</time>
        <extensions>
          <ns3:TrackPointExtension>
            <ns3:atemp>29.0</ns3:atemp>
            <ns3:hr>142</ns3:hr>
          </ns3:TrackPointExtension>
        </extensions>
      </trkpt>
      <trkpt lat="24.46344162337481975555419921875" lon="118.15282951109111309051513671875">
        <ele>229.399993896484375</ele>
        <time>2026-09-23T13:17:08.000Z</time>
        <extensions>
          <ns3:TrackPointExtension>
            <ns3:atemp>29.0</ns3:atemp>
            <ns3:hr>139</ns3:hr>
          </ns3:TrackPointExtension>
        </extensions>
      </trkpt>
      <trkpt lat="24.46344162337481975555419921875" lon="118.15282951109111309051513671875">
        <ele>229.399993896484375</ele>
        <time>2026-09-23T13:17:10.000Z</time>
        <extensions>
          <ns3:TrackPointExtension>
            <ns3:atemp>29.0</ns3:atemp>
            <ns3:hr>136</ns3:hr>
          </ns3:TrackPointExtension>
        </extensions>
      </trkpt>
      <trkpt lat="24.46344162337481975555419921875" lon="118.15282951109111309051513671875">
        <ele>229.399993896484375</ele>
        <time>2026-09-23T13:17:12.000Z</time>
        <extensions>
          <ns3:TrackPointExtension>
            <ns3:atemp>29.0</ns3:atemp>
            <ns3:hr>133</ns3:hr>
          </ns3:TrackPointExtension>
        </extensions>
      </trkpt>
      <trkpt lat="24.4634415395557880401611328125" lon="118.15282917581498622894287109375">
        <ele>229.600006103515625</ele>
        <time>2026-09-23T13:17:17.000Z</time>
        <extensions>
          <ns3:TrackPointExtension>
            <ns3:atemp>29.0</ns3:atemp>
            <ns3:hr>130</ns3:hr>
          </ns3:TrackPointExtension>
        </extensions>
      </trkpt>
      <trkpt lat="24.4634338282048702239990234375" lon="118.15282012335956096649169921875">
        <ele>230.399993896484375</ele>
        <time>2026-09-23T13:17:59.000Z</time>
        <extensions>
          <ns3:TrackPointExtension>
            <ns3:atemp>28.0</ns3:atemp>
            <ns3:hr>128</ns3:hr>
          </ns3:TrackPointExtension>
        </extensions>
      </trkpt>
      <trkpt lat="24.46343206800520420074462890625" lon="118.15281425602734088897705078125">
        <ele>230.600006103515625</ele>
        <time>2026-09-23T13:18:38.000Z</time>
        <extensions>
          <ns3:TrackPointExtension>
            <ns3:atemp>28.0</ns3:atemp>
            <ns3:hr>125</ns3:hr>
          </ns3:TrackPointExtension>
        </extensions>
      </trkpt>
      <trkpt lat="24.46343022398650646209716796875" lon="118.15281325019896030426025390625">
        <ele>230.600006103515625</ele>
        <time>2026-09-23T13:18:51.000Z</time>
        <extensions>
          <ns3:TrackPointExtension>
            <ns3:atemp>28.0</ns3:atemp>
            <ns3:hr>122</ns3:hr>
          </ns3:TrackPointExtension>
        </extensions>
      </trkpt>
      <trkpt lat="24.46342938579618930816650390625" lon="118.1528129987418651580810546875">
        <ele>231</ele>
        <time>2026-09-23T13:19:07.000Z</time>
        <extensions>
          <ns3:TrackPointExtension>
            <ns3:atemp>28.0</ns3:atemp>
            <ns3:hr>119</ns3:hr>
          </ns3:TrackPointExtension>
        </extensions>
      </trkpt>
      <trkpt lat="24.4634293019771575927734375" lon="118.15281358547508716583251953125">
        <ele>231</ele>
        <time>2026-09-23T13:19:15.000Z</time>
        <extensions>
          <ns3:TrackPointExtension>
            <ns3:atemp>28.0</ns3:atemp>
            <ns3:hr>122</ns3:hr>
          </ns3:TrackPointExtension>
        </extensions>
      </trkpt>
      <trkpt lat="24.46342905052006244659423828125" lon="118.15281677059829235076904296875">
        <ele>231</ele>
        <time>2026-09-23T13:20:10.000Z</time>
        <extensions>
          <ns3:TrackPointExtension>
            <ns3:atemp>28.0</ns3:atemp>
            <ns3:hr>125</ns3:hr>
          </ns3:TrackPointExtension>
        </extensions>
      </trkpt>
      <trkpt lat="24.46342972107231616973876953125" lon="118.15281727351248264312744140625">
        <ele>231</ele>
        <time>2026-09-23T13:20:24.000Z</time>
        <extensions>
          <ns3:TrackPointExtension>
            <ns3:atemp>29.0</ns3:atemp>
            <ns3:hr>122</ns3:hr>
          </ns3:TrackPointExtension>
        </extensions>
      </trkpt>
      <trkpt lat="24.46342988871037960052490234375" lon="118.15281786024570465087890625">
        <ele>230.600006103515625</ele>
        <time>2026-09-23T13:20:46.000Z</time>
        <extensions>
          <ns3:TrackPointExtension>
            <ns3:atemp>29.0</ns3:atemp>
            <ns3:hr>124</ns3:hr>
          </ns3:TrackPointExtension>
        </extensions>
      </trkpt>
      <trkpt lat="24.46342787705361843109130859375" lon="118.152817524969577789306640625">
        <ele>230.600006103515625</ele>
        <time>2026-09-23T13:21:15.000Z</time>
        <extensions>
          <ns3:TrackPointExtension>
            <ns3:atemp>29.0</ns3:atemp>
            <ns3:hr>121</ns3:hr>
          </ns3:TrackPointExtension>
        </extensions>
      </trkpt>
      <trkpt lat="24.46342770941555500030517578125" lon="118.15281786024570465087890625">
        <ele>230.600006103515625</ele>
        <time>2026-09-23T13:21:26.000Z</time>
        <extensions>
          <ns3:TrackPointExtension>
            <ns3:atemp>29.0</ns3:atemp>
            <ns3:hr>124</ns3:hr>
          </ns3:TrackPointExtension>
        </extensions>
      </trkpt>
      <trkpt lat="24.46342729032039642333984375" lon="118.152818195521831512451171875">
        <ele>230.8000030517578125</ele>
        <time>2026-09-23T13:21:37.000Z</time>
        <extensions>
          <ns3:TrackPointExtension>
            <ns3:atemp>29.0</ns3:atemp>
            <ns3:hr>121</ns3:hr>
          </ns3:TrackPointExtension>
        </extensions>
      </trkpt>
      <trkpt lat="24.46342729032039642333984375" lon="118.1528193689882755279541015625">
        <ele>230.1999969482421875</ele>
        <time>2026-09-23T13:22:07.000Z</time>
        <extensions>
          <ns3:TrackPointExtension>
            <ns3:atemp>29.0</ns3:atemp>
            <ns3:hr>118</ns3:hr>
          </ns3:TrackPointExtension>
        </extensions>
      </trkpt>
      <trkpt lat="24.46342687122523784637451171875" lon="118.15281995572149753570556640625">
        <ele>230.1999969482421875</ele>
        <time>2026-09-23T13:22:24.000Z</time>
        <extensions>
          <ns3:TrackPointExtension>
            <ns3:atemp>29.0</ns3:atemp>
            <ns3:hr>115</ns3:hr>
          </ns3:TrackPointExtension>
        </extensions>
      </trkpt>
      <trkpt lat="24.46342720650136470794677734375" lon="118.1528203748166561126708984375">
        <ele>230.600006103515625</ele>
        <time>2026-09-23T13:22:41.000Z</time>
        <extensions>
          <ns3:TrackPointExtension>
            <ns3:atemp>29.0</ns3:atemp>
            <ns3:hr>118</ns3:hr>
          </ns3:TrackPointExtension>
        </extensions>
      </trkpt>
      <trkpt lat="24.46342687122523784637451171875" lon="118.1528210453689098358154296875">
        <ele>231.600006103515625</ele>
        <time>2026-09-23T13:23:12.000Z</time>
        <extensions>
          <ns3:TrackPointExtension>
            <ns3:atemp>29.0</ns3:atemp>
            <ns3:hr>118</ns3:hr>
          </ns3:TrackPointExtension>
        </extensions>
      </trkpt>
      <trkpt lat="24.46342620067298412322998046875" lon="118.15282163210213184356689453125">
        <ele>230.8000030517578125</ele>
        <time>2026-09-23T13:23:28.000Z</time>
        <extensions>
          <ns3:TrackPointExtension>
            <ns3:atemp>29.0</ns3:atemp>
            <ns3:hr>121</ns3:hr>
          </ns3:TrackPointExtension>
        </extensions>
      </trkpt>
      <trkpt lat="24.46342594921588897705078125" lon="118.15282188355922698974609375">
        <ele>230.600006103515625</ele>
        <time>2026-09-23T13:23:32.000Z</time>
        <extensions>
          <ns3:TrackPointExtension>
            <ns3:atemp>29.0</ns3:atemp>
            <ns3:hr>124</ns3:hr>
          </ns3:TrackPointExtension>
        </extensions>
      </trkpt>
      <trkpt lat="24.46342586539685726165771484375" lon="118.15282188355922698974609375">
        <ele>230.600006103515625</ele>
        <time>2026-09-23T13:23:33.000Z</time>
        <extensions>
          <ns3:TrackPointExtension>
            <ns3:atemp>29.0</ns3:atemp>
            <ns3:hr>124</ns3:hr>
          </ns3:TrackPointExtension>
        </extensions>
      </trkpt>
      <trkpt lat="24.46342502720654010772705078125" lon="118.15282247029244899749755859375">
        <ele>229.399993896484375</ele>
        <time>2026-09-23T13:23:42.000Z</time>
        <extensions>
          <ns3:TrackPointExtension>
            <ns3:atemp>29.0</ns3:atemp>
            <ns3:hr>124</ns3:hr>
          </ns3:TrackPointExtension>
        </extensions>
      </trkpt>
      <trkpt lat="24.46339451707899570465087890625" lon="118.15282548777759075164794921875">
        <ele>228.399993896484375</ele>
        <time>2026-09-23T13:23:50.000Z</time>
        <extensions>
          <ns3:TrackPointExtension>
            <ns3:atemp>29.0</ns3:atemp>
            <ns3:hr>127</ns3:hr>
          </ns3:TrackPointExtension>
        </extensions>
      </trkpt>
      <trkpt lat="24.46335830725729465484619140625" lon="118.1528247334063053131103515625">
        <ele>228.1999969482421875</ele>
        <time>2026-09-23T13:23:52.000Z</time>
        <extensions>
          <ns3:TrackPointExtension>
            <ns3:atemp>29.0</ns3:atemp>
            <ns3:hr>129</ns3:hr>
          </ns3:TrackPointExtension>
        </extensions>
      </trkpt>
      <trkpt lat="24.46329452097415924072265625" lon="118.15285482443869113922119140625">
        <ele>227.600006103515625</ele>
        <time>2026-09-23T13:23:55.000Z</time>
        <extensions>
          <ns3:TrackPointExtension>
            <ns3:atemp>29.0</ns3:atemp>
            <ns3:hr>129</ns3:hr>
          </ns3:TrackPointExtension>
        </extensions>
      </trkpt>
      <trkpt lat="24.463268704712390899658203125" lon="118.1528545729815959930419921875">
        <ele>227</ele>
        <time>2026-09-23T13:23:57.000Z</time>
        <extensions>
          <ns3:TrackPointExtension>
            <ns3:atemp>29.0</ns3:atemp>
            <ns3:hr>128</ns3:hr>
          </ns3:TrackPointExtension>
        </extensions>
      </trkpt>
      <trkpt lat="24.463247917592525482177734375" lon="118.1528587639331817626953125">
        <ele>226.600006103515625</ele>
        <time>2026-09-23T13:24:00.000Z</time>
        <extensions>
          <ns3:TrackPointExtension>
            <ns3:atemp>29.0</ns3:atemp>
            <ns3:hr>131</ns3:hr>
          </ns3:TrackPointExtension>
        </extensions>
      </trkpt>
      <trkpt lat="24.463246576488018035888671875" lon="118.15286287106573581695556640625">
        <ele>226</ele>
        <time>2026-09-23T13:24:02.000Z</time>
        <extensions>
          <ns3:TrackPointExtension>
            <ns3:atemp>29.0</ns3:atemp>
            <ns3:hr>131</ns3:hr>
          </ns3:TrackPointExtension>
        </extensions>
      </trkpt>
      <trkpt lat="24.46323509328067302703857421875" lon="118.15287410281598567962646484375">
        <ele>225.1999969482421875</ele>
        <time>2026-09-23T13:24:07.000Z</time>
        <extensions>
          <ns3:TrackPointExtension>
            <ns3:atemp>29.0</ns3:atemp>
            <ns3:hr>131</ns3:hr>
          </ns3:TrackPointExtension>
        </extensions>
      </trkpt>
      <trkpt lat="24.46324330754578113555908203125" lon="118.15288147889077663421630859375">
        <ele>224.8000030517578125</ele>
        <time>2026-09-23T13:24:08.000Z</time>
        <extensions>
          <ns3:TrackPointExtension>
            <ns3:atemp>29.0</ns3:atemp>
            <ns3:hr>133</ns3:hr>
          </ns3:TrackPointExtension>
        </extensions>
      </trkpt>
      <trkpt lat="24.4632524438202381134033203125" lon="118.1528622843325138092041015625">
        <ele>224</ele>
        <time>2026-09-23T13:24:12.000Z</time>
        <extensions>
          <ns3:TrackPointExtension>
            <ns3:atemp>29.0</ns3:atemp>
            <ns3:hr>134</ns3:hr>
          </ns3:TrackPointExtension>
        </extensions>
      </trkpt>
      <trkpt lat="24.46325554512441158294677734375" lon="118.15286572091281414031982421875">
        <ele>223.8000030517578125</ele>
        <time>2026-09-23T13:24:13.000Z</time>
        <extensions>
          <ns3:TrackPointExtension>
            <ns3:atemp>29.0</ns3:atemp>
            <ns3:hr>133</ns3:hr>
          </ns3:TrackPointExtension>
        </extensions>
      </trkpt>
      <trkpt lat="24.463243223726749420166015625" lon="118.15288784913718700408935546875">
        <ele>222.600006103515625</ele>
        <time>2026-09-23T13:24:16.000Z</time>
        <extensions>
          <ns3:TrackPointExtension>
            <ns3:atemp>29.0</ns3:atemp>
            <ns3:hr>133</ns3:hr>
          </ns3:TrackPointExtension>
        </extensions>
      </trkpt>
      <trkpt lat="24.463243894279003143310546875" lon="118.152892291545867919921875">
        <ele>222</ele>
        <time>2026-09-23T13:24:17.000Z</time>
        <extensions>
          <ns3:TrackPointExtension>
            <ns3:atemp>29.0</ns3:atemp>
            <ns3:hr>131</ns3:hr>
          </ns3:TrackPointExtension>
        </extensions>
      </trkpt>
      <trkpt lat="24.46323844604194164276123046875" lon="118.15290746279060840606689453125">
        <ele>221.399993896484375</ele>
        <time>2026-09-23T13:24:19.000Z</time>
        <extensions>
          <ns3:TrackPointExtension>
            <ns3:atemp>29.0</ns3:atemp>
            <ns3:hr>133</ns3:hr>
          </ns3:TrackPointExtension>
        </extensions>
      </trkpt>
      <trkpt lat="24.463224112987518310546875" lon="118.15292422659695148468017578125">
        <ele>220.1999969482421875</ele>
        <time>2026-09-23T13:24:22.000Z</time>
        <extensions>
          <ns3:TrackPointExtension>
            <ns3:atemp>29.0</ns3:atemp>
            <ns3:hr>132</ns3:hr>
          </ns3:TrackPointExtension>
        </extensions>
      </trkpt>
      <trkpt lat="24.4632095284759998321533203125" lon="118.15294249914586544036865234375">
        <ele>219</ele>
        <time>2026-09-23T13:24:25.000Z</time>
        <extensions>
          <ns3:TrackPointExtension>
            <ns3:atemp>29.0</ns3:atemp>
            <ns3:hr>132</ns3:hr>
          </ns3:TrackPointExtension>
        </extensions>
      </trkpt>
      <trkpt lat="24.46320106275379657745361328125" lon="118.152943588793277740478515625">
        <ele>218.600006103515625</ele>
        <time>2026-09-23T13:24:27.000Z</time>
        <extensions>
          <ns3:TrackPointExtension>
            <ns3:atemp>29.0</ns3:atemp>
            <ns3:hr>134</ns3:hr>
          </ns3:TrackPointExtension>
        </extensions>
      </trkpt>
      <trkpt lat="24.46318597532808780670166015625" lon="118.15294266678392887115478515625">
        <ele>218.399993896484375</ele>
        <time>2026-09-23T13:24:30.000Z</time>
        <extensions>
          <ns3:TrackPointExtension>
            <ns3:atemp>29.0</ns3:atemp>
            <ns3:hr>131</ns3:hr>
          </ns3:TrackPointExtension>
        </extensions>
      </trkpt>
      <trkpt lat="24.46318455040454864501953125" lon="118.15292925573885440826416015625">
        <ele>217.8000030517578125</ele>
        <time>2026-09-23T13:24:33.000Z</time>
        <extensions>
          <ns3:TrackPointExtension>
            <ns3:atemp>29.0</ns3:atemp>
            <ns3:hr>131</ns3:hr>
          </ns3:TrackPointExtension>
        </extensions>
      </trkpt>
      <trkpt lat="24.46317742578685283660888671875" lon="118.1529229693114757537841796875">
        <ele>217.600006103515625</ele>
        <time>2026-09-23T13:24:34.000Z</time>
        <extensions>
          <ns3:TrackPointExtension>
            <ns3:atemp>29.0</ns3:atemp>
            <ns3:hr>131</ns3:hr>
          </ns3:TrackPointExtension>
        </extensions>
      </trkpt>
      <trkpt lat="24.46316887624561786651611328125" lon="118.1529316864907741546630859375">
        <ele>217.1999969482421875</ele>
        <time>2026-09-23T13:24:39.000Z</time>
        <extensions>
          <ns3:TrackPointExtension>
            <ns3:atemp>29.0</ns3:atemp>
            <ns3:hr>132</ns3:hr>
          </ns3:TrackPointExtension>
        </extensions>
      </trkpt>
      <trkpt lat="24.463160745799541473388671875" lon="118.1529450975358486175537109375">
        <ele>216.399993896484375</ele>
        <time>2026-09-23T13:24:42.000Z</time>
        <extensions>
          <ns3:TrackPointExtension>
            <ns3:atemp>29.0</ns3:atemp>
            <ns3:hr>131</ns3:hr>
          </ns3:TrackPointExtension>
        </extensions>
      </trkpt>
      <trkpt lat="24.46314289234578609466552734375" lon="118.1529544852674007415771484375">
        <ele>215.8000030517578125</ele>
        <time>2026-09-23T13:24:46.000Z</time>
        <extensions>
          <ns3:TrackPointExtension>
            <ns3:atemp>29.0</ns3:atemp>
            <ns3:hr>130</ns3:hr>
          </ns3:TrackPointExtension>
        </extensions>
      </trkpt>
      <trkpt lat="24.4631381146609783172607421875" lon="118.15295943059027194976806640625">
        <ele>215.399993896484375</ele>
        <time>2026-09-23T13:24:47.000Z</time>
        <extensions>
          <ns3:TrackPointExtension>
            <ns3:atemp>29.0</ns3:atemp>
            <ns3:hr>130</ns3:hr>
          </ns3:TrackPointExtension>
        </extensions>
      </trkpt>
      <trkpt lat="24.46311472915112972259521484375" lon="118.15296160988509654998779296875">
        <ele>214.399993896484375</ele>
        <time>2026-09-23T13:24:54.000Z</time>
        <extensions>
          <ns3:TrackPointExtension>
            <ns3:atemp>29.0</ns3:atemp>
            <ns3:hr>132</ns3:hr>
          </ns3:TrackPointExtension>
        </extensions>
      </trkpt>
      <trkpt lat="24.4631022401154041290283203125" lon="118.1529682315886020660400390625">
        <ele>213.399993896484375</ele>
        <time>2026-09-23T13:24:59.000Z</time>
        <extensions>
          <ns3:TrackPointExtension>
            <ns3:atemp>29.0</ns3:atemp>
            <ns3:hr>131</ns3:hr>
          </ns3:TrackPointExtension>
        </extensions>
      </trkpt>
      <trkpt lat="24.463103748857975006103515625" lon="118.152967058122158050537109375">
        <ele>213</ele>
        <time>2026-09-23T13:25:00.000Z</time>
        <extensions>
          <ns3:TrackPointExtension>
            <ns3:atemp>29.0</ns3:atemp>
            <ns3:hr>131</ns3:hr>
          </ns3:TrackPointExtension>
        </extensions>
      </trkpt>
      <trkpt lat="24.46307592093944549560546875" lon="118.1529735960066318511962890625">
        <ele>212.8000030517578125</ele>
        <time>2026-09-23T13:25:06.000Z</time>
        <extensions>
          <ns3:TrackPointExtension>
            <ns3:atemp>29.0</ns3:atemp>
            <ns3:hr>130</ns3:hr>
          </ns3:TrackPointExtension>
        </extensions>
      </trkpt>
      <trkpt lat="24.46305505000054836273193359375" lon="118.15297569148242473602294921875">
        <ele>212.600006103515625</ele>
        <time>2026-09-23T13:25:12.000Z</time>
        <extensions>
          <ns3:TrackPointExtension>
            <ns3:atemp>29.0</ns3:atemp>
            <ns3:hr>133</ns3:hr>
          </ns3:TrackPointExtension>
        </extensions>
      </trkpt>
      <trkpt lat="24.46305035613477230072021484375" lon="118.15298273228108882904052734375">
        <ele>212.399993896484375</ele>
        <time>2026-09-23T13:25:14.000Z</time>
        <extensions>
          <ns3:TrackPointExtension>
            <ns3:atemp>29.0</ns3:atemp>
            <ns3:hr>129</ns3:hr>
          </ns3:TrackPointExtension>
        </extensions>
      </trkpt>
      <trkpt lat="24.46304784156382083892822265625" lon="118.15299027599394321441650390625">
        <ele>212.399993896484375</ele>
        <time>2026-09-23T13:25:15.000Z</time>
        <extensions>
          <ns3:TrackPointExtension>
            <ns3:atemp>29.0</ns3:atemp>
            <ns3:hr>128</ns3:hr>
          </ns3:TrackPointExtension>
        </extensions>
      </trkpt>
      <trkpt lat="24.46303644217550754547119140625" lon="118.15299949608743190765380859375">
        <ele>211.8000030517578125</ele>
        <time>2026-09-23T13:25:18.000Z</time>
        <extensions>
          <ns3:TrackPointExtension>
            <ns3:atemp>29.0</ns3:atemp>
            <ns3:hr>129</ns3:hr>
          </ns3:TrackPointExtension>
        </extensions>
      </trkpt>
      <trkpt lat="24.4630284793674945831298828125" lon="118.1530036032199859619140625">
        <ele>211.1999969482421875</ele>
        <time>2026-09-23T13:25:21.000Z</time>
        <extensions>
          <ns3:TrackPointExtension>
            <ns3:atemp>29.0</ns3:atemp>
            <ns3:hr>129</ns3:hr>
          </ns3:TrackPointExtension>
        </extensions>
      </trkpt>
      <trkpt lat="24.4630221091210842132568359375" lon="118.1530071236193180084228515625">
        <ele>210.8000030517578125</ele>
        <time>2026-09-23T13:25:23.000Z</time>
        <extensions>
          <ns3:TrackPointExtension>
            <ns3:atemp>29.0</ns3:atemp>
            <ns3:hr>128</ns3:hr>
          </ns3:TrackPointExtension>
        </extensions>
      </trkpt>
      <trkpt lat="24.4630060158669948577880859375" lon="118.1530148349702358245849609375">
        <ele>210</ele>
        <time>2026-09-23T13:25:29.000Z</time>
        <extensions>
          <ns3:TrackPointExtension>
            <ns3:atemp>29.0</ns3:atemp>
            <ns3:hr>130</ns3:hr>
          </ns3:TrackPointExtension>
        </extensions>
      </trkpt>
      <trkpt lat="24.46300392039120197296142578125" lon="118.15301894210278987884521484375">
        <ele>208.8000030517578125</ele>
        <time>2026-09-23T13:25:35.000Z</time>
        <extensions>
          <ns3:TrackPointExtension>
            <ns3:atemp>29.0</ns3:atemp>
            <ns3:hr>131</ns3:hr>
          </ns3:TrackPointExtension>
        </extensions>
      </trkpt>
      <trkpt lat="24.46300392039120197296142578125" lon="118.15301843918859958648681640625">
        <ele>208.600006103515625</ele>
        <time>2026-09-23T13:25:37.000Z</time>
        <extensions>
          <ns3:TrackPointExtension>
            <ns3:atemp>29.0</ns3:atemp>
            <ns3:hr>131</ns3:hr>
          </ns3:TrackPointExtension>
        </extensions>
      </trkpt>
      <trkpt lat="24.46300392039120197296142578125" lon="118.15301843918859958648681640625">
        <ele>207.399993896484375</ele>
        <time>2026-09-23T13:25:43.000Z</time>
        <extensions>
          <ns3:TrackPointExtension>
            <ns3:atemp>29.0</ns3:atemp>
            <ns3:hr>132</ns3:hr>
          </ns3:TrackPointExtension>
        </extensions>
      </trkpt>
      <trkpt lat="24.46300392039120197296142578125" lon="118.15301961265504360198974609375">
        <ele>206</ele>
        <time>2026-09-23T13:25:50.000Z</time>
        <extensions>
          <ns3:TrackPointExtension>
            <ns3:atemp>29.0</ns3:atemp>
            <ns3:hr>131</ns3:hr>
          </ns3:TrackPointExtension>
        </extensions>
      </trkpt>
      <trkpt lat="24.46299813687801361083984375" lon="118.153047524392604827880859375">
        <ele>205</ele>
        <time>2026-09-23T13:26:04.000Z</time>
        <extensions>
          <ns3:TrackPointExtension>
            <ns3:atemp>29.0</ns3:atemp>
            <ns3:hr>131</ns3:hr>
          </ns3:TrackPointExtension>
        </extensions>
      </trkpt>
      <trkpt lat="24.46299813687801361083984375" lon="118.1530520506203174591064453125">
        <ele>204.1999969482421875</ele>
        <time>2026-09-23T13:26:08.000Z</time>
        <extensions>
          <ns3:TrackPointExtension>
            <ns3:atemp>29.0</ns3:atemp>
            <ns3:hr>134</ns3:hr>
          </ns3:TrackPointExtension>
        </extensions>
      </trkpt>
      <trkpt lat="24.4630013220012187957763671875" lon="118.1530607677996158599853515625">
        <ele>203.600006103515625</ele>
        <time>2026-09-23T13:26:12.000Z</time>
        <extensions>
          <ns3:TrackPointExtension>
            <ns3:atemp>29.0</ns3:atemp>
            <ns3:hr>133</ns3:hr>
          </ns3:TrackPointExtension>
        </extensions>
      </trkpt>
      <trkpt lat="24.4629989750683307647705078125" lon="118.15309404395520687103271484375">
        <ele>202.600006103515625</ele>
        <time>2026-09-23T13:26:24.000Z</time>
        <extensions>
          <ns3:TrackPointExtension>
            <ns3:atemp>29.0</ns3:atemp>
            <ns3:hr>130</ns3:hr>
          </ns3:TrackPointExtension>
        </extensions>
      </trkpt>
      <trkpt lat="24.462997131049633026123046875" lon="118.1531127355992794036865234375">
        <ele>201.600006103515625</ele>
        <time>2026-09-23T13:26:33.000Z</time>
        <extensions>
          <ns3:TrackPointExtension>
            <ns3:atemp>29.0</ns3:atemp>
            <ns3:hr>129</ns3:hr>
          </ns3:TrackPointExtension>
        </extensions>
      </trkpt>
      <trkpt lat="24.4629329256713390350341796875" lon="118.15312639810144901275634765625">
        <ele>200.399993896484375</ele>
        <time>2026-09-23T13:27:08.000Z</time>
        <extensions>
          <ns3:TrackPointExtension>
            <ns3:atemp>29.0</ns3:atemp>
            <ns3:hr>131</ns3:hr>
          </ns3:TrackPointExtension>
        </extensions>
      </trkpt>
      <trkpt lat="24.4629289023578166961669921875" lon="118.15312874503433704376220703125">
        <ele>199.399993896484375</ele>
        <time>2026-09-23T13:27:15.000Z</time>
        <extensions>
          <ns3:TrackPointExtension>
            <ns3:atemp>29.0</ns3:atemp>
            <ns3:hr>131</ns3:hr>
          </ns3:TrackPointExtension>
        </extensions>
      </trkpt>
      <trkpt lat="24.46291557513177394866943359375" lon="118.1531408987939357757568359375">
        <ele>198.1999969482421875</ele>
        <time>2026-09-23T13:27:27.000Z</time>
        <extensions>
          <ns3:TrackPointExtension>
            <ns3:atemp>29.0</ns3:atemp>
            <ns3:hr>132</ns3:hr>
          </ns3:TrackPointExtension>
        </extensions>
      </trkpt>
      <trkpt lat="24.462914653122425079345703125" lon="118.15314584411680698394775390625">
        <ele>197</ele>
        <time>2026-09-23T13:27:33.000Z</time>
        <extensions>
          <ns3:TrackPointExtension>
            <ns3:atemp>29.0</ns3:atemp>
            <ns3:hr>131</ns3:hr>
          </ns3:TrackPointExtension>
        </extensions>
      </trkpt>
      <trkpt lat="24.46291423402726650238037109375" lon="118.153148107230663299560546875">
        <ele>195.8000030517578125</ele>
        <time>2026-09-23T13:27:35.000Z</time>
        <extensions>
          <ns3:TrackPointExtension>
            <ns3:atemp>29.0</ns3:atemp>
            <ns3:hr>130</ns3:hr>
          </ns3:TrackPointExtension>
        </extensions>
      </trkpt>
      <trkpt lat="24.46290669031441211700439453125" lon="118.15316495485603809356689453125">
        <ele>195</ele>
        <time>2026-09-23T13:27:50.000Z</time>
        <extensions>
          <ns3:TrackPointExtension>
            <ns3:atemp>29.0</ns3:atemp>
            <ns3:hr>127</ns3:hr>
          </ns3:TrackPointExtension>
        </extensions>
      </trkpt>
      <trkpt lat="24.46290182881057262420654296875" lon="118.15316881053149700164794921875">
        <ele>195</ele>
        <time>2026-09-23T13:27:54.000Z</time>
        <extensions>
          <ns3:TrackPointExtension>
            <ns3:atemp>29.0</ns3:atemp>
            <ns3:hr>130</ns3:hr>
          </ns3:TrackPointExtension>
        </extensions>
      </trkpt>
      <trkpt lat="24.462886154651641845703125" lon="118.153189681470394134521484375">
        <ele>194.8000030517578125</ele>
        <time>2026-09-23T13:28:03.000Z</time>
        <extensions>
          <ns3:TrackPointExtension>
            <ns3:atemp>29.0</ns3:atemp>
            <ns3:hr>133</ns3:hr>
          </ns3:TrackPointExtension>
        </extensions>
      </trkpt>
      <trkpt lat="24.462864696979522705078125" lon="118.15322044305503368377685546875">
        <ele>194.600006103515625</ele>
        <time>2026-09-23T13:28:15.000Z</time>
        <extensions>
          <ns3:TrackPointExtension>
            <ns3:atemp>29.0</ns3:atemp>
            <ns3:hr>136</ns3:hr>
          </ns3:TrackPointExtension>
        </extensions>
      </trkpt>
      <trkpt lat="24.46285841055214405059814453125" lon="118.1532262265682220458984375">
        <ele>193.399993896484375</ele>
        <time>2026-09-23T13:28:33.000Z</time>
        <extensions>
          <ns3:TrackPointExtension>
            <ns3:atemp>29.0</ns3:atemp>
            <ns3:hr>136</ns3:hr>
          </ns3:TrackPointExtension>
        </extensions>
      </trkpt>
      <trkpt lat="24.46285304613411426544189453125" lon="118.1532297469675540924072265625">
        <ele>192.399993896484375</ele>
        <time>2026-09-23T13:28:41.000Z</time>
        <extensions>
          <ns3:TrackPointExtension>
            <ns3:atemp>29.0</ns3:atemp>
            <ns3:hr>138</ns3:hr>
          </ns3:TrackPointExtension>
        </extensions>
      </trkpt>
      <trkpt lat="24.462847597897052764892578125" lon="118.15323360264301300048828125">
        <ele>191.1999969482421875</ele>
        <time>2026-09-23T13:28:52.000Z</time>
        <extensions>
          <ns3:TrackPointExtension>
            <ns3:atemp>29.0</ns3:atemp>
            <ns3:hr>136</ns3:hr>
          </ns3:TrackPointExtension>
        </extensions>
      </trkpt>
      <trkpt lat="24.46284634061157703399658203125" lon="118.1532347761094570159912109375">
        <ele>190.1999969482421875</ele>
        <time>2026-09-23T13:28:59.000Z</time>
        <extensions>
          <ns3:TrackPointExtension>
            <ns3:atemp>29.0</ns3:atemp>
            <ns3:hr>136</ns3:hr>
          </ns3:TrackPointExtension>
        </extensions>
      </trkpt>
      <trkpt lat="24.46284659206867218017578125" lon="118.15323536284267902374267578125">
        <ele>189.1999969482421875</ele>
        <time>2026-09-23T13:29:04.000Z</time>
        <extensions>
          <ns3:TrackPointExtension>
            <ns3:atemp>29.0</ns3:atemp>
            <ns3:hr>133</ns3:hr>
          </ns3:TrackPointExtension>
        </extensions>
      </trkpt>
      <trkpt lat="24.46284667588770389556884765625" lon="118.15323553048074245452880859375">
        <ele>189.1999969482421875</ele>
        <time>2026-09-23T13:29:05.000Z</time>
        <extensions>
          <ns3:TrackPointExtension>
            <ns3:atemp>29.0</ns3:atemp>
            <ns3:hr>133</ns3:hr>
          </ns3:TrackPointExtension>
        </extensions>
      </trkpt>
      <trkpt lat="24.462846927344799041748046875" lon="118.1532371230423450469970703125">
        <ele>188.600006103515625</ele>
        <time>2026-09-23T13:29:13.000Z</time>
        <extensions>
          <ns3:TrackPointExtension>
            <ns3:atemp>29.0</ns3:atemp>
            <ns3:hr>130</ns3:hr>
          </ns3:TrackPointExtension>
        </extensions>
      </trkpt>
      <trkpt lat="24.46284701116383075714111328125" lon="118.15323737449944019317626953125">
        <ele>188</ele>
        <time>2026-09-23T13:29:16.000Z</time>
        <extensions>
          <ns3:TrackPointExtension>
            <ns3:atemp>29.0</ns3:atemp>
            <ns3:hr>131</ns3:hr>
          </ns3:TrackPointExtension>
        </extensions>
      </trkpt>
      <trkpt lat="24.4628467597067356109619140625" lon="118.153240643441677093505859375">
        <ele>187.399993896484375</ele>
        <time>2026-09-23T13:29:28.000Z</time>
        <extensions>
          <ns3:TrackPointExtension>
            <ns3:atemp>29.0</ns3:atemp>
            <ns3:hr>128</ns3:hr>
          </ns3:TrackPointExtension>
        </extensions>
      </trkpt>
      <trkpt lat="24.46284667588770389556884765625" lon="118.15324123017489910125732421875">
        <ele>186.8000030517578125</ele>
        <time>2026-09-23T13:29:31.000Z</time>
        <extensions>
          <ns3:TrackPointExtension>
            <ns3:atemp>29.0</ns3:atemp>
            <ns3:hr>130</ns3:hr>
          </ns3:TrackPointExtension>
        </extensions>
      </trkpt>
      <trkpt lat="24.4628467597067356109619140625" lon="118.153243325650691986083984375">
        <ele>186.399993896484375</ele>
        <time>2026-09-23T13:29:38.000Z</time>
        <extensions>
          <ns3:TrackPointExtension>
            <ns3:atemp>29.0</ns3:atemp>
            <ns3:hr>127</ns3:hr>
          </ns3:TrackPointExtension>
        </extensions>
      </trkpt>
      <trkpt lat="24.46284684352576732635498046875" lon="118.15324433147907257080078125">
        <ele>185.600006103515625</ele>
        <time>2026-09-23T13:29:42.000Z</time>
        <extensions>
          <ns3:TrackPointExtension>
            <ns3:atemp>29.0</ns3:atemp>
            <ns3:hr>124</ns3:hr>
          </ns3:TrackPointExtension>
        </extensions>
      </trkpt>
      <trkpt lat="24.46282538585364818572998046875" lon="118.15333309583365917205810546875">
        <ele>184.8000030517578125</ele>
        <time>2026-09-23T13:29:55.000Z</time>
        <extensions>
          <ns3:TrackPointExtension>
            <ns3:atemp>29.0</ns3:atemp>
            <ns3:hr>125</ns3:hr>
          </ns3:TrackPointExtension>
        </extensions>
      </trkpt>
      <trkpt lat="24.46282270364463329315185546875" lon="118.1533467583358287811279296875">
        <ele>184.600006103515625</ele>
        <time>2026-09-23T13:29:56.000Z</time>
        <extensions>
          <ns3:TrackPointExtension>
            <ns3:atemp>29.0</ns3:atemp>
            <ns3:hr>125</ns3:hr>
          </ns3:TrackPointExtension>
        </extensions>
      </trkpt>
      <trkpt lat="24.46281281299889087677001953125" lon="118.15339243970811367034912109375">
        <ele>183.399993896484375</ele>
        <time>2026-09-23T13:29:59.000Z</time>
        <extensions>
          <ns3:TrackPointExtension>
            <ns3:atemp>29.0</ns3:atemp>
            <ns3:hr>123</ns3:hr>
          </ns3:TrackPointExtension>
        </extensions>
      </trkpt>
      <trkpt lat="24.46279671974480152130126953125" lon="118.15341238863766193389892578125">
        <ele>182.8000030517578125</ele>
        <time>2026-09-23T13:30:04.000Z</time>
        <extensions>
          <ns3:TrackPointExtension>
            <ns3:atemp>29.0</ns3:atemp>
            <ns3:hr>123</ns3:hr>
          </ns3:TrackPointExtension>
        </extensions>
      </trkpt>
      <trkpt lat="24.46278481744229793548583984375" lon="118.15340735949575901031494140625">
        <ele>182.1999969482421875</ele>
        <time>2026-09-23T13:30:08.000Z</time>
        <extensions>
          <ns3:TrackPointExtension>
            <ns3:atemp>29.0</ns3:atemp>
            <ns3:hr>125</ns3:hr>
          </ns3:TrackPointExtension>
        </extensions>
      </trkpt>
      <trkpt lat="24.46275673806667327880859375" lon="118.15339311026036739349365234375">
        <ele>182.399993896484375</ele>
        <time>2026-09-23T13:30:16.000Z</time>
        <extensions>
          <ns3:TrackPointExtension>
            <ns3:atemp>29.0</ns3:atemp>
            <ns3:hr>127</ns3:hr>
          </ns3:TrackPointExtension>
        </extensions>
      </trkpt>
      <trkpt lat="24.46274600923061370849609375" lon="118.1533762626349925994873046875">
        <ele>181.399993896484375</ele>
        <time>2026-09-23T13:30:23.000Z</time>
        <extensions>
          <ns3:TrackPointExtension>
            <ns3:atemp>29.0</ns3:atemp>
            <ns3:hr>128</ns3:hr>
          </ns3:TrackPointExtension>
        </extensions>
      </trkpt>
      <trkpt lat="24.46273854933679103851318359375" lon="118.15337668173015117645263671875">
        <ele>181.1999969482421875</ele>
        <time>2026-09-23T13:30:25.000Z</time>
        <extensions>
          <ns3:TrackPointExtension>
            <ns3:atemp>29.0</ns3:atemp>
            <ns3:hr>127</ns3:hr>
          </ns3:TrackPointExtension>
        </extensions>
      </trkpt>
      <trkpt lat="24.46272916160523891448974609375" lon="118.15337819047272205352783203125">
        <ele>180.8000030517578125</ele>
        <time>2026-09-23T13:30:30.000Z</time>
        <extensions>
          <ns3:TrackPointExtension>
            <ns3:atemp>29.0</ns3:atemp>
            <ns3:hr>127</ns3:hr>
          </ns3:TrackPointExtension>
        </extensions>
      </trkpt>
      <trkpt lat="24.4626898504793643951416015625" lon="118.15337953157722949981689453125">
        <ele>180.1999969482421875</ele>
        <time>2026-09-23T13:30:36.000Z</time>
        <extensions>
          <ns3:TrackPointExtension>
            <ns3:atemp>29.0</ns3:atemp>
            <ns3:hr>127</ns3:hr>
          </ns3:TrackPointExtension>
        </extensions>
      </trkpt>
      <trkpt lat="24.46268456988036632537841796875" lon="118.15339026041328907012939453125">
        <ele>179.8000030517578125</ele>
        <time>2026-09-23T13:30:38.000Z</time>
        <extensions>
          <ns3:TrackPointExtension>
            <ns3:atemp>29.0</ns3:atemp>
            <ns3:hr>127</ns3:hr>
          </ns3:TrackPointExtension>
        </extensions>
      </trkpt>
      <trkpt lat="24.4626796245574951171875" lon="118.1533943675458431243896484375">
        <ele>179.1999969482421875</ele>
        <time>2026-09-23T13:30:43.000Z</time>
        <extensions>
          <ns3:TrackPointExtension>
            <ns3:atemp>29.0</ns3:atemp>
            <ns3:hr>129</ns3:hr>
          </ns3:TrackPointExtension>
        </extensions>
      </trkpt>
      <trkpt lat="24.46265288628637790679931640625" lon="118.15338305197656154632568359375">
        <ele>179</ele>
        <time>2026-09-23T13:30:48.000Z</time>
        <extensions>
          <ns3:TrackPointExtension>
            <ns3:atemp>29.0</ns3:atemp>
            <ns3:hr>131</ns3:hr>
          </ns3:TrackPointExtension>
        </extensions>
      </trkpt>
      <trkpt lat="24.46263511665165424346923828125" lon="118.153410963714122772216796875">
        <ele>178.8000030517578125</ele>
        <time>2026-09-23T13:30:54.000Z</time>
        <extensions>
          <ns3:TrackPointExtension>
            <ns3:atemp>29.0</ns3:atemp>
            <ns3:hr>130</ns3:hr>
          </ns3:TrackPointExtension>
        </extensions>
      </trkpt>
      <trkpt lat="24.46262489072978496551513671875" lon="118.15341255627572536468505859375">
        <ele>178</ele>
        <time>2026-09-23T13:30:57.000Z</time>
        <extensions>
          <ns3:TrackPointExtension>
            <ns3:atemp>29.0</ns3:atemp>
            <ns3:hr>131</ns3:hr>
          </ns3:TrackPointExtension>
        </extensions>
      </trkpt>
      <trkpt lat="24.46260577999055385589599609375" lon="118.15341507084667682647705078125">
        <ele>177.399993896484375</ele>
        <time>2026-09-23T13:31:01.000Z</time>
        <extensions>
          <ns3:TrackPointExtension>
            <ns3:atemp>29.0</ns3:atemp>
            <ns3:hr>132</ns3:hr>
          </ns3:TrackPointExtension>
        </extensions>
      </trkpt>
      <trkpt lat="24.46260276250541210174560546875" lon="118.15342378802597522735595703125">
        <ele>177</ele>
        <time>2026-09-23T13:31:02.000Z</time>
        <extensions>
          <ns3:TrackPointExtension>
            <ns3:atemp>29.0</ns3:atemp>
            <ns3:hr>132</ns3:hr>
          </ns3:TrackPointExtension>
        </extensions>
      </trkpt>
      <trkpt lat="24.4625849090516567230224609375" lon="118.15345312468707561492919921875">
        <ele>176</ele>
        <time>2026-09-23T13:31:07.000Z</time>
        <extensions>
          <ns3:TrackPointExtension>
            <ns3:atemp>29.0</ns3:atemp>
            <ns3:hr>134</ns3:hr>
          </ns3:TrackPointExtension>
        </extensions>
      </trkpt>
      <trkpt lat="24.46258264593780040740966796875" lon="118.15345698036253452301025390625">
        <ele>175.600006103515625</ele>
        <time>2026-09-23T13:31:08.000Z</time>
        <extensions>
          <ns3:TrackPointExtension>
            <ns3:atemp>29.0</ns3:atemp>
            <ns3:hr>134</ns3:hr>
          </ns3:TrackPointExtension>
        </extensions>
      </trkpt>
      <trkpt lat="24.46257392875850200653076171875" lon="118.1534580700099468231201171875">
        <ele>174.8000030517578125</ele>
        <time>2026-09-23T13:31:12.000Z</time>
        <extensions>
          <ns3:TrackPointExtension>
            <ns3:atemp>29.0</ns3:atemp>
            <ns3:hr>132</ns3:hr>
          </ns3:TrackPointExtension>
        </extensions>
      </trkpt>
      <trkpt lat="24.4625755213201045989990234375" lon="118.15347022376954555511474609375">
        <ele>174.399993896484375</ele>
        <time>2026-09-23T13:31:14.000Z</time>
        <extensions>
          <ns3:TrackPointExtension>
            <ns3:atemp>29.0</ns3:atemp>
            <ns3:hr>132</ns3:hr>
          </ns3:TrackPointExtension>
        </extensions>
      </trkpt>
      <trkpt lat="24.4625656306743621826171875" lon="118.1534791924059391021728515625">
        <ele>173.8000030517578125</ele>
        <time>2026-09-23T13:31:19.000Z</time>
        <extensions>
          <ns3:TrackPointExtension>
            <ns3:atemp>29.0</ns3:atemp>
            <ns3:hr>132</ns3:hr>
          </ns3:TrackPointExtension>
        </extensions>
      </trkpt>
      <trkpt lat="24.46256236173212528228759765625" lon="118.1534798629581928253173828125">
        <ele>173.399993896484375</ele>
        <time>2026-09-23T13:31:20.000Z</time>
        <extensions>
          <ns3:TrackPointExtension>
            <ns3:atemp>29.0</ns3:atemp>
            <ns3:hr>133</ns3:hr>
          </ns3:TrackPointExtension>
        </extensions>
      </trkpt>
      <trkpt lat="24.46254492737352848052978515625" lon="118.1535006500780582427978515625">
        <ele>173</ele>
        <time>2026-09-23T13:31:26.000Z</time>
        <extensions>
          <ns3:TrackPointExtension>
            <ns3:atemp>29.0</ns3:atemp>
            <ns3:hr>132</ns3:hr>
          </ns3:TrackPointExtension>
        </extensions>
      </trkpt>
      <trkpt lat="24.4625369645655155181884765625" lon="118.1535120494663715362548828125">
        <ele>173</ele>
        <time>2026-09-23T13:31:32.000Z</time>
        <extensions>
          <ns3:TrackPointExtension>
            <ns3:atemp>29.0</ns3:atemp>
            <ns3:hr>129</ns3:hr>
          </ns3:TrackPointExtension>
        </extensions>
      </trkpt>
      <trkpt lat="24.46253545582294464111328125" lon="118.153512887656688690185546875">
        <ele>173</ele>
        <time>2026-09-23T13:31:33.000Z</time>
        <extensions>
          <ns3:TrackPointExtension>
            <ns3:atemp>29.0</ns3:atemp>
            <ns3:hr>130</ns3:hr>
          </ns3:TrackPointExtension>
        </extensions>
      </trkpt>
      <trkpt lat="24.46253352798521518707275390625" lon="118.153508193790912628173828125">
        <ele>172.600006103515625</ele>
        <time>2026-09-23T13:31:34.000Z</time>
        <extensions>
          <ns3:TrackPointExtension>
            <ns3:atemp>29.0</ns3:atemp>
            <ns3:hr>129</ns3:hr>
          </ns3:TrackPointExtension>
        </extensions>
      </trkpt>
      <trkpt lat="24.46252380497753620147705078125" lon="118.153501488268375396728515625">
        <ele>172.8000030517578125</ele>
        <time>2026-09-23T13:31:43.000Z</time>
        <extensions>
          <ns3:TrackPointExtension>
            <ns3:atemp>29.0</ns3:atemp>
            <ns3:hr>130</ns3:hr>
          </ns3:TrackPointExtension>
        </extensions>
      </trkpt>
      <trkpt lat="24.4625262357294559478759765625" lon="118.15350123681128025054931640625">
        <ele>172.600006103515625</ele>
        <time>2026-09-23T13:31:52.000Z</time>
        <extensions>
          <ns3:TrackPointExtension>
            <ns3:atemp>29.0</ns3:atemp>
            <ns3:hr>133</ns3:hr>
          </ns3:TrackPointExtension>
        </extensions>
      </trkpt>
      <trkpt lat="24.46251860819756984710693359375" lon="118.15349738113582134246826171875">
        <ele>172.600006103515625</ele>
        <time>2026-09-23T13:31:55.000Z</time>
        <extensions>
          <ns3:TrackPointExtension>
            <ns3:atemp>29.0</ns3:atemp>
            <ns3:hr>139</ns3:hr>
          </ns3:TrackPointExtension>
        </extensions>
      </trkpt>
      <trkpt lat="24.46251240558922290802001953125" lon="118.1534972973167896270751953125">
        <ele>172.600006103515625</ele>
        <time>2026-09-23T13:31:57.000Z</time>
        <extensions>
          <ns3:TrackPointExtension>
            <ns3:atemp>29.0</ns3:atemp>
            <ns3:hr>142</ns3:hr>
          </ns3:TrackPointExtension>
        </extensions>
      </trkpt>
      <trkpt lat="24.4624970667064189910888671875" lon="118.1534996442496776580810546875">
        <ele>172.600006103515625</ele>
        <time>2026-09-23T13:32:24.000Z</time>
        <extensions>
          <ns3:TrackPointExtension>
            <ns3:atemp>29.0</ns3:atemp>
            <ns3:hr>139</ns3:hr>
          </ns3:TrackPointExtension>
        </extensions>
      </trkpt>
      <trkpt lat="24.46248575113713741302490234375" lon="118.15350450575351715087890625">
        <ele>172.8000030517578125</ele>
        <time>2026-09-23T13:32:38.000Z</time>
        <extensions>
          <ns3:TrackPointExtension>
            <ns3:atemp>29.0</ns3:atemp>
            <ns3:hr>136</ns3:hr>
          </ns3:TrackPointExtension>
        </extensions>
      </trkpt>
      <trkpt lat="24.46247577667236328125" lon="118.15351095981895923614501953125">
        <ele>172.8000030517578125</ele>
        <time>2026-09-23T13:32:46.000Z</time>
        <extensions>
          <ns3:TrackPointExtension>
            <ns3:atemp>30.0</ns3:atemp>
            <ns3:hr>136</ns3:hr>
          </ns3:TrackPointExtension>
        </extensions>
      </trkpt>
      <trkpt lat="24.46246647275984287261962890625" lon="118.15351095981895923614501953125">
        <ele>172.600006103515625</ele>
        <time>2026-09-23T13:32:53.000Z</time>
        <extensions>
          <ns3:TrackPointExtension>
            <ns3:atemp>30.0</ns3:atemp>
            <ns3:hr>133</ns3:hr>
          </ns3:TrackPointExtension>
        </extensions>
      </trkpt>
      <trkpt lat="24.46246328763663768768310546875" lon="118.15349386073648929595947265625">
        <ele>173</ele>
        <time>2026-09-23T13:33:13.000Z</time>
        <extensions>
          <ns3:TrackPointExtension>
            <ns3:atemp>29.0</ns3:atemp>
            <ns3:hr>136</ns3:hr>
          </ns3:TrackPointExtension>
        </extensions>
      </trkpt>
      <trkpt lat="24.462472088634967803955078125" lon="118.15347374416887760162353515625">
        <ele>173.1999969482421875</ele>
        <time>2026-09-23T13:33:26.000Z</time>
        <extensions>
          <ns3:TrackPointExtension>
            <ns3:atemp>29.0</ns3:atemp>
            <ns3:hr>133</ns3:hr>
          </ns3:TrackPointExtension>
        </extensions>
      </trkpt>
      <trkpt lat="24.4624813087284564971923828125" lon="118.15348715521395206451416015625">
        <ele>173</ele>
        <time>2026-09-23T13:33:54.000Z</time>
        <extensions>
          <ns3:TrackPointExtension>
            <ns3:atemp>30.0</ns3:atemp>
            <ns3:hr>130</ns3:hr>
          </ns3:TrackPointExtension>
        </extensions>
      </trkpt>
      <trkpt lat="24.4624803029000759124755859375" lon="118.15350727178156375885009765625">
        <ele>171.600006103515625</ele>
        <time>2026-09-23T13:34:10.000Z</time>
        <extensions>
          <ns3:TrackPointExtension>
            <ns3:atemp>30.0</ns3:atemp>
            <ns3:hr>129</ns3:hr>
          </ns3:TrackPointExtension>
        </extensions>
      </trkpt>
      <trkpt lat="24.46247619576752185821533203125" lon="118.15351062454283237457275390625">
        <ele>170.600006103515625</ele>
        <time>2026-09-23T13:34:17.000Z</time>
        <extensions>
          <ns3:TrackPointExtension>
            <ns3:atemp>30.0</ns3:atemp>
            <ns3:hr>132</ns3:hr>
          </ns3:TrackPointExtension>
        </extensions>
      </trkpt>
      <trkpt lat="24.46247502230107784271240234375" lon="118.15351079218089580535888671875">
        <ele>170.399993896484375</ele>
        <time>2026-09-23T13:34:18.000Z</time>
        <extensions>
          <ns3:TrackPointExtension>
            <ns3:atemp>30.0</ns3:atemp>
            <ns3:hr>132</ns3:hr>
          </ns3:TrackPointExtension>
        </extensions>
      </trkpt>
      <trkpt lat="24.46247954852879047393798828125" lon="118.153484724462032318115234375">
        <ele>170.1999969482421875</ele>
        <time>2026-09-23T13:34:23.000Z</time>
        <extensions>
          <ns3:TrackPointExtension>
            <ns3:atemp>30.0</ns3:atemp>
            <ns3:hr>132</ns3:hr>
          </ns3:TrackPointExtension>
        </extensions>
      </trkpt>
      <trkpt lat="24.46248005144298076629638671875" lon="118.15348363481462001800537109375">
        <ele>170</ele>
        <time>2026-09-23T13:34:29.000Z</time>
        <extensions>
          <ns3:TrackPointExtension>
            <ns3:atemp>30.0</ns3:atemp>
            <ns3:hr>134</ns3:hr>
          </ns3:TrackPointExtension>
        </extensions>
      </trkpt>
      <trkpt lat="24.46248005144298076629638671875" lon="118.15348363481462001800537109375">
        <ele>169.1999969482421875</ele>
        <time>2026-09-23T13:34:31.000Z</time>
        <extensions>
          <ns3:TrackPointExtension>
            <ns3:atemp>30.0</ns3:atemp>
            <ns3:hr>135</ns3:hr>
          </ns3:TrackPointExtension>
        </extensions>
      </trkpt>
      <trkpt lat="24.4624776206910610198974609375" lon="118.15348363481462001800537109375">
        <ele>168.1999969482421875</ele>
        <time>2026-09-23T13:34:38.000Z</time>
        <extensions>
          <ns3:TrackPointExtension>
            <ns3:atemp>30.0</ns3:atemp>
            <ns3:hr>136</ns3:hr>
          </ns3:TrackPointExtension>
        </extensions>
      </trkpt>
      <trkpt lat="24.4624776206910610198974609375" lon="118.1534892506897449493408203125">
        <ele>167.1999969482421875</ele>
        <time>2026-09-23T13:34:45.000Z</time>
        <extensions>
          <ns3:TrackPointExtension>
            <ns3:atemp>30.0</ns3:atemp>
            <ns3:hr>136</ns3:hr>
          </ns3:TrackPointExtension>
        </extensions>
      </trkpt>
      <trkpt lat="24.462478794157505035400390625" lon="118.153514228761196136474609375">
        <ele>168</ele>
        <time>2026-09-23T13:34:52.000Z</time>
        <extensions>
          <ns3:TrackPointExtension>
            <ns3:atemp>30.0</ns3:atemp>
            <ns3:hr>135</ns3:hr>
          </ns3:TrackPointExtension>
        </extensions>
      </trkpt>
      <trkpt lat="24.46248340420424938201904296875" lon="118.1535502709448337554931640625">
        <ele>167.1999969482421875</ele>
        <time>2026-09-23T13:35:01.000Z</time>
        <extensions>
          <ns3:TrackPointExtension>
            <ns3:atemp>30.0</ns3:atemp>
            <ns3:hr>136</ns3:hr>
          </ns3:TrackPointExtension>
        </extensions>
      </trkpt>
      <trkpt lat="24.4624813087284564971923828125" lon="118.1535630114376544952392578125">
        <ele>166.1999969482421875</ele>
        <time>2026-09-23T13:35:07.000Z</time>
        <extensions>
          <ns3:TrackPointExtension>
            <ns3:atemp>30.0</ns3:atemp>
            <ns3:hr>138</ns3:hr>
          </ns3:TrackPointExtension>
        </extensions>
      </trkpt>
      <trkpt lat="24.4624819792807102203369140625" lon="118.15356443636119365692138671875">
        <ele>166.1999969482421875</ele>
        <time>2026-09-23T13:35:08.000Z</time>
        <extensions>
          <ns3:TrackPointExtension>
            <ns3:atemp>30.0</ns3:atemp>
            <ns3:hr>139</ns3:hr>
          </ns3:TrackPointExtension>
        </extensions>
      </trkpt>
      <trkpt lat="24.46248122490942478179931640625" lon="118.15356242470443248748779296875">
        <ele>165.1999969482421875</ele>
        <time>2026-09-23T13:35:20.000Z</time>
        <extensions>
          <ns3:TrackPointExtension>
            <ns3:atemp>30.0</ns3:atemp>
            <ns3:hr>141</ns3:hr>
          </ns3:TrackPointExtension>
        </extensions>
      </trkpt>
      <trkpt lat="24.46248122490942478179931640625" lon="118.15356242470443248748779296875">
        <ele>165.1999969482421875</ele>
        <time>2026-09-23T13:35:21.000Z</time>
        <extensions>
          <ns3:TrackPointExtension>
            <ns3:atemp>30.0</ns3:atemp>
            <ns3:hr>142</ns3:hr>
          </ns3:TrackPointExtension>
        </extensions>
      </trkpt>
      <trkpt lat="24.46248122490942478179931640625" lon="118.1535630114376544952392578125">
        <ele>164.1999969482421875</ele>
        <time>2026-09-23T13:35:24.000Z</time>
        <extensions>
          <ns3:TrackPointExtension>
            <ns3:atemp>30.0</ns3:atemp>
            <ns3:hr>141</ns3:hr>
          </ns3:TrackPointExtension>
        </extensions>
      </trkpt>
      <trkpt lat="24.46247787214815616607666015625" lon="118.1536089442670345306396484375">
        <ele>164.8000030517578125</ele>
        <time>2026-09-23T13:35:31.000Z</time>
        <extensions>
          <ns3:TrackPointExtension>
            <ns3:atemp>30.0</ns3:atemp>
            <ns3:hr>140</ns3:hr>
          </ns3:TrackPointExtension>
        </extensions>
      </trkpt>
      <trkpt lat="24.46247267536818981170654296875" lon="118.15363953821361064910888671875">
        <ele>164.600006103515625</ele>
        <time>2026-09-23T13:35:38.000Z</time>
        <extensions>
          <ns3:TrackPointExtension>
            <ns3:atemp>30.0</ns3:atemp>
            <ns3:hr>140</ns3:hr>
          </ns3:TrackPointExtension>
        </extensions>
      </trkpt>
      <trkpt lat="24.46250452660024166107177734375" lon="118.15365345217287540435791015625">
        <ele>164.399993896484375</ele>
        <time>2026-09-23T13:35:44.000Z</time>
        <extensions>
          <ns3:TrackPointExtension>
            <ns3:atemp>30.0</ns3:atemp>
            <ns3:hr>141</ns3:hr>
          </ns3:TrackPointExtension>
        </extensions>
      </trkpt>
      <trkpt lat="24.4625084660947322845458984375" lon="118.15367574803531169891357421875">
        <ele>163.1999969482421875</ele>
        <time>2026-09-23T13:35:51.000Z</time>
        <extensions>
          <ns3:TrackPointExtension>
            <ns3:atemp>29.0</ns3:atemp>
            <ns3:hr>141</ns3:hr>
          </ns3:TrackPointExtension>
        </extensions>
      </trkpt>
      <trkpt lat="24.46250804699957370758056640625" lon="118.15368195064365863800048828125">
        <ele>162.8000030517578125</ele>
        <time>2026-09-23T13:35:52.000Z</time>
        <extensions>
          <ns3:TrackPointExtension>
            <ns3:atemp>30.0</ns3:atemp>
            <ns3:hr>141</ns3:hr>
          </ns3:TrackPointExtension>
        </extensions>
      </trkpt>
      <trkpt lat="24.4624759443104267120361328125" lon="118.1537031568586826324462890625">
        <ele>162.1999969482421875</ele>
        <time>2026-09-23T13:36:00.000Z</time>
        <extensions>
          <ns3:TrackPointExtension>
            <ns3:atemp>30.0</ns3:atemp>
            <ns3:hr>141</ns3:hr>
          </ns3:TrackPointExtension>
        </extensions>
      </trkpt>
      <trkpt lat="24.4624588452279567718505859375" lon="118.15369720570743083953857421875">
        <ele>161.600006103515625</ele>
        <time>2026-09-23T13:36:04.000Z</time>
        <extensions>
          <ns3:TrackPointExtension>
            <ns3:atemp>29.0</ns3:atemp>
            <ns3:hr>141</ns3:hr>
          </ns3:TrackPointExtension>
        </extensions>
      </trkpt>
      <trkpt lat="24.46245373226702213287353515625" lon="118.15369234420359134674072265625">
        <ele>161.399993896484375</ele>
        <time>2026-09-23T13:36:06.000Z</time>
        <extensions>
          <ns3:TrackPointExtension>
            <ns3:atemp>29.0</ns3:atemp>
            <ns3:hr>141</ns3:hr>
          </ns3:TrackPointExtension>
        </extensions>
      </trkpt>
      <trkpt lat="24.4624568335711956024169921875" lon="118.15368681214749813079833984375">
        <ele>160.8000030517578125</ele>
        <time>2026-09-23T13:36:12.000Z</time>
        <extensions>
          <ns3:TrackPointExtension>
            <ns3:atemp>30.0</ns3:atemp>
            <ns3:hr>142</ns3:hr>
          </ns3:TrackPointExtension>
        </extensions>
      </trkpt>
      <trkpt lat="24.46245674975216388702392578125" lon="118.15368597395718097686767578125">
        <ele>160.600006103515625</ele>
        <time>2026-09-23T13:36:13.000Z</time>
        <extensions>
          <ns3:TrackPointExtension>
            <ns3:atemp>29.0</ns3:atemp>
            <ns3:hr>141</ns3:hr>
          </ns3:TrackPointExtension>
        </extensions>
      </trkpt>
      <trkpt lat="24.46245498955249786376953125" lon="118.15368681214749813079833984375">
        <ele>160.1999969482421875</ele>
        <time>2026-09-23T13:36:22.000Z</time>
        <extensions>
          <ns3:TrackPointExtension>
            <ns3:atemp>30.0</ns3:atemp>
            <ns3:hr>140</ns3:hr>
          </ns3:TrackPointExtension>
        </extensions>
      </trkpt>
      <trkpt lat="24.46245633065700531005859375" lon="118.15368681214749813079833984375">
        <ele>159.600006103515625</ele>
        <time>2026-09-23T13:36:28.000Z</time>
        <extensions>
          <ns3:TrackPointExtension>
            <ns3:atemp>30.0</ns3:atemp>
            <ns3:hr>139</ns3:hr>
          </ns3:TrackPointExtension>
        </extensions>
      </trkpt>
      <trkpt lat="24.46245633065700531005859375" lon="118.15367843024432659149169921875">
        <ele>158.600006103515625</ele>
        <time>2026-09-23T13:36:37.000Z</time>
        <extensions>
          <ns3:TrackPointExtension>
            <ns3:atemp>30.0</ns3:atemp>
            <ns3:hr>136</ns3:hr>
          </ns3:TrackPointExtension>
        </extensions>
      </trkpt>
      <trkpt lat="24.46245633065700531005859375" lon="118.15367843024432659149169921875">
        <ele>158.600006103515625</ele>
        <time>2026-09-23T13:36:38.000Z</time>
        <extensions>
          <ns3:TrackPointExtension>
            <ns3:atemp>30.0</ns3:atemp>
            <ns3:hr>135</ns3:hr>
          </ns3:TrackPointExtension>
        </extensions>
      </trkpt>
      <trkpt lat="24.46245607919991016387939453125" lon="118.15367843024432659149169921875">
        <ele>157.399993896484375</ele>
        <time>2026-09-23T13:36:43.000Z</time>
        <extensions>
          <ns3:TrackPointExtension>
            <ns3:atemp>30.0</ns3:atemp>
            <ns3:hr>136</ns3:hr>
          </ns3:TrackPointExtension>
        </extensions>
      </trkpt>
      <trkpt lat="24.462415091693401336669921875" lon="118.1536904163658618927001953125">
        <ele>156.1999969482421875</ele>
        <time>2026-09-23T13:37:00.000Z</time>
        <extensions>
          <ns3:TrackPointExtension>
            <ns3:atemp>30.0</ns3:atemp>
            <ns3:hr>138</ns3:hr>
          </ns3:TrackPointExtension>
        </extensions>
      </trkpt>
      <trkpt lat="24.46240813471376895904541015625" lon="118.15369502641260623931884765625">
        <ele>155.1999969482421875</ele>
        <time>2026-09-23T13:37:08.000Z</time>
        <extensions>
          <ns3:TrackPointExtension>
            <ns3:atemp>30.0</ns3:atemp>
            <ns3:hr>139</ns3:hr>
          </ns3:TrackPointExtension>
        </extensions>
      </trkpt>
      <trkpt lat="24.46240670979022979736328125" lon="118.15366401337087154388427734375">
        <ele>153.8000030517578125</ele>
        <time>2026-09-23T13:37:12.000Z</time>
        <extensions>
          <ns3:TrackPointExtension>
            <ns3:atemp>30.0</ns3:atemp>
            <ns3:hr>141</ns3:hr>
          </ns3:TrackPointExtension>
        </extensions>
      </trkpt>
      <trkpt lat="24.46239790879189968109130859375" lon="118.15370424650609493255615234375">
        <ele>153.399993896484375</ele>
        <time>2026-09-23T13:37:18.000Z</time>
        <extensions>
          <ns3:TrackPointExtension>
            <ns3:atemp>30.0</ns3:atemp>
            <ns3:hr>141</ns3:hr>
          </ns3:TrackPointExtension>
        </extensions>
      </trkpt>
      <trkpt lat="24.46237376891076564788818359375" lon="118.15375152043998241424560546875">
        <ele>153.399993896484375</ele>
        <time>2026-09-23T13:37:25.000Z</time>
        <extensions>
          <ns3:TrackPointExtension>
            <ns3:atemp>30.0</ns3:atemp>
            <ns3:hr>141</ns3:hr>
          </ns3:TrackPointExtension>
        </extensions>
      </trkpt>
      <trkpt lat="24.46235784329473972320556640625" lon="118.1537601538002490997314453125">
        <ele>152.8000030517578125</ele>
        <time>2026-09-23T13:37:28.000Z</time>
        <extensions>
          <ns3:TrackPointExtension>
            <ns3:atemp>30.0</ns3:atemp>
            <ns3:hr>140</ns3:hr>
          </ns3:TrackPointExtension>
        </extensions>
      </trkpt>
      <trkpt lat="24.4623096473515033721923828125" lon="118.1537521071732044219970703125">
        <ele>152.600006103515625</ele>
        <time>2026-09-23T13:37:31.000Z</time>
        <extensions>
          <ns3:TrackPointExtension>
            <ns3:atemp>30.0</ns3:atemp>
            <ns3:hr>140</ns3:hr>
          </ns3:TrackPointExtension>
        </extensions>
      </trkpt>
      <trkpt lat="24.4622744433581829071044921875" lon="118.1537457369267940521240234375">
        <ele>151.8000030517578125</ele>
        <time>2026-09-23T13:37:37.000Z</time>
        <extensions>
          <ns3:TrackPointExtension>
            <ns3:atemp>30.0</ns3:atemp>
            <ns3:hr>140</ns3:hr>
          </ns3:TrackPointExtension>
        </extensions>
      </trkpt>
      <trkpt lat="24.46227251552045345306396484375" lon="118.15374079160392284393310546875">
        <ele>151.600006103515625</ele>
        <time>2026-09-23T13:37:38.000Z</time>
        <extensions>
          <ns3:TrackPointExtension>
            <ns3:atemp>30.0</ns3:atemp>
            <ns3:hr>140</ns3:hr>
          </ns3:TrackPointExtension>
        </extensions>
      </trkpt>
      <trkpt lat="24.4622771255671977996826171875" lon="118.15373358316719532012939453125">
        <ele>151.1999969482421875</ele>
        <time>2026-09-23T13:37:42.000Z</time>
        <extensions>
          <ns3:TrackPointExtension>
            <ns3:atemp>30.0</ns3:atemp>
            <ns3:hr>140</ns3:hr>
          </ns3:TrackPointExtension>
        </extensions>
      </trkpt>
      <trkpt lat="24.46226363070309162139892578125" lon="118.15375126898288726806640625">
        <ele>151.1999969482421875</ele>
        <time>2026-09-23T13:37:46.000Z</time>
        <extensions>
          <ns3:TrackPointExtension>
            <ns3:atemp>30.0</ns3:atemp>
            <ns3:hr>141</ns3:hr>
          </ns3:TrackPointExtension>
        </extensions>
      </trkpt>
      <trkpt lat="24.46225759573280811309814453125" lon="118.15376761369407176971435546875">
        <ele>150.399993896484375</ele>
        <time>2026-09-23T13:37:51.000Z</time>
        <extensions>
          <ns3:TrackPointExtension>
            <ns3:atemp>30.0</ns3:atemp>
            <ns3:hr>140</ns3:hr>
          </ns3:TrackPointExtension>
        </extensions>
      </trkpt>
      <trkpt lat="24.4622449390590190887451171875" lon="118.15377549268305301666259765625">
        <ele>150.399993896484375</ele>
        <time>2026-09-23T13:37:52.000Z</time>
        <extensions>
          <ns3:TrackPointExtension>
            <ns3:atemp>30.0</ns3:atemp>
            <ns3:hr>140</ns3:hr>
          </ns3:TrackPointExtension>
        </extensions>
      </trkpt>
      <trkpt lat="24.46222038008272647857666015625" lon="118.15378186292946338653564453125">
        <ele>149.399993896484375</ele>
        <time>2026-09-23T13:37:55.000Z</time>
        <extensions>
          <ns3:TrackPointExtension>
            <ns3:atemp>30.0</ns3:atemp>
            <ns3:hr>141</ns3:hr>
          </ns3:TrackPointExtension>
        </extensions>
      </trkpt>
      <trkpt lat="24.46221099235117435455322265625" lon="118.1537578068673610687255859375">
        <ele>149</ele>
        <time>2026-09-23T13:37:58.000Z</time>
        <extensions>
          <ns3:TrackPointExtension>
            <ns3:atemp>30.0</ns3:atemp>
            <ns3:hr>142</ns3:hr>
          </ns3:TrackPointExtension>
        </extensions>
      </trkpt>
      <trkpt lat="24.46220613084733486175537109375" lon="118.15375889651477336883544921875">
        <ele>148.600006103515625</ele>
        <time>2026-09-23T13:38:02.000Z</time>
        <extensions>
          <ns3:TrackPointExtension>
            <ns3:atemp>30.0</ns3:atemp>
            <ns3:hr>140</ns3:hr>
          </ns3:TrackPointExtension>
        </extensions>
      </trkpt>
      <trkpt lat="24.46220043115317821502685546875" lon="118.1537614949047565460205078125">
        <ele>148</ele>
        <time>2026-09-23T13:38:09.000Z</time>
        <extensions>
          <ns3:TrackPointExtension>
            <ns3:atemp>30.0</ns3:atemp>
            <ns3:hr>141</ns3:hr>
          </ns3:TrackPointExtension>
        </extensions>
      </trkpt>
      <trkpt lat="24.46220043115317821502685546875" lon="118.1537621654570102691650390625">
        <ele>147</ele>
        <time>2026-09-23T13:38:14.000Z</time>
        <extensions>
          <ns3:TrackPointExtension>
            <ns3:atemp>30.0</ns3:atemp>
            <ns3:hr>139</ns3:hr>
          </ns3:TrackPointExtension>
        </extensions>
      </trkpt>
      <trkpt lat="24.46220512501895427703857421875" lon="118.15376333892345428466796875">
        <ele>145.8000030517578125</ele>
        <time>2026-09-23T13:38:23.000Z</time>
        <extensions>
          <ns3:TrackPointExtension>
            <ns3:atemp>30.0</ns3:atemp>
            <ns3:hr>139</ns3:hr>
          </ns3:TrackPointExtension>
        </extensions>
      </trkpt>
      <trkpt lat="24.4622063823044300079345703125" lon="118.15380633808672428131103515625">
        <ele>144.8000030517578125</ele>
        <time>2026-09-23T13:38:32.000Z</time>
        <extensions>
          <ns3:TrackPointExtension>
            <ns3:atemp>30.0</ns3:atemp>
            <ns3:hr>136</ns3:hr>
          </ns3:TrackPointExtension>
        </extensions>
      </trkpt>
      <trkpt lat="24.462209902703762054443359375" lon="118.1538342498242855072021484375">
        <ele>145.1999969482421875</ele>
        <time>2026-09-23T13:38:35.000Z</time>
        <extensions>
          <ns3:TrackPointExtension>
            <ns3:atemp>30.0</ns3:atemp>
            <ns3:hr>133</ns3:hr>
          </ns3:TrackPointExtension>
        </extensions>
      </trkpt>
      <trkpt lat="24.46221468038856983184814453125" lon="118.15386216156184673309326171875">
        <ele>144.600006103515625</ele>
        <time>2026-09-23T13:38:39.000Z</time>
        <extensions>
          <ns3:TrackPointExtension>
            <ns3:atemp>30.0</ns3:atemp>
            <ns3:hr>133</ns3:hr>
          </ns3:TrackPointExtension>
        </extensions>
      </trkpt>
      <trkpt lat="24.4622207991778850555419921875" lon="118.153860569000244140625">
        <ele>144.399993896484375</ele>
        <time>2026-09-23T13:38:42.000Z</time>
        <extensions>
          <ns3:TrackPointExtension>
            <ns3:atemp>30.0</ns3:atemp>
            <ns3:hr>133</ns3:hr>
          </ns3:TrackPointExtension>
        </extensions>
      </trkpt>
      <trkpt lat="24.46221719495952129364013671875" lon="118.15387523733079433441162109375">
        <ele>143.600006103515625</ele>
        <time>2026-09-23T13:38:47.000Z</time>
        <extensions>
          <ns3:TrackPointExtension>
            <ns3:atemp>30.0</ns3:atemp>
            <ns3:hr>134</ns3:hr>
          </ns3:TrackPointExtension>
        </extensions>
      </trkpt>
      <trkpt lat="24.46222029626369476318359375" lon="118.1538741476833820343017578125">
        <ele>143</ele>
        <time>2026-09-23T13:38:50.000Z</time>
        <extensions>
          <ns3:TrackPointExtension>
            <ns3:atemp>30.0</ns3:atemp>
            <ns3:hr>134</ns3:hr>
          </ns3:TrackPointExtension>
        </extensions>
      </trkpt>
      <trkpt lat="24.46223965846002101898193359375" lon="118.15388998948037624359130859375">
        <ele>142.600006103515625</ele>
        <time>2026-09-23T13:38:55.000Z</time>
        <extensions>
          <ns3:TrackPointExtension>
            <ns3:atemp>30.0</ns3:atemp>
            <ns3:hr>136</ns3:hr>
          </ns3:TrackPointExtension>
        </extensions>
      </trkpt>
      <trkpt lat="24.46224049665033817291259765625" lon="118.15389367751777172088623046875">
        <ele>142.399993896484375</ele>
        <time>2026-09-23T13:38:56.000Z</time>
        <extensions>
          <ns3:TrackPointExtension>
            <ns3:atemp>30.0</ns3:atemp>
            <ns3:hr>135</ns3:hr>
          </ns3:TrackPointExtension>
        </extensions>
      </trkpt>
      <trkpt lat="24.46223907172679901123046875" lon="118.15390155650675296783447265625">
        <ele>141.399993896484375</ele>
        <time>2026-09-23T13:39:00.000Z</time>
        <extensions>
          <ns3:TrackPointExtension>
            <ns3:atemp>30.0</ns3:atemp>
            <ns3:hr>135</ns3:hr>
          </ns3:TrackPointExtension>
        </extensions>
      </trkpt>
      <trkpt lat="24.4622345454990863800048828125" lon="118.1539056636393070220947265625">
        <ele>141</ele>
        <time>2026-09-23T13:39:03.000Z</time>
        <extensions>
          <ns3:TrackPointExtension>
            <ns3:atemp>30.0</ns3:atemp>
            <ns3:hr>137</ns3:hr>
          </ns3:TrackPointExtension>
        </extensions>
      </trkpt>
      <trkpt lat="24.4622345454990863800048828125" lon="118.1539056636393070220947265625">
        <ele>140.1999969482421875</ele>
        <time>2026-09-23T13:39:06.000Z</time>
        <extensions>
          <ns3:TrackPointExtension>
            <ns3:atemp>29.0</ns3:atemp>
            <ns3:hr>136</ns3:hr>
          </ns3:TrackPointExtension>
        </extensions>
      </trkpt>
      <trkpt lat="24.46223982609808444976806640625" lon="118.153940699994564056396484375">
        <ele>139</ele>
        <time>2026-09-23T13:39:12.000Z</time>
        <extensions>
          <ns3:TrackPointExtension>
            <ns3:atemp>30.0</ns3:atemp>
            <ns3:hr>137</ns3:hr>
          </ns3:TrackPointExtension>
        </extensions>
      </trkpt>
      <trkpt lat="24.462233372032642364501953125" lon="118.15394799225032329559326171875">
        <ele>138.1999969482421875</ele>
        <time>2026-09-23T13:39:16.000Z</time>
        <extensions>
          <ns3:TrackPointExtension>
            <ns3:atemp>29.0</ns3:atemp>
            <ns3:hr>136</ns3:hr>
          </ns3:TrackPointExtension>
        </extensions>
      </trkpt>
      <trkpt lat="24.46223496459424495697021484375" lon="118.15394413657486438751220703125">
        <ele>137.8000030517578125</ele>
        <time>2026-09-23T13:39:19.000Z</time>
        <extensions>
          <ns3:TrackPointExtension>
            <ns3:atemp>30.0</ns3:atemp>
            <ns3:hr>135</ns3:hr>
          </ns3:TrackPointExtension>
        </extensions>
      </trkpt>
      <trkpt lat="24.46222968399524688720703125" lon="118.153939358890056610107421875">
        <ele>137.8000030517578125</ele>
        <time>2026-09-23T13:39:22.000Z</time>
        <extensions>
          <ns3:TrackPointExtension>
            <ns3:atemp>30.0</ns3:atemp>
            <ns3:hr>136</ns3:hr>
          </ns3:TrackPointExtension>
        </extensions>
      </trkpt>
      <trkpt lat="24.46222054772078990936279296875" lon="118.15395151264965534210205078125">
        <ele>137.1999969482421875</ele>
        <time>2026-09-23T13:39:30.000Z</time>
        <extensions>
          <ns3:TrackPointExtension>
            <ns3:atemp>30.0</ns3:atemp>
            <ns3:hr>135</ns3:hr>
          </ns3:TrackPointExtension>
        </extensions>
      </trkpt>
      <trkpt lat="24.46222054772078990936279296875" lon="118.15395151264965534210205078125">
        <ele>136.8000030517578125</ele>
        <time>2026-09-23T13:39:31.000Z</time>
        <extensions>
          <ns3:TrackPointExtension>
            <ns3:atemp>29.0</ns3:atemp>
            <ns3:hr>136</ns3:hr>
          </ns3:TrackPointExtension>
        </extensions>
      </trkpt>
      <trkpt lat="24.46222054772078990936279296875" lon="118.15395151264965534210205078125">
        <ele>135.8000030517578125</ele>
        <time>2026-09-23T13:39:39.000Z</time>
        <extensions>
          <ns3:TrackPointExtension>
            <ns3:atemp>30.0</ns3:atemp>
            <ns3:hr>138</ns3:hr>
          </ns3:TrackPointExtension>
        </extensions>
      </trkpt>
      <trkpt lat="24.46222054772078990936279296875" lon="118.15395243465900421142578125">
        <ele>134.600006103515625</ele>
        <time>2026-09-23T13:39:43.000Z</time>
        <extensions>
          <ns3:TrackPointExtension>
            <ns3:atemp>30.0</ns3:atemp>
            <ns3:hr>139</ns3:hr>
          </ns3:TrackPointExtension>
        </extensions>
      </trkpt>
      <trkpt lat="24.4622204639017581939697265625" lon="118.15398604609072208404541015625">
        <ele>133.600006103515625</ele>
        <time>2026-09-23T13:39:52.000Z</time>
        <extensions>
          <ns3:TrackPointExtension>
            <ns3:atemp>30.0</ns3:atemp>
            <ns3:hr>139</ns3:hr>
          </ns3:TrackPointExtension>
        </extensions>
      </trkpt>
      <trkpt lat="24.4622124172747135162353515625" lon="118.15401555038988590240478515625">
        <ele>132.8000030517578125</ele>
        <time>2026-09-23T13:40:03.000Z</time>
        <extensions>
          <ns3:TrackPointExtension>
            <ns3:atemp>30.0</ns3:atemp>
            <ns3:hr>142</ns3:hr>
          </ns3:TrackPointExtension>
        </extensions>
      </trkpt>
      <trkpt lat="24.46220864541828632354736328125" lon="118.15401655621826648712158203125">
        <ele>132.8000030517578125</ele>
        <time>2026-09-23T13:40:04.000Z</time>
        <extensions>
          <ns3:TrackPointExtension>
            <ns3:atemp>30.0</ns3:atemp>
            <ns3:hr>139</ns3:hr>
          </ns3:TrackPointExtension>
        </extensions>
      </trkpt>
      <trkpt lat="24.4622060470283031463623046875" lon="118.15402485430240631103515625">
        <ele>132.399993896484375</ele>
        <time>2026-09-23T13:40:09.000Z</time>
        <extensions>
          <ns3:TrackPointExtension>
            <ns3:atemp>30.0</ns3:atemp>
            <ns3:hr>138</ns3:hr>
          </ns3:TrackPointExtension>
        </extensions>
      </trkpt>
      <trkpt lat="24.462205208837985992431640625" lon="118.15402762033045291900634765625">
        <ele>131.8000030517578125</ele>
        <time>2026-09-23T13:40:15.000Z</time>
        <extensions>
          <ns3:TrackPointExtension>
            <ns3:atemp>30.0</ns3:atemp>
            <ns3:hr>141</ns3:hr>
          </ns3:TrackPointExtension>
        </extensions>
      </trkpt>
      <trkpt lat="24.46220445446670055389404296875" lon="118.1540282070636749267578125">
        <ele>131.399993896484375</ele>
        <time>2026-09-23T13:40:18.000Z</time>
        <extensions>
          <ns3:TrackPointExtension>
            <ns3:atemp>30.0</ns3:atemp>
            <ns3:hr>142</ns3:hr>
          </ns3:TrackPointExtension>
        </extensions>
      </trkpt>
      <trkpt lat="24.46220378391444683074951171875" lon="118.15403231419622898101806640625">
        <ele>131.399993896484375</ele>
        <time>2026-09-23T13:40:22.000Z</time>
        <extensions>
          <ns3:TrackPointExtension>
            <ns3:atemp>30.0</ns3:atemp>
            <ns3:hr>139</ns3:hr>
          </ns3:TrackPointExtension>
        </extensions>
      </trkpt>
      <trkpt lat="24.462198503315448760986328125" lon="118.15404052846133708953857421875">
        <ele>131.399993896484375</ele>
        <time>2026-09-23T13:40:31.000Z</time>
        <extensions>
          <ns3:TrackPointExtension>
            <ns3:atemp>30.0</ns3:atemp>
            <ns3:hr>142</ns3:hr>
          </ns3:TrackPointExtension>
        </extensions>
      </trkpt>
      <trkpt lat="24.46219691075384616851806640625" lon="118.15403801389038562774658203125">
        <ele>130.399993896484375</ele>
        <time>2026-09-23T13:40:47.000Z</time>
        <extensions>
          <ns3:TrackPointExtension>
            <ns3:atemp>30.0</ns3:atemp>
            <ns3:hr>144</ns3:hr>
          </ns3:TrackPointExtension>
        </extensions>
      </trkpt>
      <trkpt lat="24.462193138897418975830078125" lon="118.15402929671108722686767578125">
        <ele>129.1999969482421875</ele>
        <time>2026-09-23T13:41:00.000Z</time>
        <extensions>
          <ns3:TrackPointExtension>
            <ns3:atemp>30.0</ns3:atemp>
            <ns3:hr>142</ns3:hr>
          </ns3:TrackPointExtension>
        </extensions>
      </trkpt>
      <trkpt lat="24.46219154633581638336181640625" lon="118.1540287099778652191162109375">
        <ele>128.1999969482421875</ele>
        <time>2026-09-23T13:41:08.000Z</time>
        <extensions>
          <ns3:TrackPointExtension>
            <ns3:atemp>30.0</ns3:atemp>
            <ns3:hr>142</ns3:hr>
          </ns3:TrackPointExtension>
        </extensions>
      </trkpt>
      <trkpt lat="24.46219087578356266021728515625" lon="118.15402896143496036529541015625">
        <ele>127</ele>
        <time>2026-09-23T13:41:13.000Z</time>
        <extensions>
          <ns3:TrackPointExtension>
            <ns3:atemp>30.0</ns3:atemp>
            <ns3:hr>143</ns3:hr>
          </ns3:TrackPointExtension>
        </extensions>
      </trkpt>
      <trkpt lat="24.4621896184980869293212890625" lon="118.15403633750975131988525390625">
        <ele>126</ele>
        <time>2026-09-23T13:41:19.000Z</time>
        <extensions>
          <ns3:TrackPointExtension>
            <ns3:atemp>30.0</ns3:atemp>
            <ns3:hr>143</ns3:hr>
          </ns3:TrackPointExtension>
        </extensions>
      </trkpt>
      <trkpt lat="24.462187774479389190673828125" lon="118.1540689431130886077880859375">
        <ele>125</ele>
        <time>2026-09-23T13:41:26.000Z</time>
        <extensions>
          <ns3:TrackPointExtension>
            <ns3:atemp>30.0</ns3:atemp>
            <ns3:hr>142</ns3:hr>
          </ns3:TrackPointExtension>
        </extensions>
      </trkpt>
      <trkpt lat="24.46218542754650115966796875" lon="118.1540779955685138702392578125">
        <ele>124</ele>
        <time>2026-09-23T13:41:31.000Z</time>
        <extensions>
          <ns3:TrackPointExtension>
            <ns3:atemp>30.0</ns3:atemp>
            <ns3:hr>142</ns3:hr>
          </ns3:TrackPointExtension>
        </extensions>
      </trkpt>
      <trkpt lat="24.462161622941493988037109375" lon="118.15409190952777862548828125">
        <ele>123</ele>
        <time>2026-09-23T13:41:38.000Z</time>
        <extensions>
          <ns3:TrackPointExtension>
            <ns3:atemp>30.0</ns3:atemp>
            <ns3:hr>142</ns3:hr>
          </ns3:TrackPointExtension>
        </extensions>
      </trkpt>
      <trkpt lat="24.46212641894817352294921875" lon="118.15413474105298519134521484375">
        <ele>122</ele>
        <time>2026-09-23T13:41:44.000Z</time>
        <extensions>
          <ns3:TrackPointExtension>
            <ns3:atemp>30.0</ns3:atemp>
            <ns3:hr>145</ns3:hr>
          </ns3:TrackPointExtension>
        </extensions>
      </trkpt>
      <trkpt lat="24.4621262513101100921630859375" lon="118.15414949320256710052490234375">
        <ele>122</ele>
        <time>2026-09-23T13:41:45.000Z</time>
        <extensions>
          <ns3:TrackPointExtension>
            <ns3:atemp>30.0</ns3:atemp>
            <ns3:hr>145</ns3:hr>
          </ns3:TrackPointExtension>
        </extensions>
      </trkpt>
      <trkpt lat="24.4620860181748867034912109375" lon="118.15418067388236522674560546875">
        <ele>120.8000030517578125</ele>
        <time>2026-09-23T13:41:50.000Z</time>
        <extensions>
          <ns3:TrackPointExtension>
            <ns3:atemp>30.0</ns3:atemp>
            <ns3:hr>147</ns3:hr>
          </ns3:TrackPointExtension>
        </extensions>
      </trkpt>
      <trkpt lat="24.46208409033715724945068359375" lon="118.154188133776187896728515625">
        <ele>119.8000030517578125</ele>
        <time>2026-09-23T13:41:55.000Z</time>
        <extensions>
          <ns3:TrackPointExtension>
            <ns3:atemp>30.0</ns3:atemp>
            <ns3:hr>147</ns3:hr>
          </ns3:TrackPointExtension>
        </extensions>
      </trkpt>
      <trkpt lat="24.4620863534510135650634765625" lon="118.15419760532677173614501953125">
        <ele>119.59999847412109375</ele>
        <time>2026-09-23T13:41:56.000Z</time>
        <extensions>
          <ns3:TrackPointExtension>
            <ns3:atemp>30.0</ns3:atemp>
            <ns3:hr>147</ns3:hr>
          </ns3:TrackPointExtension>
        </extensions>
      </trkpt>
      <trkpt lat="24.46206900291144847869873046875" lon="118.1542003713548183441162109375">
        <ele>118.8000030517578125</ele>
        <time>2026-09-23T13:42:01.000Z</time>
        <extensions>
          <ns3:TrackPointExtension>
            <ns3:atemp>30.0</ns3:atemp>
            <ns3:hr>147</ns3:hr>
          </ns3:TrackPointExtension>
        </extensions>
      </trkpt>
      <trkpt lat="24.462069086730480194091796875" lon="118.1541983596980571746826171875">
        <ele>118.59999847412109375</ele>
        <time>2026-09-23T13:42:02.000Z</time>
        <extensions>
          <ns3:TrackPointExtension>
            <ns3:atemp>30.0</ns3:atemp>
            <ns3:hr>147</ns3:hr>
          </ns3:TrackPointExtension>
        </extensions>
      </trkpt>
      <trkpt lat="24.4620585255324840545654296875" lon="118.15421260893344879150390625">
        <ele>117.40000152587890625</ele>
        <time>2026-09-23T13:42:07.000Z</time>
        <extensions>
          <ns3:TrackPointExtension>
            <ns3:atemp>30.0</ns3:atemp>
            <ns3:hr>147</ns3:hr>
          </ns3:TrackPointExtension>
        </extensions>
      </trkpt>
      <trkpt lat="24.46205307729542255401611328125" lon="118.154220320284366607666015625">
        <ele>117.1999969482421875</ele>
        <time>2026-09-23T13:42:08.000Z</time>
        <extensions>
          <ns3:TrackPointExtension>
            <ns3:atemp>30.0</ns3:atemp>
            <ns3:hr>147</ns3:hr>
          </ns3:TrackPointExtension>
        </extensions>
      </trkpt>
      <trkpt lat="24.46204184554517269134521484375" lon="118.154228031635284423828125">
        <ele>116.40000152587890625</ele>
        <time>2026-09-23T13:42:13.000Z</time>
        <extensions>
          <ns3:TrackPointExtension>
            <ns3:atemp>30.0</ns3:atemp>
            <ns3:hr>148</ns3:hr>
          </ns3:TrackPointExtension>
        </extensions>
      </trkpt>
      <trkpt lat="24.4620283506810665130615234375" lon="118.15425275824964046478271484375">
        <ele>115.40000152587890625</ele>
        <time>2026-09-23T13:42:17.000Z</time>
        <extensions>
          <ns3:TrackPointExtension>
            <ns3:atemp>30.0</ns3:atemp>
            <ns3:hr>148</ns3:hr>
          </ns3:TrackPointExtension>
        </extensions>
      </trkpt>
      <trkpt lat="24.46202717721462249755859375" lon="118.15425326116383075714111328125">
        <ele>114.59999847412109375</ele>
        <time>2026-09-23T13:42:20.000Z</time>
        <extensions>
          <ns3:TrackPointExtension>
            <ns3:atemp>30.0</ns3:atemp>
            <ns3:hr>148</ns3:hr>
          </ns3:TrackPointExtension>
        </extensions>
      </trkpt>
      <trkpt lat="24.4620286859571933746337890625" lon="118.15425493754446506500244140625">
        <ele>114.59999847412109375</ele>
        <time>2026-09-23T13:42:29.000Z</time>
        <extensions>
          <ns3:TrackPointExtension>
            <ns3:atemp>30.0</ns3:atemp>
            <ns3:hr>149</ns3:hr>
          </ns3:TrackPointExtension>
        </extensions>
      </trkpt>
      <trkpt lat="24.4620286859571933746337890625" lon="118.1542543508112430572509765625">
        <ele>114.1999969482421875</ele>
        <time>2026-09-23T13:42:38.000Z</time>
        <extensions>
          <ns3:TrackPointExtension>
            <ns3:atemp>29.0</ns3:atemp>
            <ns3:hr>147</ns3:hr>
          </ns3:TrackPointExtension>
        </extensions>
      </trkpt>
      <trkpt lat="24.46205257438123226165771484375" lon="118.1543098390102386474609375">
        <ele>113.8000030517578125</ele>
        <time>2026-09-23T13:42:42.000Z</time>
        <extensions>
          <ns3:TrackPointExtension>
            <ns3:atemp>29.0</ns3:atemp>
            <ns3:hr>147</ns3:hr>
          </ns3:TrackPointExtension>
        </extensions>
      </trkpt>
      <trkpt lat="24.4620628841221332550048828125" lon="118.154351413249969482421875">
        <ele>113.1999969482421875</ele>
        <time>2026-09-23T13:42:45.000Z</time>
        <extensions>
          <ns3:TrackPointExtension>
            <ns3:atemp>29.0</ns3:atemp>
            <ns3:hr>146</ns3:hr>
          </ns3:TrackPointExtension>
        </extensions>
      </trkpt>
      <trkpt lat="24.46208953857421875" lon="118.1544126011431217193603515625">
        <ele>112</ele>
        <time>2026-09-23T13:42:51.000Z</time>
        <extensions>
          <ns3:TrackPointExtension>
            <ns3:atemp>29.0</ns3:atemp>
            <ns3:hr>146</ns3:hr>
          </ns3:TrackPointExtension>
        </extensions>
      </trkpt>
      <trkpt lat="24.4620930589735507965087890625" lon="118.1544256769120693206787109375">
        <ele>111.8000030517578125</ele>
        <time>2026-09-23T13:42:52.000Z</time>
        <extensions>
          <ns3:TrackPointExtension>
            <ns3:atemp>29.0</ns3:atemp>
            <ns3:hr>146</ns3:hr>
          </ns3:TrackPointExtension>
        </extensions>
      </trkpt>
      <trkpt lat="24.4620863534510135650634765625" lon="118.1544568575918674468994140625">
        <ele>111.59999847412109375</ele>
        <time>2026-09-23T13:42:54.000Z</time>
        <extensions>
          <ns3:TrackPointExtension>
            <ns3:atemp>29.0</ns3:atemp>
            <ns3:hr>147</ns3:hr>
          </ns3:TrackPointExtension>
        </extensions>
      </trkpt>
      <trkpt lat="24.4620853476226329803466796875" lon="118.154468424618244171142578125">
        <ele>111</ele>
        <time>2026-09-23T13:42:55.000Z</time>
        <extensions>
          <ns3:TrackPointExtension>
            <ns3:atemp>29.0</ns3:atemp>
            <ns3:hr>147</ns3:hr>
          </ns3:TrackPointExtension>
        </extensions>
      </trkpt>
      <trkpt lat="24.4620893709361553192138671875" lon="118.154476471245288848876953125">
        <ele>110.40000152587890625</ele>
        <time>2026-09-23T13:42:57.000Z</time>
        <extensions>
          <ns3:TrackPointExtension>
            <ns3:atemp>29.0</ns3:atemp>
            <ns3:hr>147</ns3:hr>
          </ns3:TrackPointExtension>
        </extensions>
      </trkpt>
      <trkpt lat="24.462093226611614227294921875" lon="118.15449566580355167388916015625">
        <ele>110</ele>
        <time>2026-09-23T13:43:00.000Z</time>
        <extensions>
          <ns3:TrackPointExtension>
            <ns3:atemp>29.0</ns3:atemp>
            <ns3:hr>147</ns3:hr>
          </ns3:TrackPointExtension>
        </extensions>
      </trkpt>
      <trkpt lat="24.46210470981895923614501953125" lon="118.1545302830636501312255859375">
        <ele>108.8000030517578125</ele>
        <time>2026-09-23T13:43:04.000Z</time>
        <extensions>
          <ns3:TrackPointExtension>
            <ns3:atemp>29.0</ns3:atemp>
            <ns3:hr>147</ns3:hr>
          </ns3:TrackPointExtension>
        </extensions>
      </trkpt>
      <trkpt lat="24.4621125049889087677001953125" lon="118.15453858114778995513916015625">
        <ele>108.59999847412109375</ele>
        <time>2026-09-23T13:43:05.000Z</time>
        <extensions>
          <ns3:TrackPointExtension>
            <ns3:atemp>29.0</ns3:atemp>
            <ns3:hr>147</ns3:hr>
          </ns3:TrackPointExtension>
        </extensions>
      </trkpt>
      <trkpt lat="24.462142847478389739990234375" lon="118.1545728631317615509033203125">
        <ele>107.59999847412109375</ele>
        <time>2026-09-23T13:43:09.000Z</time>
        <extensions>
          <ns3:TrackPointExtension>
            <ns3:atemp>29.0</ns3:atemp>
            <ns3:hr>147</ns3:hr>
          </ns3:TrackPointExtension>
        </extensions>
      </trkpt>
      <trkpt lat="24.4621550850570201873779296875" lon="118.15458451397716999053955078125">
        <ele>107.40000152587890625</ele>
        <time>2026-09-23T13:43:10.000Z</time>
        <extensions>
          <ns3:TrackPointExtension>
            <ns3:atemp>29.0</ns3:atemp>
            <ns3:hr>146</ns3:hr>
          </ns3:TrackPointExtension>
        </extensions>
      </trkpt>
      <trkpt lat="24.46216707117855548858642578125" lon="118.15459440462291240692138671875">
        <ele>107.1999969482421875</ele>
        <time>2026-09-23T13:43:11.000Z</time>
        <extensions>
          <ns3:TrackPointExtension>
            <ns3:atemp>29.0</ns3:atemp>
            <ns3:hr>146</ns3:hr>
          </ns3:TrackPointExtension>
        </extensions>
      </trkpt>
      <trkpt lat="24.46220043115317821502685546875" lon="118.1546358950436115264892578125">
        <ele>106.40000152587890625</ele>
        <time>2026-09-23T13:43:15.000Z</time>
        <extensions>
          <ns3:TrackPointExtension>
            <ns3:atemp>29.0</ns3:atemp>
            <ns3:hr>146</ns3:hr>
          </ns3:TrackPointExtension>
        </extensions>
      </trkpt>
      <trkpt lat="24.46220210753381252288818359375" lon="118.15466565079987049102783203125">
        <ele>105.8000030517578125</ele>
        <time>2026-09-23T13:43:17.000Z</time>
        <extensions>
          <ns3:TrackPointExtension>
            <ns3:atemp>29.0</ns3:atemp>
            <ns3:hr>146</ns3:hr>
          </ns3:TrackPointExtension>
        </extensions>
      </trkpt>
      <trkpt lat="24.46222540922462940216064453125" lon="118.154689371585845947265625">
        <ele>105.1999969482421875</ele>
        <time>2026-09-23T13:43:20.000Z</time>
        <extensions>
          <ns3:TrackPointExtension>
            <ns3:atemp>29.0</ns3:atemp>
            <ns3:hr>146</ns3:hr>
          </ns3:TrackPointExtension>
        </extensions>
      </trkpt>
      <trkpt lat="24.462226331233978271484375" lon="118.1546945683658123016357421875">
        <ele>105.1999969482421875</ele>
        <time>2026-09-23T13:43:21.000Z</time>
        <extensions>
          <ns3:TrackPointExtension>
            <ns3:atemp>29.0</ns3:atemp>
            <ns3:hr>145</ns3:hr>
          </ns3:TrackPointExtension>
        </extensions>
      </trkpt>
      <trkpt lat="24.462203867733478546142578125" lon="118.15472097136080265045166015625">
        <ele>104.8000030517578125</ele>
        <time>2026-09-23T13:43:24.000Z</time>
        <extensions>
          <ns3:TrackPointExtension>
            <ns3:atemp>29.0</ns3:atemp>
            <ns3:hr>145</ns3:hr>
          </ns3:TrackPointExtension>
        </extensions>
      </trkpt>
      <trkpt lat="24.4621933065354824066162109375" lon="118.154722563922405242919921875">
        <ele>104.59999847412109375</ele>
        <time>2026-09-23T13:43:25.000Z</time>
        <extensions>
          <ns3:TrackPointExtension>
            <ns3:atemp>29.0</ns3:atemp>
            <ns3:hr>145</ns3:hr>
          </ns3:TrackPointExtension>
        </extensions>
      </trkpt>
      <trkpt lat="24.46217377670109272003173828125" lon="118.15472147427499294281005859375">
        <ele>104</ele>
        <time>2026-09-23T13:43:27.000Z</time>
        <extensions>
          <ns3:TrackPointExtension>
            <ns3:atemp>29.0</ns3:atemp>
            <ns3:hr>144</ns3:hr>
          </ns3:TrackPointExtension>
        </extensions>
      </trkpt>
      <trkpt lat="24.4621644727885723114013671875" lon="118.1547143496572971343994140625">
        <ele>103.59999847412109375</ele>
        <time>2026-09-23T13:43:28.000Z</time>
        <extensions>
          <ns3:TrackPointExtension>
            <ns3:atemp>29.0</ns3:atemp>
            <ns3:hr>144</ns3:hr>
          </ns3:TrackPointExtension>
        </extensions>
      </trkpt>
      <trkpt lat="24.4621567614376544952392578125" lon="118.15470202825963497161865234375">
        <ele>103.1999969482421875</ele>
        <time>2026-09-23T13:43:30.000Z</time>
        <extensions>
          <ns3:TrackPointExtension>
            <ns3:atemp>29.0</ns3:atemp>
            <ns3:hr>144</ns3:hr>
          </ns3:TrackPointExtension>
        </extensions>
      </trkpt>
      <trkpt lat="24.46215265430510044097900390625" lon="118.15469716675579547882080078125">
        <ele>103</ele>
        <time>2026-09-23T13:43:31.000Z</time>
        <extensions>
          <ns3:TrackPointExtension>
            <ns3:atemp>29.0</ns3:atemp>
            <ns3:hr>143</ns3:hr>
          </ns3:TrackPointExtension>
        </extensions>
      </trkpt>
      <trkpt lat="24.46214142255485057830810546875" lon="118.15469549037516117095947265625">
        <ele>102.8000030517578125</ele>
        <time>2026-09-23T13:43:32.000Z</time>
        <extensions>
          <ns3:TrackPointExtension>
            <ns3:atemp>29.0</ns3:atemp>
            <ns3:hr>143</ns3:hr>
          </ns3:TrackPointExtension>
        </extensions>
      </trkpt>
      <trkpt lat="24.462113678455352783203125" lon="118.15467671491205692291259765625">
        <ele>102</ele>
        <time>2026-09-23T13:43:35.000Z</time>
        <extensions>
          <ns3:TrackPointExtension>
            <ns3:atemp>29.0</ns3:atemp>
            <ns3:hr>143</ns3:hr>
          </ns3:TrackPointExtension>
        </extensions>
      </trkpt>
      <trkpt lat="24.46211166679859161376953125" lon="118.1546764634549617767333984375">
        <ele>101.59999847412109375</ele>
        <time>2026-09-23T13:43:36.000Z</time>
        <extensions>
          <ns3:TrackPointExtension>
            <ns3:atemp>29.0</ns3:atemp>
            <ns3:hr>142</ns3:hr>
          </ns3:TrackPointExtension>
        </extensions>
      </trkpt>
      <trkpt lat="24.46210269816219806671142578125" lon="118.1546692550182342529296875">
        <ele>100.59999847412109375</ele>
        <time>2026-09-23T13:43:39.000Z</time>
        <extensions>
          <ns3:TrackPointExtension>
            <ns3:atemp>29.0</ns3:atemp>
            <ns3:hr>141</ns3:hr>
          </ns3:TrackPointExtension>
        </extensions>
      </trkpt>
      <trkpt lat="24.462063051760196685791015625" lon="118.15464721061289310455322265625">
        <ele>100</ele>
        <time>2026-09-23T13:43:44.000Z</time>
        <extensions>
          <ns3:TrackPointExtension>
            <ns3:atemp>29.0</ns3:atemp>
            <ns3:hr>140</ns3:hr>
          </ns3:TrackPointExtension>
        </extensions>
      </trkpt>
      <trkpt lat="24.46204151026904582977294921875" lon="118.1546318717300891876220703125">
        <ele>99.59999847412109375</ele>
        <time>2026-09-23T13:43:47.000Z</time>
        <extensions>
          <ns3:TrackPointExtension>
            <ns3:atemp>29.0</ns3:atemp>
            <ns3:hr>139</ns3:hr>
          </ns3:TrackPointExtension>
        </extensions>
      </trkpt>
      <trkpt lat="24.461989961564540863037109375" lon="118.1546362303197383880615234375">
        <ele>98.59999847412109375</ele>
        <time>2026-09-23T13:43:52.000Z</time>
        <extensions>
          <ns3:TrackPointExtension>
            <ns3:atemp>29.0</ns3:atemp>
            <ns3:hr>139</ns3:hr>
          </ns3:TrackPointExtension>
        </extensions>
      </trkpt>
      <trkpt lat="24.4619804061949253082275390625" lon="118.15463128499686717987060546875">
        <ele>98.40000152587890625</ele>
        <time>2026-09-23T13:43:53.000Z</time>
        <extensions>
          <ns3:TrackPointExtension>
            <ns3:atemp>29.0</ns3:atemp>
            <ns3:hr>139</ns3:hr>
          </ns3:TrackPointExtension>
        </extensions>
      </trkpt>
      <trkpt lat="24.4619428552687168121337890625" lon="118.1546151079237461090087890625">
        <ele>97.59999847412109375</ele>
        <time>2026-09-23T13:43:57.000Z</time>
        <extensions>
          <ns3:TrackPointExtension>
            <ns3:atemp>30.0</ns3:atemp>
            <ns3:hr>137</ns3:hr>
          </ns3:TrackPointExtension>
        </extensions>
      </trkpt>
      <trkpt lat="24.46193321608006954193115234375" lon="118.15461359918117523193359375">
        <ele>97.1999969482421875</ele>
        <time>2026-09-23T13:43:58.000Z</time>
        <extensions>
          <ns3:TrackPointExtension>
            <ns3:atemp>30.0</ns3:atemp>
            <ns3:hr>137</ns3:hr>
          </ns3:TrackPointExtension>
        </extensions>
      </trkpt>
      <trkpt lat="24.4618754647672176361083984375" lon="118.15457261167466640472412109375">
        <ele>96.1999969482421875</ele>
        <time>2026-09-23T13:44:04.000Z</time>
        <extensions>
          <ns3:TrackPointExtension>
            <ns3:atemp>29.0</ns3:atemp>
            <ns3:hr>136</ns3:hr>
          </ns3:TrackPointExtension>
        </extensions>
      </trkpt>
      <trkpt lat="24.46187839843332767486572265625" lon="118.1545711867511272430419921875">
        <ele>96</ele>
        <time>2026-09-23T13:44:05.000Z</time>
        <extensions>
          <ns3:TrackPointExtension>
            <ns3:atemp>29.0</ns3:atemp>
            <ns3:hr>136</ns3:hr>
          </ns3:TrackPointExtension>
        </extensions>
      </trkpt>
      <trkpt lat="24.4618355669081211090087890625" lon="118.15456137992441654205322265625">
        <ele>95.1999969482421875</ele>
        <time>2026-09-23T13:44:10.000Z</time>
        <extensions>
          <ns3:TrackPointExtension>
            <ns3:atemp>29.0</ns3:atemp>
            <ns3:hr>136</ns3:hr>
          </ns3:TrackPointExtension>
        </extensions>
      </trkpt>
      <trkpt lat="24.461829699575901031494140625" lon="118.15455685369670391082763671875">
        <ele>95</ele>
        <time>2026-09-23T13:44:11.000Z</time>
        <extensions>
          <ns3:TrackPointExtension>
            <ns3:atemp>29.0</ns3:atemp>
            <ns3:hr>136</ns3:hr>
          </ns3:TrackPointExtension>
        </extensions>
      </trkpt>
      <trkpt lat="24.46179675869643688201904296875" lon="118.15454092808067798614501953125">
        <ele>94.1999969482421875</ele>
        <time>2026-09-23T13:44:16.000Z</time>
        <extensions>
          <ns3:TrackPointExtension>
            <ns3:atemp>29.0</ns3:atemp>
            <ns3:hr>136</ns3:hr>
          </ns3:TrackPointExtension>
        </extensions>
      </trkpt>
      <trkpt lat="24.46176826022565364837646484375" lon="118.15454377792775630950927734375">
        <ele>93.59999847412109375</ele>
        <time>2026-09-23T13:44:19.000Z</time>
        <extensions>
          <ns3:TrackPointExtension>
            <ns3:atemp>30.0</ns3:atemp>
            <ns3:hr>136</ns3:hr>
          </ns3:TrackPointExtension>
        </extensions>
      </trkpt>
      <trkpt lat="24.4617078267037868499755859375" lon="118.15451963804662227630615234375">
        <ele>93.40000152587890625</ele>
        <time>2026-09-23T13:44:27.000Z</time>
        <extensions>
          <ns3:TrackPointExtension>
            <ns3:atemp>30.0</ns3:atemp>
            <ns3:hr>134</ns3:hr>
          </ns3:TrackPointExtension>
        </extensions>
      </trkpt>
      <trkpt lat="24.46167572401463985443115234375" lon="118.15450505353510379791259765625">
        <ele>93.40000152587890625</ele>
        <time>2026-09-23T13:44:32.000Z</time>
        <extensions>
          <ns3:TrackPointExtension>
            <ns3:atemp>30.0</ns3:atemp>
            <ns3:hr>134</ns3:hr>
          </ns3:TrackPointExtension>
        </extensions>
      </trkpt>
      <trkpt lat="24.46166130714118480682373046875" lon="118.1544997729361057281494140625">
        <ele>93</ele>
        <time>2026-09-23T13:44:34.000Z</time>
        <extensions>
          <ns3:TrackPointExtension>
            <ns3:atemp>30.0</ns3:atemp>
            <ns3:hr>133</ns3:hr>
          </ns3:TrackPointExtension>
        </extensions>
      </trkpt>
      <trkpt lat="24.46163012646138668060302734375" lon="118.15450421534478664398193359375">
        <ele>92.8000030517578125</ele>
        <time>2026-09-23T13:44:37.000Z</time>
        <extensions>
          <ns3:TrackPointExtension>
            <ns3:atemp>29.0</ns3:atemp>
            <ns3:hr>133</ns3:hr>
          </ns3:TrackPointExtension>
        </extensions>
      </trkpt>
      <trkpt lat="24.461609087884426116943359375" lon="118.1545054726302623748779296875">
        <ele>92.8000030517578125</ele>
        <time>2026-09-23T13:44:39.000Z</time>
        <extensions>
          <ns3:TrackPointExtension>
            <ns3:atemp>30.0</ns3:atemp>
            <ns3:hr>133</ns3:hr>
          </ns3:TrackPointExtension>
        </extensions>
      </trkpt>
      <trkpt lat="24.46151311509311199188232421875" lon="118.1544930674135684967041015625">
        <ele>92.59999847412109375</ele>
        <time>2026-09-23T13:44:47.000Z</time>
        <extensions>
          <ns3:TrackPointExtension>
            <ns3:atemp>29.0</ns3:atemp>
            <ns3:hr>137</ns3:hr>
          </ns3:TrackPointExtension>
        </extensions>
      </trkpt>
      <trkpt lat="24.4614847004413604736328125" lon="118.1544923968613147735595703125">
        <ele>91.8000030517578125</ele>
        <time>2026-09-23T13:44:50.000Z</time>
        <extensions>
          <ns3:TrackPointExtension>
            <ns3:atemp>29.0</ns3:atemp>
            <ns3:hr>137</ns3:hr>
          </ns3:TrackPointExtension>
        </extensions>
      </trkpt>
      <trkpt lat="24.46142426691949367523193359375" lon="118.15449650399386882781982421875">
        <ele>91</ele>
        <time>2026-09-23T13:44:55.000Z</time>
        <extensions>
          <ns3:TrackPointExtension>
            <ns3:atemp>30.0</ns3:atemp>
            <ns3:hr>137</ns3:hr>
          </ns3:TrackPointExtension>
        </extensions>
      </trkpt>
      <trkpt lat="24.4614054076373577117919921875" lon="118.15449063666164875030517578125">
        <ele>90.8000030517578125</ele>
        <time>2026-09-23T13:44:56.000Z</time>
        <extensions>
          <ns3:TrackPointExtension>
            <ns3:atemp>29.0</ns3:atemp>
            <ns3:hr>137</ns3:hr>
          </ns3:TrackPointExtension>
        </extensions>
      </trkpt>
      <trkpt lat="24.4613346643745899200439453125" lon="118.15448041073977947235107421875">
        <ele>89.59999847412109375</ele>
        <time>2026-09-23T13:45:01.000Z</time>
        <extensions>
          <ns3:TrackPointExtension>
            <ns3:atemp>30.0</ns3:atemp>
            <ns3:hr>140</ns3:hr>
          </ns3:TrackPointExtension>
        </extensions>
      </trkpt>
      <trkpt lat="24.46131932549178600311279296875" lon="118.154481835663318634033203125">
        <ele>89.59999847412109375</ele>
        <time>2026-09-23T13:45:03.000Z</time>
        <extensions>
          <ns3:TrackPointExtension>
            <ns3:atemp>30.0</ns3:atemp>
            <ns3:hr>140</ns3:hr>
          </ns3:TrackPointExtension>
        </extensions>
      </trkpt>
      <trkpt lat="24.46131370961666107177734375" lon="118.15450505353510379791259765625">
        <ele>89.1999969482421875</ele>
        <time>2026-09-23T13:45:05.000Z</time>
        <extensions>
          <ns3:TrackPointExtension>
            <ns3:atemp>30.0</ns3:atemp>
            <ns3:hr>137</ns3:hr>
          </ns3:TrackPointExtension>
        </extensions>
      </trkpt>
      <trkpt lat="24.46130222640931606292724609375" lon="118.15451041795313358306884765625">
        <ele>89</ele>
        <time>2026-09-23T13:45:06.000Z</time>
        <extensions>
          <ns3:TrackPointExtension>
            <ns3:atemp>30.0</ns3:atemp>
            <ns3:hr>135</ns3:hr>
          </ns3:TrackPointExtension>
        </extensions>
      </trkpt>
      <trkpt lat="24.461271800100803375244140625" lon="118.15452718175947666168212890625">
        <ele>89</ele>
        <time>2026-09-23T13:45:08.000Z</time>
        <extensions>
          <ns3:TrackPointExtension>
            <ns3:atemp>30.0</ns3:atemp>
            <ns3:hr>137</ns3:hr>
          </ns3:TrackPointExtension>
        </extensions>
      </trkpt>
      <trkpt lat="24.4612495042383670806884765625" lon="118.15454578958451747894287109375">
        <ele>88.59999847412109375</ele>
        <time>2026-09-23T13:45:10.000Z</time>
        <extensions>
          <ns3:TrackPointExtension>
            <ns3:atemp>30.0</ns3:atemp>
            <ns3:hr>137</ns3:hr>
          </ns3:TrackPointExtension>
        </extensions>
      </trkpt>
      <trkpt lat="24.46124003268778324127197265625" lon="118.1545581109821796417236328125">
        <ele>88.40000152587890625</ele>
        <time>2026-09-23T13:45:11.000Z</time>
        <extensions>
          <ns3:TrackPointExtension>
            <ns3:atemp>30.0</ns3:atemp>
            <ns3:hr>137</ns3:hr>
          </ns3:TrackPointExtension>
        </extensions>
      </trkpt>
      <trkpt lat="24.461232237517833709716796875" lon="118.15455802716314792633056640625">
        <ele>88.1999969482421875</ele>
        <time>2026-09-23T13:45:12.000Z</time>
        <extensions>
          <ns3:TrackPointExtension>
            <ns3:atemp>30.0</ns3:atemp>
            <ns3:hr>137</ns3:hr>
          </ns3:TrackPointExtension>
        </extensions>
      </trkpt>
      <trkpt lat="24.46120642125606536865234375" lon="118.154576383531093597412109375">
        <ele>87.8000030517578125</ele>
        <time>2026-09-23T13:45:15.000Z</time>
        <extensions>
          <ns3:TrackPointExtension>
            <ns3:atemp>29.0</ns3:atemp>
            <ns3:hr>137</ns3:hr>
          </ns3:TrackPointExtension>
        </extensions>
      </trkpt>
      <trkpt lat="24.46119435131549835205078125" lon="118.15457512624561786651611328125">
        <ele>87.59999847412109375</ele>
        <time>2026-09-23T13:45:16.000Z</time>
        <extensions>
          <ns3:TrackPointExtension>
            <ns3:atemp>30.0</ns3:atemp>
            <ns3:hr>137</ns3:hr>
          </ns3:TrackPointExtension>
        </extensions>
      </trkpt>
      <trkpt lat="24.4611821137368679046630859375" lon="118.15457730554044246673583984375">
        <ele>87.59999847412109375</ele>
        <time>2026-09-23T13:45:17.000Z</time>
        <extensions>
          <ns3:TrackPointExtension>
            <ns3:atemp>29.0</ns3:atemp>
            <ns3:hr>135</ns3:hr>
          </ns3:TrackPointExtension>
        </extensions>
      </trkpt>
      <trkpt lat="24.4611733965575695037841796875" lon="118.154573701322078704833984375">
        <ele>87.40000152587890625</ele>
        <time>2026-09-23T13:45:18.000Z</time>
        <extensions>
          <ns3:TrackPointExtension>
            <ns3:atemp>29.0</ns3:atemp>
            <ns3:hr>134</ns3:hr>
          </ns3:TrackPointExtension>
        </extensions>
      </trkpt>
      <trkpt lat="24.46117029525339603424072265625" lon="118.1545745395123958587646484375">
        <ele>87.1999969482421875</ele>
        <time>2026-09-23T13:45:19.000Z</time>
        <extensions>
          <ns3:TrackPointExtension>
            <ns3:atemp>30.0</ns3:atemp>
            <ns3:hr>137</ns3:hr>
          </ns3:TrackPointExtension>
        </extensions>
      </trkpt>
      <trkpt lat="24.46114112623035907745361328125" lon="118.1545772217214107513427734375">
        <ele>86.59999847412109375</ele>
        <time>2026-09-23T13:45:22.000Z</time>
        <extensions>
          <ns3:TrackPointExtension>
            <ns3:atemp>30.0</ns3:atemp>
            <ns3:hr>138</ns3:hr>
          </ns3:TrackPointExtension>
        </extensions>
      </trkpt>
      <trkpt lat="24.46110173128545284271240234375" lon="118.15457873046398162841796875">
        <ele>86.40000152587890625</ele>
        <time>2026-09-23T13:45:25.000Z</time>
        <extensions>
          <ns3:TrackPointExtension>
            <ns3:atemp>30.0</ns3:atemp>
            <ns3:hr>138</ns3:hr>
          </ns3:TrackPointExtension>
        </extensions>
      </trkpt>
      <trkpt lat="24.46105219423770904541015625" lon="118.15458451397716999053955078125">
        <ele>85.40000152587890625</ele>
        <time>2026-09-23T13:45:30.000Z</time>
        <extensions>
          <ns3:TrackPointExtension>
            <ns3:atemp>30.0</ns3:atemp>
            <ns3:hr>139</ns3:hr>
          </ns3:TrackPointExtension>
        </extensions>
      </trkpt>
      <trkpt lat="24.46104305796325206756591796875" lon="118.15458501689136028289794921875">
        <ele>85.40000152587890625</ele>
        <time>2026-09-23T13:45:31.000Z</time>
        <extensions>
          <ns3:TrackPointExtension>
            <ns3:atemp>30.0</ns3:atemp>
            <ns3:hr>139</ns3:hr>
          </ns3:TrackPointExtension>
        </extensions>
      </trkpt>
      <trkpt lat="24.46101204492151737213134765625" lon="118.1545879505574703216552734375">
        <ele>85</ele>
        <time>2026-09-23T13:45:34.000Z</time>
        <extensions>
          <ns3:TrackPointExtension>
            <ns3:atemp>30.0</ns3:atemp>
            <ns3:hr>137</ns3:hr>
          </ns3:TrackPointExtension>
        </extensions>
      </trkpt>
      <trkpt lat="24.4609651900827884674072265625" lon="118.15459021367132663726806640625">
        <ele>84.59999847412109375</ele>
        <time>2026-09-23T13:45:38.000Z</time>
        <extensions>
          <ns3:TrackPointExtension>
            <ns3:atemp>30.0</ns3:atemp>
            <ns3:hr>139</ns3:hr>
          </ns3:TrackPointExtension>
        </extensions>
      </trkpt>
      <trkpt lat="24.4609477557241916656494140625" lon="118.15459775738418102264404296875">
        <ele>84.40000152587890625</ele>
        <time>2026-09-23T13:45:40.000Z</time>
        <extensions>
          <ns3:TrackPointExtension>
            <ns3:atemp>30.0</ns3:atemp>
            <ns3:hr>140</ns3:hr>
          </ns3:TrackPointExtension>
        </extensions>
      </trkpt>
      <trkpt lat="24.4609152339398860931396484375" lon="118.15462105907499790191650390625">
        <ele>84.1999969482421875</ele>
        <time>2026-09-23T13:45:43.000Z</time>
        <extensions>
          <ns3:TrackPointExtension>
            <ns3:atemp>30.0</ns3:atemp>
            <ns3:hr>143</ns3:hr>
          </ns3:TrackPointExtension>
        </extensions>
      </trkpt>
      <trkpt lat="24.4608951173722743988037109375" lon="118.15461820922791957855224609375">
        <ele>83.8000030517578125</ele>
        <time>2026-09-23T13:45:45.000Z</time>
        <extensions>
          <ns3:TrackPointExtension>
            <ns3:atemp>30.0</ns3:atemp>
            <ns3:hr>143</ns3:hr>
          </ns3:TrackPointExtension>
        </extensions>
      </trkpt>
      <trkpt lat="24.4608511961996555328369140625" lon="118.15462659113109111785888671875">
        <ele>83.40000152587890625</ele>
        <time>2026-09-23T13:45:49.000Z</time>
        <extensions>
          <ns3:TrackPointExtension>
            <ns3:atemp>30.0</ns3:atemp>
            <ns3:hr>146</ns3:hr>
          </ns3:TrackPointExtension>
        </extensions>
      </trkpt>
      <trkpt lat="24.46084474213421344757080078125" lon="118.1546369008719921112060546875">
        <ele>83</ele>
        <time>2026-09-23T13:45:50.000Z</time>
        <extensions>
          <ns3:TrackPointExtension>
            <ns3:atemp>30.0</ns3:atemp>
            <ns3:hr>144</ns3:hr>
          </ns3:TrackPointExtension>
        </extensions>
      </trkpt>
      <trkpt lat="24.46081859059631824493408203125" lon="118.15467889420688152313232421875">
        <ele>82.59999847412109375</ele>
        <time>2026-09-23T13:45:53.000Z</time>
        <extensions>
          <ns3:TrackPointExtension>
            <ns3:atemp>30.0</ns3:atemp>
            <ns3:hr>143</ns3:hr>
          </ns3:TrackPointExtension>
        </extensions>
      </trkpt>
      <trkpt lat="24.46079763583838939666748046875" lon="118.154737651348114013671875">
        <ele>81.8000030517578125</ele>
        <time>2026-09-23T13:45:57.000Z</time>
        <extensions>
          <ns3:TrackPointExtension>
            <ns3:atemp>30.0</ns3:atemp>
            <ns3:hr>143</ns3:hr>
          </ns3:TrackPointExtension>
        </extensions>
      </trkpt>
      <trkpt lat="24.46081322617828845977783203125" lon="118.15475466661155223846435546875">
        <ele>81.1999969482421875</ele>
        <time>2026-09-23T13:46:00.000Z</time>
        <extensions>
          <ns3:TrackPointExtension>
            <ns3:atemp>30.0</ns3:atemp>
            <ns3:hr>145</ns3:hr>
          </ns3:TrackPointExtension>
        </extensions>
      </trkpt>
      <trkpt lat="24.4608226977288722991943359375" lon="118.15475684590637683868408203125">
        <ele>81</ele>
        <time>2026-09-23T13:46:02.000Z</time>
        <extensions>
          <ns3:TrackPointExtension>
            <ns3:atemp>30.0</ns3:atemp>
            <ns3:hr>142</ns3:hr>
          </ns3:TrackPointExtension>
        </extensions>
      </trkpt>
      <trkpt lat="24.460838623344898223876953125" lon="118.1547703407704830169677734375">
        <ele>80.8000030517578125</ele>
        <time>2026-09-23T13:46:04.000Z</time>
        <extensions>
          <ns3:TrackPointExtension>
            <ns3:atemp>30.0</ns3:atemp>
            <ns3:hr>141</ns3:hr>
          </ns3:TrackPointExtension>
        </extensions>
      </trkpt>
      <trkpt lat="24.46085027419030666351318359375" lon="118.15477511845529079437255859375">
        <ele>80.59999847412109375</ele>
        <time>2026-09-23T13:46:05.000Z</time>
        <extensions>
          <ns3:TrackPointExtension>
            <ns3:atemp>30.0</ns3:atemp>
            <ns3:hr>140</ns3:hr>
          </ns3:TrackPointExtension>
        </extensions>
      </trkpt>
      <trkpt lat="24.4608786888420581817626953125" lon="118.15478266216814517974853515625">
        <ele>80.1999969482421875</ele>
        <time>2026-09-23T13:46:07.000Z</time>
        <extensions>
          <ns3:TrackPointExtension>
            <ns3:atemp>30.0</ns3:atemp>
            <ns3:hr>143</ns3:hr>
          </ns3:TrackPointExtension>
        </extensions>
      </trkpt>
      <trkpt lat="24.460909701883792877197265625" lon="118.15478651784360408782958984375">
        <ele>79.8000030517578125</ele>
        <time>2026-09-23T13:46:09.000Z</time>
        <extensions>
          <ns3:TrackPointExtension>
            <ns3:atemp>30.0</ns3:atemp>
            <ns3:hr>140</ns3:hr>
          </ns3:TrackPointExtension>
        </extensions>
      </trkpt>
      <trkpt lat="24.4609216041862964630126953125" lon="118.15478584729135036468505859375">
        <ele>79.59999847412109375</ele>
        <time>2026-09-23T13:46:10.000Z</time>
        <extensions>
          <ns3:TrackPointExtension>
            <ns3:atemp>30.0</ns3:atemp>
            <ns3:hr>142</ns3:hr>
          </ns3:TrackPointExtension>
        </extensions>
      </trkpt>
      <trkpt lat="24.46095739491283893585205078125" lon="118.15477587282657623291015625">
        <ele>79.1999969482421875</ele>
        <time>2026-09-23T13:46:13.000Z</time>
        <extensions>
          <ns3:TrackPointExtension>
            <ns3:atemp>30.0</ns3:atemp>
            <ns3:hr>142</ns3:hr>
          </ns3:TrackPointExtension>
        </extensions>
      </trkpt>
      <trkpt lat="24.46099209599196910858154296875" lon="118.1547673232853412628173828125">
        <ele>78.59999847412109375</ele>
        <time>2026-09-23T13:46:16.000Z</time>
        <extensions>
          <ns3:TrackPointExtension>
            <ns3:atemp>30.0</ns3:atemp>
            <ns3:hr>141</ns3:hr>
          </ns3:TrackPointExtension>
        </extensions>
      </trkpt>
      <trkpt lat="24.46104817092418670654296875" lon="118.15473890863358974456787109375">
        <ele>77.1999969482421875</ele>
        <time>2026-09-23T13:46:20.000Z</time>
        <extensions>
          <ns3:TrackPointExtension>
            <ns3:atemp>30.0</ns3:atemp>
            <ns3:hr>140</ns3:hr>
          </ns3:TrackPointExtension>
        </extensions>
      </trkpt>
      <trkpt lat="24.46106493473052978515625" lon="118.15472985617816448211669921875">
        <ele>76.59999847412109375</ele>
        <time>2026-09-23T13:46:22.000Z</time>
        <extensions>
          <ns3:TrackPointExtension>
            <ns3:atemp>30.0</ns3:atemp>
            <ns3:hr>143</ns3:hr>
          </ns3:TrackPointExtension>
        </extensions>
      </trkpt>
      <trkpt lat="24.4610822014510631561279296875" lon="118.15470747649669647216796875">
        <ele>76.40000152587890625</ele>
        <time>2026-09-23T13:46:24.000Z</time>
        <extensions>
          <ns3:TrackPointExtension>
            <ns3:atemp>30.0</ns3:atemp>
            <ns3:hr>143</ns3:hr>
          </ns3:TrackPointExtension>
        </extensions>
      </trkpt>
      <trkpt lat="24.46110106073319911956787109375" lon="118.154697418212890625">
        <ele>76.1999969482421875</ele>
        <time>2026-09-23T13:46:26.000Z</time>
        <extensions>
          <ns3:TrackPointExtension>
            <ns3:atemp>30.0</ns3:atemp>
            <ns3:hr>145</ns3:hr>
          </ns3:TrackPointExtension>
        </extensions>
      </trkpt>
      <trkpt lat="24.4611231051385402679443359375" lon="118.15468459390103816986083984375">
        <ele>76.1999969482421875</ele>
        <time>2026-09-23T13:46:28.000Z</time>
        <extensions>
          <ns3:TrackPointExtension>
            <ns3:atemp>30.0</ns3:atemp>
            <ns3:hr>145</ns3:hr>
          </ns3:TrackPointExtension>
        </extensions>
      </trkpt>
      <trkpt lat="24.46114741265773773193359375" lon="118.15468467772006988525390625">
        <ele>76</ele>
        <time>2026-09-23T13:46:30.000Z</time>
        <extensions>
          <ns3:TrackPointExtension>
            <ns3:atemp>30.0</ns3:atemp>
            <ns3:hr>139</ns3:hr>
          </ns3:TrackPointExtension>
        </extensions>
      </trkpt>
      <trkpt lat="24.4611546210944652557373046875" lon="118.15468442626297473907470703125">
        <ele>76</ele>
        <time>2026-09-23T13:46:31.000Z</time>
        <extensions>
          <ns3:TrackPointExtension>
            <ns3:atemp>30.0</ns3:atemp>
            <ns3:hr>140</ns3:hr>
          </ns3:TrackPointExtension>
        </extensions>
      </trkpt>
      <trkpt lat="24.4611576385796070098876953125" lon="118.154679648578166961669921875">
        <ele>76</ele>
        <time>2026-09-23T13:46:33.000Z</time>
        <extensions>
          <ns3:TrackPointExtension>
            <ns3:atemp>30.0</ns3:atemp>
            <ns3:hr>137</ns3:hr>
          </ns3:TrackPointExtension>
        </extensions>
      </trkpt>
      <trkpt lat="24.46115814149379730224609375" lon="118.15467797219753265380859375">
        <ele>76</ele>
        <time>2026-09-23T13:46:36.000Z</time>
        <extensions>
          <ns3:TrackPointExtension>
            <ns3:atemp>29.0</ns3:atemp>
            <ns3:hr>134</ns3:hr>
          </ns3:TrackPointExtension>
        </extensions>
      </trkpt>
      <trkpt lat="24.461149759590625762939453125" lon="118.15467671491205692291259765625">
        <ele>76.1999969482421875</ele>
        <time>2026-09-23T13:46:38.000Z</time>
        <extensions>
          <ns3:TrackPointExtension>
            <ns3:atemp>30.0</ns3:atemp>
            <ns3:hr>136</ns3:hr>
          </ns3:TrackPointExtension>
        </extensions>
      </trkpt>
      <trkpt lat="24.46115638129413127899169921875" lon="118.15467822365462779998779296875">
        <ele>76</ele>
        <time>2026-09-23T13:46:42.000Z</time>
        <extensions>
          <ns3:TrackPointExtension>
            <ns3:atemp>29.0</ns3:atemp>
            <ns3:hr>133</ns3:hr>
          </ns3:TrackPointExtension>
        </extensions>
      </trkpt>
      <trkpt lat="24.46115168742835521697998046875" lon="118.1546781398355960845947265625">
        <ele>75.8000030517578125</ele>
        <time>2026-09-23T13:46:43.000Z</time>
        <extensions>
          <ns3:TrackPointExtension>
            <ns3:atemp>30.0</ns3:atemp>
            <ns3:hr>134</ns3:hr>
          </ns3:TrackPointExtension>
        </extensions>
      </trkpt>
      <trkpt lat="24.46116350591182708740234375" lon="118.15467738546431064605712890625">
        <ele>75.59999847412109375</ele>
        <time>2026-09-23T13:46:48.000Z</time>
        <extensions>
          <ns3:TrackPointExtension>
            <ns3:atemp>30.0</ns3:atemp>
            <ns3:hr>131</ns3:hr>
          </ns3:TrackPointExtension>
        </extensions>
      </trkpt>
      <trkpt lat="24.46117398329079151153564453125" lon="118.1546692550182342529296875">
        <ele>75.59999847412109375</ele>
        <time>2026-09-23T13:46:51.000Z</time>
        <extensions>
          <ns3:TrackPointExtension>
            <ns3:atemp>30.0</ns3:atemp>
            <ns3:hr>132</ns3:hr>
          </ns3:TrackPointExtension>
        </extensions>
      </trkpt>
      <trkpt lat="24.46126048453152179718017578125" lon="118.1546731106936931610107421875">
        <ele>75.8000030517578125</ele>
        <time>2026-09-23T13:46:57.000Z</time>
        <extensions>
          <ns3:TrackPointExtension>
            <ns3:atemp>30.0</ns3:atemp>
            <ns3:hr>131</ns3:hr>
          </ns3:TrackPointExtension>
        </extensions>
      </trkpt>
      <trkpt lat="24.46132016368210315704345703125" lon="118.15469632856547832489013671875">
        <ele>75.40000152587890625</ele>
        <time>2026-09-23T13:47:02.000Z</time>
        <extensions>
          <ns3:TrackPointExtension>
            <ns3:atemp>30.0</ns3:atemp>
            <ns3:hr>132</ns3:hr>
          </ns3:TrackPointExtension>
        </extensions>
      </trkpt>
      <trkpt lat="24.4613477401435375213623046875" lon="118.154706470668315887451171875">
        <ele>75.1999969482421875</ele>
        <time>2026-09-23T13:47:04.000Z</time>
        <extensions>
          <ns3:TrackPointExtension>
            <ns3:atemp>29.0</ns3:atemp>
            <ns3:hr>129</ns3:hr>
          </ns3:TrackPointExtension>
        </extensions>
      </trkpt>
      <trkpt lat="24.46136056445538997650146484375" lon="118.15471024252474308013916015625">
        <ele>75</ele>
        <time>2026-09-23T13:47:05.000Z</time>
        <extensions>
          <ns3:TrackPointExtension>
            <ns3:atemp>30.0</ns3:atemp>
            <ns3:hr>130</ns3:hr>
          </ns3:TrackPointExtension>
        </extensions>
      </trkpt>
      <trkpt lat="24.46136467158794403076171875" lon="118.15472013317048549652099609375">
        <ele>75</ele>
        <time>2026-09-23T13:47:06.000Z</time>
        <extensions>
          <ns3:TrackPointExtension>
            <ns3:atemp>30.0</ns3:atemp>
            <ns3:hr>130</ns3:hr>
          </ns3:TrackPointExtension>
        </extensions>
      </trkpt>
      <trkpt lat="24.46138889528810977935791015625" lon="118.154748380184173583984375">
        <ele>75</ele>
        <time>2026-09-23T13:47:09.000Z</time>
        <extensions>
          <ns3:TrackPointExtension>
            <ns3:atemp>30.0</ns3:atemp>
            <ns3:hr>127</ns3:hr>
          </ns3:TrackPointExtension>
        </extensions>
      </trkpt>
      <trkpt lat="24.461408592760562896728515625" lon="118.15476925112307071685791015625">
        <ele>75.1999969482421875</ele>
        <time>2026-09-23T13:47:11.000Z</time>
        <extensions>
          <ns3:TrackPointExtension>
            <ns3:atemp>29.0</ns3:atemp>
            <ns3:hr>130</ns3:hr>
          </ns3:TrackPointExtension>
        </extensions>
      </trkpt>
      <trkpt lat="24.461475312709808349609375" lon="118.1548253260552883148193359375">
        <ele>75</ele>
        <time>2026-09-23T13:47:18.000Z</time>
        <extensions>
          <ns3:TrackPointExtension>
            <ns3:atemp>29.0</ns3:atemp>
            <ns3:hr>129</ns3:hr>
          </ns3:TrackPointExtension>
        </extensions>
      </trkpt>
      <trkpt lat="24.46148897521197795867919921875" lon="118.15482473932206630706787109375">
        <ele>74.8000030517578125</ele>
        <time>2026-09-23T13:47:19.000Z</time>
        <extensions>
          <ns3:TrackPointExtension>
            <ns3:atemp>29.0</ns3:atemp>
            <ns3:hr>132</ns3:hr>
          </ns3:TrackPointExtension>
        </extensions>
      </trkpt>
      <trkpt lat="24.46155133657157421112060546875" lon="118.15486832521855831146240234375">
        <ele>74.1999969482421875</ele>
        <time>2026-09-23T13:47:25.000Z</time>
        <extensions>
          <ns3:TrackPointExtension>
            <ns3:atemp>29.0</ns3:atemp>
            <ns3:hr>132</ns3:hr>
          </ns3:TrackPointExtension>
        </extensions>
      </trkpt>
      <trkpt lat="24.46156717836856842041015625" lon="118.1548752821981906890869140625">
        <ele>74</ele>
        <time>2026-09-23T13:47:27.000Z</time>
        <extensions>
          <ns3:TrackPointExtension>
            <ns3:atemp>29.0</ns3:atemp>
            <ns3:hr>132</ns3:hr>
          </ns3:TrackPointExtension>
        </extensions>
      </trkpt>
      <trkpt lat="24.46161822415888309478759765625" lon="118.15490419976413249969482421875">
        <ele>73.40000152587890625</ele>
        <time>2026-09-23T13:47:33.000Z</time>
        <extensions>
          <ns3:TrackPointExtension>
            <ns3:atemp>29.0</ns3:atemp>
            <ns3:hr>132</ns3:hr>
          </ns3:TrackPointExtension>
        </extensions>
      </trkpt>
      <trkpt lat="24.46162995882332324981689453125" lon="118.1549165211617946624755859375">
        <ele>73.40000152587890625</ele>
        <time>2026-09-23T13:47:34.000Z</time>
        <extensions>
          <ns3:TrackPointExtension>
            <ns3:atemp>29.0</ns3:atemp>
            <ns3:hr>132</ns3:hr>
          </ns3:TrackPointExtension>
        </extensions>
      </trkpt>
      <trkpt lat="24.4616394303739070892333984375" lon="118.15492733381688594818115234375">
        <ele>73.40000152587890625</ele>
        <time>2026-09-23T13:47:35.000Z</time>
        <extensions>
          <ns3:TrackPointExtension>
            <ns3:atemp>29.0</ns3:atemp>
            <ns3:hr>132</ns3:hr>
          </ns3:TrackPointExtension>
        </extensions>
      </trkpt>
      <trkpt lat="24.4616652466356754302978515625" lon="118.1549393199384212493896484375">
        <ele>73.40000152587890625</ele>
        <time>2026-09-23T13:47:37.000Z</time>
        <extensions>
          <ns3:TrackPointExtension>
            <ns3:atemp>29.0</ns3:atemp>
            <ns3:hr>135</ns3:hr>
          </ns3:TrackPointExtension>
        </extensions>
      </trkpt>
      <trkpt lat="24.4616823457181453704833984375" lon="118.15494376234710216522216796875">
        <ele>73.1999969482421875</ele>
        <time>2026-09-23T13:47:39.000Z</time>
        <extensions>
          <ns3:TrackPointExtension>
            <ns3:atemp>29.0</ns3:atemp>
            <ns3:hr>133</ns3:hr>
          </ns3:TrackPointExtension>
        </extensions>
      </trkpt>
      <trkpt lat="24.4617078267037868499755859375" lon="118.15494753420352935791015625">
        <ele>72.8000030517578125</ele>
        <time>2026-09-23T13:47:41.000Z</time>
        <extensions>
          <ns3:TrackPointExtension>
            <ns3:atemp>29.0</ns3:atemp>
            <ns3:hr>132</ns3:hr>
          </ns3:TrackPointExtension>
        </extensions>
      </trkpt>
      <trkpt lat="24.46174965240061283111572265625" lon="118.1549611128866672515869140625">
        <ele>72.59999847412109375</ele>
        <time>2026-09-23T13:47:44.000Z</time>
        <extensions>
          <ns3:TrackPointExtension>
            <ns3:atemp>29.0</ns3:atemp>
            <ns3:hr>131</ns3:hr>
          </ns3:TrackPointExtension>
        </extensions>
      </trkpt>
      <trkpt lat="24.46176473982632160186767578125" lon="118.15499170683324337005615234375">
        <ele>72.59999847412109375</ele>
        <time>2026-09-23T13:47:48.000Z</time>
        <extensions>
          <ns3:TrackPointExtension>
            <ns3:atemp>29.0</ns3:atemp>
            <ns3:hr>130</ns3:hr>
          </ns3:TrackPointExtension>
        </extensions>
      </trkpt>
      <trkpt lat="24.46178376674652099609375" lon="118.15504753030836582183837890625">
        <ele>71.8000030517578125</ele>
        <time>2026-09-23T13:47:55.000Z</time>
        <extensions>
          <ns3:TrackPointExtension>
            <ns3:atemp>29.0</ns3:atemp>
            <ns3:hr>132</ns3:hr>
          </ns3:TrackPointExtension>
        </extensions>
      </trkpt>
      <trkpt lat="24.46179675869643688201904296875" lon="118.1550754420459270477294921875">
        <ele>71.59999847412109375</ele>
        <time>2026-09-23T13:47:58.000Z</time>
        <extensions>
          <ns3:TrackPointExtension>
            <ns3:atemp>29.0</ns3:atemp>
            <ns3:hr>133</ns3:hr>
          </ns3:TrackPointExtension>
        </extensions>
      </trkpt>
      <trkpt lat="24.46184805594384670257568359375" lon="118.15516336821019649505615234375">
        <ele>70.59999847412109375</ele>
        <time>2026-09-23T13:48:07.000Z</time>
        <extensions>
          <ns3:TrackPointExtension>
            <ns3:atemp>29.0</ns3:atemp>
            <ns3:hr>134</ns3:hr>
          </ns3:TrackPointExtension>
        </extensions>
      </trkpt>
      <trkpt lat="24.46184973232448101043701171875" lon="118.155172169208526611328125">
        <ele>70.40000152587890625</ele>
        <time>2026-09-23T13:48:08.000Z</time>
        <extensions>
          <ns3:TrackPointExtension>
            <ns3:atemp>29.0</ns3:atemp>
            <ns3:hr>132</ns3:hr>
          </ns3:TrackPointExtension>
        </extensions>
      </trkpt>
      <trkpt lat="24.461857192218303680419921875" lon="118.15518935211002826690673828125">
        <ele>70.1999969482421875</ele>
        <time>2026-09-23T13:48:10.000Z</time>
        <extensions>
          <ns3:TrackPointExtension>
            <ns3:atemp>29.0</ns3:atemp>
            <ns3:hr>135</ns3:hr>
          </ns3:TrackPointExtension>
        </extensions>
      </trkpt>
      <trkpt lat="24.4618841819465160369873046875" lon="118.1552132405340671539306640625">
        <ele>69.59999847412109375</ele>
        <time>2026-09-23T13:48:13.000Z</time>
        <extensions>
          <ns3:TrackPointExtension>
            <ns3:atemp>29.0</ns3:atemp>
            <ns3:hr>134</ns3:hr>
          </ns3:TrackPointExtension>
        </extensions>
      </trkpt>
      <trkpt lat="24.4618932344019412994384765625" lon="118.155222125351428985595703125">
        <ele>69.1999969482421875</ele>
        <time>2026-09-23T13:48:14.000Z</time>
        <extensions>
          <ns3:TrackPointExtension>
            <ns3:atemp>29.0</ns3:atemp>
            <ns3:hr>134</ns3:hr>
          </ns3:TrackPointExtension>
        </extensions>
      </trkpt>
      <trkpt lat="24.46191796101629734039306640625" lon="118.155289180576801300048828125">
        <ele>68.59999847412109375</ele>
        <time>2026-09-23T13:48:20.000Z</time>
        <extensions>
          <ns3:TrackPointExtension>
            <ns3:atemp>29.0</ns3:atemp>
            <ns3:hr>134</ns3:hr>
          </ns3:TrackPointExtension>
        </extensions>
      </trkpt>
      <trkpt lat="24.4619250856339931488037109375" lon="118.1552942097187042236328125">
        <ele>68.1999969482421875</ele>
        <time>2026-09-23T13:48:21.000Z</time>
        <extensions>
          <ns3:TrackPointExtension>
            <ns3:atemp>29.0</ns3:atemp>
            <ns3:hr>134</ns3:hr>
          </ns3:TrackPointExtension>
        </extensions>
      </trkpt>
      <trkpt lat="24.4619458727538585662841796875" lon="118.155326060950756072998046875">
        <ele>67.8000030517578125</ele>
        <time>2026-09-23T13:48:24.000Z</time>
        <extensions>
          <ns3:TrackPointExtension>
            <ns3:atemp>29.0</ns3:atemp>
            <ns3:hr>134</ns3:hr>
          </ns3:TrackPointExtension>
        </extensions>
      </trkpt>
      <trkpt lat="24.46196154691278934478759765625" lon="118.155364952981472015380859375">
        <ele>67.59999847412109375</ele>
        <time>2026-09-23T13:48:27.000Z</time>
        <extensions>
          <ns3:TrackPointExtension>
            <ns3:atemp>29.0</ns3:atemp>
            <ns3:hr>134</ns3:hr>
          </ns3:TrackPointExtension>
        </extensions>
      </trkpt>
      <trkpt lat="24.46200513280928134918212890625" lon="118.1554536335170269012451171875">
        <ele>66.40000152587890625</ele>
        <time>2026-09-23T13:48:36.000Z</time>
        <extensions>
          <ns3:TrackPointExtension>
            <ns3:atemp>29.0</ns3:atemp>
            <ns3:hr>134</ns3:hr>
          </ns3:TrackPointExtension>
        </extensions>
      </trkpt>
      <trkpt lat="24.46202005259692668914794921875" lon="118.155509792268276214599609375">
        <ele>66</ele>
        <time>2026-09-23T13:48:39.000Z</time>
        <extensions>
          <ns3:TrackPointExtension>
            <ns3:atemp>29.0</ns3:atemp>
            <ns3:hr>134</ns3:hr>
          </ns3:TrackPointExtension>
        </extensions>
      </trkpt>
      <trkpt lat="24.462030194699764251708984375" lon="118.15554910339415073394775390625">
        <ele>65.8000030517578125</ele>
        <time>2026-09-23T13:48:42.000Z</time>
        <extensions>
          <ns3:TrackPointExtension>
            <ns3:atemp>29.0</ns3:atemp>
            <ns3:hr>134</ns3:hr>
          </ns3:TrackPointExtension>
        </extensions>
      </trkpt>
      <trkpt lat="24.46204100735485553741455078125" lon="118.1555703096091747283935546875">
        <ele>65.1999969482421875</ele>
        <time>2026-09-23T13:48:44.000Z</time>
        <extensions>
          <ns3:TrackPointExtension>
            <ns3:atemp>29.0</ns3:atemp>
            <ns3:hr>135</ns3:hr>
          </ns3:TrackPointExtension>
        </extensions>
      </trkpt>
      <trkpt lat="24.462050981819629669189453125" lon="118.15560626797378063201904296875">
        <ele>64.8000030517578125</ele>
        <time>2026-09-23T13:48:47.000Z</time>
        <extensions>
          <ns3:TrackPointExtension>
            <ns3:atemp>29.0</ns3:atemp>
            <ns3:hr>133</ns3:hr>
          </ns3:TrackPointExtension>
        </extensions>
      </trkpt>
      <trkpt lat="24.462049640715122222900390625" lon="118.15561833791434764862060546875">
        <ele>64.59999847412109375</ele>
        <time>2026-09-23T13:48:48.000Z</time>
        <extensions>
          <ns3:TrackPointExtension>
            <ns3:atemp>29.0</ns3:atemp>
            <ns3:hr>133</ns3:hr>
          </ns3:TrackPointExtension>
        </extensions>
      </trkpt>
      <trkpt lat="24.462044946849346160888671875" lon="118.1556474231183528900146484375">
        <ele>64.1999969482421875</ele>
        <time>2026-09-23T13:48:50.000Z</time>
        <extensions>
          <ns3:TrackPointExtension>
            <ns3:atemp>29.0</ns3:atemp>
            <ns3:hr>134</ns3:hr>
          </ns3:TrackPointExtension>
        </extensions>
      </trkpt>
      <trkpt lat="24.462049640715122222900390625" lon="118.15573886968195438385009765625">
        <ele>63.200000762939453125</ele>
        <time>2026-09-23T13:48:57.000Z</time>
        <extensions>
          <ns3:TrackPointExtension>
            <ns3:atemp>29.0</ns3:atemp>
            <ns3:hr>132</ns3:hr>
          </ns3:TrackPointExtension>
        </extensions>
      </trkpt>
      <trkpt lat="24.46204938925802707672119140625" lon="118.1557506881654262542724609375">
        <ele>63</ele>
        <time>2026-09-23T13:48:58.000Z</time>
        <extensions>
          <ns3:TrackPointExtension>
            <ns3:atemp>29.0</ns3:atemp>
            <ns3:hr>132</ns3:hr>
          </ns3:TrackPointExtension>
        </extensions>
      </trkpt>
      <trkpt lat="24.46206363849341869354248046875" lon="118.155837021768093109130859375">
        <ele>62</ele>
        <time>2026-09-23T13:49:03.000Z</time>
        <extensions>
          <ns3:TrackPointExtension>
            <ns3:atemp>29.0</ns3:atemp>
            <ns3:hr>132</ns3:hr>
          </ns3:TrackPointExtension>
        </extensions>
      </trkpt>
      <trkpt lat="24.4620672427117824554443359375" lon="118.15584900788962841033935546875">
        <ele>62</ele>
        <time>2026-09-23T13:49:04.000Z</time>
        <extensions>
          <ns3:TrackPointExtension>
            <ns3:atemp>29.0</ns3:atemp>
            <ns3:hr>131</ns3:hr>
          </ns3:TrackPointExtension>
        </extensions>
      </trkpt>
      <trkpt lat="24.4620640575885772705078125" lon="118.15585873089730739593505859375">
        <ele>61.799999237060546875</ele>
        <time>2026-09-23T13:49:05.000Z</time>
        <extensions>
          <ns3:TrackPointExtension>
            <ns3:atemp>29.0</ns3:atemp>
            <ns3:hr>131</ns3:hr>
          </ns3:TrackPointExtension>
        </extensions>
      </trkpt>
      <trkpt lat="24.46205961517989635467529296875" lon="118.15586593933403491973876953125">
        <ele>61.59999847412109375</ele>
        <time>2026-09-23T13:49:06.000Z</time>
        <extensions>
          <ns3:TrackPointExtension>
            <ns3:atemp>29.0</ns3:atemp>
            <ns3:hr>133</ns3:hr>
          </ns3:TrackPointExtension>
        </extensions>
      </trkpt>
      <trkpt lat="24.46205592714250087738037109375" lon="118.15589510835707187652587890625">
        <ele>61.200000762939453125</ele>
        <time>2026-09-23T13:49:09.000Z</time>
        <extensions>
          <ns3:TrackPointExtension>
            <ns3:atemp>29.0</ns3:atemp>
            <ns3:hr>134</ns3:hr>
          </ns3:TrackPointExtension>
        </extensions>
      </trkpt>
      <trkpt lat="24.46205358020961284637451171875" lon="118.15592058934271335601806640625">
        <ele>61</ele>
        <time>2026-09-23T13:49:11.000Z</time>
        <extensions>
          <ns3:TrackPointExtension>
            <ns3:atemp>29.0</ns3:atemp>
            <ns3:hr>137</ns3:hr>
          </ns3:TrackPointExtension>
        </extensions>
      </trkpt>
      <trkpt lat="24.46205575950443744659423828125" lon="118.15594439394772052764892578125">
        <ele>61</ele>
        <time>2026-09-23T13:49:13.000Z</time>
        <extensions>
          <ns3:TrackPointExtension>
            <ns3:atemp>29.0</ns3:atemp>
            <ns3:hr>136</ns3:hr>
          </ns3:TrackPointExtension>
        </extensions>
      </trkpt>
      <trkpt lat="24.46204871870577335357666015625" lon="118.15596635453402996063232421875">
        <ele>60.799999237060546875</ele>
        <time>2026-09-23T13:49:15.000Z</time>
        <extensions>
          <ns3:TrackPointExtension>
            <ns3:atemp>29.0</ns3:atemp>
            <ns3:hr>133</ns3:hr>
          </ns3:TrackPointExtension>
        </extensions>
      </trkpt>
      <trkpt lat="24.4620407558977603912353515625" lon="118.15599091351032257080078125">
        <ele>60.59999847412109375</ele>
        <time>2026-09-23T13:49:17.000Z</time>
        <extensions>
          <ns3:TrackPointExtension>
            <ns3:atemp>29.0</ns3:atemp>
            <ns3:hr>133</ns3:hr>
          </ns3:TrackPointExtension>
        </extensions>
      </trkpt>
      <trkpt lat="24.46205475367605686187744140625" lon="118.15602016635239124298095703125">
        <ele>60.59999847412109375</ele>
        <time>2026-09-23T13:49:19.000Z</time>
        <extensions>
          <ns3:TrackPointExtension>
            <ns3:atemp>29.0</ns3:atemp>
            <ns3:hr>134</ns3:hr>
          </ns3:TrackPointExtension>
        </extensions>
      </trkpt>
      <trkpt lat="24.46205592714250087738037109375" lon="118.15603659488260746002197265625">
        <ele>60.59999847412109375</ele>
        <time>2026-09-23T13:49:20.000Z</time>
        <extensions>
          <ns3:TrackPointExtension>
            <ns3:atemp>29.0</ns3:atemp>
            <ns3:hr>134</ns3:hr>
          </ns3:TrackPointExtension>
        </extensions>
      </trkpt>
      <trkpt lat="24.46209020912647247314453125" lon="118.1561194919049739837646484375">
        <ele>60.59999847412109375</ele>
        <time>2026-09-23T13:49:27.000Z</time>
        <extensions>
          <ns3:TrackPointExtension>
            <ns3:atemp>29.0</ns3:atemp>
            <ns3:hr>133</ns3:hr>
          </ns3:TrackPointExtension>
        </extensions>
      </trkpt>
      <trkpt lat="24.46212717331945896148681640625" lon="118.1562069989740848541259765625">
        <ele>60.40000152587890625</ele>
        <time>2026-09-23T13:49:35.000Z</time>
        <extensions>
          <ns3:TrackPointExtension>
            <ns3:atemp>29.0</ns3:atemp>
            <ns3:hr>134</ns3:hr>
          </ns3:TrackPointExtension>
        </extensions>
      </trkpt>
      <trkpt lat="24.46214108727872371673583984375" lon="118.15623424015939235687255859375">
        <ele>60.40000152587890625</ele>
        <time>2026-09-23T13:49:38.000Z</time>
        <extensions>
          <ns3:TrackPointExtension>
            <ns3:atemp>29.0</ns3:atemp>
            <ns3:hr>132</ns3:hr>
          </ns3:TrackPointExtension>
        </extensions>
      </trkpt>
      <trkpt lat="24.46218098513782024383544921875" lon="118.15628805197775363922119140625">
        <ele>60.799999237060546875</ele>
        <time>2026-09-23T13:49:43.000Z</time>
        <extensions>
          <ns3:TrackPointExtension>
            <ns3:atemp>29.0</ns3:atemp>
            <ns3:hr>134</ns3:hr>
          </ns3:TrackPointExtension>
        </extensions>
      </trkpt>
      <trkpt lat="24.4622489623725414276123046875" lon="118.15634806640446186065673828125">
        <ele>61.200000762939453125</ele>
        <time>2026-09-23T13:49:51.000Z</time>
        <extensions>
          <ns3:TrackPointExtension>
            <ns3:atemp>29.0</ns3:atemp>
            <ns3:hr>132</ns3:hr>
          </ns3:TrackPointExtension>
        </extensions>
      </trkpt>
      <trkpt lat="24.4623327814042568206787109375" lon="118.1564319692552089691162109375">
        <ele>61.799999237060546875</ele>
        <time>2026-09-23T13:50:01.000Z</time>
        <extensions>
          <ns3:TrackPointExtension>
            <ns3:atemp>29.0</ns3:atemp>
            <ns3:hr>132</ns3:hr>
          </ns3:TrackPointExtension>
        </extensions>
      </trkpt>
      <trkpt lat="24.4623525626957416534423828125" lon="118.15645032562315464019775390625">
        <ele>62</ele>
        <time>2026-09-23T13:50:04.000Z</time>
        <extensions>
          <ns3:TrackPointExtension>
            <ns3:atemp>29.0</ns3:atemp>
            <ns3:hr>133</ns3:hr>
          </ns3:TrackPointExtension>
        </extensions>
      </trkpt>
      <trkpt lat="24.46239740587770938873291015625" lon="118.156483434140682220458984375">
        <ele>62.200000762939453125</ele>
        <time>2026-09-23T13:50:10.000Z</time>
        <extensions>
          <ns3:TrackPointExtension>
            <ns3:atemp>29.0</ns3:atemp>
            <ns3:hr>132</ns3:hr>
          </ns3:TrackPointExtension>
        </extensions>
      </trkpt>
      <trkpt lat="24.4624166004359722137451171875" lon="118.1565050594508647918701171875">
        <ele>62.200000762939453125</ele>
        <time>2026-09-23T13:50:13.000Z</time>
        <extensions>
          <ns3:TrackPointExtension>
            <ns3:atemp>29.0</ns3:atemp>
            <ns3:hr>134</ns3:hr>
          </ns3:TrackPointExtension>
        </extensions>
      </trkpt>
      <trkpt lat="24.46245188824832439422607421875" lon="118.15653942525386810302734375">
        <ele>62.799999237060546875</ele>
        <time>2026-09-23T13:50:18.000Z</time>
        <extensions>
          <ns3:TrackPointExtension>
            <ns3:atemp>29.0</ns3:atemp>
            <ns3:hr>135</ns3:hr>
          </ns3:TrackPointExtension>
        </extensions>
      </trkpt>
      <trkpt lat="24.462462365627288818359375" lon="118.15654856152832508087158203125">
        <ele>62.799999237060546875</ele>
        <time>2026-09-23T13:50:19.000Z</time>
        <extensions>
          <ns3:TrackPointExtension>
            <ns3:atemp>29.0</ns3:atemp>
            <ns3:hr>135</ns3:hr>
          </ns3:TrackPointExtension>
        </extensions>
      </trkpt>
      <trkpt lat="24.46247242391109466552734375" lon="118.15655409358441829681396484375">
        <ele>63</ele>
        <time>2026-09-23T13:50:20.000Z</time>
        <extensions>
          <ns3:TrackPointExtension>
            <ns3:atemp>29.0</ns3:atemp>
            <ns3:hr>135</ns3:hr>
          </ns3:TrackPointExtension>
        </extensions>
      </trkpt>
      <trkpt lat="24.46252414025366306304931640625" lon="118.15657555125653743743896484375">
        <ele>63</ele>
        <time>2026-09-23T13:50:25.000Z</time>
        <extensions>
          <ns3:TrackPointExtension>
            <ns3:atemp>29.0</ns3:atemp>
            <ns3:hr>135</ns3:hr>
          </ns3:TrackPointExtension>
        </extensions>
      </trkpt>
      <trkpt lat="24.462539814412593841552734375" lon="118.15659047104418277740478515625">
        <ele>63</ele>
        <time>2026-09-23T13:50:27.000Z</time>
        <extensions>
          <ns3:TrackPointExtension>
            <ns3:atemp>29.0</ns3:atemp>
            <ns3:hr>135</ns3:hr>
          </ns3:TrackPointExtension>
        </extensions>
      </trkpt>
      <trkpt lat="24.4625778682529926300048828125" lon="118.156618885695934295654296875">
        <ele>62.59999847412109375</ele>
        <time>2026-09-23T13:50:31.000Z</time>
        <extensions>
          <ns3:TrackPointExtension>
            <ns3:atemp>29.0</ns3:atemp>
            <ns3:hr>135</ns3:hr>
          </ns3:TrackPointExtension>
        </extensions>
      </trkpt>
      <trkpt lat="24.46260896511375904083251953125" lon="118.15665249712765216827392578125">
        <ele>62.200000762939453125</ele>
        <time>2026-09-23T13:50:35.000Z</time>
        <extensions>
          <ns3:TrackPointExtension>
            <ns3:atemp>29.0</ns3:atemp>
            <ns3:hr>136</ns3:hr>
          </ns3:TrackPointExtension>
        </extensions>
      </trkpt>
      <trkpt lat="24.46262522600591182708740234375" lon="118.15667009912431240081787109375">
        <ele>62</ele>
        <time>2026-09-23T13:50:37.000Z</time>
        <extensions>
          <ns3:TrackPointExtension>
            <ns3:atemp>29.0</ns3:atemp>
            <ns3:hr>136</ns3:hr>
          </ns3:TrackPointExtension>
        </extensions>
      </trkpt>
      <trkpt lat="24.46267518214881420135498046875" lon="118.156736902892589569091796875">
        <ele>61.200000762939453125</ele>
        <time>2026-09-23T13:50:43.000Z</time>
        <extensions>
          <ns3:TrackPointExtension>
            <ns3:atemp>29.0</ns3:atemp>
            <ns3:hr>136</ns3:hr>
          </ns3:TrackPointExtension>
        </extensions>
      </trkpt>
      <trkpt lat="24.46268490515649318695068359375" lon="118.15679683350026607513427734375">
        <ele>61</ele>
        <time>2026-09-23T13:50:49.000Z</time>
        <extensions>
          <ns3:TrackPointExtension>
            <ns3:atemp>29.0</ns3:atemp>
            <ns3:hr>132</ns3:hr>
          </ns3:TrackPointExtension>
        </extensions>
      </trkpt>
      <trkpt lat="24.462673924863338470458984375" lon="118.1568098254501819610595703125">
        <ele>60.40000152587890625</ele>
        <time>2026-09-23T13:50:51.000Z</time>
        <extensions>
          <ns3:TrackPointExtension>
            <ns3:atemp>29.0</ns3:atemp>
            <ns3:hr>134</ns3:hr>
          </ns3:TrackPointExtension>
        </extensions>
      </trkpt>
      <trkpt lat="24.46267987601459026336669921875" lon="118.1568659842014312744140625">
        <ele>60.200000762939453125</ele>
        <time>2026-09-23T13:50:56.000Z</time>
        <extensions>
          <ns3:TrackPointExtension>
            <ns3:atemp>29.0</ns3:atemp>
            <ns3:hr>135</ns3:hr>
          </ns3:TrackPointExtension>
        </extensions>
      </trkpt>
      <trkpt lat="24.46267266757786273956298828125" lon="118.15687729977071285247802734375">
        <ele>59.799999237060546875</ele>
        <time>2026-09-23T13:50:58.000Z</time>
        <extensions>
          <ns3:TrackPointExtension>
            <ns3:atemp>29.0</ns3:atemp>
            <ns3:hr>133</ns3:hr>
          </ns3:TrackPointExtension>
        </extensions>
      </trkpt>
      <trkpt lat="24.46267895400524139404296875" lon="118.15686824731528759002685546875">
        <ele>59.799999237060546875</ele>
        <time>2026-09-23T13:51:03.000Z</time>
        <extensions>
          <ns3:TrackPointExtension>
            <ns3:atemp>29.0</ns3:atemp>
            <ns3:hr>134</ns3:hr>
          </ns3:TrackPointExtension>
        </extensions>
      </trkpt>
      <trkpt lat="24.46268775500357151031494140625" lon="118.1568525731563568115234375">
        <ele>60</ele>
        <time>2026-09-23T13:51:09.000Z</time>
        <extensions>
          <ns3:TrackPointExtension>
            <ns3:atemp>29.0</ns3:atemp>
            <ns3:hr>135</ns3:hr>
          </ns3:TrackPointExtension>
        </extensions>
      </trkpt>
      <trkpt lat="24.46267803199589252471923828125" lon="118.15685248933732509613037109375">
        <ele>59.799999237060546875</ele>
        <time>2026-09-23T13:51:18.000Z</time>
        <extensions>
          <ns3:TrackPointExtension>
            <ns3:atemp>29.0</ns3:atemp>
            <ns3:hr>134</ns3:hr>
          </ns3:TrackPointExtension>
        </extensions>
      </trkpt>
      <trkpt lat="24.46266361512243747711181640625" lon="118.15691786818206310272216796875">
        <ele>58.799999237060546875</ele>
        <time>2026-09-23T13:51:26.000Z</time>
        <extensions>
          <ns3:TrackPointExtension>
            <ns3:atemp>29.0</ns3:atemp>
            <ns3:hr>135</ns3:hr>
          </ns3:TrackPointExtension>
        </extensions>
      </trkpt>
      <trkpt lat="24.46264810860157012939453125" lon="118.156962208449840545654296875">
        <ele>58.799999237060546875</ele>
        <time>2026-09-23T13:51:28.000Z</time>
        <extensions>
          <ns3:TrackPointExtension>
            <ns3:atemp>29.0</ns3:atemp>
            <ns3:hr>135</ns3:hr>
          </ns3:TrackPointExtension>
        </extensions>
      </trkpt>
      <trkpt lat="24.46263394318521022796630859375" lon="118.1570086441934108734130859375">
        <ele>58.59999847412109375</ele>
        <time>2026-09-23T13:51:31.000Z</time>
        <extensions>
          <ns3:TrackPointExtension>
            <ns3:atemp>29.0</ns3:atemp>
            <ns3:hr>138</ns3:hr>
          </ns3:TrackPointExtension>
        </extensions>
      </trkpt>
      <trkpt lat="24.4626385532319545745849609375" lon="118.15708282403647899627685546875">
        <ele>58.200000762939453125</ele>
        <time>2026-09-23T13:51:35.000Z</time>
        <extensions>
          <ns3:TrackPointExtension>
            <ns3:atemp>29.0</ns3:atemp>
            <ns3:hr>136</ns3:hr>
          </ns3:TrackPointExtension>
        </extensions>
      </trkpt>
      <trkpt lat="24.462639391422271728515625" lon="118.15711299888789653778076171875">
        <ele>58</ele>
        <time>2026-09-23T13:51:37.000Z</time>
        <extensions>
          <ns3:TrackPointExtension>
            <ns3:atemp>29.0</ns3:atemp>
            <ns3:hr>136</ns3:hr>
          </ns3:TrackPointExtension>
        </extensions>
      </trkpt>
      <trkpt lat="24.46264232508838176727294921875" lon="118.1571233086287975311279296875">
        <ele>57.799999237060546875</ele>
        <time>2026-09-23T13:51:38.000Z</time>
        <extensions>
          <ns3:TrackPointExtension>
            <ns3:atemp>29.0</ns3:atemp>
            <ns3:hr>137</ns3:hr>
          </ns3:TrackPointExtension>
        </extensions>
      </trkpt>
      <trkpt lat="24.46263109333813190460205078125" lon="118.157227076590061187744140625">
        <ele>57</ele>
        <time>2026-09-23T13:51:44.000Z</time>
        <extensions>
          <ns3:TrackPointExtension>
            <ns3:atemp>29.0</ns3:atemp>
            <ns3:hr>136</ns3:hr>
          </ns3:TrackPointExtension>
        </extensions>
      </trkpt>
      <trkpt lat="24.4626217894256114959716796875" lon="118.1572617776691913604736328125">
        <ele>56.59999847412109375</ele>
        <time>2026-09-23T13:51:47.000Z</time>
        <extensions>
          <ns3:TrackPointExtension>
            <ns3:atemp>29.0</ns3:atemp>
            <ns3:hr>136</ns3:hr>
          </ns3:TrackPointExtension>
        </extensions>
      </trkpt>
      <trkpt lat="24.462631009519100189208984375" lon="118.1573328562080860137939453125">
        <ele>56.200000762939453125</ele>
        <time>2026-09-23T13:51:53.000Z</time>
        <extensions>
          <ns3:TrackPointExtension>
            <ns3:atemp>29.0</ns3:atemp>
            <ns3:hr>135</ns3:hr>
          </ns3:TrackPointExtension>
        </extensions>
      </trkpt>
      <trkpt lat="24.46262740530073642730712890625" lon="118.1573422439396381378173828125">
        <ele>56</ele>
        <time>2026-09-23T13:51:54.000Z</time>
        <extensions>
          <ns3:TrackPointExtension>
            <ns3:atemp>29.0</ns3:atemp>
            <ns3:hr>135</ns3:hr>
          </ns3:TrackPointExtension>
        </extensions>
      </trkpt>
      <trkpt lat="24.462612904608249664306640625" lon="118.15738272853195667266845703125">
        <ele>55.59999847412109375</ele>
        <time>2026-09-23T13:51:57.000Z</time>
        <extensions>
          <ns3:TrackPointExtension>
            <ns3:atemp>29.0</ns3:atemp>
            <ns3:hr>134</ns3:hr>
          </ns3:TrackPointExtension>
        </extensions>
      </trkpt>
      <trkpt lat="24.46262472309172153472900390625" lon="118.157424889504909515380859375">
        <ele>55</ele>
        <time>2026-09-23T13:52:02.000Z</time>
        <extensions>
          <ns3:TrackPointExtension>
            <ns3:atemp>29.0</ns3:atemp>
            <ns3:hr>133</ns3:hr>
          </ns3:TrackPointExtension>
        </extensions>
      </trkpt>
      <trkpt lat="24.462615586817264556884765625" lon="118.15750661306083202362060546875">
        <ele>54.59999847412109375</ele>
        <time>2026-09-23T13:52:08.000Z</time>
        <extensions>
          <ns3:TrackPointExtension>
            <ns3:atemp>29.0</ns3:atemp>
            <ns3:hr>133</ns3:hr>
          </ns3:TrackPointExtension>
        </extensions>
      </trkpt>
      <trkpt lat="24.46262086741626262664794921875" lon="118.15754525363445281982421875">
        <ele>54.40000152587890625</ele>
        <time>2026-09-23T13:52:10.000Z</time>
        <extensions>
          <ns3:TrackPointExtension>
            <ns3:atemp>29.0</ns3:atemp>
            <ns3:hr>134</ns3:hr>
          </ns3:TrackPointExtension>
        </extensions>
      </trkpt>
      <trkpt lat="24.4626362062990665435791015625" lon="118.157586157321929931640625">
        <ele>53.59999847412109375</ele>
        <time>2026-09-23T13:52:12.000Z</time>
        <extensions>
          <ns3:TrackPointExtension>
            <ns3:atemp>29.0</ns3:atemp>
            <ns3:hr>134</ns3:hr>
          </ns3:TrackPointExtension>
        </extensions>
      </trkpt>
      <trkpt lat="24.4626395590603351593017578125" lon="118.1576631031930446624755859375">
        <ele>52.59999847412109375</ele>
        <time>2026-09-23T13:52:15.000Z</time>
        <extensions>
          <ns3:TrackPointExtension>
            <ns3:atemp>29.0</ns3:atemp>
            <ns3:hr>134</ns3:hr>
          </ns3:TrackPointExtension>
        </extensions>
      </trkpt>
      <trkpt lat="24.46264467202126979827880859375" lon="118.15772806294262409210205078125">
        <ele>52.40000152587890625</ele>
        <time>2026-09-23T13:52:17.000Z</time>
        <extensions>
          <ns3:TrackPointExtension>
            <ns3:atemp>29.0</ns3:atemp>
            <ns3:hr>134</ns3:hr>
          </ns3:TrackPointExtension>
        </extensions>
      </trkpt>
      <trkpt lat="24.46263997815549373626708984375" lon="118.15777718089520931243896484375">
        <ele>51.799999237060546875</ele>
        <time>2026-09-23T13:52:20.000Z</time>
        <extensions>
          <ns3:TrackPointExtension>
            <ns3:atemp>29.0</ns3:atemp>
            <ns3:hr>135</ns3:hr>
          </ns3:TrackPointExtension>
        </extensions>
      </trkpt>
      <trkpt lat="24.462639391422271728515625" lon="118.15777248702943325042724609375">
        <ele>51.799999237060546875</ele>
        <time>2026-09-23T13:52:24.000Z</time>
        <extensions>
          <ns3:TrackPointExtension>
            <ns3:atemp>29.0</ns3:atemp>
            <ns3:hr>136</ns3:hr>
          </ns3:TrackPointExtension>
        </extensions>
      </trkpt>
      <trkpt lat="24.46263427846133708953857421875" lon="118.15777081064879894256591796875">
        <ele>51.799999237060546875</ele>
        <time>2026-09-23T13:52:31.000Z</time>
        <extensions>
          <ns3:TrackPointExtension>
            <ns3:atemp>29.0</ns3:atemp>
            <ns3:hr>137</ns3:hr>
          </ns3:TrackPointExtension>
        </extensions>
      </trkpt>
      <trkpt lat="24.46264852769672870635986328125" lon="118.15781439654529094696044921875">
        <ele>51.40000152587890625</ele>
        <time>2026-09-23T13:52:38.000Z</time>
        <extensions>
          <ns3:TrackPointExtension>
            <ns3:atemp>29.0</ns3:atemp>
            <ns3:hr>135</ns3:hr>
          </ns3:TrackPointExtension>
        </extensions>
      </trkpt>
      <trkpt lat="24.4626415707170963287353515625" lon="118.1578619219362735748291015625">
        <ele>51.40000152587890625</ele>
        <time>2026-09-23T13:52:42.000Z</time>
        <extensions>
          <ns3:TrackPointExtension>
            <ns3:atemp>29.0</ns3:atemp>
            <ns3:hr>136</ns3:hr>
          </ns3:TrackPointExtension>
        </extensions>
      </trkpt>
      <trkpt lat="24.46263930760324001312255859375" lon="118.157902322709560394287109375">
        <ele>51.200000762939453125</ele>
        <time>2026-09-23T13:52:45.000Z</time>
        <extensions>
          <ns3:TrackPointExtension>
            <ns3:atemp>29.0</ns3:atemp>
            <ns3:hr>138</ns3:hr>
          </ns3:TrackPointExtension>
        </extensions>
      </trkpt>
      <trkpt lat="24.4626405648887157440185546875" lon="118.157992176711559295654296875">
        <ele>50.40000152587890625</ele>
        <time>2026-09-23T13:52:50.000Z</time>
        <extensions>
          <ns3:TrackPointExtension>
            <ns3:atemp>29.0</ns3:atemp>
            <ns3:hr>135</ns3:hr>
          </ns3:TrackPointExtension>
        </extensions>
      </trkpt>
      <trkpt lat="24.46264676749706268310546875" lon="118.15802344121038913726806640625">
        <ele>50.200000762939453125</ele>
        <time>2026-09-23T13:52:52.000Z</time>
        <extensions>
          <ns3:TrackPointExtension>
            <ns3:atemp>29.0</ns3:atemp>
            <ns3:hr>137</ns3:hr>
          </ns3:TrackPointExtension>
        </extensions>
      </trkpt>
      <trkpt lat="24.46266143582761287689208984375" lon="118.15806484781205654144287109375">
        <ele>50</ele>
        <time>2026-09-23T13:52:55.000Z</time>
        <extensions>
          <ns3:TrackPointExtension>
            <ns3:atemp>29.0</ns3:atemp>
            <ns3:hr>134</ns3:hr>
          </ns3:TrackPointExtension>
        </extensions>
      </trkpt>
      <trkpt lat="24.46265975944697856903076171875" lon="118.15814204514026641845703125">
        <ele>49.59999847412109375</ele>
        <time>2026-09-23T13:52:59.000Z</time>
        <extensions>
          <ns3:TrackPointExtension>
            <ns3:atemp>29.0</ns3:atemp>
            <ns3:hr>134</ns3:hr>
          </ns3:TrackPointExtension>
        </extensions>
      </trkpt>
      <trkpt lat="24.462663196027278900146484375" lon="118.15819300711154937744140625">
        <ele>49</ele>
        <time>2026-09-23T13:53:01.000Z</time>
        <extensions>
          <ns3:TrackPointExtension>
            <ns3:atemp>29.0</ns3:atemp>
            <ns3:hr>135</ns3:hr>
          </ns3:TrackPointExtension>
        </extensions>
      </trkpt>
      <trkpt lat="24.46266294457018375396728515625" lon="118.15824958495795726776123046875">
        <ele>48.40000152587890625</ele>
        <time>2026-09-23T13:53:04.000Z</time>
        <extensions>
          <ns3:TrackPointExtension>
            <ns3:atemp>29.0</ns3:atemp>
            <ns3:hr>136</ns3:hr>
          </ns3:TrackPointExtension>
        </extensions>
      </trkpt>
      <trkpt lat="24.46266998536884784698486328125" lon="118.158279843628406524658203125">
        <ele>48</ele>
        <time>2026-09-23T13:53:06.000Z</time>
        <extensions>
          <ns3:TrackPointExtension>
            <ns3:atemp>29.0</ns3:atemp>
            <ns3:hr>134</ns3:hr>
          </ns3:TrackPointExtension>
        </extensions>
      </trkpt>
      <trkpt lat="24.46266646496951580047607421875" lon="118.15830943174660205841064453125">
        <ele>48</ele>
        <time>2026-09-23T13:53:08.000Z</time>
        <extensions>
          <ns3:TrackPointExtension>
            <ns3:atemp>29.0</ns3:atemp>
            <ns3:hr>134</ns3:hr>
          </ns3:TrackPointExtension>
        </extensions>
      </trkpt>
      <trkpt lat="24.46266579441726207733154296875" lon="118.158318735659122467041015625">
        <ele>48</ele>
        <time>2026-09-23T13:53:09.000Z</time>
        <extensions>
          <ns3:TrackPointExtension>
            <ns3:atemp>29.0</ns3:atemp>
            <ns3:hr>135</ns3:hr>
          </ns3:TrackPointExtension>
        </extensions>
      </trkpt>
      <trkpt lat="24.46267870254814624786376953125" lon="118.158383779227733612060546875">
        <ele>47.40000152587890625</ele>
        <time>2026-09-23T13:53:16.000Z</time>
        <extensions>
          <ns3:TrackPointExtension>
            <ns3:atemp>29.0</ns3:atemp>
            <ns3:hr>135</ns3:hr>
          </ns3:TrackPointExtension>
        </extensions>
      </trkpt>
      <trkpt lat="24.46269110776484012603759765625" lon="118.15845628269016742706298828125">
        <ele>47</ele>
        <time>2026-09-23T13:53:21.000Z</time>
        <extensions>
          <ns3:TrackPointExtension>
            <ns3:atemp>29.0</ns3:atemp>
            <ns3:hr>135</ns3:hr>
          </ns3:TrackPointExtension>
        </extensions>
      </trkpt>
      <trkpt lat="24.4626885093748569488525390625" lon="118.15848494879901409149169921875">
        <ele>46.799999237060546875</ele>
        <time>2026-09-23T13:53:23.000Z</time>
        <extensions>
          <ns3:TrackPointExtension>
            <ns3:atemp>29.0</ns3:atemp>
            <ns3:hr>136</ns3:hr>
          </ns3:TrackPointExtension>
        </extensions>
      </trkpt>
      <trkpt lat="24.4626903533935546875" lon="118.15851042978465557098388671875">
        <ele>46.59999847412109375</ele>
        <time>2026-09-23T13:53:25.000Z</time>
        <extensions>
          <ns3:TrackPointExtension>
            <ns3:atemp>29.0</ns3:atemp>
            <ns3:hr>135</ns3:hr>
          </ns3:TrackPointExtension>
        </extensions>
      </trkpt>
      <trkpt lat="24.46270016022026538848876953125" lon="118.15861369483172893524169921875">
        <ele>46</ele>
        <time>2026-09-23T13:53:33.000Z</time>
        <extensions>
          <ns3:TrackPointExtension>
            <ns3:atemp>29.0</ns3:atemp>
            <ns3:hr>133</ns3:hr>
          </ns3:TrackPointExtension>
        </extensions>
      </trkpt>
      <trkpt lat="24.46269915439188480377197265625" lon="118.15865510143339633941650390625">
        <ele>45.799999237060546875</ele>
        <time>2026-09-23T13:53:36.000Z</time>
        <extensions>
          <ns3:TrackPointExtension>
            <ns3:atemp>29.0</ns3:atemp>
            <ns3:hr>133</ns3:hr>
          </ns3:TrackPointExtension>
        </extensions>
      </trkpt>
      <trkpt lat="24.46269932202994823455810546875" lon="118.158674128353595733642578125">
        <ele>45.40000152587890625</ele>
        <time>2026-09-23T13:53:40.000Z</time>
        <extensions>
          <ns3:TrackPointExtension>
            <ns3:atemp>29.0</ns3:atemp>
            <ns3:hr>136</ns3:hr>
          </ns3:TrackPointExtension>
        </extensions>
      </trkpt>
      <trkpt lat="24.462705440819263458251953125" lon="118.158659040927886962890625">
        <ele>45.40000152587890625</ele>
        <time>2026-09-23T13:53:50.000Z</time>
        <extensions>
          <ns3:TrackPointExtension>
            <ns3:atemp>29.0</ns3:atemp>
            <ns3:hr>138</ns3:hr>
          </ns3:TrackPointExtension>
        </extensions>
      </trkpt>
      <trkpt lat="24.462705440819263458251953125" lon="118.158659040927886962890625">
        <ele>45.40000152587890625</ele>
        <time>2026-09-23T13:53:54.000Z</time>
        <extensions>
          <ns3:TrackPointExtension>
            <ns3:atemp>29.0</ns3:atemp>
            <ns3:hr>135</ns3:hr>
          </ns3:TrackPointExtension>
        </extensions>
      </trkpt>
      <trkpt lat="24.462705440819263458251953125" lon="118.158659040927886962890625">
        <ele>45.40000152587890625</ele>
        <time>2026-09-23T13:53:57.000Z</time>
        <extensions>
          <ns3:TrackPointExtension>
            <ns3:atemp>29.0</ns3:atemp>
            <ns3:hr>133</ns3:hr>
          </ns3:TrackPointExtension>
        </extensions>
      </trkpt>
      <trkpt lat="24.46270485408604145050048828125" lon="118.158659040927886962890625">
        <ele>45.40000152587890625</ele>
        <time>2026-09-23T13:54:01.000Z</time>
        <extensions>
          <ns3:TrackPointExtension>
            <ns3:atemp>29.0</ns3:atemp>
            <ns3:hr>130</ns3:hr>
          </ns3:TrackPointExtension>
        </extensions>
      </trkpt>
      <trkpt lat="24.4627029262483119964599609375" lon="118.15865811891853809356689453125">
        <ele>45.40000152587890625</ele>
        <time>2026-09-23T13:54:06.000Z</time>
        <extensions>
          <ns3:TrackPointExtension>
            <ns3:atemp>29.0</ns3:atemp>
            <ns3:hr>127</ns3:hr>
          </ns3:TrackPointExtension>
        </extensions>
      </trkpt>
      <trkpt lat="24.46270133368670940399169921875" lon="118.15865568816661834716796875">
        <ele>45.200000762939453125</ele>
        <time>2026-09-23T13:54:23.000Z</time>
        <extensions>
          <ns3:TrackPointExtension>
            <ns3:atemp>29.0</ns3:atemp>
            <ns3:hr>130</ns3:hr>
          </ns3:TrackPointExtension>
        </extensions>
      </trkpt>
      <trkpt lat="24.4626962207257747650146484375" lon="118.15865510143339633941650390625">
        <ele>45.200000762939453125</ele>
        <time>2026-09-23T13:54:45.000Z</time>
        <extensions>
          <ns3:TrackPointExtension>
            <ns3:atemp>29.0</ns3:atemp>
            <ns3:hr>127</ns3:hr>
          </ns3:TrackPointExtension>
        </extensions>
      </trkpt>
      <trkpt lat="24.46265883743762969970703125" lon="118.15868695266544818878173828125">
        <ele>45.200000762939453125</ele>
        <time>2026-09-23T13:55:12.000Z</time>
        <extensions>
          <ns3:TrackPointExtension>
            <ns3:atemp>29.0</ns3:atemp>
            <ns3:hr>125</ns3:hr>
          </ns3:TrackPointExtension>
        </extensions>
      </trkpt>
      <trkpt lat="24.46264970116317272186279296875" lon="118.1587426923215389251708984375">
        <ele>45.200000762939453125</ele>
        <time>2026-09-23T13:55:22.000Z</time>
        <extensions>
          <ns3:TrackPointExtension>
            <ns3:atemp>29.0</ns3:atemp>
            <ns3:hr>124</ns3:hr>
          </ns3:TrackPointExtension>
        </extensions>
      </trkpt>
      <trkpt lat="24.46260745637118816375732421875" lon="118.15872131846845149993896484375">
        <ele>45</ele>
        <time>2026-09-23T13:55:29.000Z</time>
        <extensions>
          <ns3:TrackPointExtension>
            <ns3:atemp>29.0</ns3:atemp>
            <ns3:hr>125</ns3:hr>
          </ns3:TrackPointExtension>
        </extensions>
      </trkpt>
      <trkpt lat="24.46259622462093830108642578125" lon="118.15871067345142364501953125">
        <ele>45.40000152587890625</ele>
        <time>2026-09-23T13:55:35.000Z</time>
        <extensions>
          <ns3:TrackPointExtension>
            <ns3:atemp>29.0</ns3:atemp>
            <ns3:hr>125</ns3:hr>
          </ns3:TrackPointExtension>
        </extensions>
      </trkpt>
      <trkpt lat="24.46260343305766582489013671875" lon="118.15870723687112331390380859375">
        <ele>45.40000152587890625</ele>
        <time>2026-09-23T13:55:40.000Z</time>
        <extensions>
          <ns3:TrackPointExtension>
            <ns3:atemp>29.0</ns3:atemp>
            <ns3:hr>126</ns3:hr>
          </ns3:TrackPointExtension>
        </extensions>
      </trkpt>
      <trkpt lat="24.4626616872847080230712890625" lon="118.15873238258063793182373046875">
        <ele>44.799999237060546875</ele>
        <time>2026-09-23T13:55:55.000Z</time>
        <extensions>
          <ns3:TrackPointExtension>
            <ns3:atemp>29.0</ns3:atemp>
            <ns3:hr>126</ns3:hr>
          </ns3:TrackPointExtension>
        </extensions>
      </trkpt>
      <trkpt lat="24.46267451159656047821044921875" lon="118.1587423570454120635986328125">
        <ele>44.799999237060546875</ele>
        <time>2026-09-23T13:55:56.000Z</time>
        <extensions>
          <ns3:TrackPointExtension>
            <ns3:atemp>29.0</ns3:atemp>
            <ns3:hr>126</ns3:hr>
          </ns3:TrackPointExtension>
        </extensions>
      </trkpt>
      <trkpt lat="24.462741315364837646484375" lon="118.1588395871222019195556640625">
        <ele>44.40000152587890625</ele>
        <time>2026-09-23T13:56:01.000Z</time>
        <extensions>
          <ns3:TrackPointExtension>
            <ns3:atemp>29.0</ns3:atemp>
            <ns3:hr>128</ns3:hr>
          </ns3:TrackPointExtension>
        </extensions>
      </trkpt>
      <trkpt lat="24.46274257265031337738037109375" lon="118.15896414220333099365234375">
        <ele>44.40000152587890625</ele>
        <time>2026-09-23T13:56:06.000Z</time>
        <extensions>
          <ns3:TrackPointExtension>
            <ns3:atemp>29.0</ns3:atemp>
            <ns3:hr>128</ns3:hr>
          </ns3:TrackPointExtension>
        </extensions>
      </trkpt>
      <trkpt lat="24.46275548078119754791259765625" lon="118.15915885381400585174560546875">
        <ele>44.40000152587890625</ele>
        <time>2026-09-23T13:56:10.000Z</time>
        <extensions>
          <ns3:TrackPointExtension>
            <ns3:atemp>29.0</ns3:atemp>
            <ns3:hr>125</ns3:hr>
          </ns3:TrackPointExtension>
        </extensions>
      </trkpt>
      <trkpt lat="24.46275648660957813262939453125" lon="118.159219287335872650146484375">
        <ele>44.40000152587890625</ele>
        <time>2026-09-23T13:56:11.000Z</time>
        <extensions>
          <ns3:TrackPointExtension>
            <ns3:atemp>29.0</ns3:atemp>
            <ns3:hr>124</ns3:hr>
          </ns3:TrackPointExtension>
        </extensions>
      </trkpt>
      <trkpt lat="24.46274810470640659332275390625" lon="118.1593173556029796600341796875">
        <ele>44.200000762939453125</ele>
        <time>2026-09-23T13:56:13.000Z</time>
        <extensions>
          <ns3:TrackPointExtension>
            <ns3:atemp>29.0</ns3:atemp>
            <ns3:hr>123</ns3:hr>
          </ns3:TrackPointExtension>
        </extensions>
      </trkpt>
      <trkpt lat="24.46272362954914569854736328125" lon="118.15938382409512996673583984375">
        <ele>44.200000762939453125</ele>
        <time>2026-09-23T13:56:15.000Z</time>
        <extensions>
          <ns3:TrackPointExtension>
            <ns3:atemp>29.0</ns3:atemp>
            <ns3:hr>123</ns3:hr>
          </ns3:TrackPointExtension>
        </extensions>
      </trkpt>
      <trkpt lat="24.46271021850407123565673828125" lon="118.15940394066274166107177734375">
        <ele>44.200000762939453125</ele>
        <time>2026-09-23T13:56:16.000Z</time>
        <extensions>
          <ns3:TrackPointExtension>
            <ns3:atemp>29.0</ns3:atemp>
            <ns3:hr>123</ns3:hr>
          </ns3:TrackPointExtension>
        </extensions>
      </trkpt>
      <trkpt lat="24.46259236894547939300537109375" lon="118.159565962851047515869140625">
        <ele>44</ele>
        <time>2026-09-23T13:56:21.000Z</time>
        <extensions>
          <ns3:TrackPointExtension>
            <ns3:atemp>29.0</ns3:atemp>
            <ns3:hr>125</ns3:hr>
          </ns3:TrackPointExtension>
        </extensions>
      </trkpt>
      <trkpt lat="24.4624202884733676910400390625" lon="118.1597077846527099609375">
        <ele>44</ele>
        <time>2026-09-23T13:56:25.000Z</time>
        <extensions>
          <ns3:TrackPointExtension>
            <ns3:atemp>29.0</ns3:atemp>
            <ns3:hr>125</ns3:hr>
          </ns3:TrackPointExtension>
        </extensions>
      </trkpt>
      <trkpt lat="24.46236957795917987823486328125" lon="118.159730918705463409423828125">
        <ele>44</ele>
        <time>2026-09-23T13:56:26.000Z</time>
        <extensions>
          <ns3:TrackPointExtension>
            <ns3:atemp>29.0</ns3:atemp>
            <ns3:hr>125</ns3:hr>
          </ns3:TrackPointExtension>
        </extensions>
      </trkpt>
      <trkpt lat="24.46213069371879100799560546875" lon="118.15982990898191928863525390625">
        <ele>44.200000762939453125</ele>
        <time>2026-09-23T13:56:30.000Z</time>
        <extensions>
          <ns3:TrackPointExtension>
            <ns3:atemp>29.0</ns3:atemp>
            <ns3:hr>122</ns3:hr>
          </ns3:TrackPointExtension>
        </extensions>
      </trkpt>
      <trkpt lat="24.46202189661562442779541015625" lon="118.15987081266939640045166015625">
        <ele>44.200000762939453125</ele>
        <time>2026-09-23T13:56:32.000Z</time>
        <extensions>
          <ns3:TrackPointExtension>
            <ns3:atemp>29.0</ns3:atemp>
            <ns3:hr>119</ns3:hr>
          </ns3:TrackPointExtension>
        </extensions>
      </trkpt>
      <trkpt lat="24.461918212473392486572265625" lon="118.1599014066159725189208984375">
        <ele>44.40000152587890625</ele>
        <time>2026-09-23T13:56:34.000Z</time>
        <extensions>
          <ns3:TrackPointExtension>
            <ns3:atemp>29.0</ns3:atemp>
            <ns3:hr>117</ns3:hr>
          </ns3:TrackPointExtension>
        </extensions>
      </trkpt>
      <trkpt lat="24.4618338905274868011474609375" lon="118.15993870608508586883544921875">
        <ele>44.799999237060546875</ele>
        <time>2026-09-23T13:56:36.000Z</time>
        <extensions>
          <ns3:TrackPointExtension>
            <ns3:atemp>29.0</ns3:atemp>
            <ns3:hr>116</ns3:hr>
          </ns3:TrackPointExtension>
        </extensions>
      </trkpt>
      <trkpt lat="24.46177010424435138702392578125" lon="118.159970976412296295166015625">
        <ele>45</ele>
        <time>2026-09-23T13:56:37.000Z</time>
        <extensions>
          <ns3:TrackPointExtension>
            <ns3:atemp>29.0</ns3:atemp>
            <ns3:hr>116</ns3:hr>
          </ns3:TrackPointExtension>
        </extensions>
      </trkpt>
      <trkpt lat="24.46174780838191509246826171875" lon="118.1600013189017772674560546875">
        <ele>45</ele>
        <time>2026-09-23T13:56:38.000Z</time>
        <extensions>
          <ns3:TrackPointExtension>
            <ns3:atemp>29.0</ns3:atemp>
            <ns3:hr>116</ns3:hr>
          </ns3:TrackPointExtension>
        </extensions>
      </trkpt>
      <trkpt lat="24.46169718168675899505615234375" lon="118.1600703857839107513427734375">
        <ele>45.200000762939453125</ele>
        <time>2026-09-23T13:56:40.000Z</time>
        <extensions>
          <ns3:TrackPointExtension>
            <ns3:atemp>29.0</ns3:atemp>
            <ns3:hr>117</ns3:hr>
          </ns3:TrackPointExtension>
        </extensions>
      </trkpt>
      <trkpt lat="24.46167505346238613128662109375" lon="118.16009611822664737701416015625">
        <ele>45.200000762939453125</ele>
        <time>2026-09-23T13:56:41.000Z</time>
        <extensions>
          <ns3:TrackPointExtension>
            <ns3:atemp>29.0</ns3:atemp>
            <ns3:hr>117</ns3:hr>
          </ns3:TrackPointExtension>
        </extensions>
      </trkpt>
      <trkpt lat="24.46148947812616825103759765625" lon="118.16033869050443172454833984375">
        <ele>44.799999237060546875</ele>
        <time>2026-09-23T13:56:49.000Z</time>
        <extensions>
          <ns3:TrackPointExtension>
            <ns3:atemp>30.0</ns3:atemp>
            <ns3:hr>116</ns3:hr>
          </ns3:TrackPointExtension>
        </extensions>
      </trkpt>
      <trkpt lat="24.46153809316456317901611328125" lon="118.1603882275521755218505859375">
        <ele>44.799999237060546875</ele>
        <time>2026-09-23T13:56:50.000Z</time>
        <extensions>
          <ns3:TrackPointExtension>
            <ns3:atemp>29.0</ns3:atemp>
            <ns3:hr>117</ns3:hr>
          </ns3:TrackPointExtension>
        </extensions>
      </trkpt>
      <trkpt lat="24.46164454333484172821044921875" lon="118.16059232689440250396728515625">
        <ele>44.40000152587890625</ele>
        <time>2026-09-23T13:56:53.000Z</time>
        <extensions>
          <ns3:TrackPointExtension>
            <ns3:atemp>29.0</ns3:atemp>
            <ns3:hr>121</ns3:hr>
          </ns3:TrackPointExtension>
        </extensions>
      </trkpt>
      <trkpt lat="24.4617145322263240814208984375" lon="118.16070615313947200775146484375">
        <ele>44.40000152587890625</ele>
        <time>2026-09-23T13:56:55.000Z</time>
        <extensions>
          <ns3:TrackPointExtension>
            <ns3:atemp>30.0</ns3:atemp>
            <ns3:hr>122</ns3:hr>
          </ns3:TrackPointExtension>
        </extensions>
      </trkpt>
      <trkpt lat="24.46195718832314014434814453125" lon="118.16109021194279193878173828125">
        <ele>44</ele>
        <time>2026-09-23T13:57:01.000Z</time>
        <extensions>
          <ns3:TrackPointExtension>
            <ns3:atemp>30.0</ns3:atemp>
            <ns3:hr>122</ns3:hr>
          </ns3:TrackPointExtension>
        </extensions>
      </trkpt>
      <trkpt lat="24.4621939770877361297607421875" lon="118.16155322827398777008056640625">
        <ele>43.799999237060546875</ele>
        <time>2026-09-23T13:57:07.000Z</time>
        <extensions>
          <ns3:TrackPointExtension>
            <ns3:atemp>29.0</ns3:atemp>
            <ns3:hr>123</ns3:hr>
          </ns3:TrackPointExtension>
        </extensions>
      </trkpt>
      <trkpt lat="24.46222155354917049407958984375" lon="118.1616082973778247833251953125">
        <ele>43.59999847412109375</ele>
        <time>2026-09-23T13:57:08.000Z</time>
        <extensions>
          <ns3:TrackPointExtension>
            <ns3:atemp>29.0</ns3:atemp>
            <ns3:hr>123</ns3:hr>
          </ns3:TrackPointExtension>
        </extensions>
      </trkpt>
      <trkpt lat="24.4622813165187835693359375" lon="118.1617735885083675384521484375">
        <ele>43.40000152587890625</ele>
        <time>2026-09-23T13:57:11.000Z</time>
        <extensions>
          <ns3:TrackPointExtension>
            <ns3:atemp>30.0</ns3:atemp>
            <ns3:hr>124</ns3:hr>
          </ns3:TrackPointExtension>
        </extensions>
      </trkpt>
      <trkpt lat="24.46239371784031391143798828125" lon="118.1620793603360652923583984375">
        <ele>43.200000762939453125</ele>
        <time>2026-09-23T13:57:16.000Z</time>
        <extensions>
          <ns3:TrackPointExtension>
            <ns3:atemp>30.0</ns3:atemp>
            <ns3:hr>126</ns3:hr>
          </ns3:TrackPointExtension>
        </extensions>
      </trkpt>
      <trkpt lat="24.462417103350162506103515625" lon="118.162146247923374176025390625">
        <ele>43.200000762939453125</ele>
        <time>2026-09-23T13:57:17.000Z</time>
        <extensions>
          <ns3:TrackPointExtension>
            <ns3:atemp>29.0</ns3:atemp>
            <ns3:hr>125</ns3:hr>
          </ns3:TrackPointExtension>
        </extensions>
      </trkpt>
      <trkpt lat="24.4624756090342998504638671875" lon="118.1624181568622589111328125">
        <ele>42.59999847412109375</ele>
        <time>2026-09-23T13:57:21.000Z</time>
        <extensions>
          <ns3:TrackPointExtension>
            <ns3:atemp>30.0</ns3:atemp>
            <ns3:hr>126</ns3:hr>
          </ns3:TrackPointExtension>
        </extensions>
      </trkpt>
      <trkpt lat="24.4624826498329639434814453125" lon="118.16248185932636260986328125">
        <ele>42.59999847412109375</ele>
        <time>2026-09-23T13:57:22.000Z</time>
        <extensions>
          <ns3:TrackPointExtension>
            <ns3:atemp>30.0</ns3:atemp>
            <ns3:hr>124</ns3:hr>
          </ns3:TrackPointExtension>
        </extensions>
      </trkpt>
      <trkpt lat="24.462501592934131622314453125" lon="118.162599541246891021728515625">
        <ele>42.200000762939453125</ele>
        <time>2026-09-23T13:57:24.000Z</time>
        <extensions>
          <ns3:TrackPointExtension>
            <ns3:atemp>30.0</ns3:atemp>
            <ns3:hr>127</ns3:hr>
          </ns3:TrackPointExtension>
        </extensions>
      </trkpt>
      <trkpt lat="24.46253201924264430999755859375" lon="118.16277497448027133941650390625">
        <ele>41.799999237060546875</ele>
        <time>2026-09-23T13:57:27.000Z</time>
        <extensions>
          <ns3:TrackPointExtension>
            <ns3:atemp>30.0</ns3:atemp>
            <ns3:hr>128</ns3:hr>
          </ns3:TrackPointExtension>
        </extensions>
      </trkpt>
      <trkpt lat="24.4625302590429782867431640625" lon="118.1628746353089809417724609375">
        <ele>41.59999847412109375</ele>
        <time>2026-09-23T13:57:29.000Z</time>
        <extensions>
          <ns3:TrackPointExtension>
            <ns3:atemp>30.0</ns3:atemp>
            <ns3:hr>127</ns3:hr>
          </ns3:TrackPointExtension>
        </extensions>
      </trkpt>
      <trkpt lat="24.46253755129873752593994140625" lon="118.16302609629929065704345703125">
        <ele>41.40000152587890625</ele>
        <time>2026-09-23T13:57:32.000Z</time>
        <extensions>
          <ns3:TrackPointExtension>
            <ns3:atemp>30.0</ns3:atemp>
            <ns3:hr>126</ns3:hr>
          </ns3:TrackPointExtension>
        </extensions>
      </trkpt>
      <trkpt lat="24.462563283741474151611328125" lon="118.1635213829576969146728515625">
        <ele>40.200000762939453125</ele>
        <time>2026-09-23T13:57:40.000Z</time>
        <extensions>
          <ns3:TrackPointExtension>
            <ns3:atemp>30.0</ns3:atemp>
            <ns3:hr>125</ns3:hr>
          </ns3:TrackPointExtension>
        </extensions>
      </trkpt>
      <trkpt lat="24.46256353519856929779052734375" lon="118.16358022391796112060546875">
        <ele>40.200000762939453125</ele>
        <time>2026-09-23T13:57:41.000Z</time>
        <extensions>
          <ns3:TrackPointExtension>
            <ns3:atemp>30.0</ns3:atemp>
            <ns3:hr>125</ns3:hr>
          </ns3:TrackPointExtension>
        </extensions>
      </trkpt>
      <trkpt lat="24.4625899381935596466064453125" lon="118.163779713213443756103515625">
        <ele>39.40000152587890625</ele>
        <time>2026-09-23T13:57:46.000Z</time>
        <extensions>
          <ns3:TrackPointExtension>
            <ns3:atemp>30.0</ns3:atemp>
            <ns3:hr>124</ns3:hr>
          </ns3:TrackPointExtension>
        </extensions>
      </trkpt>
      <trkpt lat="24.46262891404330730438232421875" lon="118.1638343632221221923828125">
        <ele>39.200000762939453125</ele>
        <time>2026-09-23T13:57:48.000Z</time>
        <extensions>
          <ns3:TrackPointExtension>
            <ns3:atemp>30.0</ns3:atemp>
            <ns3:hr>123</ns3:hr>
          </ns3:TrackPointExtension>
        </extensions>
      </trkpt>
      <trkpt lat="24.46271541528403759002685546875" lon="118.163895048201084136962890625">
        <ele>38.799999237060546875</ele>
        <time>2026-09-23T13:57:51.000Z</time>
        <extensions>
          <ns3:TrackPointExtension>
            <ns3:atemp>30.0</ns3:atemp>
            <ns3:hr>121</ns3:hr>
          </ns3:TrackPointExtension>
        </extensions>
      </trkpt>
    </trkseg>
  </trk>
</gpx>
